ID,LegacySlotIndex,TriggerType,Charges,CoolDownMSec,CategoryCoolDownMSec,SpellCategoryID,SpellID,ChrSpecializationID,ParentItemID
97059,0,0,0,3600000,0,0,18831,0,1315
97060,0,2,0,-1,-1,0,13480,0,1318
97070,0,2,0,-1,-1,0,17504,0,809
97071,0,2,0,-1,-1,0,13439,0,810
97074,0,0,0,1800000,0,0,17712,0,833
97075,1,1,0,-1,-1,0,5707,0,833
97087,0,2,0,-1,-1,0,18797,0,871
97088,0,1,0,-1,-1,0,18049,0,873
97090,0,2,0,-1,-1,0,8552,0,880
97093,0,1,0,0,-1,0,7597,0,867
97094,1,1,0,-1,-1,0,9331,0,867
97095,2,1,0,-1,-1,0,18074,0,867
97096,0,1,0,0,0,0,7518,0,868
97111,0,1,0,-1,-1,0,18815,0,1168
97112,1,1,0,-1,-1,0,18816,0,1168
97114,0,2,0,-1,-1,0,18208,0,1265
97149,0,2,0,-1,-1,0,13524,0,934
97150,0,2,0,-1,-1,0,18138,0,937
97152,0,2,0,-1,-1,0,13752,0,869
97155,0,1,0,0,-1,0,9308,0,942
97156,1,1,0,-1,-1,0,18799,0,942
97157,0,1,0,-1,-1,0,13390,0,943
97158,0,1,0,-1,-1,0,17873,0,944
97159,1,1,0,-1,-1,0,17897,0,944
97165,0,2,0,-1,-1,0,16401,0,1726
97166,0,2,0,-1,-1,0,13528,0,1727
97202,0,2,0,-1,-1,0,18090,0,1986
97210,0,1,0,-1,-1,0,13675,0,2040
97226,0,2,0,-1,-1,0,13440,0,1481
97231,0,2,0,-1,-1,0,13440,0,1482
97232,0,1,0,-1,-1,0,9412,0,1484
97235,0,0,0,1800000,0,0,12257,0,744
97239,0,1,0,-1,-1,0,19409,0,1979
97240,0,1,0,0,0,0,9414,0,1980
97241,0,1,0,0,0,0,9402,0,1992
97242,1,1,0,0,0,0,9412,0,1992
97247,1,1,0,-1,-1,0,18369,0,1717
97248,0,1,0,-1,-1,0,9411,0,1720
97253,0,1,0,-1,-1,0,14799,0,1664
97256,0,2,0,-1,-1,0,18211,0,1982
97261,0,2,0,-1,-1,0,18086,0,1728
97267,0,0,0,1800000,0,0,18826,0,1447
97279,0,1,0,0,0,0,18097,0,1204
97284,0,0,0,300000,0,0,14053,0,1713
97285,0,1,0,-1,-1,0,7597,0,1680
97287,0,1,0,-1,-1,0,9397,0,862
97294,0,2,0,-1,-1,0,16409,0,3822
97310,0,1,0,-1,-1,0,7679,0,2816
97311,1,1,0,-1,-1,0,7708,0,2816
97330,0,2,0,0,0,0,13440,0,2256
97337,0,2,0,-1,-1,0,18199,0,2299
97362,0,1,0,-1,-1,0,7552,0,2907
97365,0,0,0,900000,0,0,835,0,1404
97368,0,1,0,-1,-1,0,21142,0,3475
97392,0,1,0,-1,-1,0,29625,0,2099
97403,0,1,0,-1,-1,0,9359,0,1998
97404,0,2,0,-1,-1,0,18091,0,2000
97409,0,1,0,-1,-1,0,9328,0,2549
97413,0,1,0,0,-1,0,9331,0,2262
97414,0,2,0,-1,-1,0,14119,0,2263
97416,0,1,0,-1,-1,0,7686,0,2879
97417,1,1,0,-1,-1,0,7700,0,2879
97422,0,2,0,-1,-1,0,18217,0,2205
97423,0,2,0,-1,-1,0,17153,0,2291
97433,0,1,0,-1,-1,0,29501,0,2824
97434,0,1,0,-1,-1,0,29624,0,2825
97435,0,2,0,-1,-1,0,18205,0,3194
97437,0,0,0,1800000,1800000,2360,14530,0,2820
97444,0,0,0,600000,0,0,13744,0,2802
97455,0,2,0,-1,-1,0,18138,0,2163
97476,0,2,0,-1,-1,0,18107,0,2164
97481,0,1,0,-1,-1,0,7703,0,2950
97484,0,2,0,-1,-1,0,16409,0,2912
97489,0,2,0,-1,-1,0,18803,0,2243
97490,0,1,0,-1,-1,0,7597,0,2244
97493,0,2,0,-1,-1,0,16415,0,2915
97540,0,1,0,-1,-1,0,7560,0,4548
97553,0,1,0,-1,-1,0,9314,0,2271
97554,0,2,0,-1,-1,0,18078,0,3336
97557,0,0,0,3600000,15000,1141,9174,0,4264
97577,0,1,0,-1,-1,0,9329,0,3341
97585,0,1,0,0,0,0,13669,0,4130
97601,0,2,0,-1,-1,0,13496,0,4090
97604,0,1,0,-1,-1,0,9133,0,4248
97607,0,1,0,-1,-1,0,7680,0,2943
97608,0,1,0,-1,-1,0,7709,0,2944
97644,0,1,0,-1,-1,0,9361,0,2564
97645,0,1,0,-1,-1,0,9400,0,2565
97709,0,1,0,-1,-1,0,7597,0,3854
97710,1,2,0,-1,-1,0,13439,0,3854
97711,0,1,0,-1,-1,0,14565,0,3566
97727,0,1,0,-1,-1,0,15806,0,4983
97771,0,1,0,-1,0,0,7685,0,6898
97772,1,1,0,-1,-1,0,7706,0,6898
97773,2,0,0,1800000,0,0,18956,0,6898
97797,0,2,0,-1,-1,0,18197,0,5426
97808,0,2,0,-1,-1,0,13490,0,6331
97812,0,0,3,300000,0,0,14134,0,5613
97820,0,2,0,-1,-1,0,13491,0,2942
97824,0,2,0,-1,-1,0,18092,0,5182
97825,0,1,0,-1,-1,0,7687,0,5183
97826,0,0,0,300000,0,0,1139,0,5079
97834,0,1,0,-1,-1,0,9141,0,5191
97874,0,2,0,-1,-1,0,20869,0,5815
97887,0,1,0,0,-1,0,13674,0,4975
97893,0,0,0,600000,1000,59,1135,0,4696
97895,0,0,0,1800000,0,0,14053,0,5323
97904,0,0,0,300000,0,0,5024,0,4984
97922,0,0,1,1000,-1,0,6298,0,5387
97946,0,2,0,-1,-1,0,16400,0,4449
97964,0,0,0,3600000,0,0,9163,0,4262
97976,0,0,5,300000,0,0,14253,0,4444
97977,0,2,0,-1,-1,0,13518,0,4446
98014,0,1,0,0,0,0,9342,0,7553
98016,0,2,0,-1,-1,0,8191,0,6622
98021,0,1,0,-1,-1,0,7619,0,7747
98024,0,2,0,0,0,0,18197,0,6472
98035,0,1,0,-1,-1,0,9132,0,7348
98036,1,1,0,-1,-1,0,21352,0,7348
98038,0,1,0,0,0,0,7597,0,8347
98060,0,2,0,-1,-1,0,13526,0,6909
98065,0,1,0,-1,-1,0,7703,0,7053
98078,0,0,0,3600000,0,0,9175,0,7391
98081,0,1,0,10000,-1,0,9160,0,7375
98084,0,2,0,-1,-1,0,18204,0,7730
98108,0,2,0,-1,-1,0,8348,0,6660
98113,0,2,0,-1,-1,0,9800,0,7960
98115,0,1,0,-1,-1,0,29636,0,6469
98140,0,0,0,60000,0,0,9176,0,7344
98158,0,0,0,3600000,600000,0,10618,0,8367
98160,0,1,0,-1,-1,0,9134,0,7349
98162,0,1,0,-1,-1,0,9402,0,7377
98185,0,2,0,-1,-1,0,16400,0,5752
98192,0,2,0,-1,-1,0,16406,0,5616
98206,0,1,0,-1,-1,0,9233,0,7284
98249,0,2,0,-1,-1,0,8313,0,6904
98257,0,1,0,-1,-1,0,9141,0,6733
98261,0,2,0,-1,-1,0,18398,0,5756
98263,0,0,0,3600000,15000,1141,9174,0,6972
98273,0,2,0,-1,-1,0,13440,0,6831
98274,0,2,0,-1,-1,0,16403,0,6738
98301,0,1,0,90000,-1,0,13675,0,9643
98308,0,2,0,-1,-1,0,13482,0,9446
98321,0,1,0,-1,-1,0,7681,0,7721
98329,0,1,0,-1,-1,0,13599,0,7757
98330,0,1,0,-1,-1,0,18087,0,10698
98331,1,0,0,0,180000,0,12938,0,10698
98333,0,2,0,-1,-1,0,13482,0,8006
98336,0,2,0,-1,-1,0,11879,0,9608
98342,0,1,0,0,0,0,9142,0,9640
98352,0,1,0,-1,-1,0,9139,0,9428
98353,0,1,0,-1,-1,0,13665,0,9379
98354,0,0,0,1800000,0,0,9252,0,7508
98357,0,1,0,-1,-1,0,13669,0,7928
98370,0,1,0,-1,-1,0,7516,0,9405
98371,0,1,0,-1,-1,0,7518,0,9410
98385,0,1,0,0,0,0,7516,0,9607
98386,0,2,0,-1,-1,0,12731,0,9418
98388,0,1,0,-1,-1,0,13390,0,9385
98389,0,2,0,-1,-1,0,13438,0,9386
98390,0,1,0,-1,-1,0,9331,0,9391
98393,0,1,0,-1,-1,0,15714,0,9517
98398,0,1,0,-1,-1,0,14565,0,7756
98399,0,2,0,-1,-1,0,9796,0,7959
98433,0,1,0,-1,-1,0,18207,0,7710
98437,0,2,0,-1,-1,0,18081,0,9651
98444,0,1,0,-1,-1,0,13669,0,7920
98456,0,1,0,0,0,0,17768,0,8345
98463,0,1,0,-1,-1,0,15807,0,7724
98478,0,0,0,1800000,0,0,22641,0,9394
98481,0,2,0,-1,-1,0,13533,0,9423
98491,0,1,0,-1,-1,0,11789,0,9452
98498,0,2,0,-1,-1,0,11790,0,9453
98511,0,0,0,3600000,180000,0,5405,0,9397
98528,0,2,0,-1,-1,0,13486,0,9511
98539,0,2,0,-1,-1,0,18083,0,9419
98556,0,2,0,-1,-1,0,16413,0,10797
98562,0,1,0,-1,-1,0,17746,0,8197
98568,0,1,0,-1,-1,0,9140,0,9378
98585,0,2,0,-1,-1,0,11658,0,9372
98590,0,2,0,-1,-1,0,18206,0,9475
98606,0,0,0,900000,10000,1141,10578,0,8348
98611,0,0,0,3600000,0,0,12438,0,9404
98620,0,1,0,0,0,0,9417,0,7685
98621,0,2,0,-1,-1,0,16403,0,8224
98622,0,1,0,0,-1,0,7688,0,7513
98623,0,1,0,0,-1,0,7702,0,7514
98624,0,1,0,0,0,0,9342,0,7515
98625,1,0,0,1800000,0,0,9253,0,7515
98627,0,0,0,1800000,10000,1141,14537,0,7734
98669,0,0,0,3600000,15000,1141,9174,0,7133
98677,0,1,0,-1,-1,0,9415,0,7714
98680,0,1,0,0,0,0,13669,0,7936
98681,1,0,0,1800000,0,0,9774,0,7936
98686,0,1,0,-1,-1,0,9329,0,7359
98687,0,1,0,-1,-1,0,29633,0,9412
98700,0,1,0,-1,-1,0,9416,0,7749
98707,0,2,0,-1,-1,0,9632,0,7717
98708,0,0,0,1800000,0,0,9252,0,7507
98712,0,1,0,-1,-1,0,7597,0,7927
98718,0,1,0,-1,-1,0,7597,0,7719
98729,0,1,0,-1,-1,0,15808,0,10570
98735,0,0,0,3600000,0,0,13234,0,10721
98736,0,1,0,-1,-1,0,15464,0,10837
98737,0,2,0,-1,-1,0,13519,0,754
98738,0,1,0,0,-1,0,7703,0,10572
98739,0,2,0,-1,-1,0,13049,0,10847
98743,0,1,0,900000,30000,0,7517,0,10795
98756,1,2,0,-1,-1,0,11791,0,9465
98765,0,1,0,0,0,0,12956,0,10779
98766,0,1,0,-1,-1,0,9139,0,4825
98773,0,1,0,0,-1,0,13595,0,11263
98821,0,1,0,-1,-1,0,9346,0,10844
98822,0,1,0,-1,-1,0,13670,0,10845
98827,0,0,0,1800000,-1,0,12438,0,10518
98833,0,2,0,-1,-1,0,18075,0,10772
98836,0,2,0,-1,-1,0,18200,0,7753
98846,0,1,0,-1,-1,0,9142,0,10624
98847,0,2,0,-1,-1,0,12685,0,10625
98849,0,0,0,300000,10000,1141,17283,0,13171
98863,1,1,0,-1,-1,0,7518,0,9625
98865,0,2,0,-1,-1,0,56,0,9477
98875,0,2,0,-1,-1,0,16405,0,9478
98876,0,1,0,0,0,0,15807,0,9479
98881,0,2,0,-1,-1,0,18089,0,11902
98891,0,2,0,-1,-1,0,16405,0,8190
98893,0,1,0,-1,-1,0,9346,0,12756
98903,0,1,0,0,0,0,21363,0,10659
98904,1,1,0,-1,-1,0,21596,0,10659
98915,0,1,0,-1,-1,0,12560,0,10542
98917,0,2,0,-1,-1,0,56,0,10627
98918,0,1,0,-1,-1,0,18079,0,10696
98919,1,0,0,0,0,0,12938,0,10696
98920,0,2,0,-1,-1,0,12686,0,10626
98925,0,2,0,-1,-1,0,3742,0,9467
98931,0,1,0,-1,-1,0,21431,0,10510
98933,0,1,0,-1,-1,0,29634,0,10567
98940,0,1,0,10000,-1,0,9778,0,7939
98941,0,2,0,0,-1,0,13534,0,7954
98942,0,2,0,-1,-1,0,9806,0,7961
98961,0,2,0,-1,-1,0,11791,0,9485
98977,0,1,0,-1,-1,0,7597,0,7937
98987,0,1,0,0,0,0,15874,0,9375
98990,0,0,3,-1,-1,0,13494,0,9449
99008,0,1,0,-1,-1,0,18074,0,10805
99011,0,2,0,-1,-1,0,13439,0,10623
99013,0,1,0,-1,-1,0,17993,0,9482
99026,0,2,0,0,-1,0,13532,0,9639
99027,0,1,0,0,0,0,9408,0,9393
99033,0,1,0,-1,-1,0,14799,0,11904
99034,0,1,0,-1,-1,0,15776,0,12062
99036,0,2,0,-1,-1,0,16408,0,11121
99038,0,1,0,-1,-1,0,21361,0,13179
99051,0,2,0,-1,-1,0,10373,0,9425
99055,0,2,0,-1,-1,0,15494,0,11684
99056,0,1,0,-1,-1,0,9415,0,11685
99057,0,1,0,-1,-1,0,9336,0,11686
99058,0,1,0,-1,-1,0,18076,0,11907
99060,0,1,0,-1,-1,0,13669,0,7926
99061,0,2,0,-1,-1,0,19260,0,13148
99063,0,2,0,-1,-1,0,18214,0,13051
99065,0,1,0,-1,-1,0,9415,0,11632
99073,0,2,0,-1,-1,0,16939,0,12802
99074,0,1,0,0,0,0,9346,0,12543
99075,0,1,0,0,0,0,7597,0,12548
99076,0,1,0,-1,-1,0,7598,0,9413
99078,0,1,0,-1,-1,0,9141,0,12259
99079,0,1,0,-1,-1,0,17819,0,12105
99087,0,1,0,0,-1,0,13669,0,11755
99089,0,1,0,-1,-1,0,13665,0,11931
99090,1,1,0,-1,-1,0,7597,0,11931
99091,2,1,0,-1,-1,0,9336,0,11931
99093,0,0,0,900000,45000,1141,12766,0,10455
99106,0,1,0,-1,-1,0,9344,0,11842
99111,0,0,0,1800000,0,0,10577,0,8346
99114,0,1,0,-1,-1,0,7219,0,12639
99115,1,1,0,-1,-1,0,13665,0,12639
99116,2,1,0,-1,-1,0,7597,0,12639
99117,0,1,0,-1,-1,0,7598,0,12640
99118,1,1,0,-1,-1,0,15465,0,12640
99122,0,1,0,-1,-1,0,13387,0,12115
99125,0,1,0,-1,-1,0,13587,0,11122
99131,0,1,0,-1,-1,0,13669,0,11910
99138,0,1,0,-1,-1,0,7617,0,1131
99146,0,2,0,-1,-1,0,18104,0,811
99147,0,2,0,-1,-1,0,17148,0,1263
99148,0,1,0,-1,-1,0,16718,0,12709
99149,1,1,0,-1,-1,0,18067,0,12709
99163,0,1,0,0,0,0,23727,0,12103
99164,0,1,0,-1,-1,0,9331,0,12104
99178,0,1,0,-1,-1,0,17371,0,12625
99179,0,1,0,-1,-1,0,16611,0,12628
99190,0,1,0,-1,-1,0,7689,0,12260
99192,0,1,0,-1,-1,0,7517,0,12550
99194,0,1,0,-1,-1,0,9332,0,12061
99197,0,2,0,-1,-1,0,16433,0,11744
99198,0,1,0,-1,-1,0,13386,0,11746
99201,0,2,0,-1,-1,0,16559,0,11809
99202,0,1,0,-1,-1,0,15594,0,11810
99203,1,1,0,-1,-1,0,13385,0,11810
99204,0,1,0,-1,-1,0,15465,0,12082
99207,0,1,0,-1,-1,0,9142,0,13138
99208,0,0,0,1800000,0,0,17252,0,13143
99209,0,1,0,-1,-1,0,7678,0,13031
99210,1,1,0,-1,-1,0,7707,0,13031
99211,0,2,0,-1,-1,0,17510,0,13032
99213,0,2,0,-1,-1,0,16405,0,11603
99214,0,1,0,-1,-1,0,7597,0,12258
99220,0,1,0,-1,-1,0,9397,0,10796
99221,0,1,0,-1,-1,0,13388,0,13041
99223,0,1,0,-1,-1,0,9140,0,12527
99226,0,1,0,-1,-1,0,19691,0,1465
99230,0,2,0,-1,-1,0,13442,0,6220
99232,0,1,0,-1,-1,0,9335,0,10823
99235,0,2,0,-1,-1,0,16413,0,12992
99236,0,1,0,-1,-1,0,7598,0,12757
99237,1,1,0,-1,-1,0,13669,0,12757
99238,0,1,0,-1,-1,0,15600,0,11815
99239,1,1,0,-1,-1,0,9331,0,11815
99245,0,1,0,0,-1,0,15464,0,11964
99246,0,1,0,0,0,0,17866,0,12926
99247,0,1,0,0,0,0,8397,0,11302
99249,0,1,0,-1,-1,0,15714,0,11823
99258,0,1,0,0,-1,0,13390,0,13091
99262,0,1,0,0,0,0,15438,0,11669
99263,1,1,0,-1,-1,0,13383,0,11669
99271,1,1,0,-1,-1,0,7598,0,11726
99281,0,1,0,-1,-1,0,9331,0,13166
99282,0,1,0,-1,-1,0,9140,0,13248
99285,0,0,0,120000,-1,0,18364,0,14134
99286,0,1,0,-1,-1,0,7598,0,11735
99287,0,1,0,0,0,0,9415,0,11824
99292,0,2,0,-1,-1,0,13439,0,10761
99293,0,2,0,-1,-1,0,16411,0,10628
99295,0,1,0,-1,-1,0,14799,0,11747
99296,0,1,0,0,0,0,9400,0,11748
99314,0,1,0,-1,-1,0,13669,0,11872
99316,0,2,0,-1,-1,0,15280,0,11607
99324,0,1,0,-1,-1,0,9343,0,11623
99325,0,2,0,-1,-1,0,15283,0,11608
99327,0,2,0,-1,-1,0,13527,0,9486
99331,0,1,0,-1,-1,0,9342,0,11633
99336,0,2,0,-1,-1,0,13530,0,8225
99352,0,2,0,-1,-1,0,18088,0,10803
99353,0,2,0,-1,-1,0,18084,0,10804
99358,0,1,0,-1,-1,0,15464,0,12651
99362,0,2,0,-1,-1,0,13526,0,11635
99371,0,0,0,900000,0,0,15646,0,11832
99372,1,1,0,-1,-1,0,9417,0,11832
99377,0,1,0,-1,-1,0,7597,0,12940
99381,0,2,0,-1,-1,0,16603,0,12621
99382,0,1,0,-1,-1,0,9141,0,12535
99391,0,1,0,-1,-1,0,21596,0,13387
99406,0,1,0,900000,30000,0,7517,0,12985
99415,0,1,0,-1,-1,0,4070,0,1490
99418,0,2,0,0,-1,0,16921,0,12794
99419,0,2,0,-1,-1,0,13318,0,12795
99420,0,2,0,-1,-1,0,56,0,12796
99429,0,1,0,-1,-1,0,13669,0,13260
99432,0,1,0,-1,-1,0,7598,0,13944
99433,0,2,0,-1,-1,0,16405,0,13060
99437,0,0,0,1800000,0,0,16739,0,1973
99438,0,1,0,-1,-1,0,17623,0,13544
99439,0,2,0,-1,-1,0,16414,0,11920
99446,0,1,0,-1,-1,0,15464,0,11921
99447,1,1,0,-1,-1,0,7598,0,11921
99448,0,1,0,0,-1,0,7597,0,12929
99452,0,1,0,-1,-1,0,9343,0,13161
99453,0,0,0,1800000,0,0,17275,0,13164
99460,0,1,0,-1,-1,0,7721,0,12631
99467,0,1,0,-1,-1,0,13388,0,12618
99468,0,1,0,-1,-1,0,13388,0,12620
99469,0,1,0,-1,-1,0,16615,0,12632
99470,1,1,0,-1,-1,0,9361,0,12632
99471,1,1,0,-1,-1,0,18029,0,12633
99472,0,1,0,-1,-1,0,15810,0,12634
99476,0,1,0,-1,-1,0,13384,0,13074
99479,0,1,0,-1,-1,0,7680,0,14522
99480,0,1,0,-1,-1,0,9331,0,13095
99485,0,1,0,-1,-1,0,15465,0,12927
99486,1,1,0,-1,-1,0,14027,0,12927
99491,0,2,0,0,-1,0,13318,0,12791
99493,0,1,0,0,0,0,16982,0,12805
99495,0,1,0,0,-1,0,9317,0,11923
99497,0,1,0,-1,-1,0,7598,0,11926
99498,0,1,0,-1,-1,0,15816,0,12784
99501,0,2,0,-1,-1,0,16916,0,12790
99502,0,1,0,-1,-1,0,7597,0,13217
99504,0,1,0,-1,-1,0,9336,0,13368
99506,0,1,0,-1,-1,0,9343,0,13964
99508,0,1,0,0,-1,0,13390,0,12602
99524,0,1,0,-1,-1,0,7598,0,13965
99525,0,1,0,0,-1,0,21361,0,13141
99526,0,1,0,-1,-1,0,15464,0,13142
99527,0,1,0,0,0,0,9407,0,13184
99545,0,1,0,-1,-1,0,7597,0,13400
99548,0,1,0,-1,-1,0,18030,0,13954
99549,1,1,0,-1,-1,0,17988,0,13954
99552,0,1,0,0,0,0,9318,0,12960
99554,0,1,0,-1,-1,0,15464,0,12966
99558,0,2,0,-1,-1,0,16551,0,12590
99559,0,2,0,-1,-1,0,16602,0,12592
99560,0,1,0,-1,-1,0,14056,0,12603
99564,0,2,0,-1,-1,0,17484,0,13361
99573,0,2,0,-1,-1,0,18086,0,11803
99576,0,0,0,60000,0,0,18400,0,13379
99583,0,2,0,-1,-1,0,17483,0,13348
99584,0,1,0,0,-1,0,9326,0,13349
99585,0,2,0,-1,-1,0,16898,0,12777
99588,0,1,0,-1,-1,0,9139,0,13380
99589,0,1,0,-1,-1,0,15806,0,12964
99590,1,1,0,-1,-1,0,13670,0,12964
99591,0,1,0,-1,-1,0,21632,0,13383
99595,0,0,0,900000,60000,94,17490,0,13353
99596,0,1,0,-1,-1,0,9332,0,12653
99602,0,1,0,-1,-1,0,9140,0,11858
99605,0,2,0,-1,-1,0,18082,0,12792
99609,0,0,0,600000,0,0,18264,0,13937
99610,0,1,0,0,0,0,9416,0,13938
99614,0,1,0,-1,-1,0,16638,0,12624
99618,0,0,0,900000,0,0,16470,0,12532
99619,0,1,0,0,0,0,9346,0,12545
99620,0,1,0,0,0,0,9408,0,12547
99622,0,1,0,-1,-1,0,7617,0,11861
99623,0,1,0,0,0,0,14027,0,11862
99624,0,1,0,-1,-1,0,15464,0,13967
99625,0,1,0,-1,-1,0,13390,0,13072
99626,0,1,0,-1,-1,0,17625,0,13505
99628,0,2,0,-1,-1,0,13440,0,12250
99630,0,1,0,0,-1,0,17495,0,13375
99631,0,1,0,0,-1,0,15807,0,11933
99635,0,1,0,-1,-1,0,15808,0,12953
99638,0,1,0,-1,-1,0,15464,0,13211
99639,0,2,0,-1,-1,0,17407,0,13285
99640,0,1,0,-1,-1,0,14049,0,13359
99641,1,1,0,-1,-1,0,7597,0,13359
99642,0,2,0,-1,-1,0,10370,0,12469
99647,0,1,0,-1,-1,0,9398,0,11784
99648,0,2,0,-1,-1,0,56,0,12528
99652,0,2,0,-1,-1,0,17511,0,13035
99653,0,1,0,-1,-1,0,9396,0,11922
99654,0,2,0,-1,-1,0,16549,0,12583
99668,0,1,0,0,-1,0,17482,0,13212
99676,0,1,0,-1,-1,0,13385,0,12939
99678,0,2,0,0,-1,0,18203,0,13183
99680,0,0,0,120000,10000,1141,17330,0,13213
99684,0,2,0,-1,-1,0,14118,0,12463
99687,0,1,0,-1,-1,0,13670,0,11787
99690,0,1,0,-1,-1,0,16550,0,12588
99694,0,1,0,-1,-1,0,18384,0,11750
99695,0,2,0,-1,-1,0,17196,0,12969
99697,0,1,0,-1,-1,0,9331,0,13340
99699,0,2,0,-1,-1,0,15662,0,12243
99708,1,1,0,-1,-1,0,18196,0,11927
99709,0,1,0,-1,-1,0,13665,0,13163
99712,0,1,0,-1,-1,0,15806,0,13045
99714,0,1,0,-1,-1,0,9408,0,12110
99715,0,1,0,90000,-1,0,13674,0,7787
99723,0,1,0,-1,-1,0,16620,0,12641
99724,2,1,0,-1,-1,0,14249,0,12641
99725,0,1,0,-1,-1,0,18198,0,13017
99727,0,1,0,0,0,0,9346,0,12464
99730,0,1,0,-1,-1,0,9298,0,13007
99732,0,2,0,-1,-1,0,17506,0,13408
99733,0,1,0,-1,-1,0,13387,0,12619
99742,0,1,0,0,0,0,15465,0,13404
99743,1,1,0,-1,-1,0,7597,0,13404
99744,0,1,0,-1,-1,0,7516,0,13405
99750,0,1,0,-1,-1,0,13390,0,13049
99751,0,1,0,-1,-1,0,7597,0,12584
99752,1,1,0,-1,-1,0,9335,0,12584
99759,0,1,0,-1,-1,0,17818,0,13255
99760,1,1,0,-1,-1,0,15464,0,13255
99761,2,1,0,-1,-1,0,27743,0,13255
99762,3,1,0,-1,-1,0,27744,0,13255
99769,0,1,0,-1,-1,0,7597,0,14615
99770,0,1,0,-1,-1,0,15464,0,14616
99777,0,1,0,-1,-1,0,7597,0,13036
99778,0,1,0,-1,-1,0,9142,0,13039
99780,0,0,0,300000,10000,1141,6251,0,13382
99781,0,1,0,-1,-1,0,18212,0,13044
99782,0,1,0,-1,-1,0,7597,0,12783
99785,0,1,0,-1,-1,0,18201,0,11629
99792,0,1,0,-1,-1,0,13665,0,13056
99793,1,1,0,-1,-1,0,15465,0,13056
99794,0,2,0,-1,-1,0,18202,0,13057
99795,0,1,0,-1,-1,0,9408,0,11928
99796,0,2,0,-1,-1,0,15602,0,11817
99804,0,1,0,-1,-1,0,9325,0,13029
99806,0,1,0,-1,-1,0,7597,0,12774
99807,0,1,0,-1,-1,0,15768,0,12775
99808,0,1,0,-1,-1,0,13665,0,12776
99809,1,1,0,-1,-1,0,15465,0,12776
99811,0,2,0,-1,-1,0,14106,0,12974
99815,0,1,0,-1,-1,0,29626,0,13040
99816,0,1,0,-1,-1,0,7597,0,13162
99817,0,1,0,-1,-1,0,14254,0,13169
99819,0,2,0,-1,-1,0,17308,0,13198
99820,0,1,0,-1,-1,0,13390,0,14622
99821,1,1,0,-1,-1,0,21362,0,14622
99822,0,1,0,-1,-1,0,13389,0,14624
99823,1,1,0,-1,-1,0,21363,0,14624
99832,0,1,0,-1,-1,0,21618,0,12637
99834,0,2,0,-1,-1,0,18833,0,14555
99839,0,1,0,-1,-1,0,9415,0,12606
99842,0,1,0,0,0,0,15874,0,14551
99843,1,1,0,-1,-1,0,7578,0,14551
99844,2,1,0,-1,-1,0,7527,0,14551
99849,0,2,0,-1,-1,0,18211,0,13053
99851,0,1,0,-1,-1,0,13669,0,14611
99852,0,2,0,-1,-1,0,18656,0,14576
99853,0,1,0,-1,-1,0,18201,0,11628
99856,0,1,0,-1,-1,0,13390,0,15413
99859,0,0,0,900000,30000,1141,18787,0,14554
99860,0,2,0,0,-1,0,17505,0,13401
99862,0,1,0,-1,-1,0,14049,0,15051
99868,0,2,0,-1,-1,0,18633,0,14531
99870,0,1,0,-1,-1,0,15466,0,13052
99873,0,1,0,-1,-1,0,15814,0,14536
99874,0,2,0,0,-1,0,17315,0,13204
99876,0,1,0,-1,-1,0,21618,0,13386
99879,0,1,0,0,0,0,14049,0,13395
99881,0,1,0,-1,-1,0,15696,0,14553
99885,0,2,0,-1,-1,0,17331,0,13218
99886,0,2,0,-1,-1,0,16528,0,12582
99887,0,1,0,-1,-1,0,7598,0,12587
99889,0,1,0,-1,-1,0,9400,0,14044
99890,0,1,0,0,0,0,20847,0,14557
99892,0,2,0,-1,-1,0,16927,0,12797
99893,0,2,0,-1,-1,0,14126,0,13054
99895,0,1,0,-1,-1,0,13390,0,14552
99897,0,1,0,-1,-1,0,7681,0,13208
99908,0,0,0,600000,60000,94,18307,0,14022
99909,0,0,0,600000,60000,94,18308,0,14023
99910,0,2,0,-1,-1,0,19755,0,14024
99911,0,1,0,0,0,0,9414,0,13396
99914,0,1,0,-1,-1,0,9315,0,14548
99915,0,1,0,-1,-1,0,13670,0,14549
99917,0,2,0,-1,-1,0,17500,0,13393
99920,0,1,0,-1,-1,0,15810,0,14640
99921,0,1,0,-1,-1,0,14027,0,14641
99923,0,1,0,-1,-1,0,13384,0,13394
99929,0,1,0,-1,-1,0,21626,0,14621
99930,1,1,0,-1,-1,0,13390,0,14621
99931,0,1,0,-1,-1,0,21363,0,14623
99932,1,1,0,-1,-1,0,14249,0,14623
99934,0,1,0,-1,-1,0,9295,0,12113
99935,0,1,0,-1,-1,0,15696,0,11932
99937,0,1,0,-1,-1,0,13670,0,11821
99939,0,1,0,-1,-1,0,29635,0,13146
99941,0,1,0,-1,-1,0,14049,0,14636
99944,0,1,0,-1,-1,0,23930,0,13209
99945,0,1,0,-1,-1,0,14049,0,13210
99949,1,1,0,-1,-1,0,13669,0,13966
99951,0,1,0,0,0,0,7597,0,13098
99952,1,1,0,-1,-1,0,9329,0,13098
99956,1,1,0,-1,-1,0,13385,0,13955
99964,0,1,0,0,-1,0,13669,0,13177
99965,0,1,0,0,0,0,21363,0,13178
99966,1,1,0,-1,-1,0,9316,0,13178
99971,0,0,0,300000,10000,1141,17668,0,13515
99974,0,2,0,-1,-1,0,18289,0,13983
99985,0,2,0,-1,-1,0,16454,0,12531
99986,0,1,0,-1,-1,0,18382,0,13968
99988,0,1,0,-1,-1,0,9346,0,13168
99989,0,1,0,-1,-1,0,17350,0,13243
100000,0,1,0,-1,-1,0,7703,0,14103
100007,0,2,0,-1,-1,0,18278,0,13953
100008,0,0,0,1800000,0,0,20587,0,15873
100009,0,1,0,-1,-1,0,14799,0,16949
100014,0,1,0,-1,-1,0,9342,0,11665
100015,0,1,0,-1,-1,0,9345,0,16554
100016,0,1,0,-1,-1,0,7597,0,16513
100017,0,1,0,3600000,600000,0,7598,0,15056
100018,1,1,0,-1,-1,0,13669,0,15056
100019,0,1,0,-1,-1,0,9296,0,15105
100020,0,1,0,-1,-1,0,9326,0,15106
100021,0,2,0,-1,-1,0,20586,0,15853
100026,0,1,0,0,0,0,9401,0,15107
100027,1,0,0,1800000,0,0,18957,0,15107
100044,0,1,0,-1,-1,0,21432,0,15995
100054,0,1,0,-1,-1,0,7597,0,16567
100058,0,1,0,-1,-1,0,7581,0,16007
100059,1,1,0,-1,-1,0,21429,0,16007
100060,0,1,0,0,-1,0,19786,0,16009
100063,0,1,0,3600000,600000,0,14056,0,15050
100067,0,1,0,-1,-1,0,15464,0,16457
100072,0,1,0,-1,-1,0,7597,0,16417
100073,0,1,0,-1,-1,0,9141,0,16420
100074,0,1,0,-1,-1,0,9345,0,16421
100075,1,1,0,-1,-1,0,7597,0,16421
100076,0,1,0,-1,-1,0,22778,0,16510
100082,0,1,0,-1,-1,0,28539,0,16571
100083,1,1,0,-1,-1,0,7597,0,16571
100084,0,1,0,-1,-1,0,22801,0,16573
100085,1,1,0,-1,-1,0,14799,0,16573
100086,2,1,0,-1,-1,0,21363,0,16573
100087,0,1,0,-1,-1,0,7597,0,16574
100091,0,1,0,0,0,0,18030,0,16058
100092,0,1,0,-1,-1,0,7597,0,13959
100103,0,1,0,-1,-1,0,7598,0,16821
100104,0,1,0,-1,-1,0,7597,0,16822
100105,0,2,0,-1,-1,0,18202,0,13399
100115,0,1,0,-1,-1,0,7598,0,16435
100119,0,1,0,-1,-1,0,13385,0,14525
100123,0,1,0,-1,-1,0,15464,0,16848
100134,0,1,0,-1,-1,0,23049,0,16446
100138,0,1,0,-1,-1,0,7597,0,16851
100140,0,1,0,-1,-1,0,23300,0,16410
100143,0,1,0,-1,-1,0,22683,0,15138
100153,0,1,0,-1,-1,0,9396,0,16524
100159,0,1,0,-1,-1,0,7598,0,16515
100170,0,1,0,-1,-1,0,14799,0,16954
100171,1,1,0,-1,-1,0,21362,0,16954
100172,0,1,0,-1,-1,0,17367,0,16955
100173,0,1,0,-1,-1,0,7597,0,16465
100185,0,1,0,-1,-1,0,9141,0,16526
100191,0,1,0,0,0,0,9336,0,17044
100195,0,1,0,-1,-1,0,7597,0,16552
100199,0,1,0,-1,-1,0,15465,0,16852
100200,0,1,0,-1,-1,0,21625,0,16855
100201,1,1,0,-1,-1,0,9408,0,16855
100212,0,2,0,-1,-1,0,18652,0,14541
100213,0,1,0,-1,-1,0,21626,0,16842
100214,1,1,0,-1,-1,0,9408,0,16842
100215,0,1,0,-1,-1,0,7598,0,15057
100216,1,1,0,-1,-1,0,13669,0,15057
100224,0,1,0,-1,-1,0,21627,0,16843
100225,1,1,0,-1,-1,0,9417,0,16843
100226,0,1,0,-1,-1,0,21618,0,16844
100227,1,1,0,-1,-1,0,9406,0,16844
100228,0,1,0,-1,-1,0,7597,0,16845
100231,0,1,0,-1,-1,0,21618,0,16836
100232,1,1,0,-1,-1,0,9406,0,16836
100241,0,1,0,-1,-1,0,9398,0,16501
100242,0,1,0,-1,-1,0,13669,0,16502
100243,1,1,0,-1,-1,0,9330,0,16502
100249,0,1,0,-1,-1,0,21625,0,16829
100250,1,1,0,-1,-1,0,9406,0,16829
100251,0,1,0,-1,-1,0,9406,0,16831
100252,0,1,0,-1,-1,0,13669,0,16832
100253,0,1,0,-1,-1,0,21625,0,16833
100254,1,1,0,-1,-1,0,9408,0,16833
100255,0,1,0,-1,-1,0,9417,0,16834
100258,0,1,0,-1,-1,0,9406,0,16837
100259,0,1,0,-1,-1,0,18384,0,16839
100260,1,1,0,-1,-1,0,9415,0,16839
100261,0,1,0,-1,-1,0,9396,0,16840
100262,0,1,0,-1,-1,0,18384,0,16841
100263,1,1,0,-1,-1,0,9408,0,16841
100264,0,1,0,-1,-1,0,9408,0,16853
100265,0,2,0,-1,-1,0,16406,0,15814
100267,0,1,0,-1,-1,0,9406,0,16860
100272,0,1,0,-1,-1,0,13669,0,16418
100273,1,1,0,-1,-1,0,9141,0,16418
100274,2,1,0,-1,-1,0,15464,0,16418
100279,0,1,0,-1,-1,0,14565,0,11906
100282,0,1,0,-1,-1,0,7597,0,15058
100283,1,1,0,-1,-1,0,13669,0,15058
100284,0,1,0,3600000,600000,0,9315,0,15059
100285,0,1,0,-1,-1,0,9315,0,15060
100289,0,1,0,-1,-1,0,14047,0,16950
100290,0,1,0,-1,-1,0,9397,0,16951
100291,0,1,0,-1,-1,0,21363,0,16953
100292,1,1,0,-1,-1,0,9342,0,16953
100297,0,1,0,0,0,0,9335,0,15063
100298,1,1,0,-1,-1,0,7597,0,15063
100301,1,1,0,-1,-1,0,7597,0,16466
100302,0,1,0,-1,-1,0,7597,0,16467
100303,0,1,0,-1,-1,0,7597,0,16846
100304,0,1,0,-1,-1,0,9406,0,16856
100305,0,2,0,-1,-1,0,17152,0,647
100306,0,2,0,-1,-1,0,19874,0,15418
100307,0,1,0,-1,-1,0,7597,0,15411
100308,1,1,0,-1,-1,0,9334,0,15411
100309,0,1,0,-1,-1,0,21618,0,16857
100310,0,1,0,-1,-1,0,9406,0,16858
100311,0,1,0,0,0,0,9414,0,15108
100312,1,0,0,1800000,0,0,18957,0,15108
100314,0,1,0,-1,-1,0,15811,0,15062
100315,1,1,0,-1,-1,0,7597,0,15062
100324,0,0,0,1800000,0,0,19634,0,15866
100331,0,1,0,-1,-1,0,14248,0,16549
100332,1,1,0,-1,-1,0,7597,0,16549
100342,0,1,0,-1,-1,0,14254,0,16519
100346,0,1,0,-1,-1,0,13665,0,18406
100347,1,1,0,-1,-1,0,13387,0,18406
100348,2,1,0,-1,-1,0,21601,0,18406
100350,0,2,0,0,-1,0,18276,0,14487
100352,0,1,0,0,0,0,9331,0,17713
100353,1,1,0,-1,-1,0,15464,0,17713
100358,0,2,0,-1,-1,0,16928,0,12798
100359,0,1,0,-1,-1,0,13670,0,18370
100360,0,1,0,-1,-1,0,21366,0,18371
100361,0,1,0,-1,-1,0,9326,0,18372
100362,0,1,0,-1,-1,0,14047,0,18373
100364,0,1,0,-1,-1,0,23049,0,16558
100366,0,1,0,-1,-1,0,9345,0,16580
100367,0,1,0,-1,-1,0,9345,0,13344
100371,0,1,0,-1,-1,0,21619,0,18483
100372,0,1,0,-1,-1,0,23300,0,16471
100373,1,1,0,-1,-1,0,7597,0,16471
100374,0,1,0,-1,-1,0,7597,0,16504
100375,1,1,0,-1,-1,0,9345,0,16504
100376,0,1,0,-1,-1,0,9141,0,16507
100377,0,1,0,-1,-1,0,7598,0,16508
100382,0,2,0,-1,-1,0,16407,0,17704
100383,0,1,0,0,0,0,13669,0,16983
100385,0,1,0,-1,-1,0,7597,0,16578
100386,1,1,0,-1,-1,0,18384,0,16578
100387,2,1,0,-1,-1,0,9415,0,16578
100388,0,1,0,-1,-1,0,15464,0,16483
100389,0,1,0,0,0,0,9346,0,13001
100390,0,1,0,-1,-1,0,15464,0,12936
100391,1,1,0,-1,-1,0,7597,0,12936
100397,0,2,0,-1,-1,0,21919,0,17705
100402,0,1,0,-1,-1,0,18032,0,18510
100403,0,1,0,-1,-1,0,13669,0,18511
100404,0,1,0,-1,-1,0,18384,0,17070
100405,1,1,0,-1,-1,0,21362,0,17070
100406,2,1,0,-1,-1,0,18056,0,17070
100409,0,1,0,-1,-1,0,7597,0,16345
100410,1,1,0,-1,-1,0,9335,0,16345
100411,0,1,0,-1,-1,0,15464,0,16863
100412,1,1,0,-1,-1,0,13383,0,16863
100413,0,1,0,-1,-1,0,13669,0,16864
100414,1,1,0,-1,-1,0,13383,0,16864
100415,0,1,0,-1,-1,0,13676,0,16865
100416,1,1,0,-1,-1,0,13385,0,16865
100417,0,1,0,-1,-1,0,13669,0,16866
100418,1,1,0,-1,-1,0,13385,0,16866
100422,0,1,0,-1,-1,0,15715,0,16523
100424,0,1,0,-1,-1,0,9343,0,18528
100427,0,1,0,-1,-1,0,18030,0,18309
100428,0,1,0,-1,-1,0,9345,0,18546
100431,0,1,0,-1,-1,0,13665,0,16867
100432,1,1,0,-1,-1,0,13385,0,16867
100433,0,1,0,-1,-1,0,9329,0,16503
100434,1,1,0,-1,-1,0,9342,0,16503
100435,0,1,0,-1,-1,0,15813,0,15052
100438,0,1,0,-1,-1,0,7681,0,18395
100441,0,1,0,-1,-1,0,13387,0,18547
100443,0,2,0,-1,-1,0,21153,0,17076
100444,1,1,0,-1,-1,0,7597,0,17076
100445,0,1,0,-1,-1,0,9343,0,17078
100446,0,1,0,-1,-1,0,18384,0,18403
100453,0,1,0,-1,-1,0,13669,0,16506
100454,1,1,0,-1,-1,0,15464,0,16506
100455,2,1,0,-1,-1,0,9141,0,16506
100457,0,1,0,3600000,600000,0,18041,0,15047
100461,0,1,0,-1,-1,0,21623,0,17710
100462,0,1,0,-1,-1,0,9343,0,16518
100463,1,1,0,-1,-1,0,22801,0,16518
100466,0,1,0,-1,-1,0,15464,0,16468
100467,0,1,0,-1,-1,0,9346,0,16472
100468,1,1,0,-1,-1,0,18379,0,16472
100472,0,1,0,-1,-1,0,18384,0,18368
100474,0,0,0,300000,0,0,21954,0,17744
100479,0,1,0,-1,-1,0,18384,0,18509
100480,0,1,0,-1,-1,0,7597,0,16477
100481,0,1,0,-1,-1,0,7597,0,16478
100482,0,1,0,-1,-1,0,7598,0,16479
100483,1,1,0,-1,-1,0,15464,0,16479
100487,0,1,0,-1,-1,0,13383,0,16862
100490,0,1,0,-1,-1,0,18384,0,16898
100491,1,1,0,-1,-1,0,9315,0,16898
100492,0,1,0,-1,-1,0,18032,0,16899
100493,0,1,0,-1,-1,0,21626,0,16900
100494,1,1,0,-1,-1,0,9316,0,16900
100496,0,1,0,-1,-1,0,7597,0,15860
100499,0,1,0,-1,-1,0,13669,0,16401
100500,0,1,0,0,0,0,21969,0,17774
100511,0,1,0,-1,-1,0,9331,0,17777
100512,0,1,0,30000,-1,0,21978,0,17780
100517,0,1,0,-1,-1,0,7569,0,17754
100518,0,1,0,-1,-1,0,9316,0,16902
100519,1,1,0,-1,-1,0,21618,0,16902
100520,0,1,0,-1,-1,0,9315,0,16903
100521,1,1,0,-1,-1,0,21618,0,16903
100526,0,1,0,-1,-1,0,7597,0,16577
100527,1,1,0,-1,-1,0,18384,0,16577
100528,2,1,0,-1,-1,0,9415,0,16577
100531,0,1,0,-1,-1,0,15464,0,18323
100532,0,1,0,-1,-1,0,7597,0,16433
100544,0,1,0,-1,-1,0,14054,0,16579
100545,1,1,0,-1,-1,0,18384,0,16579
100546,2,1,0,-1,-1,0,7597,0,16579
100548,0,1,0,-1,-1,0,9346,0,16550
100549,1,1,0,-1,-1,0,7597,0,16550
100550,0,1,0,-1,-1,0,9141,0,16987
100553,0,1,0,-1,-1,0,21596,0,17902
100554,1,1,0,-1,-1,0,13669,0,17902
100555,2,0,0,0,120000,1091,22564,0,17902
100558,0,1,0,-1,-1,0,23516,0,16961
100559,1,1,0,-1,-1,0,13385,0,16961
100568,0,1,0,-1,-1,0,9332,0,17069
100569,1,1,0,-1,-1,0,15464,0,17069
100572,0,2,0,-1,-1,0,21961,0,17766
100573,0,1,0,-1,-1,0,14089,0,17767
100577,0,1,0,-1,-1,0,18384,0,16945
100578,0,1,0,-1,-1,0,18384,0,16946
100579,1,1,0,-1,-1,0,13881,0,16946
100580,0,1,0,-1,-1,0,18384,0,16947
100581,1,1,0,-1,-1,0,9415,0,16947
100582,2,1,0,-1,-1,0,9406,0,16947
100586,0,1,0,-1,-1,0,9141,0,15469
100587,0,1,0,-1,-1,0,21618,0,16838
100588,1,1,0,-1,-1,0,9406,0,16838
100589,0,1,0,-1,-1,0,21346,0,17770
100590,0,2,0,0,-1,0,16908,0,12781
100593,0,1,0,-1,-1,0,7597,0,16521
100595,0,1,0,-1,-1,0,9343,0,16494
100596,0,1,0,-1,-1,0,18034,0,16901
100597,1,1,0,-1,-1,0,18379,0,16901
100598,0,1,0,-1,-1,0,7597,0,18324
100602,0,1,0,-1,-1,0,15464,0,18404
100603,1,1,0,-1,-1,0,7597,0,18404
100612,0,1,0,-1,-1,0,9417,0,18396
100613,0,1,0,-1,-1,0,7710,0,15109
100614,1,1,0,-1,-1,0,7688,0,15109
100617,0,1,0,-1,-1,0,18384,0,18367
100622,0,2,0,-1,-1,0,22863,0,18410
100623,0,1,0,-1,-1,0,13669,0,18411
100636,0,1,0,-1,-1,0,13670,0,16962
100637,1,1,0,-1,-1,0,18185,0,16962
100639,0,1,0,-1,-1,0,18185,0,16963
100640,0,1,0,-1,-1,0,13665,0,16964
100641,1,1,0,-1,-1,0,13385,0,16964
100642,0,1,0,-1,-1,0,23515,0,16965
100643,1,1,0,-1,-1,0,13385,0,16965
100646,0,1,0,-1,-1,0,7597,0,16910
100647,0,1,0,-1,-1,0,15464,0,16911
100649,0,1,0,0,-1,0,21361,0,17110
100651,0,1,0,-1,-1,0,18384,0,16835
100652,1,1,0,-1,-1,0,21362,0,16835
100653,2,1,0,-1,-1,0,9408,0,16835
100660,0,1,0,-1,-1,0,18185,0,16966
100663,0,1,0,-1,-1,0,22778,0,16406
100671,0,1,0,-1,-1,0,7597,0,16473
100672,1,1,0,-1,-1,0,15715,0,16473
100673,2,1,0,-1,-1,0,21363,0,16473
100674,0,1,0,-1,-1,0,7597,0,16474
100675,1,1,0,-1,-1,0,15715,0,16474
100676,2,1,0,-1,-1,0,21363,0,16474
100677,0,1,0,-1,-1,0,15464,0,16568
100678,0,1,0,-1,-1,0,21363,0,16958
100679,1,1,0,-1,-1,0,15715,0,16958
100684,0,1,0,-1,-1,0,23049,0,16392
100687,0,1,0,-1,-1,0,21626,0,16956
100688,1,1,0,-1,-1,0,9344,0,16956
100690,0,1,0,-1,-1,0,9335,0,16984
100691,0,1,0,-1,-1,0,23217,0,16448
100692,1,1,0,-1,-1,0,9417,0,16448
100693,0,1,0,-1,-1,0,9346,0,16449
100694,0,1,0,-1,-1,0,7597,0,16450
100695,0,1,0,-1,-1,0,9343,0,16393
100697,0,2,0,-1,-1,0,21151,0,17071
100699,0,1,0,-1,-1,0,13670,0,12935
100700,0,1,0,0,-1,0,13881,0,12930
100702,0,1,0,-1,-1,0,13385,0,17734
100703,0,1,0,-1,-1,0,9318,0,16904
100704,0,1,0,-1,-1,0,7597,0,16905
100705,1,1,0,-1,-1,0,15465,0,16905
100707,0,1,0,-1,-1,0,23217,0,16496
100708,0,1,0,-1,-1,0,23049,0,16498
100709,0,1,0,-1,-1,0,15807,0,16499
100712,0,1,0,-1,-1,0,9345,0,16459
100713,0,1,0,-1,-1,0,15464,0,16462
100714,0,1,0,-1,-1,0,15464,0,16823
100722,0,1,0,-1,-1,0,7597,0,16566
100728,0,1,0,-1,-1,0,21346,0,17900
100729,1,0,0,0,120000,1091,22564,0,17900
100730,0,1,0,-1,-1,0,7219,0,16907
100731,0,1,0,-1,-1,0,7597,0,16908
100739,0,1,0,-1,-1,0,9398,0,16423
100740,0,1,0,-1,-1,0,9329,0,16424
100741,1,1,0,-1,-1,0,9342,0,16424
100749,0,1,0,-1,-1,0,23212,0,17064
100750,0,1,0,-1,-1,0,15438,0,17066
100751,1,1,0,-1,-1,0,13675,0,17066
100752,2,1,0,-1,-1,0,22852,0,17066
100754,0,1,0,-1,-1,0,9334,0,16425
100755,1,1,0,-1,-1,0,7597,0,16425
100762,0,1,0,-1,-1,0,7598,0,16419
100772,0,2,0,-1,-1,0,17511,0,17002
100773,0,1,0,-1,-1,0,7597,0,16820
100774,0,1,0,-1,-1,0,15464,0,16563
100775,1,1,0,-1,-1,0,7597,0,16563
100776,0,1,0,-1,-1,0,15465,0,16564
100777,1,1,0,-1,-1,0,7597,0,16564
100778,0,2,0,-1,-1,0,18205,0,17752
100779,0,1,0,-1,-1,0,7597,0,16522
100783,0,1,0,-1,-1,0,7597,0,16455
100784,1,1,0,-1,-1,0,15464,0,16455
100785,0,1,0,-1,-1,0,15465,0,16456
100786,1,1,0,-1,-1,0,7597,0,16456
100787,0,1,0,-1,-1,0,7597,0,16909
100788,0,0,0,1800000,0,0,21956,0,17759
100789,1,1,0,-1,-1,0,21958,0,17759
100791,0,0,0,1200000,0,0,20631,0,16768
100794,0,2,0,-1,-1,0,21152,0,17073
100795,1,1,0,-1,-1,0,9332,0,17073
100796,0,1,0,0,0,0,9346,0,17109
100797,0,2,0,-1,-1,0,21170,0,17074
100798,1,0,0,-1,60000,1150,21180,0,17074
100799,0,1,0,-1,-1,0,9358,0,18289
100812,0,0,0,900000,60000,94,17490,0,17067
100821,0,1,0,-1,-1,0,9141,0,16528
100822,0,1,0,-1,-1,0,23157,0,16530
100823,0,1,0,-1,-1,0,13669,0,16531
100825,0,2,0,-1,-1,0,21165,0,17112
100827,0,1,0,-1,-1,0,21346,0,17901
100828,1,1,0,-1,-1,0,13669,0,17901
100829,2,0,0,0,120000,1091,22564,0,17901
100830,0,1,0,-1,-1,0,15464,0,16826
100831,0,1,0,-1,-1,0,7597,0,16827
100832,0,1,0,-1,-1,0,21618,0,16828
100833,1,1,0,-1,-1,0,9415,0,16828
100841,0,1,0,-1,-1,0,9346,0,16551
100847,0,1,0,-1,-1,0,20732,0,16886
100852,0,1,0,-1,-1,0,7597,0,16541
100853,0,1,0,-1,-1,0,15464,0,16544
100854,0,1,0,-1,-1,0,21636,0,17113
100855,1,1,0,-1,-1,0,17493,0,17113
100859,0,1,0,-1,-1,0,19380,0,15782
100860,0,1,0,-1,-1,0,19380,0,15783
100861,0,1,0,-1,-1,0,13676,0,16960
100862,1,1,0,-1,-1,0,13385,0,16960
100863,0,1,0,-1,-1,0,9141,0,16659
100866,0,1,0,-1,-1,0,15464,0,16545
100867,0,2,0,-1,-1,0,17315,0,13286
100870,0,2,0,-1,-1,0,21179,0,17223
100871,1,0,0,-1,60000,1150,21181,0,17223
100875,0,1,0,0,-1,0,15465,0,17063
100876,0,1,0,-1,-1,0,9329,0,15587
100877,0,1,0,-1,-1,0,7597,0,16426
100878,1,1,0,-1,-1,0,13669,0,16426
100879,0,1,0,-1,-1,0,9141,0,16428
100884,0,1,0,-1,-1,0,9141,0,16427
100899,0,1,0,-1,-1,0,7597,0,16560
100900,0,1,0,-1,-1,0,15464,0,16561
100901,1,1,0,-1,-1,0,7597,0,16561
100906,0,1,0,-1,-1,0,7597,0,16936
100907,0,1,0,-1,-1,0,13669,0,16422
100908,1,1,0,-1,-1,0,9330,0,16422
100911,0,1,0,-1,-1,0,7597,0,16453
100912,1,1,0,-1,-1,0,15464,0,16453
100913,0,1,0,-1,-1,0,7597,0,16454
100915,0,1,0,-1,-1,0,19691,0,16658
100921,0,1,0,-1,-1,0,13675,0,16868
100922,1,1,0,-1,-1,0,13383,0,16868
100928,0,1,0,-1,-1,0,15464,0,18736
100929,0,1,0,-1,-1,0,18013,0,19434
100930,0,1,0,-1,-1,0,21363,0,19435
100932,0,1,0,-1,-1,0,15814,0,19406
100933,1,1,0,-1,-1,0,15465,0,19406
100934,2,1,0,-1,-1,0,13669,0,19406
100936,0,2,0,-1,-1,0,23267,0,18816
100937,0,0,0,90000,15000,1141,23271,0,18820
100938,0,1,0,-1,-1,0,9406,0,18824
100939,0,1,0,-1,-1,0,7597,0,18831
100940,0,1,0,-1,-1,0,9404,0,18679
100942,0,1,0,-1,-1,0,9331,0,15862
100944,0,1,0,-1,-1,0,14248,0,18082
100945,0,1,0,-1,-1,0,13675,0,18499
100946,1,1,0,-1,-1,0,22912,0,18499
100947,0,1,0,-1,-1,0,9408,0,18717
100948,0,1,0,-1,-1,0,9417,0,19121
100950,0,1,0,-1,-1,0,7597,0,18832
100952,0,1,0,-1,-1,0,15464,0,19387
100953,0,1,0,-1,-1,0,14052,0,19396
100954,1,1,0,-1,-1,0,13669,0,19396
100955,0,1,0,-1,-1,0,15464,0,12963
100956,1,1,0,-1,-1,0,7597,0,12963
100957,2,1,0,-1,-1,0,13670,0,12963
100958,0,1,0,-1,-1,0,9335,0,19439
100961,0,1,0,-1,-1,0,7597,0,18847
100962,1,1,0,-1,-1,0,9335,0,18847
100964,0,1,0,-1,-1,0,7597,0,18821
100965,1,1,0,-1,-1,0,9336,0,18821
100967,0,1,0,-1,-1,0,9327,0,18691
100969,0,1,0,-1,-1,0,7597,0,18725
100970,1,1,0,-1,-1,0,15814,0,18725
100973,0,1,0,-1,-1,0,15810,0,19157
100974,1,1,0,-1,-1,0,7597,0,19157
100975,2,1,0,-1,-1,0,18384,0,19157
100978,0,1,0,-1,-1,0,9329,0,13203
100979,0,1,0,-1,-1,0,9336,0,17714
100981,0,1,0,-1,-1,0,21433,0,17717
100984,0,1,0,-1,-1,0,18384,0,18490
100985,1,1,0,-1,-1,0,9318,0,18490
100988,0,1,0,0,0,0,7597,0,13957
100989,0,1,0,-1,-1,0,22618,0,18168
100990,1,1,0,-1,-1,0,22620,0,18168
100994,0,1,0,-1,-1,0,21598,0,18315
100996,0,1,0,-1,-1,0,9407,0,18318
100998,0,1,0,-1,-1,0,18049,0,18479
101003,0,1,0,-1,-1,0,21363,0,18739
101004,0,1,0,-1,-1,0,13669,0,18716
101005,0,1,0,-1,-1,0,29637,0,17753
101012,0,1,0,-1,-1,0,7597,0,18868
101013,0,1,0,-1,-1,0,13665,0,18690
101016,0,2,0,-1,-1,0,18138,0,17068
101017,0,1,0,-1,-1,0,21596,0,17907
101018,1,1,0,-1,-1,0,13669,0,17907
101019,2,0,0,0,120000,1091,22563,0,17907
101024,0,1,0,-1,-1,0,13669,0,19058
101027,0,1,0,-1,-1,0,21440,0,18860
101029,0,1,0,-1,-1,0,9336,0,19144
101030,0,1,0,-1,-1,0,15809,0,19043
101034,0,1,0,-1,-1,0,7597,0,18520
101035,1,1,0,-1,-1,0,14052,0,18520
101037,0,1,0,-1,-1,0,9318,0,18723
101038,0,1,0,-1,-1,0,13385,0,18495
101046,0,1,0,-1,-1,0,7598,0,16431
101047,0,1,0,-1,-1,0,9346,0,16957
101051,0,1,0,-1,-1,0,9346,0,18494
101058,0,1,0,-1,-1,0,9332,0,18379
101061,0,1,0,-1,-1,0,14089,0,19363
101064,0,1,0,-1,-1,0,21362,0,19096
101072,0,2,0,-1,-1,0,23604,0,19166
101073,0,1,0,-1,-1,0,9408,0,18525
101075,0,1,0,-1,-1,0,18035,0,18527
101079,0,2,0,-1,-1,0,22639,0,18202
101080,0,2,0,-1,-1,0,22640,0,18203
101081,0,1,0,-1,-1,0,7517,0,18813
101083,0,1,0,-1,-1,0,14799,0,18878
101085,0,1,0,-1,-1,0,9400,0,18672
101086,0,1,0,-1,-1,0,7516,0,18674
101091,0,2,0,-1,-1,0,21992,0,19019
101092,0,1,0,-1,-1,0,9331,0,19048
101095,0,1,0,-1,-1,0,21627,0,18743
101096,0,1,0,-1,-1,0,13669,0,16906
101099,0,1,0,-1,-1,0,15771,0,18822
101104,0,1,0,-1,-1,0,18098,0,18758
101105,0,1,0,-1,-1,0,9334,0,18759
101106,0,1,0,-1,-1,0,7597,0,18828
101107,1,1,0,-1,-1,0,9335,0,18828
101108,0,1,0,-1,-1,0,15465,0,18465
101114,0,1,0,-1,-1,0,20885,0,18760
101115,0,1,0,-1,-1,0,9417,0,18458
101118,0,1,0,0,0,0,9331,0,17772
101119,0,1,0,-1,-1,0,9318,0,18469
101120,1,1,0,-1,-1,0,21618,0,18469
101122,0,1,0,-1,-1,0,21361,0,18491
101128,0,1,0,-1,-1,0,7598,0,16543
101129,1,1,0,-1,-1,0,15464,0,16543
101130,0,1,0,-1,-1,0,14254,0,16476
101131,1,1,0,-1,-1,0,18379,0,16476
101132,0,1,0,-1,-1,0,9317,0,18208
101134,0,1,0,-1,-1,0,7597,0,18866
101135,1,1,0,-1,-1,0,9335,0,18866
101136,0,1,0,-1,-1,0,7597,0,18867
101137,0,1,0,-1,-1,0,7597,0,18869
101139,0,1,0,-1,-1,0,21627,0,14545
101146,0,1,0,-1,-1,0,9307,0,19130
101147,0,1,0,-1,-1,0,18384,0,18390
101150,0,1,0,-1,-1,0,15693,0,18472
101151,1,1,0,-1,-1,0,9408,0,18472
101152,0,1,0,-1,-1,0,18039,0,19162
101153,0,1,0,-1,-1,0,9335,0,18711
101154,0,1,0,-1,-1,0,18032,0,18702
101155,0,2,0,-1,-1,0,10351,0,8223
101156,0,1,0,-1,-1,0,7518,0,18413
101157,1,1,0,-1,-1,0,7597,0,16565
101160,0,1,0,-1,-1,0,14127,0,19366
101163,0,1,0,-1,-1,0,7597,0,16527
101164,1,1,0,-1,-1,0,13669,0,16527
101165,0,1,0,-1,-1,0,7598,0,18817
101166,1,1,0,-1,-1,0,15810,0,18817
101168,1,1,0,-1,-1,0,7597,0,18713
101169,2,1,0,-1,-1,0,21432,0,18713
101170,0,1,0,-1,-1,0,23210,0,17082
101171,0,0,0,300000,-1,0,23724,0,19340
101172,0,1,0,-1,-1,0,7597,0,16939
101173,0,1,0,-1,-1,0,7219,0,18722
101175,0,1,0,-1,-1,0,7516,0,18754
101176,0,1,0,-1,-1,0,14047,0,18721
101177,0,1,0,-1,-1,0,15811,0,19389
101180,0,1,0,-1,-1,0,9142,0,18394
101181,0,1,0,-1,-1,0,9343,0,19086
101182,0,1,0,-1,-1,0,9316,0,18459
101183,0,1,0,-1,-1,0,15464,0,16480
101185,0,1,0,-1,-1,0,23731,0,19349
101186,1,1,0,-1,-1,0,13385,0,19349
101190,0,1,0,-1,-1,0,18030,0,18523
101191,0,1,0,-1,-1,0,7597,0,18524
101192,0,1,0,-1,-1,0,20885,0,17909
101193,1,1,0,-1,-1,0,13670,0,17909
101194,2,0,0,0,1000,1091,22563,0,17909
101196,0,1,0,-1,-1,0,21601,0,18298
101198,0,1,0,-1,-1,0,9415,0,18301
101201,0,1,0,-1,-1,0,18985,0,18345
101203,0,1,0,-1,-1,0,23172,0,18673
101204,0,1,0,-1,-1,0,17819,0,18676
101205,0,1,0,-1,-1,0,15464,0,18812
101206,0,1,0,-1,-1,0,7597,0,18830
101207,0,1,0,-1,-1,0,18378,0,18468
101208,0,1,0,-1,-1,0,18384,0,18317
101209,0,1,0,-1,-1,0,13601,0,18338
101210,0,1,0,-1,-1,0,21626,0,16948
101211,1,1,0,-1,-1,0,9398,0,16948
101212,2,1,0,-1,-1,0,7681,0,16948
101213,0,1,0,-1,-1,0,23217,0,16555
101214,1,1,0,-1,-1,0,9417,0,16555
101218,0,2,0,-1,-1,0,21140,0,17075
101219,0,1,0,-1,-1,0,22836,0,18310
101220,0,1,0,-1,-1,0,21629,0,18311
101224,0,1,0,-1,-1,0,21600,0,17903
101225,1,1,0,-1,-1,0,13669,0,17903
101226,2,0,0,0,120000,1091,22564,0,17903
101230,0,1,0,-1,-1,0,18029,0,18391
101231,0,1,0,-1,-1,0,21619,0,16854
101232,1,1,0,-1,-1,0,9408,0,16854
101233,0,1,0,-1,-1,0,21434,0,18282
101234,1,1,0,-1,-1,0,15464,0,18282
101237,0,1,0,-1,-1,0,15464,0,18500
101242,0,2,0,-1,-1,0,18276,0,13984
101245,0,1,0,-1,-1,0,18384,0,18496
101248,0,1,0,-1,-1,0,7597,0,18204
101250,0,1,0,-1,-1,0,18033,0,19140
101251,0,0,0,180000,-1,0,23595,0,19141
101252,0,1,0,-1,-1,0,9416,0,19142
101253,0,1,0,-1,-1,0,7597,0,19143
101254,1,1,0,-1,-1,0,15813,0,19143
101260,0,1,0,0,0,0,7711,0,17111
101262,0,1,0,-1,-1,0,15464,0,18349
101263,0,1,0,-1,-1,0,7516,0,18351
101264,0,1,0,-1,-1,0,21626,0,18536
101268,0,1,0,-1,-1,0,9406,0,17721
101269,1,1,0,-1,-1,0,7696,0,17721
101271,0,1,0,-1,-1,0,21346,0,17905
101272,1,0,0,0,120000,1091,22563,0,17905
101273,0,1,0,-1,-1,0,21346,0,17906
101274,1,1,0,-1,-1,0,13669,0,17906
101275,2,0,0,0,120000,1091,22563,0,17906
101278,0,2,0,0,-1,0,21951,0,17943
101280,0,1,0,-1,-1,0,21363,0,18312
101281,0,1,0,-1,-1,0,13670,0,18313
101282,0,1,0,-1,-1,0,21626,0,18314
101286,0,1,0,-1,-1,0,23217,0,16397
101287,0,1,0,-1,-1,0,7517,0,13245
101288,0,2,0,-1,-1,0,22850,0,18348
101290,0,1,0,-1,-1,0,9317,0,15061
101293,0,1,0,-1,-1,0,7597,0,18530
101294,0,1,0,-1,-1,0,13387,0,18531
101295,0,1,0,-1,-1,0,9396,0,16830
101297,0,1,0,-1,-1,0,13669,0,18521
101298,0,1,0,-1,-1,0,7597,0,18366
101308,0,1,0,-1,-1,0,23157,0,16403
101309,0,1,0,-1,-1,0,9329,0,18463
101310,0,1,0,-1,-1,0,21442,0,18508
101312,0,1,0,-1,-1,0,15464,0,16937
101314,0,1,0,-1,-1,0,18379,0,16943
101315,0,1,0,-1,-1,0,18384,0,16944
101316,1,1,0,-1,-1,0,9315,0,16944
101324,0,1,0,-1,-1,0,15464,0,16938
101325,1,1,0,-1,-1,0,7597,0,16938
101327,0,1,0,-1,-1,0,21362,0,13244
101328,0,1,0,-1,-1,0,18050,0,19147
101329,0,1,0,-1,-1,0,13384,0,18493
101333,0,1,0,-1,-1,0,23266,0,18815
101334,1,1,0,-1,-1,0,7598,0,18715
101335,2,1,0,-1,-1,0,14097,0,18715
101336,0,1,0,-1,-1,0,13669,0,19052
101340,0,2,0,-1,-1,0,18796,0,870
101343,1,2,0,-1,-1,0,21162,0,17182
101344,2,1,0,-1,-1,0,21142,0,17182
101349,0,1,0,-1,-1,0,18384,0,16897
101350,1,1,0,-1,-1,0,18032,0,16897
101351,0,1,0,-1,-1,0,15807,0,16396
101353,0,1,0,-1,-1,0,13665,0,18502
101354,1,1,0,-1,-1,0,13385,0,18502
101357,0,1,0,0,-1,0,9343,0,18048
101358,0,1,0,0,0,0,21620,0,18103
101359,1,1,0,-1,-1,0,18384,0,18103
101360,1,1,0,-1,-1,0,21629,0,18104
101362,0,1,0,-1,-1,0,9335,0,17736
101363,0,2,0,-1,-1,0,21952,0,17738
101364,0,1,0,-1,-1,0,14027,0,18375
101365,0,1,0,-1,-1,0,17371,0,18470
101366,0,1,0,-1,-1,0,15809,0,18544
101371,0,1,0,-1,-1,0,21445,0,18473
101373,0,1,0,-1,-1,0,9417,0,13398
101379,0,1,0,-1,-1,0,7597,0,16940
101380,0,1,0,-1,-1,0,22778,0,16484
101381,1,1,0,-1,-1,0,7597,0,16484
101382,0,1,0,-1,-1,0,7597,0,18420
101383,0,1,0,-1,-1,0,9346,0,18378
101385,0,1,0,-1,-1,0,21618,0,17718
101386,0,1,0,-1,-1,0,18384,0,17719
101388,0,1,0,-1,-1,0,20885,0,17904
101389,1,1,0,-1,-1,0,13670,0,17904
101390,2,0,0,0,1000,1091,22564,0,17904
101391,0,1,0,-1,-1,0,15717,0,18392
101392,0,1,0,-1,-1,0,7597,0,18393
101395,0,1,0,-1,-1,0,7597,0,18421
101398,0,1,0,-1,-1,0,14248,0,16452
101399,1,1,0,-1,-1,0,7597,0,16452
101400,0,1,0,-1,-1,0,15464,0,18698
101401,0,1,0,-1,-1,0,9330,0,19097
101402,0,1,0,-1,-1,0,28539,0,16463
101403,1,1,0,-1,-1,0,7597,0,16463
101418,0,1,0,-1,-1,0,21348,0,18602
101423,0,1,0,-1,-1,0,9304,0,19108
101424,0,1,0,-1,-1,0,9417,0,19109
101428,0,1,0,-1,-1,0,7570,0,18296
101429,1,1,0,-1,-1,0,22811,0,18296
101430,2,1,0,-1,-1,0,7582,0,18296
101432,0,1,0,-1,-1,0,7597,0,19167
101436,0,1,0,-1,-1,0,21629,0,18477
101441,0,1,0,-1,-1,0,7597,0,16942
101442,0,1,0,-1,-1,0,18384,0,17103
101443,1,1,0,-1,-1,0,18056,0,17103
101444,0,1,0,0,0,0,13669,0,17065
101445,1,1,0,-1,-1,0,13387,0,17065
101447,0,1,0,-1,-1,0,9343,0,18321
101448,0,1,0,-1,-1,0,21600,0,17908
101449,1,1,0,-1,-1,0,13669,0,17908
101450,2,0,0,0,120000,1091,22563,0,17908
101451,0,1,0,-1,-1,0,23101,0,18646
101453,0,0,0,0,1800000,1160,23041,0,18608
101454,1,1,0,-1,-1,0,23236,0,18608
101455,2,1,0,-1,-1,0,23264,0,18608
101456,0,1,0,-1,-1,0,7597,0,18380
101457,0,1,0,-1,-1,0,13385,0,18381
101458,0,1,0,-1,-1,0,21347,0,18382
101459,0,2,0,-1,-1,0,17352,0,13246
101460,0,1,0,-1,-1,0,7597,0,17072
101461,0,1,0,-1,-1,0,13390,0,18503
101462,0,1,0,-1,-1,0,21185,0,17104
101463,1,1,0,-1,-1,0,15806,0,17104
101464,0,1,0,-1,-1,0,21363,0,17105
101465,1,1,0,-1,-1,0,15715,0,17105
101466,0,1,0,-1,-1,0,21365,0,17106
101468,0,1,0,-1,-1,0,9335,0,18451
101472,0,1,0,-1,-1,0,23181,0,18696
101477,0,0,0,180000,0,0,22891,0,18438
101481,0,1,0,-1,-1,0,7597,0,18505
101482,1,1,0,-1,-1,0,7576,0,18505
101486,0,1,0,-1,-1,0,9334,0,16525
101487,1,1,0,-1,-1,0,7597,0,16525
101488,0,1,0,-1,-1,0,9335,0,18484
101489,0,0,0,0,120000,1091,22563,0,17690
101490,0,0,0,0,120000,1091,22564,0,17691
101491,0,1,0,-1,-1,0,7597,0,16430
101494,0,1,0,0,0,0,13669,0,18205
101495,1,1,0,-1,-1,0,7597,0,18205
101497,0,1,0,-1,-1,0,20886,0,18326
101504,0,1,0,-1,-1,0,22852,0,18352
101505,0,1,0,-1,-1,0,18384,0,18353
101506,0,1,0,-1,-1,0,22855,0,18354
101512,0,1,0,-1,-1,0,15715,0,18322
101515,0,1,0,-1,-1,0,9331,0,19120
101516,1,1,0,-1,-1,0,15464,0,19120
101523,0,1,0,-1,-1,0,21624,0,16859
101524,1,1,0,-1,-1,0,9406,0,16859
101525,0,1,0,-1,-1,0,13667,0,19354
101526,0,1,0,-1,-1,0,7598,0,19358
101527,0,1,0,-1,-1,0,21631,0,19373
101528,0,1,0,-1,-1,0,9335,0,19584
101531,0,1,0,-1,-1,0,7597,0,19898
101532,1,1,0,-1,-1,0,9331,0,19898
101538,0,1,0,-1,-1,0,9346,0,19861
101539,0,1,0,-1,-1,0,9316,0,19863
101542,0,2,0,-1,-1,0,13442,0,18671
101543,0,1,0,-1,-1,0,14047,0,18467
101544,0,1,0,-1,-1,0,9406,0,19594
101545,1,1,0,-1,-1,0,24191,0,19594
101548,0,1,0,-1,-1,0,7598,0,19834
101549,1,1,0,-1,-1,0,15810,0,19834
101559,0,1,0,-1,-1,0,15821,0,19854
101560,0,2,0,-1,-1,0,21949,0,17730
101562,0,1,0,-1,-1,0,14047,0,18471
101567,0,1,0,-1,-1,0,23990,0,20051
101568,0,1,0,-1,-1,0,17746,0,20255
101573,0,0,0,120000,10000,1141,24353,0,19992
101574,0,1,0,-1,-1,0,21365,0,18803
101577,0,1,0,-1,-1,0,9345,0,19964
101578,1,1,0,-1,-1,0,21627,0,19964
101581,0,1,0,-1,-1,0,23990,0,20048
101584,0,1,0,-1,-1,0,21618,0,20056
101589,0,0,0,120000,10000,1141,23721,0,19336
101590,0,1,0,-1,-1,0,21440,0,19361
101591,0,1,0,-1,-1,0,17493,0,19379
101592,1,1,0,-1,-1,0,23729,0,19379
101605,0,1,0,-1,-1,0,17371,0,18682
101609,0,1,0,-1,-1,0,9417,0,19603
101614,0,1,0,-1,-1,0,9336,0,20060
101619,0,1,0,-1,-1,0,18052,0,18814
101620,0,1,0,-1,-1,0,15806,0,20068
101621,0,1,0,-1,-1,0,18382,0,20069
101622,1,1,0,-1,-1,0,18057,0,20069
101623,0,1,0,-1,-1,0,14798,0,20070
101624,1,1,0,-1,-1,0,18384,0,20070
101625,0,0,0,180000,180000,1155,23991,0,20071
101626,0,1,0,-1,-1,0,15806,0,20073
101630,0,0,0,360000,60000,1141,363880,0,20130
101636,0,1,0,-1,-1,0,18382,0,20134
101637,1,1,0,-1,-1,0,7597,0,20134
101640,0,0,0,180000,10000,1141,15712,0,11905
101642,0,1,0,-1,-1,0,15464,0,13018
101643,0,1,0,-1,-1,0,18382,0,19401
101644,1,1,0,-1,-1,0,23727,0,19401
101646,0,1,0,-1,-1,0,7680,0,19592
101647,0,1,0,-1,-1,0,23516,0,19321
101649,0,1,0,-1,-1,0,15464,0,19687
101650,0,1,0,-1,-1,0,18052,0,19828
101651,1,1,0,-1,-1,0,18384,0,19828
101660,0,0,0,180000,0,0,24268,0,19930
101664,0,1,0,-1,-1,0,18050,0,19315
101665,0,1,0,-1,-1,0,23990,0,20199
101666,0,1,0,-1,-1,0,23990,0,20200
101667,0,1,0,-1,-1,0,13665,0,19351
101668,1,1,0,-1,-1,0,14121,0,19351
101669,0,2,0,-1,-1,0,21140,0,19353
101671,0,1,0,-1,-1,0,21626,0,19920
101672,0,1,0,-1,-1,0,7597,0,19325
101673,1,1,0,-1,-1,0,15464,0,19325
101674,2,1,0,-1,-1,0,9329,0,19325
101677,0,1,0,-1,-1,0,23990,0,20154
101678,0,1,0,-1,-1,0,23990,0,20155
101680,0,1,0,-1,-1,0,15808,0,19582
101681,0,1,0,-1,-1,0,9343,0,19604
101682,0,1,0,-1,-1,0,24433,0,19613
101683,0,1,0,-1,-1,0,7597,0,20089
101684,1,1,0,-1,-1,0,9139,0,20089
101685,0,1,0,-1,-1,0,7597,0,20124
101686,0,1,0,3600000,600000,0,7598,0,19690
101687,0,1,0,-1,-1,0,23990,0,20201
101688,0,1,0,-1,-1,0,7597,0,20205
101689,0,1,0,-1,-1,0,23990,0,20208
101691,0,1,0,-1,-1,0,9406,0,19528
101692,0,1,0,-1,-1,0,15464,0,19907
101699,0,1,0,-1,-1,0,9336,0,19853
101705,0,1,0,-1,-1,0,7597,0,13962
101706,1,1,0,-1,-1,0,13669,0,13962
101708,0,1,0,-1,-1,0,18035,0,19890
101709,1,1,0,-1,-1,0,18384,0,19890
101710,0,1,0,-1,-1,0,9346,0,19891
101711,1,1,0,-1,-1,0,23727,0,19891
101712,0,1,0,-1,-1,0,23727,0,19893
101713,1,1,0,-1,-1,0,9416,0,19893
101717,0,1,0,-1,-1,0,15810,0,19900
101718,1,1,0,-1,-1,0,7597,0,19900
101719,0,1,0,-1,-1,0,24595,0,19903
101720,1,1,0,-1,-1,0,18379,0,19903
101721,0,1,0,-1,-1,0,13384,0,19577
101722,1,1,0,-1,-1,0,13675,0,19577
101723,2,1,0,-1,-1,0,24428,0,19577
101724,0,1,0,-1,-1,0,24432,0,19621
101725,0,1,0,-1,-1,0,7597,0,19887
101726,0,1,0,-1,-1,0,15812,0,14638
101728,0,1,0,-1,-1,0,18384,0,18534
101729,1,1,0,-1,-1,0,14047,0,18534
101733,0,1,0,-1,-1,0,23688,0,19288
101734,0,1,0,-1,-1,0,23990,0,20156
101735,0,1,0,-1,-1,0,14254,0,19397
101736,1,1,0,-1,-1,0,21365,0,19397
101737,0,1,0,-1,-1,0,14056,0,19398
101742,0,2,0,-1,-1,0,13318,0,13016
101748,0,1,0,-1,-1,0,23990,0,20157
101752,0,1,0,-1,-1,0,9294,0,18762
101753,0,1,0,-1,-1,0,15696,0,19312
101754,1,1,0,-1,-1,0,21625,0,19312
101760,0,2,0,-1,-1,0,23719,0,19334
101762,0,1,0,-1,-1,0,7540,0,19921
101763,0,0,0,180000,20000,1141,24499,0,19956
101766,0,1,0,-1,-1,0,15464,0,19685
101770,0,1,0,-1,-1,0,7597,0,16542
101771,0,1,0,-1,-1,0,13669,0,18861
101776,0,1,0,-1,-1,0,7546,0,19908
101777,1,2,0,-1,-1,0,24254,0,19908
101778,0,1,0,-1,-1,0,18033,0,19909
101779,0,2,0,-1,-1,0,18205,0,19910
101781,0,1,0,-1,-1,0,23728,0,19360
101782,0,1,0,-1,-1,0,15829,0,19364
101783,0,1,0,-1,-1,0,7597,0,19365
101784,0,0,0,5000,0,0,24347,0,19979
101787,0,1,0,-1,-1,0,9316,0,19892
101791,0,1,0,-1,-1,0,9332,0,10784
101796,0,1,0,-1,-1,0,23686,0,19289
101797,0,1,0,-1,-1,0,9315,0,19530
101798,0,1,0,-1,-1,0,9408,0,19531
101799,0,1,0,-1,-1,0,9406,0,19532
101800,0,1,0,-1,-1,0,7680,0,19533
101805,0,1,0,-1,-1,0,7597,0,20041
101806,0,1,0,-1,-1,0,14027,0,19084
101807,0,1,0,-1,-1,0,9343,0,19085
101812,0,1,0,-1,-1,0,15464,0,19906
101813,0,1,0,-1,-1,0,18378,0,17743
101814,1,1,0,-1,-1,0,20969,0,17743
101819,0,1,0,-1,-1,0,15464,0,19925
101820,0,1,0,-1,-1,0,9315,0,19826
101821,0,0,0,120000,0,0,24574,0,19948
101824,0,2,0,-1,-1,0,23605,0,19169
101825,0,2,0,-1,-1,0,18211,0,19170
101829,0,1,0,-1,-1,0,14803,0,18466
101833,0,0,0,14400000,-1,0,23442,0,18984
101834,0,1,0,-1,-1,0,22778,0,16548
101835,1,1,0,-1,-1,0,7597,0,16548
101841,0,1,0,-1,-1,0,23689,0,19287
101842,0,1,0,-1,-1,0,7597,0,19984
101843,1,1,0,-1,-1,0,14089,0,19984
101844,0,0,0,120000,20000,1141,24352,0,19991
101845,0,1,0,-1,-1,0,15465,0,19694
101847,0,1,0,-1,-1,0,7516,0,19124
101849,0,1,0,-1,-1,0,7597,0,16847
101853,0,1,0,-1,-1,0,15806,0,19583
101854,0,1,0,-1,-1,0,15696,0,19382
101856,0,2,0,-1,-1,0,18398,0,19099
101858,0,0,0,0,1800000,1160,23042,0,18609
101859,1,1,0,-1,-1,0,21364,0,18609
101860,2,1,0,-1,-1,0,23265,0,18609
101867,0,1,0,-1,-1,0,15810,0,19380
101868,1,1,0,-1,-1,0,7597,0,19380
101869,0,1,0,-1,-1,0,15810,0,19381
101870,1,1,0,-1,-1,0,15465,0,19381
101881,0,1,0,-1,-1,0,23701,0,19290
101883,0,2,0,-1,-1,0,21159,0,17193
101886,0,1,0,-1,-1,0,23929,0,18874
101887,0,1,0,-1,-1,0,18035,0,18875
101888,1,1,0,-1,-1,0,21365,0,18875
101889,0,1,0,-1,-1,0,18369,0,14620
101890,1,1,0,-1,-1,0,21362,0,14620
101891,0,1,0,-1,-1,0,14052,0,14637
101895,0,1,0,-1,-1,0,13675,0,19912
101896,1,1,0,-1,-1,0,13669,0,19912
101897,0,1,0,-1,-1,0,7518,0,19913
101898,0,1,0,-1,-1,0,9397,0,19598
101899,0,1,0,-1,-1,0,9415,0,19600
101900,0,1,0,-1,-1,0,21348,0,19302
101901,0,1,0,-1,-1,0,18379,0,19303
101908,0,1,0,-1,-1,0,7597,0,18876
101909,0,1,0,-1,-1,0,7597,0,18877
101910,0,1,0,-1,-1,0,13383,0,18879
101911,0,1,0,-1,-1,0,7598,0,19998
101912,1,1,0,-1,-1,0,23217,0,19998
101914,0,1,0,-1,-1,0,7597,0,18843
101915,1,1,0,-1,-1,0,9335,0,18843
101921,0,1,0,-1,-1,0,7597,0,18805
101922,1,1,0,-1,-1,0,9331,0,18805
101926,0,1,0,-1,-1,0,7597,0,18844
101927,1,1,0,-1,-1,0,9335,0,18844
101943,0,1,0,-1,-1,0,7517,0,18806
101944,0,1,0,-1,-1,0,18384,0,18807
101945,1,1,0,-1,-1,0,9343,0,18807
101947,0,1,0,-1,-1,0,21364,0,18308
101948,0,2,0,-1,-1,0,20883,0,17054
101949,0,1,0,-1,-1,0,15464,0,16562
101952,0,1,0,-1,-1,0,7597,0,18871
101956,0,1,0,-1,-1,0,7597,0,18238
101957,0,1,0,-1,-1,0,22188,0,18388
101958,0,1,0,-1,-1,0,9315,0,18389
101959,0,1,0,-1,-1,0,23929,0,18873
101960,0,1,0,-1,-1,0,15465,0,13963
101961,0,1,0,-1,-1,0,9318,0,13969
101962,0,1,0,-1,-1,0,13669,0,18047
101967,0,1,0,-1,-1,0,7598,0,19323
101968,1,2,0,-1,-1,0,23454,0,19323
101970,0,1,0,-1,-1,0,7517,0,19574
101973,0,1,0,-1,-1,0,9395,0,20426
101974,1,1,0,-1,-1,0,21360,0,20426
101975,0,0,-1,-1,-1,0,11654,0,11086
101976,1,2,0,-1,-1,0,11657,0,11086
101978,0,1,0,0,-1,0,13959,0,9458
101981,0,1,0,-1,-1,0,7597,0,18848
101982,1,1,0,-1,-1,0,9335,0,18848
101983,0,1,0,-1,-1,0,21440,0,18836
101987,0,2,0,-1,-1,0,16871,0,12769
101990,0,1,0,-1,-1,0,15464,0,16569
101992,0,1,0,-1,-1,0,9417,0,19523
101993,1,1,0,-1,-1,0,21362,0,19523
101998,0,1,0,-1,-1,0,9415,0,19524
101999,1,1,0,-1,-1,0,21625,0,19524
102001,0,1,0,-1,-1,0,23562,0,19862
102002,1,1,0,-1,-1,0,13385,0,19862
102003,2,1,0,-1,-1,0,13675,0,19862
102008,0,1,0,-1,-1,0,18384,0,18842
102009,1,1,0,-1,-1,0,18056,0,18842
102010,0,1,0,-1,-1,0,7597,0,19896
102013,0,1,0,-1,-1,0,9415,0,19115
102021,0,1,0,-1,-1,0,14799,0,19393
102022,0,1,0,-1,-1,0,13669,0,19394
102026,0,1,0,-1,-1,0,9415,0,19601
102027,1,1,0,-1,-1,0,24429,0,19601
102028,0,1,0,-1,-1,0,9417,0,19602
102029,0,1,0,0,0,0,13669,0,19024
102030,1,0,0,1800000,0,0,23506,0,19024
102032,0,1,0,-1,-1,0,21440,0,18855
102033,0,1,0,-1,-1,0,9346,0,18350
102042,0,0,0,120000,0,0,24354,0,19990
102044,0,1,0,-1,-1,0,18032,0,18870
102046,0,1,0,-1,-1,0,9330,0,19095
102048,0,1,0,-1,-1,0,7597,0,16505
102051,0,1,0,-1,-1,0,18079,0,10697
102052,1,0,0,0,0,0,12938,0,10697
102054,0,1,0,-1,-1,0,18369,0,12952
102063,0,0,0,300000,-1,0,23725,0,19341
102064,0,0,0,300000,20000,1141,23726,0,19342
102065,0,0,0,300000,20000,1141,23733,0,19343
102066,0,0,0,300000,-1,0,23780,0,19345
102067,0,1,0,-1,-1,0,23730,0,19347
102068,1,1,0,-1,-1,0,21618,0,19347
102069,0,1,0,-1,-1,0,18030,0,19348
102072,0,1,0,-1,-1,0,21362,0,18726
102073,0,1,0,-1,-1,0,14027,0,19083
102074,0,1,0,-1,-1,0,9413,0,18728
102077,0,1,0,-1,-1,0,13665,0,19168
102081,0,1,0,-1,-1,0,21440,0,18835
102083,0,1,0,-1,-1,0,7597,0,18838
102084,1,1,0,-1,-1,0,9335,0,18838
102085,0,1,0,-1,-1,0,7597,0,18840
102086,1,1,0,-1,-1,0,9335,0,18840
102088,0,1,0,-1,-1,0,14027,0,19350
102090,0,1,0,-1,-1,0,7597,0,18865
102091,1,1,0,-1,-1,0,9335,0,18865
102095,0,1,0,-1,-1,0,13669,0,18377
102097,0,1,0,-1,-1,0,18384,0,19134
102098,1,1,0,-1,-1,0,9343,0,19134
102103,0,1,0,-1,-1,0,18041,0,19395
102104,1,1,0,-1,-1,0,21365,0,19395
102105,0,1,0,-1,-1,0,7597,0,20150
102106,1,1,0,-1,-1,0,15806,0,20150
102107,0,1,0,-1,-1,0,7597,0,20151
102108,1,1,0,-1,-1,0,9331,0,20151
102109,0,1,0,-1,-1,0,14027,0,20152
102113,0,1,0,-1,-1,0,13385,0,18383
102116,0,1,0,-1,-1,0,18039,0,18810
102118,0,1,0,-1,-1,0,7597,0,18827
102119,1,1,0,-1,-1,0,9335,0,18827
102120,0,1,0,-1,-1,0,17997,0,18829
102121,0,1,0,-1,-1,0,21440,0,18833
102123,0,1,0,-1,-1,0,21347,0,18535
102124,0,1,0,-1,-1,0,7597,0,19137
102125,1,1,0,-1,-1,0,15464,0,19137
102129,0,1,0,-1,-1,0,15714,0,19426
102132,0,1,0,-1,-1,0,7597,0,18823
102133,1,1,0,-1,-1,0,7576,0,18823
102134,0,1,0,-1,-1,0,13959,0,18825
102139,0,1,0,-1,-1,0,13665,0,18537
102140,1,1,0,-1,-1,0,9332,0,18537
102141,0,1,0,-1,-1,0,7598,0,18538
102143,0,1,0,-1,-1,0,21440,0,18837
102149,0,1,0,-1,-1,0,13959,0,18826
102152,0,1,0,-1,-1,0,21362,0,19098
102153,0,2,0,-1,-1,0,23592,0,19100
102156,0,1,0,-1,-1,0,14049,0,18541
102157,1,1,0,-1,-1,0,15464,0,18541
102158,0,1,0,-1,-1,0,13665,0,18542
102159,0,1,0,-1,-1,0,18384,0,18543
102160,0,1,0,-1,-1,0,7597,0,16451
102161,1,1,0,-1,-1,0,9346,0,16451
102168,0,1,0,-1,-1,0,9344,0,19101
102169,0,1,0,-1,-1,0,9344,0,19102
102170,0,1,0,-1,-1,0,23727,0,19905
102171,1,1,0,-1,-1,0,21618,0,19905
102173,0,1,0,-1,-1,0,7517,0,19575
102175,0,1,0,-1,-1,0,13385,0,18384
102181,0,0,0,1800000,0,0,19638,0,15867
102184,0,0,0,14400000,-1,0,23453,0,18986
102185,0,0,0,300000,20000,1141,23723,0,19339
102188,0,1,0,-1,-1,0,9406,0,19593
102189,0,0,0,0,180000,491,16349,0,12344
102190,1,1,0,-1,-1,0,16372,0,12344
102192,0,1,0,-1,-1,0,14054,0,16475
102193,1,1,0,-1,-1,0,7597,0,16475
102194,0,1,0,-1,-1,0,14047,0,16952
102197,0,1,0,-1,-1,0,15815,0,19904
102198,1,1,0,-1,-1,0,7597,0,19904
102201,0,2,0,-1,-1,0,24388,0,19324
102202,0,1,0,-1,-1,0,21619,0,19038
102203,0,1,0,-1,-1,0,17896,0,19310
102206,0,1,0,-1,-1,0,23727,0,19403
102207,1,1,0,-1,-1,0,14248,0,19403
102208,0,1,0,-1,-1,0,17829,0,19308
102209,1,1,0,-1,-1,0,21625,0,19308
102210,0,1,0,-1,-1,0,18014,0,19309
102212,0,1,0,-1,-1,0,13665,0,18305
102220,0,1,0,-1,-1,0,7678,0,20427
102221,0,1,0,-1,-1,0,14054,0,21178
102225,0,1,0,-1,-1,0,9336,0,20194
102226,0,1,0,-1,-1,0,18384,0,20195
102228,0,1,0,-1,-1,0,14027,0,20117
102230,0,1,0,-1,-1,0,18030,0,20266
102231,1,1,0,-1,-1,0,21364,0,20266
102232,0,1,0,-1,-1,0,18384,0,20118
102233,0,1,0,-1,-1,0,21618,0,20203
102234,0,1,0,-1,-1,0,23990,0,20110
102235,0,1,0,-1,-1,0,15464,0,19377
102236,0,1,0,-1,-1,0,13383,0,19576
102237,0,1,0,-1,-1,0,9397,0,19599
102238,0,1,0,-1,-1,0,9343,0,19605
102239,1,1,0,-1,-1,0,24430,0,19605
102240,0,1,0,-1,-1,0,9415,0,19520
102241,1,1,0,-1,-1,0,21625,0,19520
102243,0,1,0,-1,-1,0,7597,0,21242
102244,1,1,0,-1,-1,0,9142,0,21242
102246,0,1,0,-1,-1,0,18384,0,20174
102247,0,1,0,-1,-1,0,18378,0,19566
102257,0,1,0,-1,-1,0,17875,0,19311
102260,0,0,0,180000,10000,1141,24571,0,19951
102262,0,0,0,180000,10000,1141,24532,0,19954
102263,0,1,0,-1,-1,0,7597,0,20204
102264,0,1,0,-1,-1,0,14798,0,20214
102265,1,1,0,-1,-1,0,18384,0,20214
102266,0,2,0,-1,-1,0,24257,0,19918
102267,0,1,0,-1,-1,0,18384,0,19922
102268,1,1,0,-1,-1,0,9408,0,19922
102269,0,1,0,-1,-1,0,15714,0,19923
102270,1,1,0,-1,-1,0,21625,0,19923
102274,0,0,0,180000,180000,1155,23991,0,20072
102275,0,1,0,-1,-1,0,7597,0,20179
102277,0,1,0,-1,-1,0,9336,0,20116
102278,0,1,0,-1,-1,0,9336,0,20175
102282,0,1,0,-1,-1,0,21509,0,20504
102283,0,1,0,0,0,0,7681,0,20505
102285,0,0,0,180000,10000,1141,24531,0,19953
102292,0,1,0,-1,-1,0,13384,0,21198
102293,0,1,0,-1,-1,0,15464,0,21204
102295,0,1,0,-1,-1,0,9417,0,19829
102296,1,1,0,-1,-1,0,21619,0,19829
102297,0,1,0,-1,-1,0,21619,0,19831
102298,0,1,0,-1,-1,0,21439,0,19833
102299,1,1,0,-1,-1,0,21362,0,19833
102300,0,1,0,-1,-1,0,15464,0,19835
102301,0,1,0,-1,-1,0,23727,0,20536
102302,1,1,0,-1,-1,0,14794,0,20536
102312,0,1,0,-1,-1,0,15464,0,21201
102313,0,1,0,-1,-1,0,15464,0,21202
102314,0,1,0,-1,-1,0,15464,0,21203
102318,0,1,0,-1,-1,0,7597,0,20257
102319,1,1,0,-1,-1,0,18384,0,20257
102320,2,1,0,-1,-1,0,21364,0,20257
102327,0,0,0,120000,20000,1141,24658,0,19950
102329,0,1,0,-1,-1,0,13675,0,20549
102331,0,1,0,-1,-1,0,7597,0,20671
102332,0,1,0,-1,-1,0,9331,0,20722
102338,0,1,0,-1,-1,0,9316,0,20704
102341,0,1,0,-1,-1,0,7597,0,20088
102342,1,1,0,-1,-1,0,9331,0,20088
102344,0,1,0,-1,-1,0,15807,0,20615
102348,0,1,0,-1,-1,0,9395,0,20431
102349,1,1,0,-1,-1,0,21360,0,20431
102350,0,1,0,-1,-1,0,21595,0,20579
102351,0,1,0,-1,-1,0,23990,0,20053
102352,1,1,0,-1,-1,0,9329,0,20053
102355,0,1,0,-1,-1,0,18031,0,20638
102356,0,1,0,-1,-1,0,9316,0,20639
102358,0,1,0,-1,-1,0,23990,0,20122
102360,0,1,0,-1,-1,0,9336,0,20192
102361,0,1,0,-1,-1,0,17367,0,20698
102362,1,1,0,-1,-1,0,21625,0,20698
102367,0,1,0,-1,-1,0,9395,0,20672
102368,0,1,0,-1,-1,0,9335,0,20675
102370,0,1,0,-1,-1,0,15714,0,20632
102371,1,1,0,-1,-1,0,18384,0,20632
102375,0,1,0,-1,-1,0,9397,0,19521
102376,1,1,0,-1,-1,0,21624,0,19521
102377,0,1,0,-1,-1,0,9343,0,19522
102378,1,1,0,-1,-1,0,21619,0,19522
102387,0,1,0,-1,-1,0,14254,0,20720
102391,0,1,0,-1,-1,0,24697,0,21268
102392,1,1,0,-1,-1,0,13387,0,21268
102393,0,0,0,1800000,-1,0,25112,0,20534
102395,0,1,0,-1,-1,0,18384,0,21179
102396,1,1,0,-1,-1,0,21361,0,21179
102399,0,1,0,-1,-1,0,21618,0,20380
102400,0,1,0,-1,-1,0,23990,0,20127
102401,0,1,0,-1,-1,0,24994,0,20580
102402,0,1,0,-1,-1,0,17320,0,20581
102403,1,1,0,-1,-1,0,21634,0,20581
102404,0,1,0,-1,-1,0,14098,0,19963
102411,0,2,0,-1,-1,0,24585,0,19852
102412,0,1,0,-1,-1,0,15807,0,20577
102413,0,1,0,-1,-1,0,29632,0,16004
102414,0,0,0,300000,0,0,25892,0,21181
102415,0,1,0,-1,-1,0,7597,0,21182
102416,1,1,0,-1,-1,0,15464,0,21182
102424,0,1,0,-1,-1,0,18384,0,20196
102427,0,1,0,-1,-1,0,13385,0,19873
102428,0,1,0,-1,-1,0,24436,0,19609
102429,0,1,0,-1,-1,0,7678,0,20428
102430,0,1,0,-1,-1,0,15715,0,20582
102431,0,1,0,-1,-1,0,7597,0,21244
102432,1,1,0,-1,-1,0,15464,0,21244
102433,2,1,0,-1,-1,0,9330,0,21244
102434,0,1,0,-1,-1,0,21476,0,21269
102435,1,1,0,-1,-1,0,23203,0,21269
102436,2,1,0,-1,-1,0,13387,0,21269
102441,0,1,0,-1,-1,0,15464,0,21187
102442,0,1,0,-1,-1,0,18056,0,21188
102443,1,1,0,-1,-1,0,18382,0,21188
102446,0,1,0,-1,-1,0,7598,0,20696
102447,0,1,0,-1,-1,0,14799,0,20697
102448,0,1,0,-1,-1,0,14027,0,20657
102450,0,1,0,-1,-1,0,15464,0,19832
102452,0,1,0,-1,-1,0,9318,0,19838
102453,0,1,0,-1,-1,0,7681,0,19839
102454,0,1,0,-1,-1,0,9314,0,19840
102457,0,0,0,120000,20000,1141,25891,0,21180
102464,0,1,0,-1,-1,0,23990,0,20128
102465,0,1,0,-1,-1,0,21626,0,19568
102467,0,1,0,-1,-1,0,21618,0,19569
102468,0,1,0,-1,-1,0,18378,0,19570
102476,0,1,0,-1,-1,0,23990,0,20129
102477,0,1,0,-1,-1,0,9417,0,20262
102478,1,1,0,-1,-1,0,21363,0,20262
102479,0,0,0,180000,-1,0,24884,0,20525
102482,0,1,0,-1,-1,0,24198,0,19812
102485,0,1,0,-1,-1,0,13390,0,19855
102487,0,1,0,-1,-1,0,7517,0,20640
102489,0,1,0,-1,-1,0,18384,0,20369
102492,0,1,0,-1,-1,0,21364,0,19567
102493,0,1,0,-1,-1,0,18052,0,20654
102494,0,1,0,-1,-1,0,18049,0,20724
102501,0,1,0,-1,-1,0,23990,0,20187
102502,1,1,0,-1,-1,0,9138,0,20187
102503,0,1,0,-1,-1,0,23990,0,20189
102504,1,1,0,-1,-1,0,9141,0,20189
102505,0,1,0,-1,-1,0,7597,0,20190
102506,1,1,0,-1,-1,0,15806,0,20190
102507,0,1,0,-1,-1,0,14027,0,20191
102509,0,1,0,-1,-1,0,23990,0,20100
102510,1,1,0,-1,-1,0,9141,0,20100
102514,0,1,0,-1,-1,0,13383,0,19894
102515,1,1,0,-1,-1,0,13669,0,19894
102516,0,1,0,-1,-1,0,24350,0,19982
102518,0,1,0,-1,-1,0,23990,0,20091
102519,0,1,0,-1,-1,0,23990,0,20092
102526,0,1,0,-1,-1,0,7597,0,19692
102527,0,1,0,-1,-1,0,15464,0,19695
102529,0,1,0,-1,-1,0,15465,0,19686
102532,0,1,0,-1,-1,0,18384,0,20044
102533,0,1,0,-1,-1,0,7597,0,20045
102534,1,1,0,-1,-1,0,15806,0,20045
102535,0,1,0,-1,-1,0,13388,0,19871
102536,1,1,0,-1,-1,0,13669,0,19871
102537,0,1,0,-1,-1,0,25669,0,19874
102538,0,1,0,-1,-1,0,9342,0,19830
102539,1,1,0,-1,-1,0,21362,0,19830
102540,0,1,0,-1,-1,0,29162,0,23238
102541,0,1,0,-1,-1,0,13384,0,21332
102542,1,1,0,-1,-1,0,15464,0,21332
102543,0,1,0,-1,-1,0,7517,0,21330
102544,1,1,0,-1,-1,0,15464,0,21330
102545,0,1,0,-1,-1,0,9346,0,21414
102546,1,1,0,-1,-1,0,18384,0,21414
102547,0,1,0,-1,-1,0,21361,0,21801
102548,1,1,0,-1,-1,0,7680,0,21801
102549,0,1,0,-1,-1,0,7597,0,21463
102550,1,1,0,-1,-1,0,15464,0,21463
102552,0,1,0,-1,-1,0,23990,0,20183
102553,0,1,0,-1,-1,0,7597,0,20259
102554,0,1,0,-1,-1,0,9345,0,20260
102555,0,1,0,-1,-1,0,13669,0,20261
102558,0,1,0,-1,-1,0,23990,0,20186
102559,1,1,0,-1,-1,0,9329,0,20186
102571,0,1,0,-1,-1,0,9343,0,19518
102572,1,1,0,-1,-1,0,21619,0,19518
102576,0,1,0,-1,-1,0,23990,0,20121
102577,0,1,0,-1,-1,0,15464,0,20216
102582,0,1,0,-1,-1,0,7597,0,20521
102583,1,1,0,-1,-1,0,15464,0,20521
102586,0,1,0,-1,-1,0,7597,0,21814
102587,1,1,0,-1,-1,0,15464,0,21814
102588,0,1,0,-1,-1,0,9332,0,21478
102589,0,1,0,-1,-1,0,13665,0,21479
102590,1,1,0,-1,-1,0,7518,0,21479
102592,0,1,0,-1,-1,0,24188,0,19588
102605,0,1,0,-1,-1,0,14047,0,19857
102606,1,1,0,-1,-1,0,23727,0,19857
102608,0,1,0,-1,-1,0,7597,0,19859
102609,1,1,0,-1,-1,0,9335,0,19859
102610,0,1,0,-1,-1,0,24426,0,20006
102611,0,1,0,-1,-1,0,9412,0,20082
102612,0,1,0,-1,-1,0,7597,0,20083
102613,1,1,0,-1,-1,0,21363,0,20083
102615,0,1,0,-1,-1,0,7680,0,19529
102616,0,1,0,-1,-1,0,7570,0,22207
102617,1,1,0,-1,-1,0,7582,0,22207
102618,2,1,0,-1,-1,0,22811,0,22207
102619,0,1,0,-1,-1,0,14799,0,22208
102624,0,1,0,-1,-1,0,21601,0,18319
102627,0,0,0,900000,0,0,15604,0,11819
102628,1,1,0,-1,-1,0,9408,0,11819
102629,0,1,0,-1,-1,0,7597,0,7935
102630,1,1,0,-1,-1,0,13669,0,7935
102632,0,1,0,-1,-1,0,9397,0,19525
102633,1,1,0,-1,-1,0,21624,0,19525
102634,0,1,0,-1,-1,0,13669,0,20550
102635,0,1,0,-1,-1,0,7597,0,20551
102637,0,1,0,-1,-1,0,17371,0,19885
102638,0,1,0,-1,-1,0,21619,0,21482
102639,1,1,0,-1,-1,0,9417,0,21482
102643,0,1,0,-1,-1,0,24392,0,20035
102644,0,0,0,180000,10000,1141,24389,0,20036
102647,0,1,0,-1,-1,0,9417,0,19519
102648,1,1,0,-1,-1,0,21362,0,19519
102650,0,1,0,-1,-1,0,7598,0,19945
102651,1,1,0,-1,-1,0,15810,0,19945
102652,0,1,0,-1,-1,0,15465,0,19946
102653,1,1,0,-1,-1,0,18207,0,19946
102654,0,0,0,75000,0,0,24610,0,19947
102657,0,1,0,-1,-1,0,9336,0,20059
102658,0,1,0,-1,-1,0,15464,0,20517
102660,0,1,0,-1,-1,0,23990,0,20123
102661,0,1,0,-1,-1,0,23990,0,20209
102662,0,1,0,-1,-1,0,23990,0,20210
102663,0,1,0,-1,-1,0,23990,0,20211
102664,0,1,0,-1,-1,0,13386,0,20688
102665,1,1,0,-1,-1,0,25036,0,20688
102666,0,1,0,-1,-1,0,15464,0,20689
102667,0,1,0,-1,-1,0,23990,0,20101
102668,1,1,0,-1,-1,0,9138,0,20101
102669,0,0,0,120000,20000,1141,24661,0,19949
102672,0,1,0,-1,-1,0,7518,0,19335
102687,0,1,0,-1,-1,0,23990,0,20185
102688,0,1,0,-1,-1,0,21626,0,20218
102689,0,1,0,-1,-1,0,21598,0,20219
102690,0,1,0,-1,-1,0,18382,0,20220
102691,1,1,0,-1,-1,0,18057,0,20220
102695,0,1,0,-1,-1,0,21626,0,19572
102698,0,1,0,-1,-1,0,14027,0,20090
102700,0,1,0,-1,-1,0,23990,0,20109
102701,0,1,0,-1,-1,0,7598,0,19875
102702,1,1,0,-1,-1,0,9335,0,19875
102703,0,1,0,-1,-1,0,21485,0,19431
102704,1,1,0,-1,-1,0,23181,0,19431
102705,2,1,0,-1,-1,0,14249,0,19431
102707,0,1,0,-1,-1,0,24434,0,19617
102708,0,0,0,180000,0,0,24542,0,19955
102709,0,0,0,180000,20000,1141,24543,0,19957
102710,0,0,0,180000,0,0,24546,0,19958
102714,0,1,0,-1,-1,0,13385,0,19383
102716,0,1,0,-1,-1,0,9315,0,19526
102717,0,1,0,-1,-1,0,9408,0,19527
102718,0,1,0,-1,-1,0,23732,0,19355
102720,0,1,0,-1,-1,0,13385,0,19888
102721,1,1,0,-1,-1,0,13674,0,19888
102722,0,1,0,-1,-1,0,18038,0,20264
102723,1,1,0,-1,-1,0,21619,0,20264
102724,0,1,0,-1,-1,0,18379,0,20265
102725,1,1,0,-1,-1,0,9408,0,20265
102726,0,0,0,180000,20000,1141,24544,0,19959
102727,0,1,0,-1,-1,0,24291,0,19961
102728,0,1,0,-1,-1,0,24292,0,19962
102729,0,1,0,-1,-1,0,9333,0,19384
102730,1,1,0,-1,-1,0,15464,0,19384
102731,0,1,0,-1,-1,0,9345,0,20037
102737,0,1,0,-1,-1,0,21364,0,19571
102738,0,1,0,-1,-1,0,21618,0,19573
102740,0,1,0,-1,-1,0,18050,0,19864
102741,0,1,0,-1,-1,0,9335,0,19865
102742,1,1,0,-1,-1,0,7597,0,19865
102748,0,1,0,-1,-1,0,9318,0,19430
102749,1,1,0,-1,-1,0,21626,0,19430
102759,0,0,0,180000,25000,1141,24865,0,20512
102760,0,1,0,-1,-1,0,23990,0,20202
102762,0,1,0,-1,-1,0,23990,0,20168
102763,1,1,0,-1,-1,0,9138,0,20168
102764,0,1,0,-1,-1,0,23990,0,20169
102765,0,0,0,300000,30000,1141,23720,0,19337
102767,0,1,0,-1,-1,0,23990,0,20170
102768,1,1,0,-1,-1,0,9141,0,20170
102769,0,1,0,-1,-1,0,18379,0,20479
102770,1,1,0,-1,-1,0,9344,0,20479
102771,1,1,0,-1,-1,0,7598,0,20487
102772,2,1,0,-1,-1,0,14097,0,20487
102774,0,1,0,-1,-1,0,7517,0,19822
102775,0,1,0,-1,-1,0,7597,0,19823
102776,0,1,0,-1,-1,0,7597,0,19825
102781,0,1,0,-1,-1,0,9396,0,19367
102782,0,1,0,-1,-1,0,18384,0,20046
102785,0,1,0,-1,-1,0,15464,0,19693
102789,0,1,0,-1,-1,0,18030,0,19928
102791,0,1,0,-1,-1,0,7597,0,20106
102794,0,1,0,-1,-1,0,13670,0,19386
102796,0,1,0,-1,-1,0,23990,0,20049
102797,0,1,0,-1,-1,0,18382,0,19356
102798,1,1,0,-1,-1,0,23728,0,19356
102799,0,2,0,-1,-1,0,24251,0,19901
102800,1,1,0,-1,-1,0,9141,0,19901
102801,2,1,0,-1,-1,0,24591,0,19901
102805,0,1,0,-1,-1,0,14049,0,19866
102807,0,1,0,-1,-1,0,21361,0,20425
102808,0,1,0,-1,-1,0,23990,0,20093
102813,0,1,0,-1,-1,0,7597,0,20042
102817,0,1,0,-1,-1,0,23990,0,20111
102818,0,1,0,-1,-1,0,23990,0,20112
102819,1,1,0,-1,-1,0,9141,0,20112
102820,0,1,0,-1,-1,0,23990,0,20113
102821,1,1,0,-1,-1,0,9138,0,20113
102823,0,1,0,-1,-1,0,9142,0,19508
102824,0,1,0,-1,-1,0,7597,0,19856
102825,1,1,0,-1,-1,0,14049,0,19856
102828,0,1,0,-1,-1,0,18384,0,19390
102829,1,1,0,-1,-1,0,21627,0,19390
102836,0,1,0,-1,-1,0,15464,0,20556
102837,1,1,0,-1,-1,0,7597,0,20556
102840,0,1,0,-1,-1,0,23990,0,20114
102841,0,1,0,-1,-1,0,7597,0,20115
102842,1,1,0,-1,-1,0,9331,0,20115
102844,0,1,0,-1,-1,0,23990,0,20167
102845,1,1,0,-1,-1,0,9329,0,20167
102848,0,0,0,180000,20000,1141,24498,0,19952
102849,0,1,0,-1,-1,0,7597,0,20153
102850,1,1,0,-1,-1,0,9139,0,20153
102856,0,1,0,-1,-1,0,21365,0,19371
102858,0,1,0,-1,-1,0,23990,0,20181
102859,0,1,0,-1,-1,0,7597,0,20193
102860,1,1,0,-1,-1,0,9331,0,20193
102861,0,1,0,-1,-1,0,17367,0,20258
102862,0,1,0,-1,-1,0,23990,0,20102
102863,0,1,0,-1,-1,0,18384,0,20103
102864,0,1,0,-1,-1,0,14127,0,19378
102865,0,1,0,-1,-1,0,13383,0,19968
102866,1,1,0,-1,-1,0,7711,0,19968
102867,0,1,0,-1,-1,0,23990,0,20050
102868,0,1,0,-1,-1,0,23990,0,20052
102869,1,1,0,-1,-1,0,9329,0,20052
102872,0,1,0,-1,-1,0,18384,0,20171
102873,0,1,0,-1,-1,0,7517,0,19867
102874,0,1,0,-1,-1,0,15806,0,19869
102875,1,1,0,-1,-1,0,7597,0,19869
102876,0,1,0,-1,-1,0,9318,0,19870
102878,0,1,0,-1,-1,0,21361,0,20434
102879,0,1,0,-1,-1,0,18029,0,22469
102880,1,1,0,-1,-1,0,21626,0,22469
102881,0,1,0,-1,-1,0,21628,0,22470
102882,1,1,0,-1,-1,0,18032,0,22470
102883,0,1,0,-1,-1,0,13385,0,21994
102884,0,1,0,-1,-1,0,15464,0,21995
102890,0,1,0,-1,-1,0,7597,0,21316
102891,0,1,0,-1,-1,0,7597,0,21317
102893,0,1,0,-1,-1,0,13665,0,20616
102894,0,1,0,-1,-1,0,14027,0,20622
102897,0,1,0,-1,-1,0,29150,0,23221
102898,0,1,0,0,-1,0,14799,0,22336
102899,0,2,0,-1,-1,0,26693,0,21856
102900,0,0,0,600000,60000,94,26066,0,21326
102902,0,1,0,-1,-1,0,18384,0,21483
102903,1,1,0,-1,-1,0,21625,0,21483
102904,2,1,0,-1,-1,0,9415,0,21483
102905,0,1,0,-1,-1,0,13384,0,21485
102908,0,1,0,-1,-1,0,9416,0,22090
102909,1,1,0,-1,-1,0,7597,0,22090
102911,0,1,0,-1,-1,0,13384,0,20619
102915,0,0,0,180000,-1,0,26391,0,21579
102917,0,1,0,-1,-1,0,7518,0,20710
102920,0,1,0,-1,-1,0,13665,0,21675
102923,0,1,0,-1,-1,0,18384,0,21802
102924,1,1,0,-1,-1,0,9343,0,21802
102928,0,1,0,-1,-1,0,9408,0,21470
102931,0,0,0,180000,30000,1141,26166,0,21473
102932,0,1,0,-1,-1,0,15464,0,22013
102933,1,1,0,-1,-1,0,27038,0,22013
102934,0,1,0,-1,-1,0,18384,0,21804
102935,1,1,0,-1,-1,0,14799,0,21804
102936,0,1,0,-1,-1,0,13385,0,21805
102937,1,1,0,-1,-1,0,27043,0,22015
102940,0,1,0,-1,-1,0,9417,0,20694
102941,0,1,0,-1,-1,0,9331,0,20695
102943,0,1,0,-1,-1,0,7679,0,19827
102946,0,1,0,-1,-1,0,26158,0,21452
102947,1,1,0,-1,-1,0,18384,0,21452
102948,2,1,0,-1,-1,0,23727,0,21452
102949,0,1,0,-1,-1,0,15464,0,21455
102950,0,1,0,-1,-1,0,13669,0,21456
102951,1,1,0,-1,-1,0,13384,0,21456
102954,0,1,0,-1,-1,0,14054,0,22333
102956,0,1,0,-1,-1,0,13388,0,22420
102957,1,1,0,-1,-1,0,13669,0,22420
102958,0,1,0,-1,-1,0,18038,0,22465
102959,1,1,0,-1,-1,0,21365,0,22465
102967,0,1,0,-1,-1,0,7517,0,21392
102968,0,1,0,-1,-1,0,23727,0,19876
102970,0,1,0,0,0,0,9317,0,22334
102971,0,1,0,-1,-1,0,14798,0,22335
102972,1,1,0,-1,-1,0,23727,0,22335
102975,0,1,0,-1,-1,0,9396,0,22112
102976,1,1,0,-1,-1,0,21623,0,22112
102979,0,1,0,-1,-1,0,9334,0,22378
102981,0,1,0,-1,-1,0,9398,0,22095
102982,0,1,0,-1,-1,0,9415,0,22111
102990,0,1,0,-1,-1,0,7518,0,22671
102991,0,1,0,-1,-1,0,7597,0,22672
102992,1,1,0,-1,-1,0,15464,0,22672
102993,0,1,0,-1,-1,0,7597,0,22673
102994,1,1,0,-1,-1,0,15464,0,22673
102995,0,1,0,-1,-1,0,7597,0,21581
102996,1,1,0,-1,-1,0,15464,0,21581
102999,0,1,0,-1,-1,0,18031,0,21583
103000,1,1,0,-1,-1,0,18378,0,21583
103001,0,1,0,-1,-1,0,7597,0,23243
103002,0,1,0,-1,-1,0,18055,0,21698
103003,1,1,0,-1,-1,0,21627,0,21698
103004,0,1,0,-1,-1,0,13384,0,21700
103005,0,1,0,-1,-1,0,18029,0,19877
103006,0,1,0,-1,-1,0,21632,0,22801
103007,1,1,0,-1,-1,0,28736,0,22801
103008,1,1,0,-1,-1,0,7597,0,22802
103009,2,1,0,-1,-1,0,15464,0,22802
103012,0,1,0,-1,-1,0,13384,0,21331
103013,0,1,0,-1,-1,0,14799,0,21803
103014,1,1,0,-1,-1,0,7597,0,21803
103016,0,1,0,-1,-1,0,13390,0,21322
103017,0,1,0,-1,-1,0,14047,0,21387
103018,1,1,0,-1,-1,0,7597,0,21387
103019,0,1,0,-1,-1,0,14049,0,22664
103020,0,1,0,-1,-1,0,7597,0,22676
103021,1,1,0,-1,-1,0,18384,0,22676
103022,2,1,0,-1,-1,0,18379,0,22676
103024,0,1,0,-1,-1,0,15824,0,22191
103025,1,1,0,-1,-1,0,7597,0,22191
103026,2,1,0,-1,-1,0,27518,0,22191
103027,0,1,0,-1,-1,0,9335,0,22194
103028,1,1,0,-1,-1,0,7597,0,22194
103029,2,1,0,-1,-1,0,27522,0,22194
103030,0,1,0,-1,-1,0,14254,0,21806
103031,1,1,0,-1,-1,0,21626,0,21806
103032,0,1,0,-1,-1,0,7597,0,21809
103033,1,1,0,-1,-1,0,15464,0,21809
103039,0,1,0,-1,-1,0,7597,0,22322
103045,0,1,0,-1,-1,0,15807,0,22665
103046,0,1,0,-1,-1,0,9332,0,22666
103048,0,1,0,-1,-1,0,9317,0,22424
103049,1,1,0,-1,-1,0,21362,0,22424
103051,0,1,0,-1,-1,0,7598,0,22438
103052,1,1,0,-1,-1,0,21625,0,22438
103053,0,1,0,-1,-1,0,15464,0,22442
103054,1,1,0,-1,-1,0,7597,0,22442
103055,2,1,0,-1,-1,0,21625,0,22442
103056,0,1,0,-1,-1,0,18056,0,21407
103057,1,1,0,-1,-1,0,26153,0,21407
103058,0,1,0,-1,-1,0,9318,0,21704
103060,0,1,0,-1,-1,0,7597,0,21715
103061,1,1,0,-1,-1,0,9331,0,21715
103065,0,1,0,-1,-1,0,15760,0,21837
103066,1,1,0,-1,-1,0,15807,0,21837
103069,0,1,0,-1,-1,0,26814,0,21839
103070,1,1,0,-1,-1,0,21625,0,21839
103075,0,1,0,-1,-1,0,14054,0,21608
103076,1,1,0,-1,-1,0,18384,0,21608
103077,0,1,0,-1,-1,0,18030,0,22468
103078,1,1,0,-1,-1,0,21626,0,22468
103080,0,1,0,-1,-1,0,9330,0,21708
103081,0,1,0,-1,-1,0,7517,0,21506
103088,0,1,0,-1,-1,0,9417,0,22093
103089,1,1,0,-1,-1,0,21618,0,22093
103090,0,1,0,-1,-1,0,9417,0,22101
103091,0,1,0,-1,-1,0,9395,0,22108
103095,0,1,0,-1,-1,0,14799,0,21624
103096,1,1,0,-1,-1,0,18384,0,21624
103098,0,1,0,-1,-1,0,18054,0,21709
103099,1,1,0,-1,-1,0,23727,0,21709
103101,0,1,0,-1,-1,0,18037,0,21712
103102,1,1,0,-1,-1,0,18379,0,21712
103103,0,1,0,-1,-1,0,9343,0,21388
103104,1,1,0,-1,-1,0,21362,0,21388
103105,0,1,0,-1,-1,0,9346,0,21389
103106,1,1,0,-1,-1,0,18384,0,21389
103107,2,1,0,-1,-1,0,7597,0,21389
103108,0,1,0,-1,-1,0,9345,0,21390
103109,1,1,0,-1,-1,0,7597,0,21390
103110,2,1,0,-1,-1,0,21618,0,21390
103111,0,1,0,-1,-1,0,9343,0,21391
103112,1,1,0,-1,-1,0,21625,0,21391
103116,0,1,0,-1,-1,0,14799,0,21354
103117,1,1,0,-1,-1,0,21625,0,21354
103118,0,1,0,-1,-1,0,14799,0,21355
103119,1,1,0,-1,-1,0,21362,0,21355
103120,2,1,0,-1,-1,0,25975,0,21355
103126,0,1,0,-1,-1,0,27656,0,22321
103127,0,1,0,-1,-1,0,15464,0,22348
103128,0,1,0,-1,-1,0,9417,0,21486
103131,0,0,0,180000,-1,0,26400,0,21647
103133,0,1,0,-1,-1,0,13387,0,22669
103134,0,1,0,-1,-1,0,13383,0,22670
103137,0,1,0,-1,-1,0,9346,0,21418
103139,0,1,0,-1,-1,0,18384,0,21597
103140,1,1,0,-1,-1,0,23727,0,21597
103141,2,1,0,-1,-1,0,14799,0,21597
103142,0,1,0,-1,-1,0,9417,0,21487
103143,1,1,0,-1,-1,0,18384,0,21487
103144,0,0,0,180000,-1,0,26168,0,21488
103145,0,1,0,-1,-1,0,13384,0,21621
103147,0,1,0,-1,-1,0,13384,0,21329
103148,0,1,0,-1,-1,0,7517,0,21333
103154,0,1,0,-1,-1,0,21473,0,22198
103155,1,1,0,-1,-1,0,18676,0,22198
103156,2,1,0,-1,-1,0,27561,0,22198
103157,0,1,0,0,0,0,7597,0,22326
103158,1,1,0,-1,-1,0,21361,0,22326
103160,0,1,0,-1,-1,0,15464,0,21602
103161,0,1,0,-1,-1,0,14254,0,21603
103163,0,1,0,-1,-1,0,15464,0,21403
103164,0,1,0,-1,-1,0,15464,0,21404
103173,0,1,0,-1,-1,0,7597,0,21650
103174,1,1,0,-1,-1,0,9331,0,21650
103178,0,1,0,-1,-1,0,15464,0,21394
103179,0,1,0,-1,-1,0,21618,0,21395
103180,0,1,0,-1,-1,0,9342,0,21396
103181,0,1,0,-1,-1,0,15464,0,21701
103182,0,1,0,-1,-1,0,14798,0,21703
103184,0,1,0,-1,-1,0,14254,0,21607
103185,1,1,0,-1,-1,0,21363,0,21607
103190,0,1,0,-1,-1,0,7597,0,22656
103191,0,1,0,-1,-1,0,15816,0,21651
103192,1,1,0,-1,-1,0,7598,0,21651
103194,0,1,0,-1,-1,0,9397,0,22270
103198,0,1,0,-1,-1,0,17371,0,21683
103202,0,1,0,-1,-1,0,18029,0,21606
103206,0,1,0,-1,-1,0,26142,0,21398
103207,0,1,0,-1,-1,0,9417,0,21399
103208,0,1,0,-1,-1,0,9343,0,21400
103209,0,1,0,0,0,0,9344,0,22657
103210,0,1,0,0,0,0,14027,0,22659
103211,1,1,0,-1,-1,0,7597,0,22659
103216,0,1,0,-1,-1,0,7597,0,21366
103217,1,1,0,-1,-1,0,9417,0,21366
103218,0,1,0,-1,-1,0,9345,0,21623
103219,1,1,0,-1,-1,0,7597,0,21623
103220,0,0,0,180000,-1,0,26467,0,21625
103221,0,1,0,-1,-1,0,9416,0,21626
103222,1,1,0,-1,-1,0,14049,0,21626
103223,0,1,0,-1,-1,0,9318,0,22471
103224,1,1,0,-1,-1,0,21619,0,22471
103225,0,1,0,-1,-1,0,14799,0,23277
103226,0,1,0,-1,-1,0,28539,0,23279
103227,0,1,0,-1,-1,0,26395,0,21622
103228,1,1,0,-1,-1,0,18384,0,21622
103232,0,1,0,-1,-1,0,15464,0,22347
103233,0,1,0,0,-1,0,7681,0,22327
103234,1,1,0,-1,-1,0,18196,0,22328
103235,0,1,0,-1,-1,0,17367,0,21374
103236,1,1,0,-1,-1,0,7597,0,21374
103237,2,1,0,-1,-1,0,18384,0,21374
103242,0,1,0,-1,-1,0,27037,0,22003
103248,0,1,0,-1,-1,0,7597,0,23219
103249,1,1,0,-1,-1,0,15464,0,23219
103250,0,1,0,-1,-1,0,7597,0,21364
103251,1,1,0,-1,-1,0,15464,0,21364
103252,0,1,0,-1,-1,0,9396,0,21367
103253,0,1,0,-1,-1,0,7598,0,23226
103259,0,1,0,-1,-1,0,21363,0,21397
103260,0,1,0,-1,-1,0,13665,0,21598
103261,1,1,0,-1,-1,0,13387,0,21598
103262,0,1,0,-1,-1,0,7597,0,21599
103274,0,1,0,-1,-1,0,15464,0,21359
103275,0,1,0,-1,-1,0,15464,0,21361
103276,0,1,0,-1,-1,0,17872,0,23237
103277,1,1,0,-1,-1,0,18384,0,23237
103278,0,1,0,-1,-1,0,15715,0,21469
103279,0,1,0,-1,-1,0,14248,0,21697
103280,0,1,0,-1,-1,0,9342,0,22379
103281,0,1,0,-1,-1,0,18030,0,22380
103282,0,1,0,-1,-1,0,13388,0,21601
103283,0,1,0,-1,-1,0,21361,0,21401
103284,0,1,0,-1,-1,0,18042,0,22466
103285,1,1,0,-1,-1,0,21629,0,22466
103286,0,1,0,-1,-1,0,18032,0,22467
103287,1,1,0,-1,-1,0,21626,0,22467
103293,0,1,0,-1,-1,0,9342,0,22149
103298,0,1,0,-1,-1,0,18384,0,23295
103299,1,1,0,-1,-1,0,9343,0,23295
103300,0,1,0,-1,-1,0,7598,0,23301
103303,0,1,0,-1,-1,0,14799,0,22383
103304,1,1,0,-1,-1,0,25975,0,22383
103305,0,1,0,-1,-1,0,18038,0,22464
103306,1,1,0,-1,-1,0,21635,0,22464
103308,0,1,0,-1,-1,0,9342,0,22223
103310,0,1,0,-1,-1,0,7597,0,22651
103311,1,1,0,-1,-1,0,15464,0,22651
103314,0,1,0,-1,-1,0,27225,0,22060
103315,1,1,0,-1,-1,0,7597,0,22060
103316,0,1,0,-1,-1,0,27206,0,22061
103319,0,1,0,-1,-1,0,26228,0,21523
103320,0,1,0,-1,-1,0,9398,0,21678
103321,0,1,0,-1,-1,0,26460,0,21273
103322,1,1,0,-1,-1,0,23729,0,21273
103323,2,1,0,-1,-1,0,18384,0,21273
103324,0,1,0,-1,-1,0,26461,0,21275
103325,1,1,0,-1,-1,0,21643,0,21275
103326,0,1,0,-1,-1,0,21632,0,23027
103327,1,0,0,180000,-1,0,28760,0,23027
103329,0,1,0,-1,-1,0,18029,0,22394
103333,0,1,0,-1,-1,0,14248,0,22887
103334,1,1,0,-1,-1,0,18384,0,22887
103337,0,1,0,-1,-1,0,18030,0,21889
103338,0,1,0,-1,-1,0,17371,0,21890
103339,0,0,0,180000,-1,0,26789,0,21891
103340,0,1,0,-1,-1,0,9396,0,21365
103341,0,1,0,-1,-1,0,7597,0,21370
103342,1,1,0,-1,-1,0,9415,0,21370
103343,0,1,0,-1,-1,0,9416,0,21409
103344,0,1,0,-1,-1,0,15464,0,21688
103348,0,1,0,-1,-1,0,18049,0,23276
103349,0,1,0,-1,-1,0,15808,0,21126
103350,1,1,0,-1,-1,0,7574,0,21126
103351,0,1,0,-1,-1,0,23732,0,21128
103352,1,1,0,-1,-1,0,25767,0,21128
103360,0,1,0,-1,-1,0,18384,0,22427
103361,1,1,0,-1,-1,0,18032,0,22427
103362,2,1,0,-1,-1,0,21629,0,22427
103365,0,1,0,-1,-1,0,23727,0,21413
103366,1,1,0,-1,-1,0,18056,0,21413
103367,0,1,0,-1,-1,0,21363,0,20480
103368,1,1,0,-1,-1,0,9416,0,20480
103369,0,1,0,-1,-1,0,15464,0,21205
103370,0,1,0,-1,-1,0,14248,0,21206
103371,1,1,0,-1,-1,0,21625,0,21206
103375,0,1,0,-1,-1,0,15714,0,20682
103376,0,1,0,-1,-1,0,15464,0,20683
103378,0,1,0,-1,-1,0,18042,0,21667
103379,1,1,0,-1,-1,0,18384,0,21667
103380,0,1,0,-1,-1,0,18053,0,21668
103381,1,1,0,-1,-1,0,18384,0,21668
103382,0,1,0,-1,-1,0,18038,0,21669
103384,0,1,0,-1,-1,0,18053,0,23031
103385,1,1,0,-1,-1,0,23727,0,23031
103390,0,1,0,-1,-1,0,15714,0,21207
103391,1,1,0,-1,-1,0,21625,0,21207
103398,0,1,0,-1,-1,0,29112,0,23206
103399,0,1,0,0,0,0,14799,0,23452
103400,0,1,0,-1,-1,0,29369,0,23454
103401,1,1,0,-1,-1,0,21626,0,23454
103402,0,1,0,-1,-1,0,29113,0,23207
103411,0,1,0,-1,-1,0,21438,0,21272
103412,0,1,0,-1,-1,0,21625,0,20648
103413,0,1,0,-1,-1,0,7597,0,20665
103414,0,1,0,-1,-1,0,7679,0,20666
103415,0,1,0,-1,-1,0,7597,0,21278
103416,1,1,0,-1,-1,0,15464,0,21278
103417,0,1,0,-1,-1,0,9334,0,20703
103418,0,1,0,-1,-1,0,13383,0,21196
103419,0,1,0,-1,-1,0,13384,0,21199
103420,0,1,0,-1,-1,0,9343,0,20714
103421,1,1,0,-1,-1,0,21618,0,20714
103423,0,1,0,-1,-1,0,13669,0,22418
103424,1,1,0,-1,-1,0,21410,0,22418
103425,0,1,0,-1,-1,0,15464,0,22419
103426,1,1,0,-1,-1,0,28112,0,22419
103427,2,1,0,-1,-1,0,13388,0,22419
103428,0,1,0,-1,-1,0,13388,0,22421
103429,1,1,0,-1,-1,0,21476,0,22421
103430,2,1,0,-1,-1,0,28112,0,22421
103436,0,0,0,180000,180000,1155,25746,0,21115
103437,0,0,0,180000,180000,1155,25747,0,21116
103438,0,0,0,180000,180000,1155,25746,0,21117
103439,0,0,0,180000,180000,1155,25747,0,21118
103443,0,1,0,-1,-1,0,29369,0,23464
103444,1,1,0,-1,-1,0,21626,0,23464
103445,0,1,0,-1,-1,0,21364,0,23465
103446,1,1,0,-1,-1,0,14054,0,23465
103447,0,1,0,-1,-1,0,14249,0,22416
103448,1,1,0,-1,-1,0,13669,0,22416
103449,2,1,0,-1,-1,0,15465,0,22416
103450,0,1,0,-1,-1,0,21409,0,22417
103451,1,1,0,-1,-1,0,13669,0,22417
103452,2,1,0,-1,-1,0,28325,0,22417
103453,0,1,0,-1,-1,0,21364,0,22947
103458,0,0,0,180000,180000,1155,25750,0,21119
103459,0,0,0,180000,180000,1155,25750,0,21120
103460,0,1,0,-1,-1,0,23990,0,20188
103462,0,1,0,-1,-1,0,21618,0,20647
103464,0,1,0,-1,-1,0,14027,0,21312
103465,0,1,0,-1,-1,0,13383,0,21197
103466,0,1,0,-1,-1,0,7516,0,19878
103479,0,1,0,-1,-1,0,13669,0,21695
103480,1,1,0,-1,-1,0,13384,0,21695
103482,0,1,0,-1,-1,0,18035,0,21666
103483,1,1,0,-1,-1,0,21620,0,21666
103484,0,1,0,-1,-1,0,9317,0,21690
103485,1,1,0,-1,-1,0,21626,0,21690
103495,0,1,0,-1,-1,0,13385,0,21200
103496,0,1,0,-1,-1,0,15813,0,20669
103498,0,1,0,-1,-1,0,21629,0,20685
103499,1,1,0,-1,-1,0,9314,0,20685
103500,0,1,0,-1,-1,0,7597,0,20043
103501,1,1,0,-1,-1,0,15806,0,20043
103503,0,1,0,-1,-1,0,14027,0,20599
103506,0,1,0,-1,-1,0,7597,0,20668
103507,0,1,0,-1,-1,0,25906,0,21190
103508,0,0,0,90000,-1,0,24998,0,20636
103509,0,1,0,-1,-1,0,13384,0,20637
103512,0,1,0,-1,-1,0,14049,0,21677
103513,1,1,0,-1,-1,0,7597,0,21677
103514,0,1,0,-1,-1,0,18035,0,21620
103515,1,1,0,-1,-1,0,21620,0,21620
103527,0,1,0,-1,-1,0,14054,0,21353
103528,1,1,0,-1,-1,0,7597,0,21353
103529,0,1,0,-1,-1,0,14054,0,21356
103530,1,1,0,-1,-1,0,7597,0,21356
103531,2,1,0,-1,-1,0,21618,0,21356
103532,0,1,0,-1,-1,0,14127,0,21357
103533,1,1,0,-1,-1,0,18384,0,21357
103534,2,1,0,-1,-1,0,7597,0,21357
103535,0,1,0,-1,-1,0,7597,0,21360
103536,1,1,0,-1,-1,0,15464,0,21360
103537,0,0,0,300000,20000,1141,23734,0,19344
103538,0,1,0,-1,-1,0,9317,0,19965
103539,1,1,0,-1,-1,0,21627,0,19965
103540,0,1,0,-1,-1,0,21363,0,19967
103541,0,1,0,-1,-1,0,18036,0,21609
103542,0,1,0,-1,-1,0,18029,0,21610
103543,1,1,0,-1,-1,0,21627,0,21610
103552,0,2,0,-1,-1,0,26415,0,21679
103553,0,1,0,-1,-1,0,15717,0,20623
103554,0,1,0,-1,-1,0,13388,0,20699
103557,0,1,0,-1,-1,0,21363,0,21411
103558,0,1,0,-1,-1,0,7597,0,20177
103559,0,1,0,-1,-1,0,23990,0,20182
103565,0,1,0,-1,-1,0,15715,0,23272
103566,0,1,0,-1,-1,0,7681,0,20711
103569,0,1,0,-1,-1,0,18384,0,21563
103570,1,1,0,-1,-1,0,26283,0,21563
103571,0,1,0,-1,-1,0,26283,0,21565
103572,0,1,0,-1,-1,0,25975,0,21566
103573,0,1,0,-1,-1,0,21593,0,21568
103574,0,1,0,-1,-1,0,11789,0,21526
103575,0,1,0,-1,-1,0,9315,0,21531
103576,0,1,0,-1,-1,0,15715,0,23273
103580,0,1,0,-1,-1,0,17367,0,21372
103581,1,1,0,-1,-1,0,18384,0,21372
103582,0,1,0,-1,-1,0,15714,0,21373
103583,1,1,0,-1,-1,0,25975,0,21373
103584,2,1,0,-1,-1,0,21362,0,21373
103585,0,1,0,-1,-1,0,13881,0,21375
103586,1,1,0,-1,-1,0,18384,0,21375
103587,2,1,0,-1,-1,0,21618,0,21375
103588,0,1,0,-1,-1,0,14127,0,21376
103589,1,1,0,-1,-1,0,21625,0,21376
103590,0,1,0,-1,-1,0,14027,0,21702
103591,0,1,0,-1,-1,0,14799,0,21705
103592,0,1,0,-1,-1,0,13383,0,21706
103595,0,0,0,180000,-1,0,26480,0,21670
103598,0,1,0,-1,-1,0,15464,0,21672
103599,0,1,0,-1,-1,0,15464,0,21406
103600,0,1,0,-1,-1,0,21363,0,21408
103601,0,1,0,-1,-1,0,21362,0,21410
103602,1,1,0,-1,-1,0,26154,0,21410
103604,0,1,0,-1,-1,0,7597,0,21673
103605,1,1,0,-1,-1,0,9336,0,21673
103607,0,1,0,-1,-1,0,7598,0,20627
103608,1,1,0,-1,-1,0,9333,0,20627
103609,0,1,0,-1,-1,0,18040,0,20628
103610,1,1,0,-1,-1,0,21629,0,20628
103611,2,1,0,-1,-1,0,18384,0,20628
103612,0,1,0,-1,-1,0,14054,0,20629
103616,0,1,0,-1,-1,0,9408,0,20630
103617,0,1,0,-1,-1,0,9330,0,20633
103618,0,1,0,-1,-1,0,18052,0,20634
103619,0,1,0,-1,-1,0,7597,0,21362
103620,0,1,0,-1,-1,0,9343,0,21453
103621,0,1,0,-1,-1,0,21599,0,21567
103622,0,1,0,-1,-1,0,13388,0,21674
103626,0,1,0,-1,-1,0,18378,0,21681
103627,1,1,0,-1,-1,0,7681,0,21681
103630,0,1,0,-1,-1,0,7597,0,23242
103631,1,1,0,-1,-1,0,15464,0,23242
103632,2,1,0,-1,-1,0,9332,0,23242
103633,0,1,0,-1,-1,0,9408,0,21484
103635,0,1,0,-1,-1,0,15464,0,21477
103636,1,1,0,-1,-1,0,9336,0,21477
103637,0,1,0,-1,-1,0,7597,0,21368
103638,1,1,0,-1,-1,0,9415,0,21368
103639,0,1,0,-1,-1,0,9314,0,21412
103640,0,1,0,-1,-1,0,9346,0,21415
103641,0,1,0,-1,-1,0,26155,0,21416
103642,0,1,0,-1,-1,0,18384,0,21417
103643,1,1,0,-1,-1,0,9343,0,21417
103644,2,1,0,-1,-1,0,23727,0,21417
103645,0,1,0,-1,-1,0,9417,0,21475
103646,0,1,0,-1,-1,0,14254,0,21476
103650,0,1,0,-1,-1,0,7598,0,21495
103652,0,1,0,-1,-1,0,23730,0,21521
103653,0,1,0,-1,-1,0,14127,0,21684
103654,0,0,0,180000,-1,0,26463,0,21685
103655,0,1,0,-1,-1,0,21596,0,21687
103656,0,1,0,-1,-1,0,14054,0,21689
103657,1,1,0,-1,-1,0,18384,0,21689
103659,0,1,0,-1,-1,0,15817,0,21586
103660,1,1,0,-1,-1,0,7597,0,21586
103661,2,1,0,-1,-1,0,15464,0,21586
103666,0,1,0,-1,-1,0,7597,0,21664
103667,1,1,0,-1,-1,0,15810,0,21664
103668,0,2,0,-1,-1,0,26108,0,21134
103669,0,1,0,-1,-1,0,23300,0,23274
103670,1,1,0,-1,-1,0,7597,0,23274
103678,0,0,0,180000,-1,0,24854,0,20503
103679,0,1,0,-1,-1,0,15696,0,21617
103680,0,1,0,-1,-1,0,21625,0,20621
103681,0,1,0,-1,-1,0,15715,0,21504
103682,0,1,0,-1,-1,0,15809,0,21505
103683,0,1,0,-1,-1,0,7597,0,21393
103685,0,1,0,-1,-1,0,13669,0,21693
103686,0,1,0,-1,-1,0,18049,0,21707
103687,1,1,0,-1,-1,0,26283,0,21707
103690,0,1,0,-1,-1,0,7597,0,23312
103691,1,1,0,-1,-1,0,15464,0,23312
103692,2,1,0,-1,-1,0,14089,0,23312
103693,0,1,0,-1,-1,0,9332,0,23313
103694,1,1,0,-1,-1,0,7597,0,23313
103695,2,1,0,-1,-1,0,15464,0,23313
103696,0,1,0,-1,-1,0,7597,0,23023
103697,1,1,0,-1,-1,0,9331,0,23023
103699,0,1,0,0,0,0,21629,0,21185
103700,1,1,0,-1,-1,0,9406,0,21185
103701,0,1,0,-1,-1,0,25901,0,21189
103702,1,1,0,-1,-1,0,15464,0,21189
103703,0,1,0,-1,-1,0,23729,0,19884
103704,1,1,0,-1,-1,0,21641,0,19884
103705,2,1,0,-1,-1,0,14054,0,19884
103708,0,2,0,-1,-1,0,24993,0,20578
103709,0,1,0,-1,-1,0,21362,0,20481
103710,1,1,0,-1,-1,0,9398,0,20481
103712,0,1,0,-1,-1,0,15464,0,20680
103713,0,1,0,-1,-1,0,14248,0,23025
103714,1,1,0,-1,-1,0,23727,0,23025
103715,2,1,0,-1,-1,0,18384,0,23025
103716,0,1,0,-1,-1,0,7597,0,22749
103717,0,1,0,-1,-1,0,21364,0,23455
103718,1,1,0,-1,-1,0,14054,0,23455
103719,0,1,0,-1,-1,0,7597,0,23456
103720,1,1,0,-1,-1,0,9335,0,23456
103722,0,1,0,-1,-1,0,7597,0,23298
103723,1,1,0,-1,-1,0,15464,0,23298
103724,2,1,0,-1,-1,0,15806,0,23298
103725,0,1,0,-1,-1,0,7597,0,23299
103726,1,1,0,-1,-1,0,15464,0,23299
103727,2,1,0,-1,-1,0,15806,0,23299
103729,0,1,0,-1,-1,0,15715,0,21208
103730,1,1,0,-1,-1,0,21362,0,21208
103731,0,1,0,-1,-1,0,18049,0,21209
103732,1,1,0,-1,-1,0,21362,0,21209
103733,0,1,0,-1,-1,0,14127,0,21210
103734,1,1,0,-1,-1,0,21363,0,21210
103735,0,1,0,-1,-1,0,9315,0,21458
103736,1,1,0,-1,-1,0,21618,0,21458
103737,0,1,0,-1,-1,0,15464,0,21459
103738,0,1,0,-1,-1,0,13665,0,21460
103739,1,1,0,-1,-1,0,13385,0,21460
103740,0,1,0,-1,-1,0,9343,0,21454
103741,0,1,0,-1,-1,0,18384,0,21466
103742,1,1,0,-1,-1,0,18053,0,21466
103743,0,1,0,-1,-1,0,14248,0,21471
103744,1,1,0,-1,-1,0,18384,0,21471
103745,0,1,0,-1,-1,0,21619,0,21481
103746,0,1,0,-1,-1,0,15464,0,21490
103747,0,1,0,-1,-1,0,13384,0,20650
103748,0,1,0,-1,-1,0,28693,0,22988
103749,1,1,0,-1,-1,0,28717,0,22988
103750,2,1,0,-1,-1,0,21620,0,22988
103751,0,1,0,-1,-1,0,13669,0,23028
103754,0,1,0,0,-1,0,7709,0,23177
103755,0,1,0,0,0,0,9415,0,23178
103757,0,1,0,-1,-1,0,9330,0,24222
103778,0,1,0,-1,-1,0,9416,0,22092
103779,0,1,0,-1,-1,0,9343,0,22097
103780,1,1,0,-1,-1,0,18384,0,22097
103782,0,1,0,0,0,0,9317,0,23453
103783,0,1,0,-1,-1,0,15763,0,23577
103785,0,1,0,-1,-1,0,21477,0,22981
103786,1,1,0,-1,-1,0,23203,0,22981
103788,0,0,0,120000,0,0,29506,0,23558
103789,0,0,0,120000,20000,1141,29602,0,23570
103792,0,1,0,-1,-1,0,7597,0,23300
103801,0,1,0,-1,-1,0,18031,0,22495
103802,1,1,0,-1,-1,0,21620,0,22495
103805,0,1,0,-1,-1,0,9335,0,22810
103806,0,1,0,-1,-1,0,14027,0,22812
103807,1,1,0,-1,-1,0,7597,0,22812
103808,0,1,0,-1,-1,0,18379,0,23067
103809,0,1,0,-1,-1,0,18039,0,23048
103810,1,1,0,-1,-1,0,21619,0,23048
103811,0,1,0,-1,-1,0,13881,0,23663
103812,1,1,0,-1,-1,0,21363,0,23663
103820,0,1,0,-1,-1,0,14248,0,23666
103821,1,1,0,-1,-1,0,21364,0,23666
103822,0,1,0,-1,-1,0,18049,0,23668
103823,1,1,0,-1,-1,0,7598,0,23668
103829,0,1,0,-1,-1,0,7597,0,22954
103830,1,1,0,-1,-1,0,15464,0,22954
103831,2,0,0,120000,15000,1141,28866,0,22954
103832,0,1,0,-1,-1,0,9343,0,22852
103835,0,1,0,-1,-1,0,28805,0,23056
103836,1,1,0,-1,-1,0,18378,0,23056
103837,0,1,0,-1,-1,0,18030,0,23065
103838,1,1,0,-1,-1,0,21627,0,23065
103839,0,1,0,-1,-1,0,18030,0,23066
103840,1,1,0,-1,-1,0,21627,0,23066
103841,0,1,0,-1,-1,0,28687,0,22803
103842,0,1,0,-1,-1,0,18384,0,22878
103843,1,1,0,-1,-1,0,9343,0,22878
103844,0,1,0,-1,-1,0,28840,0,22813
103848,0,1,0,-1,-1,0,9415,0,23168
103849,0,1,0,0,-1,0,9397,0,23169
103852,0,1,0,-1,-1,0,14047,0,22711
103857,0,1,0,-1,-1,0,15464,0,21997
103859,0,1,0,0,0,0,18031,0,22689
103860,0,1,0,-1,-1,0,7597,0,22690
103861,0,1,0,-1,-1,0,28282,0,22691
103862,1,2,0,-1,-1,0,28414,0,22691
103863,2,1,0,-1,-1,0,7598,0,22691
103864,3,1,0,-1,-1,0,15464,0,22691
103865,4,2,0,-1,-1,0,29155,0,22691
103868,0,1,0,-1,-1,0,9332,0,23258
103869,1,1,0,-1,-1,0,7597,0,23258
103870,2,1,0,-1,-1,0,15464,0,23258
103871,0,1,0,-1,-1,0,7597,0,23259
103872,1,1,0,-1,-1,0,18384,0,23259
103874,0,1,0,-1,-1,0,13385,0,22762
103875,0,1,0,-1,-1,0,13390,0,22763
103882,0,1,0,-1,-1,0,7597,0,22740
103883,0,1,0,-1,-1,0,9416,0,22741
103884,0,1,0,-1,-1,0,7598,0,23293
103885,0,1,0,-1,-1,0,7597,0,23294
103886,1,1,0,-1,-1,0,9344,0,23294
103888,0,1,0,-1,-1,0,18384,0,22102
103889,1,1,0,-1,-1,0,9343,0,22102
103890,0,1,0,-1,-1,0,7597,0,23244
103891,1,1,0,-1,-1,0,15464,0,23244
103893,0,1,0,-1,-1,0,9344,0,23260
103894,1,1,0,-1,-1,0,18384,0,23260
103899,0,1,0,-1,-1,0,15465,0,22009
103906,0,1,0,-1,-1,0,18049,0,23664
103907,1,1,0,-1,-1,0,18384,0,23664
103908,2,1,0,-1,-1,0,23727,0,23664
103909,0,1,0,-1,-1,0,17367,0,23665
103910,1,1,0,-1,-1,0,18382,0,23665
103911,0,1,0,-1,-1,0,18382,0,22630
103912,1,1,0,-1,-1,0,28141,0,22630
103913,2,1,0,-1,-1,0,28143,0,22630
103914,3,0,0,-1,-1,0,28148,0,22630
103915,0,1,0,-1,-1,0,28144,0,22631
103916,1,1,0,-1,-1,0,28155,0,22631
103917,2,0,0,-1,-1,0,28148,0,22631
103918,0,1,0,-1,-1,0,28145,0,22632
103919,1,1,0,-1,-1,0,28152,0,22632
103920,2,1,0,-1,-1,0,28154,0,22632
103921,3,0,0,-1,-1,0,28148,0,22632
103928,0,1,0,-1,-1,0,7598,0,23306
103935,0,1,0,-1,-1,0,7598,0,23251
103941,0,1,0,-1,-1,0,7597,0,21998
103942,0,1,0,-1,-1,0,7597,0,21999
103944,0,1,0,-1,-1,0,21632,0,23037
103945,0,1,0,-1,-1,0,7597,0,23038
103946,1,1,0,-1,-1,0,15464,0,23038
103947,2,1,0,-1,-1,0,15812,0,23038
103949,0,1,0,-1,-1,0,14047,0,22407
103950,0,1,0,0,0,0,9416,0,22408
103951,0,1,0,-1,-1,0,26395,0,23451
103952,1,1,0,-1,-1,0,18384,0,23451
103953,0,1,0,-1,-1,0,14798,0,22731
103954,1,1,0,-1,-1,0,23727,0,22731
103955,0,1,0,-1,-1,0,28347,0,22736
103958,0,1,0,-1,-1,0,9335,0,22712
103959,0,1,0,-1,-1,0,7597,0,22714
103960,1,1,0,-1,-1,0,15464,0,22714
103963,0,1,0,-1,-1,0,7597,0,23467
103964,1,1,0,-1,-1,0,9335,0,23467
103965,0,1,0,0,0,0,14799,0,23468
103966,0,1,0,0,0,0,9317,0,23469
103967,0,1,0,-1,-1,0,9416,0,22750
103970,0,1,0,-1,-1,0,7597,0,22753
103971,1,1,0,-1,-1,0,15464,0,22753
103972,2,1,0,-1,-1,0,15715,0,22753
103974,0,1,0,-1,-1,0,21618,0,23667
103975,1,1,0,-1,-1,0,7597,0,23667
103976,2,1,0,-1,-1,0,14799,0,23667
103983,0,1,0,-1,-1,0,7598,0,23292
103990,0,1,0,-1,-1,0,15465,0,22718
103991,0,1,0,-1,-1,0,7597,0,22872
103992,0,1,0,-1,-1,0,22778,0,23286
103993,0,1,0,-1,-1,0,22912,0,22422
103994,1,1,0,-1,-1,0,21476,0,22422
103995,2,1,0,-1,-1,0,13388,0,22422
103996,0,1,0,-1,-1,0,7518,0,22423
103997,0,1,0,-1,-1,0,18038,0,22425
103998,1,1,0,-1,-1,0,18384,0,22425
103999,2,1,0,-1,-1,0,20959,0,22425
104000,0,1,0,-1,-1,0,21629,0,22426
104001,1,1,0,-1,-1,0,9318,0,22426
104006,0,1,0,-1,-1,0,27037,0,23073
104007,0,1,0,-1,-1,0,18384,0,23075
104008,1,1,0,-1,-1,0,9316,0,23075
104009,2,1,0,-1,-1,0,21618,0,23075
104010,0,1,0,-1,-1,0,7516,0,22764
104011,0,1,0,-1,-1,0,14047,0,22721
104013,0,1,0,-1,-1,0,7598,0,22873
104015,0,1,0,-1,-1,0,9331,0,23170
104016,0,1,0,-1,-1,0,9417,0,22098
104017,1,1,0,-1,-1,0,21618,0,22098
104018,0,1,0,-1,-1,0,21618,0,22099
104019,1,1,0,-1,-1,0,9417,0,22099
104020,0,1,0,-1,-1,0,9416,0,22100
104021,0,1,0,-1,-1,0,9416,0,22107
104022,1,1,0,-1,-1,0,21623,0,22107
104023,0,1,0,-1,-1,0,9345,0,22109
104024,0,1,0,-1,-1,0,14254,0,22688
104026,0,1,0,-1,-1,0,9315,0,22319
104027,1,1,0,-1,-1,0,21619,0,22319
104031,0,1,0,-1,-1,0,7598,0,23071
104032,0,1,0,-1,-1,0,15464,0,22806
104033,0,1,0,-1,-1,0,28693,0,22807
104034,1,1,0,-1,-1,0,23727,0,22807
104035,2,1,0,-1,-1,0,18384,0,22807
104036,0,1,0,-1,-1,0,7597,0,22808
104037,1,1,0,-1,-1,0,15464,0,22808
104038,2,1,0,-1,-1,0,9329,0,22808
104039,0,1,0,-1,-1,0,21629,0,22809
104040,1,1,0,-1,-1,0,14055,0,22809
104043,0,1,0,-1,-1,0,7597,0,22748
104044,1,1,0,-1,-1,0,15464,0,22748
104045,0,1,0,-1,-1,0,13385,0,22940
104048,0,1,0,-1,-1,0,9346,0,22253
104049,0,1,0,-1,-1,0,13390,0,22732
104050,1,1,0,-1,-1,0,13669,0,22732
104051,2,1,0,-1,-1,0,15464,0,22732
104052,0,1,0,-1,-1,0,28686,0,22942
104056,0,1,0,-1,-1,0,9343,0,23254
104058,0,1,0,-1,-1,0,7597,0,22936
104059,0,1,0,-1,-1,0,7597,0,23014
104060,1,1,0,-1,-1,0,15464,0,23014
104061,2,1,0,-1,-1,0,9334,0,23014
104065,0,1,0,-1,-1,0,7598,0,22874
104067,0,1,0,-1,-1,0,14127,0,23017
104068,1,1,0,-1,-1,0,25975,0,23017
104069,1,1,0,-1,-1,0,15464,0,23018
104070,0,1,0,-1,-1,0,9344,0,23275
104073,0,1,0,-1,-1,0,7597,0,23307
104074,0,1,0,-1,-1,0,9346,0,23308
104075,0,1,0,-1,-1,0,9343,0,23309
104077,0,1,0,-1,-1,0,18034,0,22960
104078,1,1,0,-1,-1,0,21363,0,22960
104079,0,1,0,-1,-1,0,9343,0,22091
104080,1,1,0,-1,-1,0,18384,0,22091
104081,0,1,0,-1,-1,0,7598,0,22875
104082,0,1,0,-1,-1,0,13387,0,23019
104083,0,1,0,-1,-1,0,7598,0,23068
104084,0,1,0,-1,-1,0,7597,0,22876
104085,0,1,0,-1,-1,0,7597,0,22879
104086,1,1,0,-1,-1,0,15464,0,22879
104087,2,1,0,-1,-1,0,15806,0,22879
104088,0,1,0,-1,-1,0,7597,0,22880
104089,1,1,0,-1,-1,0,15464,0,22880
104090,2,1,0,-1,-1,0,15806,0,22880
104091,0,1,0,-1,-1,0,21624,0,22254
104092,1,1,0,-1,-1,0,7678,0,22254
104093,0,1,0,-1,-1,0,9407,0,22275
104104,0,1,0,-1,-1,0,9416,0,22110
104107,0,1,0,-1,-1,0,23516,0,23139
104108,0,1,0,-1,-1,0,9415,0,23156
104111,0,1,0,-1,-1,0,7681,0,22257
104119,0,1,0,-1,-1,0,7597,0,23314
104120,1,1,0,-1,-1,0,15464,0,23314
104121,0,1,0,-1,-1,0,7597,0,23315
104131,0,1,0,-1,-1,0,26395,0,23466
104132,1,1,0,-1,-1,0,18384,0,23466
104133,0,1,0,-1,-1,0,9140,0,22404
104135,0,1,0,-1,-1,0,18041,0,22406
104136,0,1,0,-1,-1,0,18040,0,22428
104137,1,1,0,-1,-1,0,18384,0,22428
104138,2,1,0,-1,-1,0,21629,0,22428
104139,0,1,0,-1,-1,0,18032,0,22430
104140,1,1,0,-1,-1,0,18384,0,22430
104141,2,1,0,-1,-1,0,21363,0,22430
104142,0,1,0,-1,-1,0,18031,0,22431
104143,1,1,0,-1,-1,0,21363,0,22431
104144,0,1,0,0,0,0,9416,0,22433
104145,1,1,0,-1,-1,0,18384,0,22433
104147,0,1,0,-1,-1,0,25975,0,22937
104148,1,1,0,-1,-1,0,15715,0,22937
104149,0,1,0,-1,-1,0,13385,0,22938
104150,1,1,0,-1,-1,0,13669,0,22938
104151,2,1,0,-1,-1,0,15464,0,22938
104152,0,1,0,-1,-1,0,18035,0,22939
104158,0,1,0,-1,-1,0,23727,0,22403
104159,1,1,0,-1,-1,0,9415,0,22403
104163,0,1,0,-1,-1,0,7597,0,23000
104164,1,1,0,-1,-1,0,15464,0,23000
104165,0,1,0,-1,-1,0,18382,0,23001
104166,1,0,0,120000,-1,0,28862,0,23001
104167,0,1,0,-1,-1,0,15696,0,23029
104168,0,1,0,-1,-1,0,9336,0,23030
104169,1,1,0,-1,-1,0,15464,0,23030
104173,0,1,0,-1,-1,0,15696,0,23036
104175,0,1,0,-1,-1,0,9408,0,23009
104182,0,1,0,-1,-1,0,9417,0,22086
104183,1,1,0,-1,-1,0,21618,0,22086
104184,0,1,0,-1,-1,0,9417,0,22087
104185,1,1,0,-1,-1,0,21618,0,22087
104186,0,1,0,-1,-1,0,9398,0,22088
104187,0,1,0,-1,-1,0,9343,0,22089
104188,1,1,0,-1,-1,0,7597,0,22089
104189,0,1,0,-1,-1,0,7597,0,23257
104190,1,1,0,-1,-1,0,15464,0,23257
104191,2,1,0,-1,-1,0,14089,0,23257
104196,0,1,0,-1,-1,0,13384,0,22699
104197,0,1,0,-1,-1,0,7597,0,23557
104198,1,1,0,-1,-1,0,9330,0,23557
104199,0,1,0,-1,-1,0,18384,0,22429
104200,1,1,0,-1,-1,0,18031,0,22429
104201,2,1,0,-1,-1,0,21619,0,22429
104204,0,1,0,-1,-1,0,23729,0,22589
104205,1,1,0,-1,-1,0,28141,0,22589
104206,2,1,0,-1,-1,0,28142,0,22589
104207,3,0,0,-1,-1,0,28148,0,22589
104217,0,1,0,-1,-1,0,21632,0,22994
104218,0,1,0,-1,-1,0,9345,0,21494
104219,1,1,0,-1,-1,0,18384,0,21494
104222,0,1,0,0,0,0,23727,0,22339
104223,1,1,0,-1,-1,0,9345,0,22339
104224,0,1,0,-1,-1,0,15464,0,22340
104225,0,1,0,-1,-1,0,15808,0,22343
104228,0,1,0,-1,-1,0,15715,0,21836
104229,1,1,0,-1,-1,0,18384,0,21836
104230,0,1,0,-1,-1,0,7518,0,21503
104231,0,1,0,-1,-1,0,18033,0,21507
104232,1,1,0,-1,-1,0,21627,0,21507
104233,0,1,0,-1,-1,0,7569,0,23039
104234,1,1,0,-1,-1,0,22188,0,23039
104235,2,1,0,-1,-1,0,7581,0,23039
104236,0,1,0,-1,-1,0,21475,0,23040
104237,1,1,0,-1,-1,0,22852,0,23040
104238,2,0,0,120000,-1,0,28773,0,23040
104240,0,1,0,-1,-1,0,18369,0,22818
104241,0,1,0,-1,-1,0,18379,0,22819
104242,1,1,0,-1,-1,0,18038,0,22819
104243,0,1,0,-1,-1,0,9417,0,22820
104244,1,1,0,-1,-1,0,23727,0,22820
104245,0,1,0,-1,-1,0,18384,0,22821
104246,1,1,0,-1,-1,0,9345,0,22821
104247,0,1,0,-1,-1,0,7597,0,23045
104248,1,1,0,-1,-1,0,14056,0,23045
104249,0,1,0,-1,-1,0,18056,0,23046
104250,1,0,0,120000,20000,1141,28779,0,23046
104251,0,1,0,-1,-1,0,18043,0,23047
104252,1,0,0,120000,-1,0,28780,0,23047
104253,0,1,0,-1,-1,0,18049,0,23049
104254,1,1,0,-1,-1,0,18384,0,23049
104255,2,1,0,-1,-1,0,23727,0,23049
104256,1,1,0,-1,-1,0,7598,0,22798
104257,0,1,0,-1,-1,0,17319,0,23089
104258,0,1,0,-1,-1,0,18098,0,23090
104259,0,1,0,-1,-1,0,15807,0,22195
104260,1,1,0,-1,-1,0,7597,0,22195
104261,2,1,0,-1,-1,0,18676,0,22195
104262,0,1,0,-1,-1,0,9415,0,22329
104263,1,1,0,-1,-1,0,23727,0,22329
104264,2,1,0,-1,-1,0,18384,0,22329
104268,0,1,0,-1,-1,0,14089,0,22804
104269,1,1,0,-1,-1,0,15464,0,22804
104270,0,1,0,-1,-1,0,9315,0,22713
104271,1,1,0,-1,-1,0,21362,0,22713
104272,0,1,0,-1,-1,0,7597,0,22715
104273,0,1,0,-1,-1,0,23727,0,22330
104274,0,1,0,-1,-1,0,13385,0,22331
104275,0,1,0,-1,-1,0,18384,0,22332
104276,0,1,0,-1,-1,0,7598,0,22476
104277,1,1,0,-1,-1,0,15826,0,22476
104278,2,1,0,-1,-1,0,15464,0,22476
104279,0,1,0,-1,-1,0,7597,0,22477
104280,1,1,0,-1,-1,0,15464,0,22477
104281,0,1,0,-1,-1,0,7597,0,22439
104287,0,1,0,-1,-1,0,15817,0,23041
104288,1,0,0,120000,20000,1141,28777,0,23041
104289,0,0,0,120000,-1,0,28778,0,23042
104290,0,1,0,-1,-1,0,15464,0,22440
104291,0,1,0,-1,-1,0,7597,0,22441
104292,1,1,0,-1,-1,0,21618,0,22441
104293,0,1,0,-1,-1,0,15464,0,22443
104294,0,1,0,-1,-1,0,9346,0,22458
104295,1,1,0,-1,-1,0,21364,0,22458
104296,2,1,0,-1,-1,0,18384,0,22458
104298,0,1,0,-1,-1,0,14127,0,22943
104299,1,1,0,-1,-1,0,28869,0,22943
104300,0,1,0,-1,-1,0,21475,0,23043
104301,1,1,0,-1,-1,0,28112,0,23043
104302,0,1,0,-1,-1,0,7597,0,23044
104303,1,1,0,-1,-1,0,15464,0,23044
104304,0,1,0,-1,-1,0,7598,0,22815
104305,0,1,0,-1,-1,0,14089,0,22816
104306,1,1,0,-1,-1,0,7597,0,22816
104307,0,1,0,-1,-1,0,18384,0,22867
104308,1,1,0,-1,-1,0,9342,0,22867
104309,0,1,0,-1,-1,0,28870,0,23081
104310,0,1,0,-1,-1,0,13383,0,22680
104311,0,1,0,-1,-1,0,9408,0,22681
104312,1,1,0,-1,-1,0,21362,0,22681
104314,0,1,0,-1,-1,0,15464,0,22384
104315,1,1,0,-1,-1,0,7597,0,22384
104316,0,1,0,-1,-1,0,15465,0,22385
104317,1,1,0,-1,-1,0,7597,0,22385
104319,0,1,0,-1,-1,0,18098,0,23092
104320,0,1,0,-1,-1,0,15465,0,22411
104325,0,1,0,-1,-1,0,13881,0,23063
104326,0,1,0,-1,-1,0,18030,0,23064
104333,0,1,0,-1,-1,0,17319,0,23087
104334,0,1,0,-1,-1,0,17319,0,23088
104335,0,1,0,-1,-1,0,7597,0,22811
104336,1,1,0,-1,-1,0,9329,0,22811
104337,0,1,0,-1,-1,0,7597,0,22877
104338,1,1,0,-1,-1,0,9344,0,22877
104339,0,1,0,-1,-1,0,22778,0,22868
104344,0,1,0,-1,-1,0,18098,0,23093
104347,0,1,0,-1,-1,0,13881,0,23124
104348,1,1,0,-1,-1,0,18384,0,23124
104349,0,1,0,-1,-1,0,15714,0,23125
104350,0,1,0,-1,-1,0,23217,0,23280
104351,0,1,0,-1,-1,0,9343,0,23281
104353,0,1,0,-1,-1,0,9331,0,23284
104354,1,1,0,-1,-1,0,7597,0,23284
104355,0,1,0,-1,-1,0,23049,0,23285
104356,1,1,0,-1,-1,0,9335,0,23285
104357,0,1,0,-1,-1,0,28870,0,23078
104360,0,1,0,-1,-1,0,7597,0,23252
104361,0,1,0,-1,-1,0,9346,0,23253
104366,0,1,0,-1,-1,0,15464,0,22232
104368,0,1,0,-1,-1,0,9344,0,23057
104369,1,1,0,-1,-1,0,18382,0,23057
104372,0,1,0,-1,-1,0,15464,0,22436
104373,1,1,0,-1,-1,0,7597,0,22436
104374,2,1,0,-1,-1,0,21618,0,22436
104375,0,1,0,-1,-1,0,7597,0,22437
104376,1,1,0,-1,-1,0,21627,0,22437
104380,0,1,0,-1,-1,0,9416,0,22240
104381,1,1,0,-1,-1,0,23727,0,22240
104382,0,1,0,-1,-1,0,28870,0,23082
104383,0,1,0,-1,-1,0,9295,0,22266
104386,0,0,0,75000,15000,1141,27675,0,22268
104387,0,1,0,-1,-1,0,9345,0,22271
104388,1,1,0,-1,-1,0,21363,0,22271
104389,0,1,0,-1,-1,0,9344,0,22409
104390,1,1,0,-1,-1,0,18384,0,22409
104391,0,1,0,-1,-1,0,13669,0,23059
104392,1,1,0,-1,-1,0,13390,0,23059
104393,0,1,0,-1,-1,0,15464,0,23060
104394,0,1,0,-1,-1,0,18036,0,23061
104395,0,1,0,-1,-1,0,14798,0,23062
104396,1,1,0,-1,-1,0,18384,0,23062
104397,0,1,0,-1,-1,0,9331,0,22864
104398,1,1,0,-1,-1,0,7597,0,22864
104401,0,0,0,60000,20000,1141,28200,0,22678
104408,0,1,0,-1,-1,0,14027,0,22150
104409,1,1,0,-1,-1,0,15464,0,22150
104419,0,1,0,-1,-1,0,13388,0,21639
104420,1,1,0,-1,-1,0,13669,0,21639
104421,0,1,0,0,-1,0,9315,0,22315
104427,0,1,0,-1,-1,0,28539,0,22862
104428,0,1,0,-1,-1,0,14049,0,22722
104434,0,1,0,-1,-1,0,9416,0,22242
104435,0,1,0,-1,-1,0,9417,0,22113
104436,1,1,0,-1,-1,0,21618,0,22113
104437,0,1,0,-1,-1,0,7597,0,22005
104439,0,1,0,-1,-1,0,14049,0,23054
104441,0,1,0,-1,-1,0,9417,0,22096
104442,1,1,0,-1,-1,0,21618,0,22096
104443,0,1,0,-1,-1,0,23217,0,22863
104450,0,1,0,-1,-1,0,9331,0,21498
104451,0,1,0,-1,-1,0,27539,0,22196
104452,0,1,0,-1,-1,0,18676,0,22197
104458,0,1,0,-1,-1,0,9397,0,22106
104459,0,1,0,-1,-1,0,15464,0,22480
104460,1,1,0,-1,-1,0,7597,0,22480
104461,2,1,0,-1,-1,0,15817,0,22480
104462,0,1,0,-1,-1,0,15464,0,22481
104463,1,1,0,-1,-1,0,15818,0,22481
104464,2,1,0,-1,-1,0,7597,0,22481
104465,1,1,0,-1,-1,0,7597,0,22482
104466,0,1,0,-1,-1,0,7597,0,22483
104467,0,1,0,-1,-1,0,18041,0,22489
104468,1,1,0,-1,-1,0,18378,0,22489
104469,0,1,0,-1,-1,0,18041,0,22488
104470,1,1,0,-1,-1,0,18378,0,22488
104480,0,1,0,-1,-1,0,18041,0,22490
104481,0,1,0,-1,-1,0,21363,0,22491
104482,1,1,0,-1,-1,0,18034,0,22491
104483,0,1,0,-1,-1,0,18033,0,22492
104484,1,1,0,-1,-1,0,21363,0,22492
104485,0,1,0,-1,-1,0,15696,0,22493
104486,0,1,0,-1,-1,0,18035,0,22494
104487,1,1,0,-1,-1,0,21618,0,22494
104488,0,1,0,-1,-1,0,9331,0,22318
104489,0,1,0,-1,-1,0,18036,0,22272
104497,0,1,0,-1,-1,0,7515,0,21996
104498,0,1,0,-1,-1,0,13383,0,22000
104508,0,1,0,-1,-1,0,28792,0,22799
104509,1,1,0,-1,-1,0,18382,0,22799
104510,2,1,0,-1,-1,0,28799,0,22799
104511,0,1,0,-1,-1,0,23729,0,22800
104512,1,1,0,-1,-1,0,28841,0,22800
104513,2,1,0,-1,-1,0,18384,0,22800
104514,0,1,0,-1,-1,0,18049,0,23050
104515,1,1,0,-1,-1,0,18384,0,23050
104516,2,1,0,-1,-1,0,23727,0,23050
104517,0,1,0,-1,-1,0,7598,0,23053
104518,1,1,0,-1,-1,0,9334,0,23053
104528,0,1,0,-1,-1,0,23049,0,22856
104529,1,1,0,-1,-1,0,9335,0,22856
104530,1,1,0,-1,-1,0,22801,0,22857
104531,0,1,0,-1,-1,0,15464,0,22478
104532,1,1,0,-1,-1,0,7598,0,22478
104533,0,1,0,-1,-1,0,7597,0,22479
104534,1,1,0,-1,-1,0,15464,0,22479
147565,0,1,0,-1,-1,0,370391,0,191312
172545,0,1,0,-1,-1,0,18384,0,202254
172548,0,1,0,-1,-1,0,398197,0,202256
174137,0,2,0,-1,-1,0,406746,0,204807
174138,1,1,0,-1,-1,0,432639,0,204807
179517,0,1,0,-1,-1,0,418510,0,208196
179529,0,1,0,-1,-1,0,418509,0,208222
179810,0,1,0,-1,-1,0,15600,0,208618
179811,1,1,0,-1,-1,0,7598,0,208618
179813,2,1,0,-1,-1,0,9331,0,208618
179882,0,1,0,-1,-1,0,15600,0,208756
179883,1,1,0,-1,-1,0,7598,0,208756
179884,2,1,0,-1,-1,0,9331,0,208756
179900,0,1,0,-1,-1,0,420998,0,208774
180092,0,2,0,-1,-1,0,8313,0,209436
180176,0,2,0,-1,-1,0,13440,0,209525
180177,0,2,0,-1,-1,0,13440,0,209526
180184,0,1,0,-1,-1,0,21432,0,209534
180187,0,1,0,-1,-1,0,9314,0,209559
180188,0,1,0,-1,-1,0,18049,0,209561
180189,0,2,0,-1,-1,0,422996,0,209562
180190,0,1,0,-1,-1,0,9397,0,209570
180191,0,1,0,-1,-1,0,9358,0,209573
180192,1,1,0,-1,-1,0,9315,0,209573
180196,0,1,0,-1,-1,0,423002,0,209577
180197,0,1,0,-1,-1,0,9397,0,209578
180198,0,2,0,-1,-1,0,423003,0,209579
180199,0,2,0,-1,-1,0,423004,0,209580
180262,0,1,0,-1,-1,0,9397,0,209668
180265,0,1,0,-1,-1,0,423298,0,209677
180266,0,1,0,-1,-1,0,423299,0,209678
180267,0,0,0,600000,15000,94,423300,0,209681
180270,0,1,0,-1,-1,0,9398,0,209685
180271,0,1,0,-1,-1,0,9396,0,209686
180272,0,2,0,-1,-1,0,423304,0,209691
180273,0,1,0,-1,-1,0,9394,0,209694
180316,0,1,0,-1,-1,0,423474,0,209816
180317,0,1,0,-1,-1,0,7517,0,209817
180318,0,1,0,-1,-1,0,7688,0,209818
180320,0,1,0,-1,-1,0,7708,0,209820
180321,0,1,0,-1,-1,0,423481,0,209821
180322,0,1,0,-1,-1,0,423484,0,209823
180323,0,1,0,-1,-1,0,7517,0,209824
180328,0,1,0,-1,-1,0,7515,0,209830
180334,0,1,0,-1,-1,0,17768,0,209842
180754,1,0,0,180000,180000,100,460455,0,210741
180776,0,1,0,-1,-1,0,21506,0,210773
180796,0,1,0,-1,-1,0,427144,0,210794
180994,0,1,0,-1,-1,0,13384,0,211263
180995,1,1,0,-1,-1,0,9343,0,211263
180996,2,1,0,-1,-1,0,28325,0,211263
181111,0,1,0,-1,-1,0,429339,0,211420
181133,0,1,0,-1,-1,0,9330,0,211449
181134,0,1,0,-1,-1,0,9416,0,211450
181135,0,1,0,-1,-1,0,9407,0,211451
181136,0,1,0,-1,-1,0,9408,0,211455
181137,1,1,0,-1,-1,0,9411,0,211455
181138,0,1,0,-1,-1,0,9417,0,211456
181139,0,1,0,-1,-1,0,7517,0,211457
181165,0,1,0,-1,-1,0,7597,0,211501
181166,1,1,0,-1,-1,0,15464,0,211501
181168,0,1,0,-1,-1,0,432639,0,211423
181169,1,0,0,600000,600000,2247,429867,0,211423
181170,0,1,0,-1,-1,0,432639,0,211502
181171,1,0,0,600000,600000,2247,429868,0,211502
181172,1,1,0,-1,-1,0,432639,0,210794
181176,0,1,0,-1,-1,0,9398,0,211507
181179,0,1,0,-1,-1,0,7517,0,211504
181180,0,1,0,-1,-1,0,7517,0,211505
181181,0,1,0,-1,-1,0,9142,0,211510
181182,0,1,0,-1,-1,0,9397,0,211509
181355,0,1,0,-1,-1,0,14027,0,211789
181357,0,1,0,-1,-1,0,13385,0,211843
181369,0,1,0,-1,-1,0,430432,0,211856
181370,0,1,0,-1,-1,0,430432,0,211857
181607,0,2,0,-1,-1,0,27571,0,211925
181613,0,1,0,-1,-1,0,17232,0,211940
181614,0,2,0,-1,-1,0,14537,0,211941
181617,0,2,0,-1,-1,0,13018,0,211944
181825,0,1,0,-1,-1,0,21362,0,212580
181826,0,1,0,-1,-1,0,21362,0,212584
182114,0,1,0,-1,-1,0,23727,0,212996
182115,0,1,0,-1,-1,0,21625,0,212997
182297,0,1,0,-1,-1,0,11789,0,213289
182299,0,2,0,-1,-1,0,435169,0,213291
182301,0,2,0,-1,-1,0,434842,0,213296
182309,1,0,0,1800000,0,0,435167,0,213347
182313,0,1,0,-1,-1,0,21436,0,213356
182341,0,0,0,-1,-1,0,434488,0,213105
182375,1,2,0,-1,-1,0,434837,0,213295
182376,0,1,0,-1,-1,0,9398,0,213287
182378,0,2,0,-1,-1,0,434839,0,213286
182379,0,1,0,-1,-1,0,9415,0,213559
182380,0,1,0,-1,-1,0,9408,0,213419
182381,0,1,0,-1,-1,0,9329,0,213560
182382,0,2,0,-1,-1,0,434841,0,213409
182450,0,1,0,-1,-1,0,9415,0,213306
182458,0,1,0,-1,-1,0,7681,0,213309
182462,0,0,0,1800000,-1,0,12438,0,213308
182466,0,1,0,-1,-1,0,9408,0,213412
182467,0,1,0,-1,-1,0,9417,0,213351
182468,0,1,0,-1,-1,0,7517,0,213297
182496,1,0,0,1800000,-1,0,435359,0,213350
182497,0,1,0,-1,-1,0,13669,0,213350
182498,0,1,0,-1,-1,0,432639,0,213319
182499,1,1,0,-1,-1,0,435360,0,213319
182501,0,1,0,-1,-1,0,436239,0,213288
182502,1,1,0,-1,-1,0,432639,0,213320
182505,0,1,0,-1,-1,0,21508,0,213418
182507,0,1,0,-1,-1,0,432639,0,213318
182508,1,1,0,-1,-1,0,9415,0,213318
182511,0,1,0,-1,-1,0,9332,0,213317
182512,0,1,0,-1,-1,0,17746,0,213341
182513,0,1,0,-1,-1,0,9357,0,213342
182516,0,1,0,-1,-1,0,9398,0,213338
182517,1,1,0,-1,-1,0,21618,0,213338
182518,0,1,0,-1,-1,0,7517,0,213294
182521,0,1,0,-1,-1,0,432639,0,213332
182523,0,1,0,-1,-1,0,13603,0,213331
182635,0,1,0,-1,-1,0,435531,0,210741
182636,0,1,0,-1,-1,0,9343,0,213542
182637,0,1,0,-1,-1,0,9407,0,213352
182638,0,1,0,-1,-1,0,18029,0,213353
182639,1,1,0,-1,-1,0,17823,0,213353
182640,2,0,0,0,1800000,1051,435532,0,213353
182641,0,1,0,-1,-1,0,14254,0,213410
182642,0,1,0,-1,-1,0,432639,0,213354
182644,0,1,0,-1,-1,0,15714,0,213334
182645,1,1,0,-1,-1,0,21362,0,213334
182646,0,1,0,-1,-1,0,432639,0,213333
182652,1,1,0,-1,-1,0,9345,0,213326
182653,0,1,0,-1,-1,0,432639,0,213324
182654,1,1,0,-1,-1,0,9416,0,213324
182655,0,1,0,-1,-1,0,432639,0,213325
182656,1,1,0,-1,-1,0,14027,0,213325
182657,0,1,0,-1,-1,0,9359,0,213323
182666,1,1,0,-1,-1,0,432639,0,213312
182667,0,1,0,-1,-1,0,14254,0,213312
182668,0,1,0,-1,-1,0,14799,0,213315
182669,0,1,0,-1,-1,0,436239,0,213314
182671,0,1,0,-1,-1,0,432639,0,213303
182672,1,1,0,-1,-1,0,9358,0,213303
182673,0,1,0,-1,-1,0,9332,0,213304
182675,0,1,0,-1,-1,0,7679,0,213413
182676,0,1,0,-1,-1,0,436239,0,213417
182677,1,1,0,-1,-1,0,21363,0,213417
182678,0,1,0,-1,-1,0,436239,0,213280
182680,0,1,0,-1,-1,0,439651,0,213278
182681,1,1,0,-1,-1,0,7544,0,213278
182683,1,1,0,-1,-1,0,9342,0,213279
182684,1,1,0,-1,-1,0,21624,0,213309
182685,0,1,0,-1,-1,0,21362,0,213349
182825,0,1,0,-1,-1,0,435869,0,215371
182827,0,1,0,-1,-1,0,9415,0,213345
182829,0,1,0,-1,-1,0,7680,0,213346
182830,1,1,0,-1,-1,0,21625,0,213346
182832,0,1,0,-1,-1,0,13669,0,213343
182833,1,1,0,-1,-1,0,7517,0,213343
182834,1,1,0,-1,-1,0,436239,0,213344
182835,0,1,0,-1,-1,0,9329,0,213344
182836,0,1,0,-1,-1,0,9416,0,213283
182837,1,1,0,-1,-1,0,21618,0,213283
182838,0,1,0,-1,-1,0,7680,0,213282
182839,1,1,0,-1,-1,0,21625,0,213282
182840,1,1,0,-1,-1,0,21362,0,213412
182841,1,0,0,1800000,-1,0,435895,0,213349
182842,0,1,0,-1,-1,0,9417,0,213347
182845,1,0,0,1800000,0,0,435900,0,213348
182846,0,1,0,-1,-1,0,9330,0,213348
182852,0,1,0,-1,-1,0,7550,0,215380
182853,1,1,0,-1,-1,0,7562,0,215380
182922,0,0,0,1800000,1800000,2267,436069,0,215461
182945,0,1,0,-1,-1,0,432639,0,213330
182947,0,1,0,-1,-1,0,15714,0,216486
182950,0,1,0,-1,-1,0,9342,0,216484
182951,0,1,0,-1,-1,0,436239,0,216485
182952,1,1,0,-1,-1,0,14254,0,216485
182958,0,0,0,180000,-1,0,436332,0,216497
182960,0,1,0,-1,-1,0,436480,0,216499
182963,1,0,0,300000,-1,0,436342,0,216500
182970,1,0,0,300000,-1,0,436347,0,216505
183010,0,0,0,300000,-1,0,436373,0,216517
183011,0,1,0,-1,-1,0,436375,0,216509
183013,1,1,0,-1,-1,0,436379,0,216513
183014,0,0,0,300000,-1,0,436381,0,216503
183016,1,0,0,300000,-1,0,436383,0,216607
183018,1,0,0,300000,-1,0,436414,0,216615
183022,1,1,0,-1,-1,0,14799,0,213354
183052,2,1,0,-1,-1,0,7556,0,215380
183053,0,1,0,-1,-1,0,13601,0,216498
183054,1,1,0,-1,-1,0,9357,0,216498
183055,0,1,0,-1,-1,0,436690,0,216513
183056,0,1,0,-1,-1,0,436469,0,216516
183057,0,1,0,-1,-1,0,13601,0,216510
183058,0,1,0,-1,-1,0,9294,0,216511
183059,0,1,0,-1,-1,0,9304,0,216512
183063,1,1,0,-1,-1,0,21515,0,216506
183064,0,1,0,-1,-1,0,7680,0,216518
183065,0,1,0,-1,-1,0,9414,0,216519
183066,0,1,0,-1,-1,0,21508,0,216504
183068,0,0,0,180000,-1,0,436477,0,216522
183069,0,1,0,-1,-1,0,9343,0,216501
183071,0,2,0,-1,-1,0,436473,0,216502
183072,1,0,0,300000,-1,0,436478,0,216509
183073,0,1,0,-1,-1,0,9401,0,216508
183074,0,1,0,-1,-1,0,9414,0,216507
183075,1,1,0,-1,-1,0,21625,0,216519
183076,0,1,0,-1,-1,0,7597,0,216495
183077,0,1,0,-1,-1,0,9406,0,216623
183078,0,1,0,-1,-1,0,9416,0,216620
183079,0,1,0,-1,-1,0,436239,0,216621
183080,1,0,0,180000,-1,0,436482,0,216499
183081,0,1,0,-1,-1,0,14248,0,215167
183082,0,1,0,-1,-1,0,436239,0,215161
183083,0,1,0,-1,-1,0,14248,0,215381
183084,0,1,0,-1,-1,0,14248,0,215114
183085,0,1,0,-1,-1,0,432639,0,215382
183086,0,1,0,-1,-1,0,432639,0,215166
183090,0,1,0,-1,-1,0,21470,0,213390
183136,1,1,0,-1,-1,0,13384,0,216678
183137,0,2,0,-1,-1,0,11879,0,216679
183144,0,1,0,-1,-1,0,9396,0,216698
183147,0,1,0,-1,-1,0,9396,0,216704
183191,1,0,0,600000,600000,2260,437357,0,215381
183193,2,0,0,600000,600000,2260,437340,0,215382
183194,1,0,0,600000,600000,2260,437382,0,215167
183195,1,0,0,600000,600000,2260,437377,0,215161
183199,1,1,0,-1,-1,0,437367,0,213390
183219,1,0,0,600000,600000,2260,437362,0,215114
183220,2,0,0,600000,600000,2260,437349,0,215166
183271,0,1,0,-1,-1,0,438295,0,216941
183272,1,0,0,-1,-1,0,438305,0,216941
183352,0,1,0,-1,-1,0,9397,0,217252
183357,0,1,0,-1,-1,0,9416,0,217259
183358,0,1,0,-1,-1,0,9416,0,217261
183359,0,1,0,-1,-1,0,9397,0,217263
183360,0,1,0,-1,-1,0,9398,0,217265
183361,0,1,0,-1,-1,0,9415,0,217267
183362,0,1,0,-1,-1,0,9416,0,217268
183363,0,1,0,-1,-1,0,9397,0,217270
183364,0,1,0,-1,-1,0,9395,0,217273
183365,0,1,0,-1,-1,0,9415,0,217275
183366,0,1,0,-1,-1,0,9397,0,217277
183367,0,1,0,-1,-1,0,9417,0,217279
183368,1,1,0,-1,-1,0,9315,0,217281
183369,0,1,0,-1,-1,0,9397,0,217283
183370,0,1,0,-1,-1,0,9396,0,217285
183371,0,1,0,-1,-1,0,9395,0,217287
183373,0,1,0,-1,-1,0,9416,0,217289
183374,0,1,0,-1,-1,0,7679,0,217290
183376,0,1,0,-1,-1,0,9396,0,217291
183377,0,1,0,-1,-1,0,9396,0,217293
183380,0,1,0,-1,-1,0,9395,0,217296
183381,0,1,0,-1,-1,0,7681,0,217301
183384,0,1,0,-1,-1,0,9417,0,217299
183386,0,1,0,-1,-1,0,14254,0,217302
183387,0,1,0,-1,-1,0,9397,0,217295
183442,1,1,0,-1,-1,0,9334,0,213314
183445,1,1,0,-1,-1,0,9335,0,213333
183446,1,1,0,-1,-1,0,439731,0,215461
183467,0,1,0,-1,-1,0,9344,0,217497
183501,0,1,0,-1,-1,0,440632,0,217704
183567,1,1,0,-1,-1,0,15807,0,215382
183569,1,1,0,-1,-1,0,440981,0,215166
183652,0,1,0,-1,-1,0,15771,0,218083
183799,0,1,0,-1,-1,0,9393,0,219023
183800,0,1,0,-1,-1,0,9394,0,219135
183856,1,1,0,-1,-1,0,443278,0,219326
183857,1,0,0,-1,-1,0,443265,0,219345
183859,0,0,0,-1,-1,0,443358,0,219223
183906,0,1,0,-1,-1,0,443632,0,219343
184007,0,1,0,-1,-1,0,444509,0,219945
184140,0,1,0,-1,-1,0,7597,0,220518
184147,0,1,0,-1,-1,0,21474,0,220530
184150,0,1,0,-1,-1,0,23172,0,220539
184151,0,1,0,-1,-1,0,432639,0,220544
184153,0,1,0,-1,-1,0,9314,0,220546
184155,0,2,0,-1,-1,0,15662,0,220566
184157,0,2,0,-1,-1,0,446327,0,220569
184159,0,1,0,-1,-1,0,9330,0,220571
184161,0,1,0,-1,-1,0,15464,0,220574
184162,0,1,0,-1,-1,0,12981,0,220575
184163,0,2,0,-1,-1,0,446317,0,220578
184164,0,1,0,-1,-1,0,18029,0,220579
184165,1,1,0,-1,-1,0,21362,0,220579
184168,1,2,0,-1,-1,0,13049,0,220582
184169,0,2,0,-1,-1,0,18088,0,220583
184170,0,2,0,-1,-1,0,16413,0,220584
184175,0,1,0,-1,-1,0,448324,0,220590
184189,2,1,0,-1,-1,0,9343,0,220597
184190,2,1,0,-1,-1,0,9343,0,220598
184191,2,1,0,-1,-1,0,9343,0,220599
184218,0,0,0,120000,20000,1141,446289,0,220632
184219,0,0,0,120000,0,0,446310,0,220633
184220,0,0,0,120000,20000,1141,446297,0,220634
184225,0,0,0,180000,0,0,446322,0,220674
184312,0,0,0,-1,-1,0,446097,0,220621
184318,0,0,0,15000,-1,0,446106,0,220568
184329,0,1,0,-1,-1,0,446092,0,221026
184330,1,1,0,-1,-1,0,446092,0,221027
184333,0,1,0,-1,-1,0,24292,0,220965
184336,1,0,0,3600000,3600000,2288,446665,0,221193
184337,0,1,0,-1,-1,0,449668,0,220596
184353,1,0,0,600000,600000,2286,446382,0,221026
184354,2,0,0,600000,600000,2286,446382,0,221027
184387,0,1,0,-1,-1,0,446392,0,221307
184388,0,1,0,-1,-1,0,446395,0,221308
184389,0,1,0,-1,-1,0,446389,0,221309
184390,0,1,0,-1,-1,0,446390,0,221310
184422,1,1,0,-1,-1,0,446579,0,220738
184429,2,1,0,-1,-1,0,446545,0,220739
184430,2,1,0,-1,-1,0,446592,0,220740
184431,1,1,0,-1,-1,0,446620,0,220742
184432,0,1,0,-1,-1,0,446579,0,220743
184433,2,1,0,-1,-1,0,446592,0,220745
184434,1,1,0,-1,-1,0,446545,0,220748
184435,1,1,0,-1,-1,0,446579,0,220747
184436,2,1,0,-1,-1,0,446518,0,220741
184437,2,1,0,-1,-1,0,446545,0,220744
184445,0,1,0,-1,-1,0,446675,0,221369
184447,0,1,0,-1,-1,0,446689,0,221374
184456,0,1,0,-1,-1,0,9160,0,221439
184457,0,1,0,-1,-1,0,446705,0,221440
184458,0,2,0,-1,-1,0,446707,0,220173
184459,0,1,0,-1,-1,0,446708,0,221441
184460,0,0,0,120000,20000,1141,446709,0,221442
184461,0,0,0,120000,-1,0,446710,0,221443
184465,0,1,0,-1,-1,0,449668,0,221446
184466,1,0,0,180000,-1,0,436482,0,221446
184469,0,1,0,-1,-1,0,446723,0,221450
184470,0,1,0,-1,-1,0,446724,0,221451
184471,0,1,0,-1,-1,0,13602,0,221452
184472,0,1,0,-1,-1,0,9295,0,221453
184473,0,1,0,-1,-1,0,9305,0,221454
184474,0,1,0,-1,-1,0,21515,0,221456
184475,1,1,0,-1,-1,0,446727,0,221457
184476,0,1,0,-1,-1,0,9325,0,221458
184478,0,1,0,-1,-1,0,9407,0,221459
184481,0,2,0,-1,-1,0,446729,0,221462
184482,0,1,0,-1,-1,0,446730,0,221464
184483,0,2,0,-1,-1,0,436473,0,221465
184484,0,1,0,-1,-1,0,9295,0,221466
184485,0,1,0,-1,-1,0,9325,0,221467
184486,2,1,0,-1,-1,0,27561,0,221468
184487,0,0,0,300000,-1,0,446731,0,221469
184490,0,0,0,600000,45000,1141,12766,0,221474
184552,0,1,0,-1,-1,0,436239,0,221518
184576,0,1,0,-1,-1,0,9342,0,220873
184578,1,1,0,-1,-1,0,9344,0,220816
184582,2,1,0,-1,-1,0,9138,0,221411
184583,0,1,0,-1,-1,0,436239,0,221411
184596,0,1,0,-1,-1,0,14799,0,220741
184600,0,1,0,-1,-1,0,17889,0,220597
184601,1,1,0,-1,-1,0,17987,0,220597
184602,0,1,0,-1,-1,0,14793,0,220598
184603,1,1,0,-1,-1,0,17821,0,220598
184604,0,1,0,-1,-1,0,18029,0,220599
184605,1,1,0,-1,-1,0,17747,0,220599
184609,0,1,0,-1,-1,0,9329,0,220582
184612,0,1,0,-1,-1,0,447274,0,221780
184614,1,1,0,-1,-1,0,432639,0,221783
184615,0,1,0,-1,-1,0,21513,0,221783
184616,0,1,0,-1,-1,0,432639,0,221784
184617,1,1,0,-1,-1,0,13665,0,221784
184618,0,1,0,-1,-1,0,18039,0,221785
184654,1,0,0,600000,600000,2286,446382,0,221815
184695,1,1,0,-1,-1,0,15714,0,220521
184696,0,1,0,-1,-1,0,436239,0,220521
184697,1,1,0,-1,-1,0,9316,0,220519
184698,0,1,0,-1,-1,0,436239,0,220519
184699,1,1,0,-1,-1,0,15808,0,220518
184700,0,1,0,-1,-1,0,13881,0,220515
184701,0,1,0,-1,-1,0,9317,0,220514
184702,1,1,0,-1,-1,0,18378,0,220514
184703,0,1,0,-1,-1,0,436239,0,220516
184704,1,1,0,-1,-1,0,9336,0,220516
184705,0,1,0,-1,-1,0,436239,0,220511
184706,0,1,0,-1,-1,0,17371,0,220512
184707,1,1,0,-1,-1,0,21618,0,220512
184708,0,1,0,-1,-1,0,14254,0,220623
184709,0,1,0,-1,-1,0,436239,0,220624
184710,1,1,0,-1,-1,0,9330,0,220624
184711,0,1,0,-1,-1,0,9314,0,220622
184712,0,1,0,-1,-1,0,432639,0,220625
184713,0,1,0,-1,-1,0,13669,0,220532
184714,0,1,0,-1,-1,0,432639,0,220529
184722,0,1,0,-1,-1,0,436239,0,220672
184723,1,1,0,-1,-1,0,18049,0,220672
184724,0,1,0,-1,-1,0,18031,0,220669
184725,0,1,0,-1,-1,0,432639,0,220779
184726,0,1,0,-1,-1,0,436239,0,220666
184727,0,1,0,-1,-1,0,436239,0,220660
184728,1,1,0,-1,-1,0,14047,0,220660
184729,0,1,0,-1,-1,0,436239,0,220657
184730,1,1,0,-1,-1,0,9335,0,220657
184731,0,1,0,-1,-1,0,436239,0,220665
184732,1,1,0,-1,-1,0,9317,0,220665
184733,2,1,0,-1,-1,0,21618,0,220665
184734,1,1,0,-1,-1,0,18030,0,220650
184735,0,1,0,-1,-1,0,436239,0,220650
184736,1,1,0,-1,-1,0,28113,0,220530
184737,0,1,0,-1,-1,0,23181,0,220642
184739,0,1,0,-1,-1,0,9315,0,220551
184740,1,1,0,-1,-1,0,21363,0,220551
184741,0,1,0,-1,-1,0,15807,0,220550
184742,1,1,0,-1,-1,0,24595,0,220553
184743,0,1,0,-1,-1,0,436239,0,220553
184744,0,1,0,-1,-1,0,23515,0,220555
184749,0,1,0,-1,-1,0,17371,0,220557
184750,1,1,0,-1,-1,0,15715,0,220673
184751,1,1,0,-1,-1,0,14089,0,220678
184752,0,1,0,-1,-1,0,436239,0,220678
184753,0,1,0,-1,-1,0,18029,0,220671
184755,0,1,0,-1,-1,0,432639,0,220667
184756,1,1,0,-1,-1,0,18049,0,220661
184757,0,1,0,-1,-1,0,436239,0,220661
184758,0,1,0,-1,-1,0,436239,0,220658
184759,0,1,0,-1,-1,0,18031,0,220559
184760,0,1,0,-1,-1,0,18029,0,220663
184761,1,1,0,-1,-1,0,21625,0,220663
184762,0,1,0,-1,-1,0,436239,0,220654
184763,1,1,0,-1,-1,0,9318,0,220651
184764,0,1,0,-1,-1,0,436239,0,220651
184765,0,1,0,-1,-1,0,432639,0,220560
184772,1,1,0,-1,-1,0,436239,0,220675
184773,2,1,0,-1,-1,0,9343,0,220675
184774,0,1,0,-1,-1,0,9314,0,220564
184775,0,1,0,-1,-1,0,9406,0,220670
184776,1,1,0,-1,-1,0,18379,0,220670
184777,0,1,0,-1,-1,0,432639,0,220563
184778,1,1,0,-1,-1,0,9346,0,220563
184779,0,1,0,-1,-1,0,436239,0,220662
184780,1,1,0,-1,-1,0,9344,0,220662
184781,0,1,0,-1,-1,0,9406,0,220664
184782,1,1,0,-1,-1,0,18379,0,220664
184783,0,1,0,-1,-1,0,9335,0,220656
184784,1,1,0,-1,-1,0,7680,0,220652
184785,0,1,0,-1,-1,0,436239,0,220652
184786,0,1,0,-1,-1,0,432639,0,220561
184787,1,1,0,-1,-1,0,22912,0,220561
184788,0,1,0,-1,-1,0,21470,0,220648
184794,0,1,0,-1,-1,0,432639,0,220545
184795,0,1,0,-1,-1,0,9315,0,220543
184796,1,1,0,-1,-1,0,21628,0,220543
184797,0,1,0,-1,-1,0,432639,0,220541
184798,0,1,0,-1,-1,0,436239,0,220540
184799,0,1,0,-1,-1,0,9344,0,220628
184800,0,1,0,-1,-1,0,9407,0,220629
184801,1,1,0,-1,-1,0,21620,0,220629
184802,0,1,0,-1,-1,0,432639,0,220626
184803,1,1,0,-1,-1,0,9331,0,220626
184804,0,1,0,-1,-1,0,432639,0,220627
184805,1,1,0,-1,-1,0,21438,0,220627
184806,0,1,0,-1,-1,0,432639,0,220630
184818,0,1,0,-1,-1,0,9417,0,220604
184819,0,1,0,-1,-1,0,7680,0,220603
184820,0,2,0,-1,-1,0,447894,0,220589
184821,0,2,0,-1,-1,0,21919,0,220588
184822,0,1,0,-1,-1,0,21434,0,220573
184824,1,1,0,-1,-1,0,432639,0,220583
184825,0,1,0,-1,-1,0,9331,0,220576
184826,0,1,0,-1,-1,0,14248,0,220601
184827,0,1,0,-1,-1,0,28112,0,220600
184828,0,1,0,-1,-1,0,18029,0,220602
184829,1,1,0,-1,-1,0,9344,0,220611
184830,0,1,0,-1,-1,0,18029,0,220608
184831,0,1,0,-1,-1,0,18039,0,220591
184832,0,1,0,-1,-1,0,432639,0,220594
184833,0,1,0,-1,-1,0,436239,0,220686
184834,0,1,0,-1,-1,0,436239,0,220567
184835,1,1,0,-1,-1,0,432639,0,220567
184836,0,1,0,-1,-1,0,9317,0,220587
184838,0,1,0,-1,-1,0,13881,0,220586
184839,0,1,0,-1,-1,0,18053,0,220595
184886,1,1,0,-1,-1,0,21515,0,220740
184887,0,1,0,-1,-1,0,436239,0,220740
184888,0,1,0,-1,-1,0,432639,0,220738
184889,0,1,0,-1,-1,0,9317,0,220739
184890,1,1,0,-1,-1,0,21624,0,220739
184892,1,1,0,-1,-1,0,14799,0,220745
184893,0,1,0,-1,-1,0,9316,0,220748
184894,0,1,0,-1,-1,0,432639,0,220747
184895,0,1,0,-1,-1,0,432639,0,220742
184896,0,1,0,-1,-1,0,9317,0,220744
184897,1,1,0,-1,-1,0,21618,0,220744
184948,0,1,0,-1,-1,0,23731,0,221027
184972,0,1,0,-1,-1,0,436239,0,220868
184973,1,1,0,-1,-1,0,9416,0,220868
184974,0,1,0,-1,-1,0,436239,0,220869
184975,1,1,0,-1,-1,0,9416,0,220869
184976,0,1,0,-1,-1,0,432639,0,220862
184977,0,1,0,-1,-1,0,432639,0,220863
184978,0,1,0,-1,-1,0,9343,0,220866
184979,0,1,0,-1,-1,0,9343,0,220867
184980,0,1,0,-1,-1,0,9342,0,220872
184981,0,1,0,-1,-1,0,436239,0,220864
184982,2,1,0,-1,-1,0,9417,0,220864
184983,0,1,0,-1,-1,0,436239,0,220865
184984,2,1,0,-1,-1,0,9417,0,220865
184985,0,1,0,-1,-1,0,432639,0,220870
184986,0,1,0,-1,-1,0,432639,0,220871
184987,0,1,0,-1,-1,0,436239,0,220854
184988,0,1,0,-1,-1,0,436239,0,220855
184989,0,1,0,-1,-1,0,17746,0,220860
184990,0,1,0,-1,-1,0,17746,0,220861
184991,0,1,0,-1,-1,0,436239,0,220856
184992,0,1,0,-1,-1,0,436239,0,220857
184993,0,1,0,-1,-1,0,436239,0,220850
184994,2,1,0,-1,-1,0,9329,0,220850
184995,1,1,0,-1,-1,0,432639,0,220850
184996,0,1,0,-1,-1,0,436239,0,220851
184997,2,1,0,-1,-1,0,9329,0,220851
184998,1,1,0,-1,-1,0,432639,0,220851
184999,0,1,0,-1,-1,0,436239,0,220858
185000,1,1,0,-1,-1,0,432639,0,220858
185001,0,1,0,-1,-1,0,436239,0,220859
185002,1,1,0,-1,-1,0,432639,0,220859
185003,2,1,0,-1,-1,0,9139,0,220852
185004,0,1,0,-1,-1,0,436239,0,220853
185005,0,1,0,-1,-1,0,9407,0,220878
185006,0,1,0,-1,-1,0,9407,0,220879
185007,0,1,0,-1,-1,0,9407,0,220884
185008,0,1,0,-1,-1,0,9407,0,220885
185009,0,1,0,-1,-1,0,9315,0,220880
185010,0,1,0,-1,-1,0,9315,0,220881
185011,0,1,0,-1,-1,0,9314,0,220874
185012,0,1,0,-1,-1,0,9314,0,220875
185013,0,1,0,-1,-1,0,436239,0,220882
185014,1,1,0,-1,-1,0,9408,0,220882
185015,0,1,0,-1,-1,0,436239,0,220883
185016,1,1,0,-1,-1,0,9408,0,220883
185017,0,1,0,-1,-1,0,9408,0,220876
185018,0,1,0,-1,-1,0,9408,0,220877
185019,0,1,0,-1,-1,0,432639,0,220844
185020,1,1,0,-1,-1,0,9346,0,220844
185021,1,1,0,-1,-1,0,22801,0,220846
185022,0,1,0,-1,-1,0,9415,0,220846
185023,0,1,0,-1,-1,0,436239,0,220845
185024,1,1,0,-1,-1,0,9398,0,220845
185025,0,1,0,-1,-1,0,432639,0,220848
185026,1,1,0,-1,-1,0,9342,0,220848
185027,0,1,0,-1,-1,0,432639,0,220847
185028,1,1,0,-1,-1,0,9346,0,220847
185029,0,1,0,-1,-1,0,436239,0,220849
185030,1,1,0,-1,-1,0,9416,0,220849
185031,0,1,0,-1,-1,0,436239,0,220826
185032,0,1,0,-1,-1,0,24090,0,220835
185033,0,1,0,-1,-1,0,436239,0,220831
185034,0,1,0,-1,-1,0,436239,0,220820
185035,0,1,0,-1,-1,0,436239,0,220834
185036,0,1,0,-1,-1,0,436239,0,220823
185037,0,1,0,-1,-1,0,436239,0,220838
185038,1,1,0,-1,-1,0,9315,0,220838
185039,0,1,0,-1,-1,0,9406,0,220840
185040,1,1,0,-1,-1,0,22801,0,220840
185041,0,1,0,-1,-1,0,436239,0,220843
185042,1,1,0,-1,-1,0,7681,0,220843
185043,0,1,0,-1,-1,0,436239,0,220842
185044,1,1,0,-1,-1,0,7681,0,220842
185045,0,1,0,-1,-1,0,436239,0,220839
185046,1,1,0,-1,-1,0,9315,0,220839
185047,0,1,0,-1,-1,0,436239,0,220841
185048,1,1,0,-1,-1,0,9407,0,220841
185049,0,1,0,-1,-1,0,436239,0,220828
185050,0,1,0,-1,-1,0,436239,0,220827
185051,0,1,0,-1,-1,0,436239,0,220822
185052,0,1,0,-1,-1,0,436239,0,220821
185053,0,1,0,-1,-1,0,436239,0,220832
185054,0,1,0,-1,-1,0,436239,0,220833
185055,0,1,0,-1,-1,0,436239,0,220825
185056,0,1,0,-1,-1,0,436239,0,220824
185058,1,1,0,-1,-1,0,9344,0,220815
185060,1,1,0,-1,-1,0,9415,0,220814
185061,0,1,0,-1,-1,0,436239,0,220817
185062,1,1,0,-1,-1,0,9397,0,220817
185064,1,1,0,-1,-1,0,9344,0,220819
185066,1,1,0,-1,-1,0,9417,0,220818
185068,0,1,0,-1,-1,0,9316,0,220813
185070,1,1,0,-1,-1,0,9314,0,220811
185071,0,1,0,-1,-1,0,436239,0,220812
185072,1,1,0,-1,-1,0,7680,0,220812
185076,1,1,0,-1,-1,0,21619,0,220809
185079,0,1,0,-1,-1,0,436239,0,220794
185080,0,1,0,-1,-1,0,436239,0,220801
185081,0,1,0,-1,-1,0,436239,0,220804
185082,1,1,0,-1,-1,0,432639,0,220804
185083,0,1,0,-1,-1,0,436239,0,220803
185084,1,1,0,-1,-1,0,432639,0,220803
185085,0,1,0,-1,-1,0,436239,0,220797
185086,0,1,0,-1,-1,0,436239,0,220798
185087,0,1,0,-1,-1,0,436239,0,220795
185088,0,1,0,-1,-1,0,436239,0,220796
185089,0,1,0,-1,-1,0,436239,0,223073
185090,0,1,0,-1,-1,0,436239,0,223074
185091,0,1,0,-1,-1,0,436239,0,223075
185092,0,1,0,-1,-1,0,436239,0,223076
185093,0,1,0,-1,-1,0,24090,0,223077
185094,0,1,0,-1,-1,0,436239,0,223078
185228,1,1,0,-1,-1,0,9325,0,220590
185255,0,1,0,-1,-1,0,436239,0,221419
185256,1,1,0,-1,-1,0,9415,0,221419
185257,0,1,0,-1,-1,0,9415,0,221420
185258,0,1,0,-1,-1,0,9417,0,221421
185259,0,1,0,-1,-1,0,9416,0,221422
185260,0,1,0,-1,-1,0,436239,0,221423
185261,1,1,0,-1,-1,0,9415,0,221423
185262,0,1,0,-1,-1,0,9415,0,221424
185263,0,1,0,-1,-1,0,436239,0,221406
185264,0,1,0,-1,-1,0,17746,0,221409
185265,0,1,0,-1,-1,0,436239,0,221407
185266,0,1,0,-1,-1,0,436239,0,221408
185267,2,1,0,-1,-1,0,9141,0,221408
185268,1,1,0,-1,-1,0,432639,0,221408
185269,0,1,0,-1,-1,0,436239,0,221410
185270,1,1,0,-1,-1,0,432639,0,221410
185271,0,1,0,-1,-1,0,436239,0,221417
185272,1,1,0,-1,-1,0,9406,0,221417
185273,0,1,0,-1,-1,0,9406,0,221415
185274,0,1,0,-1,-1,0,9408,0,221412
185275,0,1,0,-1,-1,0,9407,0,221413
185276,0,1,0,-1,-1,0,436239,0,221414
185277,1,1,0,-1,-1,0,9407,0,221414
185278,0,1,0,-1,-1,0,9406,0,221416
185279,0,1,0,-1,-1,0,436239,0,221404
185280,1,1,0,-1,-1,0,9417,0,221404
185281,0,1,0,-1,-1,0,9397,0,221405
185282,1,1,0,-1,-1,0,22801,0,221405
185283,0,1,0,-1,-1,0,436239,0,221403
185284,1,1,0,-1,-1,0,9397,0,221403
185285,0,1,0,-1,-1,0,436239,0,221402
185286,1,1,0,-1,-1,0,9397,0,221402
185287,0,1,0,-1,-1,0,436239,0,221401
185288,1,1,0,-1,-1,0,9417,0,221401
185289,0,1,0,-1,-1,0,436239,0,221400
185290,1,1,0,-1,-1,0,9415,0,221400
185291,0,1,0,-1,-1,0,436239,0,221390
185292,1,1,0,-1,-1,0,9331,0,221390
185293,0,1,0,-1,-1,0,9141,0,221393
185294,1,1,0,-1,-1,0,24090,0,221393
185295,0,1,0,-1,-1,0,436239,0,221389
185296,1,1,0,-1,-1,0,9141,0,221389
185297,0,1,0,-1,-1,0,436239,0,221391
185298,1,1,0,-1,-1,0,9141,0,221391
185299,0,1,0,-1,-1,0,436239,0,221388
185300,1,1,0,-1,-1,0,9331,0,221388
185301,0,1,0,-1,-1,0,436239,0,221392
185302,1,1,0,-1,-1,0,9329,0,221392
185303,0,1,0,-1,-1,0,436239,0,221395
185304,1,1,0,-1,-1,0,9408,0,221395
185305,0,1,0,-1,-1,0,7680,0,221394
185306,1,1,0,-1,-1,0,22801,0,221394
185307,0,1,0,-1,-1,0,436239,0,221396
185308,1,1,0,-1,-1,0,7680,0,221396
185309,0,1,0,-1,-1,0,436239,0,221397
185310,1,1,0,-1,-1,0,7680,0,221397
185311,0,1,0,-1,-1,0,436239,0,221398
185312,1,1,0,-1,-1,0,9408,0,221398
185313,0,1,0,-1,-1,0,436239,0,221399
185314,1,1,0,-1,-1,0,9406,0,221399
185315,0,1,0,-1,-1,0,436239,0,221380
185316,0,1,0,-1,-1,0,436239,0,221376
185317,1,1,0,-1,-1,0,432639,0,221376
185318,0,1,0,-1,-1,0,436239,0,221377
185319,0,1,0,-1,-1,0,436239,0,221381
185320,1,1,0,-1,-1,0,21626,0,221382
185321,0,1,0,-1,-1,0,9408,0,221382
185322,1,1,0,-1,-1,0,21626,0,221387
185323,0,1,0,-1,-1,0,7681,0,221387
185324,0,1,0,-1,-1,0,436239,0,221383
185325,1,1,0,-1,-1,0,7680,0,221383
185326,0,1,0,-1,-1,0,9408,0,221384
185327,1,1,0,-1,-1,0,21626,0,221384
185328,1,1,0,-1,-1,0,21626,0,221385
185329,0,1,0,-1,-1,0,9314,0,221385
185330,0,1,0,-1,-1,0,7681,0,221386
185331,1,1,0,-1,-1,0,21626,0,221386
185344,0,1,0,-1,-1,0,9331,0,223194
185345,1,1,0,-1,-1,0,432639,0,223194
185346,0,1,0,-1,-1,0,436239,0,223195
185347,1,1,0,-1,-1,0,432639,0,223195
185348,0,1,0,-1,-1,0,9343,0,223197
185349,1,0,0,14400000,-1,0,435849,0,221344
185350,0,1,0,-1,-1,0,14248,0,221344
185351,0,1,0,-1,-1,0,17747,0,223198
185352,0,0,0,120000,20000,1141,448686,0,223214
185356,0,1,0,-1,-1,0,9417,0,223218
185428,0,1,0,-1,-1,0,14089,0,221782
185430,0,1,0,-1,-1,0,9345,0,221447
185431,0,1,0,-1,-1,0,9316,0,221448
185433,1,1,0,-1,-1,0,21628,0,221448
185434,0,1,0,-1,-1,0,9316,0,221455
185435,1,1,0,-1,-1,0,21628,0,221455
185436,0,1,0,-1,-1,0,436239,0,221460
185437,0,1,0,-1,-1,0,9316,0,221463
185438,1,1,0,-1,-1,0,21628,0,221463
185497,1,1,0,-1,-1,0,21623,0,223518
185498,0,1,0,-1,-1,0,436239,0,223520
185499,0,1,0,-1,-1,0,13385,0,223522
185500,1,2,0,-1,-1,0,21951,0,223524
185501,0,2,0,-1,-1,0,11658,0,223526
185502,0,2,0,-1,-1,0,3742,0,223527
185503,0,1,0,-1,-1,0,436239,0,223538
185504,0,1,0,-1,-1,0,21433,0,223540
185505,0,1,0,-1,-1,0,21433,0,223542
185508,0,1,0,-1,-1,0,9344,0,223533
185509,0,1,0,-1,-1,0,14254,0,223529
185510,0,1,0,-1,-1,0,9344,0,223530
185511,1,1,0,-1,-1,0,9416,0,223520
185513,0,1,0,-1,-1,0,9406,0,223523
185514,0,1,0,-1,-1,0,7680,0,223541
185515,0,1,0,-1,-1,0,9406,0,223524
185516,0,1,0,-1,-1,0,9346,0,223525
185519,0,1,0,-1,-1,0,9416,0,223518
185520,0,1,0,-1,-1,0,9417,0,223545
185521,0,1,0,-1,-1,0,432639,0,223539
185522,1,1,0,-1,-1,0,9398,0,223539
185523,1,1,0,-1,-1,0,9344,0,223538
185707,0,1,0,-1,-1,0,436239,0,220778
185713,0,1,0,-1,-1,0,22852,0,220643
185717,0,1,0,-1,-1,0,432639,0,220676
185729,1,1,0,-1,-1,0,450109,0,221310
185730,1,1,0,-1,-1,0,450110,0,221307
185731,0,1,0,-1,-1,0,15807,0,223963
185732,1,1,0,-1,-1,0,21978,0,223964
185733,0,1,0,-1,-1,0,14799,0,223964
185735,0,1,0,-1,-1,0,14799,0,223981
185736,0,1,0,-1,-1,0,21433,0,223982
185737,0,1,0,-1,-1,0,9416,0,223983
185739,0,1,0,-1,-1,0,9417,0,223985
185741,1,1,0,-1,-1,0,9344,0,223980
185742,0,1,0,-1,-1,0,432639,0,223980
185743,0,1,0,-1,-1,0,7680,0,223986
185760,0,1,0,-1,-1,0,432639,0,220673
185763,1,0,0,3600000,3600000,2288,446665,0,224004
185764,0,1,0,-1,-1,0,9138,0,224004
185765,0,1,0,-1,-1,0,9394,0,224005
185766,1,0,0,3600000,3600000,2288,446665,0,224005
185767,0,1,0,-1,-1,0,9142,0,221193
185768,1,0,0,3600000,3600000,2288,446665,0,224006
185769,0,1,0,-1,-1,0,9398,0,224006
185805,1,1,0,-1,-1,0,432639,0,220854
185806,2,1,0,-1,-1,0,9330,0,220854
185807,1,1,0,-1,-1,0,432639,0,220855
185808,2,1,0,-1,-1,0,9330,0,220855
185809,2,1,0,-1,-1,0,9330,0,220859
185810,2,1,0,-1,-1,0,9330,0,220858
185811,1,1,0,-1,-1,0,9142,0,220857
185812,1,1,0,-1,-1,0,9142,0,220856
185813,1,1,0,-1,-1,0,9330,0,220860
185814,1,1,0,-1,-1,0,9330,0,220861
185815,1,1,0,-1,-1,0,432639,0,220852
185816,0,1,0,-1,-1,0,436239,0,220852
185817,1,1,0,-1,-1,0,432639,0,220853
185818,2,1,0,-1,-1,0,9139,0,220853
185819,1,1,0,-1,-1,0,21619,0,220813
185820,0,1,0,-1,-1,0,9316,0,220809
185821,0,1,0,-1,-1,0,9316,0,220810
185822,1,1,0,-1,-1,0,21620,0,220810
185823,0,1,0,-1,-1,0,9408,0,220808
185824,1,1,0,-1,-1,0,21618,0,220808
185825,1,1,0,-1,-1,0,432639,0,221406
185826,2,1,0,-1,-1,0,9329,0,221406
185827,2,1,0,-1,-1,0,9329,0,221410
185828,1,1,0,-1,-1,0,9142,0,221407
185829,1,1,0,-1,-1,0,9329,0,221409
185830,1,1,0,-1,-1,0,432639,0,221411
185836,1,1,0,-1,-1,0,9416,0,220862
185837,1,1,0,-1,-1,0,9416,0,220863
185838,1,1,0,-1,-1,0,432639,0,220864
185839,1,1,0,-1,-1,0,432639,0,220865
185840,1,1,0,-1,-1,0,9417,0,220871
185841,1,1,0,-1,-1,0,9417,0,220870
185950,0,1,0,-1,-1,0,432639,0,220745
186034,1,1,0,-1,-1,0,451415,0,221309
186140,1,1,0,-1,-1,0,452466,0,224279
186145,3,1,0,-1,-1,0,452428,0,224281
186146,0,1,0,-1,-1,0,468700,0,224282
186147,1,1,0,-1,-1,0,452432,0,224282
186148,0,1,0,-1,-1,0,451439,0,224122
186156,2,0,0,60000,60000,2332,452433,0,224282
186158,4,0,0,60000,60000,2332,452434,0,224281
186300,0,2,0,-1,-1,0,447894,0,224409
186349,0,1,0,-1,-1,0,22683,0,224280
186351,4,0,0,60000,-1,0,452474,0,224280
186354,2,1,0,-1,-1,0,453017,0,224281
187542,0,1,0,-1,-1,0,432639,0,220580
187543,1,1,0,-1,-1,0,14799,0,220580
187546,1,1,0,-1,-1,0,14248,0,220544
187562,2,1,0,-1,-1,0,18049,0,220590
187721,0,1,0,-1,-1,0,432639,0,226440
187722,0,1,0,-1,-1,0,432639,0,226441
187723,0,1,0,-1,-1,0,436239,0,226444
187724,0,1,0,-1,-1,0,436239,0,226445
187725,0,1,0,-1,-1,0,436239,0,226446
187726,0,1,0,-1,-1,0,436239,0,226447
187732,0,1,0,-1,-1,0,432639,0,226442
187733,1,1,0,-1,-1,0,432639,0,226447
187734,0,1,0,-1,-1,0,432639,0,226473
187735,0,1,0,-1,-1,0,13385,0,226474
187737,0,1,0,-1,-1,0,432639,0,226478
187738,0,1,0,-1,-1,0,432639,0,226479
187739,0,1,0,-1,-1,0,432639,0,226480
187740,1,1,0,-1,-1,0,13390,0,226480
187741,1,1,0,-1,-1,0,13388,0,226473
187742,0,1,0,-1,-1,0,13384,0,226475
187745,0,1,0,-1,-1,0,7518,0,226476
187747,0,1,0,-1,-1,0,22912,0,226485
187751,0,1,0,-1,-1,0,432639,0,226488
187752,1,1,0,-1,-1,0,23172,0,226488
187757,0,1,0,-1,-1,0,28112,0,226491
187759,0,1,0,-1,-1,0,432639,0,226484
187761,0,1,0,-1,-1,0,25036,0,226487
187763,0,1,0,-1,-1,0,432639,0,226490
187764,1,1,0,-1,-1,0,23516,0,226490
187765,0,1,0,-1,-1,0,432639,0,226492
187766,0,1,0,-1,-1,0,432639,0,226493
187769,0,1,0,-1,-1,0,448324,0,226494
187770,0,1,0,-1,-1,0,432639,0,226495
187772,0,1,0,-1,-1,0,432639,0,226496
187773,0,1,0,-1,-1,0,432639,0,226497
187800,0,1,0,-1,-1,0,436239,0,226527
187801,0,1,0,-1,-1,0,436239,0,226528
187802,0,1,0,-1,-1,0,436239,0,226529
187803,0,1,0,-1,-1,0,436239,0,226532
187804,0,1,0,-1,-1,0,436239,0,226533
187805,0,1,0,-1,-1,0,7597,0,226534
187806,0,1,0,-1,-1,0,436239,0,226535
187807,0,1,0,-1,-1,0,448324,0,226536
187808,0,1,0,-1,-1,0,448324,0,226537
187810,0,1,0,-1,-1,0,436239,0,226540
187812,0,1,0,-1,-1,0,432639,0,226543
187854,1,1,0,-1,-1,0,436239,0,226495
187881,0,1,0,-1,-1,0,18030,0,226588
187882,0,1,0,-1,-1,0,436239,0,226589
187883,0,1,0,-1,-1,0,436239,0,226590
187884,1,1,0,-1,-1,0,18033,0,226590
187885,0,1,0,-1,-1,0,18030,0,226591
187886,0,1,0,-1,-1,0,18030,0,226592
187887,0,1,0,-1,-1,0,436239,0,226593
187888,1,1,0,-1,-1,0,18030,0,226593
187889,0,1,0,-1,-1,0,436239,0,226594
187890,1,1,0,-1,-1,0,18034,0,226594
187891,0,1,0,-1,-1,0,432639,0,226595
187892,0,1,0,-1,-1,0,432639,0,226596
187893,0,1,0,-1,-1,0,21511,0,226597
187894,0,1,0,-1,-1,0,436239,0,226598
187895,1,1,0,-1,-1,0,21515,0,226598
187896,0,1,0,-1,-1,0,432639,0,226599
187897,1,1,0,-1,-1,0,21517,0,226599
187898,0,1,0,-1,-1,0,21512,0,226600
187899,0,1,0,-1,-1,0,436239,0,226601
187900,1,1,0,-1,-1,0,21512,0,226601
187901,0,1,0,-1,-1,0,436239,0,226602
187902,0,1,0,-1,-1,0,13390,0,226603
187903,0,1,0,-1,-1,0,13390,0,226604
187904,0,1,0,-1,-1,0,13388,0,226605
187905,0,1,0,-1,-1,0,432639,0,226606
187906,1,1,0,-1,-1,0,25036,0,226606
187907,2,1,0,-1,-1,0,13385,0,226607
187908,1,1,0,-1,-1,0,23172,0,226607
187909,0,1,0,-1,-1,0,13388,0,226608
187910,0,1,0,-1,-1,0,13387,0,226609
187911,1,1,0,-1,-1,0,23172,0,226609
187912,0,1,0,-1,-1,0,18037,0,226610
187913,0,1,0,-1,-1,0,436239,0,226611
187914,1,1,0,-1,-1,0,18030,0,226611
187915,0,1,0,-1,-1,0,18035,0,226612
187916,1,1,0,-1,-1,0,436239,0,226612
187917,0,1,0,-1,-1,0,18030,0,226613
187918,0,1,0,-1,-1,0,18033,0,226614
187919,1,1,0,-1,-1,0,436239,0,226614
187920,0,1,0,-1,-1,0,436239,0,226615
187921,1,1,0,-1,-1,0,9318,0,226615
187922,0,1,0,-1,-1,0,436239,0,226616
187923,1,1,0,-1,-1,0,18030,0,226616
187924,0,1,0,-1,-1,0,18036,0,226617
187925,1,1,0,-1,-1,0,436239,0,226617
187926,0,1,0,-1,-1,0,436239,0,226618
187927,0,1,0,-1,-1,0,436239,0,226619
187928,1,1,0,-1,-1,0,14798,0,226619
187929,0,1,0,-1,-1,0,14047,0,226620
187930,0,1,0,-1,-1,0,432639,0,226621
187931,1,1,0,-1,-1,0,14047,0,226621
187932,0,1,0,-1,-1,0,436239,0,226622
187933,1,1,0,-1,-1,0,18049,0,226622
187934,0,1,0,-1,-1,0,18049,0,226623
187935,1,1,0,-1,-1,0,436239,0,226623
187936,0,1,0,-1,-1,0,436239,0,226624
187937,1,1,0,-1,-1,0,14799,0,226624
187938,0,1,0,-1,-1,0,9346,0,226625
187939,1,1,0,-1,-1,0,436239,0,226625
187940,0,1,0,-1,-1,0,9344,0,226626
187941,0,1,0,-1,-1,0,13388,0,226627
187942,1,1,0,-1,-1,0,9343,0,226627
187943,0,1,0,-1,-1,0,13385,0,226628
187944,0,1,0,-1,-1,0,7518,0,226629
187945,1,1,0,-1,-1,0,9397,0,226629
187946,0,1,0,-1,-1,0,432639,0,226630
187947,1,1,0,-1,-1,0,21408,0,226630
187948,0,1,0,-1,-1,0,13387,0,226631
187949,1,1,0,-1,-1,0,9343,0,226631
187950,0,1,0,-1,-1,0,13384,0,226632
187951,1,1,0,-1,-1,0,9415,0,226632
187952,0,1,0,-1,-1,0,432639,0,226633
187953,1,1,0,-1,-1,0,7518,0,226633
187955,0,1,0,-1,-1,0,436239,0,226635
187957,0,1,0,-1,-1,0,432639,0,226636
187958,0,1,0,-1,-1,0,436239,0,226637
187960,0,1,0,-1,-1,0,436239,0,226638
187962,0,1,0,-1,-1,0,436239,0,226639
187963,1,1,0,-1,-1,0,432639,0,226639
187964,0,1,0,-1,-1,0,436239,0,226640
187966,0,1,0,-1,-1,0,432639,0,226641
187968,0,1,0,-1,-1,0,9396,0,226642
187972,1,1,0,-1,-1,0,18031,0,226644
187973,0,1,0,-1,-1,0,18030,0,226645
187975,0,1,0,-1,-1,0,18034,0,226646
187978,0,1,0,-1,-1,0,18032,0,226647
187979,0,1,0,-1,-1,0,17371,0,226648
187980,0,1,0,-1,-1,0,9316,0,226649
187981,0,1,0,-1,-1,0,18031,0,226650
187983,0,1,0,-1,-1,0,14055,0,226651
187984,1,1,0,-1,-1,0,436239,0,226651
187986,0,1,0,-1,-1,0,436239,0,226652
187987,1,1,0,-1,-1,0,14047,0,226652
187988,0,1,0,-1,-1,0,432639,0,226653
187989,1,1,0,-1,-1,0,14248,0,226653
187990,0,1,0,-1,-1,0,15715,0,226654
187991,0,1,0,-1,-1,0,9344,0,226655
187992,0,1,0,-1,-1,0,14055,0,226656
187993,0,1,0,-1,-1,0,436239,0,226657
187994,1,1,0,-1,-1,0,14799,0,226657
187995,0,1,0,-1,-1,0,18053,0,226658
187996,0,1,0,-1,-1,0,436239,0,226659
187999,0,1,0,-1,-1,0,432639,0,226661
188003,0,1,0,-1,-1,0,432639,0,226664
188004,0,1,0,-1,-1,0,436239,0,226665
188006,0,1,0,-1,-1,0,436239,0,226666
188009,0,1,0,-1,-1,0,13385,0,226667
188011,0,1,0,-1,-1,0,7518,0,226668
188012,0,1,0,-1,-1,0,13385,0,226669
188013,0,1,0,-1,-1,0,13390,0,226670
188014,0,1,0,-1,-1,0,13390,0,226671
188017,0,1,0,-1,-1,0,13385,0,226673
188019,0,1,0,-1,-1,0,13385,0,226674
188021,0,1,0,-1,-1,0,13390,0,226675
188093,0,1,0,-1,-1,0,9395,0,226815
188094,0,1,0,-1,-1,0,9397,0,226816
188095,0,1,0,-1,-1,0,9396,0,226817
188096,1,1,0,-1,-1,0,21623,0,226817
188097,0,1,0,-1,-1,0,9415,0,226818
188098,0,1,0,-1,-1,0,9345,0,226819
188099,0,1,0,-1,-1,0,9416,0,226820
188100,0,1,0,-1,-1,0,9416,0,226821
188101,1,1,0,-1,-1,0,21623,0,226821
188102,0,1,0,-1,-1,0,9417,0,226822
188103,1,1,0,-1,-1,0,21618,0,226822
188105,0,1,0,-1,-1,0,460230,0,226825
188106,0,1,0,-1,-1,0,436239,0,226829
188107,0,1,0,-1,-1,0,27037,0,226831
188108,0,1,0,-1,-1,0,432639,0,226841
188110,0,1,0,-1,-1,0,432639,0,226843
188111,0,1,0,-1,-1,0,7597,0,226849
188112,0,1,0,-1,-1,0,27037,0,226851
188113,0,1,0,-1,-1,0,15465,0,226852
188115,0,1,0,-1,-1,0,432639,0,226857
188117,0,1,0,-1,-1,0,436239,0,226860
188118,0,1,0,-1,-1,0,436239,0,226861
188119,0,1,0,-1,-1,0,432639,0,226862
188121,0,1,0,-1,-1,0,436239,0,226864
188122,0,1,0,-1,-1,0,13387,0,226865
188123,1,1,0,-1,-1,0,13386,0,226866
188124,0,1,0,-1,-1,0,18369,0,226868
188125,0,1,0,-1,-1,0,432639,0,226869
188126,0,1,0,-1,-1,0,21475,0,226870
188127,0,1,0,-1,-1,0,432639,0,226871
188128,0,1,0,-1,-1,0,23203,0,226872
188129,0,1,0,-1,-1,0,7515,0,226873
188130,0,1,0,-1,-1,0,13385,0,226874
188131,0,1,0,-1,-1,0,13383,0,226876
188132,0,1,0,-1,-1,0,7597,0,226877
188133,0,1,0,-1,-1,0,7597,0,226878
188134,0,1,0,-1,-1,0,15464,0,226879
188135,0,1,0,-1,-1,0,15464,0,226880
188139,1,1,0,-1,-1,0,436239,0,226886
188140,0,1,0,-1,-1,0,432639,0,226887
188142,0,1,0,-1,-1,0,432639,0,226893
188147,1,1,0,-1,-1,0,436239,0,226896
188148,0,1,0,-1,-1,0,15464,0,226901
188149,1,1,0,-1,-1,0,27038,0,226901
188150,1,1,0,-1,-1,0,27043,0,226902
188151,0,1,0,-1,-1,0,27206,0,226903
188152,0,1,0,-1,-1,0,27225,0,226904
188153,1,1,0,-1,-1,0,7597,0,226904
188264,1,1,0,-1,-1,0,436239,0,226976
188268,0,1,0,-1,-1,0,436239,0,226979
188270,0,1,0,-1,-1,0,436239,0,226980
188284,0,1,0,-1,-1,0,23731,0,226988
188289,0,1,0,-1,-1,0,432639,0,226991
188293,0,1,0,-1,-1,0,9398,0,226993
188294,0,1,0,-1,-1,0,9417,0,226994
188295,1,1,0,-1,-1,0,21618,0,226994
188296,0,1,0,-1,-1,0,9417,0,226995
188297,1,1,0,-1,-1,0,21618,0,226995
188298,0,1,0,-1,-1,0,9416,0,226996
188299,0,1,0,-1,-1,0,9343,0,226997
188300,1,1,0,-1,-1,0,18384,0,226997
188301,0,1,0,-1,-1,0,9416,0,226998
188302,1,1,0,-1,-1,0,7597,0,226998
188303,0,1,0,-1,-1,0,9417,0,226999
188304,1,1,0,-1,-1,0,21618,0,226999
188305,0,1,0,-1,-1,0,9343,0,227000
188306,1,1,0,-1,-1,0,7597,0,227000
188307,0,1,0,-1,-1,0,432639,0,227001
188310,0,1,0,-1,-1,0,432639,0,227003
188313,0,1,0,-1,-1,0,432639,0,227005
188359,0,1,0,-1,-1,0,9398,0,227033
188360,0,1,0,-1,-1,0,9417,0,227034
188361,1,1,0,-1,-1,0,21618,0,227034
188362,0,1,0,-1,-1,0,9417,0,227035
188363,0,1,0,-1,-1,0,9416,0,227036
188364,0,1,0,-1,-1,0,9343,0,227037
188365,1,1,0,-1,-1,0,18384,0,227037
188366,0,1,0,-1,-1,0,21618,0,227038
188367,1,1,0,-1,-1,0,9417,0,227038
188368,0,1,0,-1,-1,0,9417,0,227039
188369,1,1,0,-1,-1,0,21618,0,227039
188370,0,1,0,-1,-1,0,18384,0,227040
188371,1,1,0,-1,-1,0,9343,0,227040
188372,0,1,0,-1,-1,0,436239,0,227042
188373,0,1,0,-1,-1,0,436239,0,227043
188374,1,1,0,-1,-1,0,432639,0,227043
188375,0,1,0,-1,-1,0,436239,0,227044
188376,1,1,0,-1,-1,0,432639,0,227044
188377,0,1,0,-1,-1,0,436239,0,227045
188378,0,1,0,-1,-1,0,436239,0,227046
188379,0,1,0,-1,-1,0,448324,0,227047
188380,0,1,0,-1,-1,0,448324,0,227048
188381,0,1,0,-1,-1,0,436239,0,227049
188382,0,1,0,-1,-1,0,459608,0,227050
188383,0,1,0,-1,-1,0,459608,0,227053
188384,0,1,0,-1,-1,0,9332,0,227054
188385,1,1,0,-1,-1,0,436239,0,227054
188386,2,1,0,-1,-1,0,432639,0,227054
188387,0,1,0,-1,-1,0,436239,0,227055
188388,1,1,0,-1,-1,0,432639,0,227055
188389,2,1,0,-1,-1,0,14089,0,227055
188390,0,1,0,-1,-1,0,9332,0,227056
188391,1,1,0,-1,-1,0,436239,0,227056
188392,2,1,0,-1,-1,0,432639,0,227056
188393,0,1,0,-1,-1,0,436239,0,227057
188394,1,1,0,-1,-1,0,432639,0,227057
188395,2,1,0,-1,-1,0,14089,0,227057
188396,0,1,0,-1,-1,0,436239,0,227058
188397,1,1,0,-1,-1,0,432639,0,227058
188398,2,1,0,-1,-1,0,15806,0,227058
188399,0,1,0,-1,-1,0,436239,0,227059
188400,1,1,0,-1,-1,0,432639,0,227059
188401,2,1,0,-1,-1,0,15806,0,227059
188402,0,1,0,-1,-1,0,436239,0,227060
188403,1,1,0,-1,-1,0,432639,0,227060
188404,2,1,0,-1,-1,0,15806,0,227060
188405,0,1,0,-1,-1,0,436239,0,227061
188406,1,1,0,-1,-1,0,432639,0,227061
188407,2,1,0,-1,-1,0,15806,0,227061
188408,0,1,0,-1,-1,0,459605,0,227062
188409,1,1,0,-1,-1,0,9335,0,227062
188410,0,1,0,-1,-1,0,9331,0,227063
188411,1,1,0,-1,-1,0,436239,0,227063
188412,0,1,0,-1,-1,0,459605,0,227064
188413,1,1,0,-1,-1,0,9335,0,227064
188414,0,1,0,-1,-1,0,9331,0,227065
188415,1,1,0,-1,-1,0,436239,0,227065
188416,0,1,0,-1,-1,0,448324,0,227066
188417,0,1,0,-1,-1,0,448324,0,227067
188418,0,1,0,-1,-1,0,436239,0,227068
188419,0,1,0,-1,-1,0,436239,0,227069
188420,0,1,0,-1,-1,0,448324,0,227070
188421,0,1,0,-1,-1,0,448324,0,227071
188422,0,1,0,-1,-1,0,448324,0,227072
188423,0,1,0,-1,-1,0,448324,0,227073
188424,0,1,0,-1,-1,0,459593,0,227075
188425,0,1,0,-1,-1,0,459593,0,227077
188426,0,1,0,-1,-1,0,436239,0,227078
188427,0,1,0,-1,-1,0,448324,0,227079
188428,0,1,0,-1,-1,0,448324,0,227080
188429,0,1,0,-1,-1,0,459598,0,227081
188430,0,1,0,-1,-1,0,448324,0,227083
188431,0,1,0,-1,-1,0,436239,0,227084
188432,0,1,0,-1,-1,0,448324,0,227085
188433,0,1,0,-1,-1,0,448324,0,227086
188434,0,1,0,-1,-1,0,459598,0,227087
188435,0,1,0,-1,-1,0,448324,0,227089
188530,0,1,0,-1,-1,0,15715,0,227142
188531,0,1,0,-1,-1,0,15715,0,227143
188532,0,1,0,-1,-1,0,18049,0,227144
188533,0,1,0,-1,-1,0,14799,0,227145
188534,0,1,0,-1,-1,0,9417,0,227146
188535,0,1,0,-1,-1,0,459601,0,227147
188536,1,1,0,-1,-1,0,436239,0,227147
188537,0,1,0,-1,-1,0,18030,0,227148
188538,0,1,0,-1,-1,0,18034,0,227149
188539,0,1,0,-1,-1,0,18033,0,227150
188540,0,1,0,-1,-1,0,18033,0,227151
188541,0,1,0,-1,-1,0,459602,0,227152
188542,1,1,0,-1,-1,0,436239,0,227152
188543,0,1,0,-1,-1,0,9316,0,227153
188545,1,1,0,-1,-1,0,436239,0,227154
188546,0,1,0,-1,-1,0,436239,0,227155
188549,1,1,0,-1,-1,0,436239,0,227156
188550,0,1,0,-1,-1,0,436239,0,227157
188551,1,1,0,-1,-1,0,459606,0,227158
188552,0,1,0,-1,-1,0,436239,0,227159
188554,0,1,0,-1,-1,0,9346,0,227160
188555,1,1,0,-1,-1,0,436239,0,227160
188556,0,1,0,-1,-1,0,14248,0,227161
188557,1,1,0,-1,-1,0,436239,0,227161
188558,0,1,0,-1,-1,0,436239,0,227162
188559,1,1,0,-1,-1,0,14799,0,227162
188560,0,1,0,-1,-1,0,436239,0,227163
188561,1,1,0,-1,-1,0,9342,0,227163
188562,1,1,0,-1,-1,0,459606,0,227164
188563,0,1,0,-1,-1,0,436239,0,227165
188564,0,1,0,-1,-1,0,9316,0,227166
188565,1,1,0,-1,-1,0,436239,0,227166
188566,0,1,0,-1,-1,0,18031,0,227167
188567,1,1,0,-1,-1,0,436239,0,227167
188568,0,1,0,-1,-1,0,436239,0,227168
188569,1,1,0,-1,-1,0,9317,0,227168
188570,0,1,0,-1,-1,0,436239,0,227169
188571,1,1,0,-1,-1,0,9316,0,227169
188572,1,1,0,-1,-1,0,459606,0,227170
188573,0,1,0,-1,-1,0,436239,0,227171
188574,0,1,0,-1,-1,0,436239,0,227172
188575,0,1,0,-1,-1,0,436239,0,227173
188576,0,1,0,-1,-1,0,436239,0,227174
188577,0,1,0,-1,-1,0,436239,0,227175
188578,0,1,0,-1,-1,0,436239,0,227176
188579,1,1,0,-1,-1,0,432639,0,227176
188580,0,1,0,-1,-1,0,436239,0,227177
188581,1,1,0,-1,-1,0,432639,0,227177
188582,0,1,0,-1,-1,0,436239,0,227178
188583,1,1,0,-1,-1,0,432639,0,227178
188584,0,1,0,-1,-1,0,436239,0,227179
188585,1,1,0,-1,-1,0,432639,0,227179
188586,0,1,0,-1,-1,0,459594,0,227180
188587,0,1,0,-1,-1,0,436239,0,227181
188588,0,1,0,-1,-1,0,436239,0,227182
188589,0,1,0,-1,-1,0,459594,0,227183
188590,0,1,0,-1,-1,0,9344,0,227184
188591,0,1,0,-1,-1,0,436239,0,227185
188592,1,1,0,-1,-1,0,14248,0,227185
188593,0,1,0,-1,-1,0,436239,0,227186
188594,0,1,0,-1,-1,0,459595,0,227187
188596,0,1,0,-1,-1,0,436239,0,227189
188597,1,1,0,-1,-1,0,14248,0,227189
188598,0,1,0,-1,-1,0,9344,0,227190
188599,0,1,0,-1,-1,0,436239,0,227191
188600,1,1,0,-1,-1,0,14248,0,227191
188601,0,1,0,-1,-1,0,436239,0,227192
188602,0,1,0,-1,-1,0,459595,0,227193
188603,0,1,0,-1,-1,0,14248,0,227194
188604,0,1,0,-1,-1,0,436239,0,227195
188605,1,1,0,-1,-1,0,14248,0,227195
188607,1,1,0,-1,-1,0,18031,0,227196
188608,0,1,0,-1,-1,0,9315,0,227197
188609,0,1,0,-1,-1,0,459596,0,227198
188610,0,1,0,-1,-1,0,18031,0,227199
188612,1,1,0,-1,-1,0,18033,0,227200
188613,0,1,0,-1,-1,0,9317,0,227201
188615,1,1,0,-1,-1,0,18031,0,227202
188616,0,1,0,-1,-1,0,9315,0,227203
188617,0,1,0,-1,-1,0,459596,0,227204
188618,0,1,0,-1,-1,0,18031,0,227205
188620,1,1,0,-1,-1,0,18033,0,227206
188621,0,1,0,-1,-1,0,9317,0,227207
188644,0,1,0,-1,-1,0,27867,0,227279
188645,1,1,0,-1,-1,0,14254,0,227279
188646,0,1,0,-1,-1,0,432639,0,227280
188647,1,1,0,-1,-1,0,9335,0,227280
188648,2,1,0,-1,-1,0,21975,0,227280
188651,0,1,0,-1,-1,0,27780,0,227282
188652,1,1,0,-1,-1,0,14254,0,227282
188656,0,1,0,-1,-1,0,436239,0,227284
188657,1,1,0,-1,-1,0,9335,0,227284
188658,2,1,0,-1,-1,0,23560,0,227284
188744,0,1,0,-1,-1,0,9342,0,227454
188745,0,1,0,-1,-1,0,9332,0,227455
188779,0,1,0,-1,-1,0,432639,0,226770
188783,0,1,0,-1,-1,0,432639,0,226700
188784,0,1,0,-1,-1,0,432639,0,226707
188785,0,1,0,-1,-1,0,436239,0,226723
188787,0,1,0,-1,-1,0,432639,0,226720
188820,0,1,0,-1,-1,0,18034,0,226734
188822,1,1,0,-1,-1,0,9408,0,226738
188824,1,1,0,-1,-1,0,9316,0,226737
188826,0,1,0,-1,-1,0,9316,0,226733
188827,1,1,0,-1,-1,0,21626,0,226736
188828,0,1,0,-1,-1,0,18029,0,226736
188829,0,1,0,-1,-1,0,9318,0,226735
188832,0,1,0,-1,-1,0,9314,0,226739
188835,0,1,0,-1,-1,0,15714,0,226752
188836,0,1,0,-1,-1,0,432639,0,226748
188837,1,1,0,-1,-1,0,14254,0,226748
188838,1,1,0,-1,-1,0,18379,0,226755
188839,0,1,0,-1,-1,0,15714,0,226755
188840,0,1,0,-1,-1,0,432639,0,226750
188841,1,1,0,-1,-1,0,14047,0,226750
188845,0,1,0,-1,-1,0,9343,0,226754
188846,1,1,0,-1,-1,0,21618,0,226754
188849,0,1,0,-1,-1,0,432639,0,226715
188850,1,1,0,-1,-1,0,14054,0,226715
188852,1,1,0,-1,-1,0,9346,0,226713
188853,0,1,0,-1,-1,0,432639,0,226711
188854,1,1,0,-1,-1,0,9344,0,226711
188855,0,1,0,-1,-1,0,432639,0,226708
188856,1,1,0,-1,-1,0,18049,0,226708
188858,1,1,0,-1,-1,0,14047,0,226709
188860,1,1,0,-1,-1,0,14799,0,226710
188862,1,1,0,-1,-1,0,9417,0,226714
188864,1,1,0,-1,-1,0,9345,0,226712
188865,0,1,0,-1,-1,0,432639,0,226858
188866,0,1,0,-1,-1,0,432639,0,226859
188868,0,1,0,-1,-1,0,432639,0,226866
188869,1,1,0,-1,-1,0,18369,0,226867
188870,0,1,0,-1,-1,0,432639,0,226867
188871,1,1,0,-1,-1,0,28112,0,226868
188872,1,1,0,-1,-1,0,13390,0,226869
188873,1,1,0,-1,-1,0,13388,0,226871
188874,1,1,0,-1,-1,0,13390,0,226872
188875,0,1,0,-1,-1,0,432639,0,226830
188876,0,1,0,-1,-1,0,432639,0,226826
188877,0,1,0,-1,-1,0,436239,0,226827
188879,1,1,0,-1,-1,0,13387,0,226843
188880,0,1,0,-1,-1,0,432639,0,226842
188883,0,1,0,-1,-1,0,13383,0,226837
188884,0,1,0,-1,-1,0,432639,0,226885
188885,0,1,0,-1,-1,0,432639,0,226888
188886,0,1,0,-1,-1,0,436239,0,226884
188887,0,1,0,-1,-1,0,436239,0,226882
188888,0,1,0,-1,-1,0,436239,0,226883
188889,0,1,0,-1,-1,0,432639,0,226889
188891,0,1,0,-1,-1,0,432639,0,226890
188893,0,1,0,-1,-1,0,436239,0,226891
188895,0,1,0,-1,-1,0,436239,0,226892
188898,1,1,0,-1,-1,0,436239,0,226895
188910,1,2,0,-1,-1,0,460338,0,227683
188911,2,1,0,-1,-1,0,460335,0,227683
188912,0,1,0,-1,-1,0,460339,0,227683
188913,3,1,0,-1,-1,0,460340,0,227683
188914,0,2,0,-1,-1,0,21159,0,227684
188915,1,1,0,-1,-1,0,21142,0,227684
188916,2,1,0,-1,-1,0,460342,0,227684
188917,3,1,0,-1,-1,0,460343,0,227684
188945,0,1,0,-1,-1,0,436239,0,226984
188946,1,1,0,-1,-1,0,18036,0,226984
188947,0,1,0,-1,-1,0,9318,0,226983
188948,0,1,0,-1,-1,0,18033,0,226982
188949,0,1,0,-1,-1,0,436239,0,226981
188950,1,1,0,-1,-1,0,18029,0,226981
188951,1,1,0,-1,-1,0,21626,0,226733
188952,1,1,0,-1,-1,0,17371,0,226980
188953,1,1,0,-1,-1,0,18030,0,226979
188954,0,1,0,-1,-1,0,436239,0,226978
188955,1,1,0,-1,-1,0,9316,0,226978
188956,0,1,0,-1,-1,0,9315,0,226732
188957,1,1,0,-1,-1,0,21626,0,226732
188958,0,1,0,-1,-1,0,9317,0,226977
188959,0,1,0,-1,-1,0,432639,0,226973
188960,0,1,0,-1,-1,0,436239,0,226974
188961,0,1,0,-1,-1,0,436239,0,226975
188962,0,1,0,-1,-1,0,436239,0,226972
188963,0,1,0,-1,-1,0,432639,0,226969
188964,0,1,0,-1,-1,0,436239,0,226971
188975,0,1,0,-1,-1,0,432639,0,226992
188976,2,1,0,-1,-1,0,13390,0,226992
188978,2,1,0,-1,-1,0,13387,0,226991
188980,0,1,0,-1,-1,0,21475,0,226990
188982,1,1,0,-1,-1,0,18369,0,226870
188984,1,1,0,-1,-1,0,21409,0,226989
188985,1,1,0,-1,-1,0,13387,0,226988
188987,1,1,0,-1,-1,0,13388,0,226987
188988,0,1,0,-1,-1,0,23203,0,226986
188989,1,1,0,-1,-1,0,13385,0,226986
188991,1,1,0,-1,-1,0,13385,0,226985
188992,0,1,0,-1,-1,0,15715,0,226749
188993,1,1,0,-1,-1,0,18379,0,226749
188994,0,1,0,-1,-1,0,436239,0,227004
188995,1,1,0,-1,-1,0,14054,0,227004
188996,0,1,0,-1,-1,0,15715,0,227007
188997,1,1,0,-1,-1,0,21618,0,227007
188998,0,1,0,-1,-1,0,432639,0,227006
188999,1,1,0,-1,-1,0,14047,0,227006
189004,0,1,0,-1,-1,0,436239,0,227002
189005,1,1,0,-1,-1,0,14054,0,227002
189009,1,1,0,-1,-1,0,13881,0,227005
189011,0,1,0,-1,-1,0,14248,0,226753
189012,1,1,0,-1,-1,0,15714,0,227003
189013,1,1,0,-1,-1,0,21362,0,226753
189015,0,1,0,-1,-1,0,432639,0,227008
189016,1,1,0,-1,-1,0,9346,0,227008
189018,0,1,0,-1,-1,0,9417,0,226751
189019,1,1,0,-1,-1,0,9342,0,227001
189020,0,1,0,-1,-1,0,18036,0,227016
189021,1,1,0,-1,-1,0,21626,0,227016
189023,0,1,0,-1,-1,0,18029,0,227015
189024,1,1,0,-1,-1,0,21362,0,227015
189025,0,1,0,-1,-1,0,18032,0,227014
189026,1,1,0,-1,-1,0,21618,0,227014
189027,0,1,0,-1,-1,0,436239,0,227013
189028,1,1,0,-1,-1,0,18029,0,227013
189029,0,1,0,-1,-1,0,17371,0,227012
189030,1,1,0,-1,-1,0,21626,0,227012
189031,0,1,0,-1,-1,0,18029,0,227011
189032,0,1,0,-1,-1,0,9317,0,227010
189033,1,1,0,-1,-1,0,21618,0,227010
189034,0,1,0,-1,-1,0,9316,0,227009
189035,0,1,0,-1,-1,0,432639,0,227024
189036,0,1,0,-1,-1,0,432639,0,227023
189038,0,1,0,-1,-1,0,436239,0,227021
189039,0,1,0,-1,-1,0,432639,0,227020
189041,0,1,0,-1,-1,0,436239,0,227019
189042,0,1,0,-1,-1,0,436239,0,227018
189043,0,1,0,-1,-1,0,13676,0,227032
189044,0,1,0,-1,-1,0,432639,0,227031
189046,0,1,0,-1,-1,0,21474,0,227030
189047,0,1,0,-1,-1,0,432639,0,227029
189050,0,1,0,-1,-1,0,432639,0,227027
189051,0,1,0,-1,-1,0,432639,0,227026
189053,0,1,0,-1,-1,0,432639,0,226776
189054,1,1,0,-1,-1,0,17367,0,226776
189055,0,1,0,-1,-1,0,432639,0,226774
189056,1,1,0,-1,-1,0,14047,0,226774
189057,0,1,0,-1,-1,0,432639,0,226777
189058,1,1,0,-1,-1,0,14047,0,226777
189059,0,1,0,-1,-1,0,432639,0,226773
189060,1,1,0,-1,-1,0,18050,0,226773
189061,0,1,0,-1,-1,0,436239,0,226779
189062,1,1,0,-1,-1,0,14127,0,226779
189063,0,1,0,-1,-1,0,432639,0,226778
189064,1,1,0,-1,-1,0,14248,0,226778
189065,0,1,0,-1,-1,0,436239,0,226772
189066,1,1,0,-1,-1,0,9346,0,226772
189067,0,1,0,-1,-1,0,432639,0,226775
189068,1,1,0,-1,-1,0,9342,0,226775
189069,0,1,0,-1,-1,0,18036,0,226783
189070,0,1,0,-1,-1,0,9317,0,226781
189071,0,1,0,-1,-1,0,18031,0,226784
189074,0,1,0,-1,-1,0,18030,0,226786
189075,1,1,0,-1,-1,0,21626,0,226786
189076,0,1,0,-1,-1,0,18032,0,226787
189077,0,1,0,-1,-1,0,18029,0,226785
189078,0,1,0,-1,-1,0,18029,0,226780
189079,0,1,0,-1,-1,0,9314,0,226782
189080,0,1,0,-1,-1,0,436239,0,226795
189081,0,1,0,-1,-1,0,432639,0,226793
189082,0,1,0,-1,-1,0,436239,0,226792
189083,0,1,0,-1,-1,0,436239,0,226791
189084,0,1,0,-1,-1,0,432639,0,226790
189085,0,1,0,-1,-1,0,432639,0,226788
189086,0,1,0,-1,-1,0,460230,0,226804
189087,0,1,0,-1,-1,0,13669,0,226803
189089,0,1,0,-1,-1,0,432639,0,226798
189125,0,1,0,-1,-1,0,15817,0,227807
189127,0,1,0,-1,-1,0,432639,0,227810
189128,0,0,0,600000,60000,94,26066,0,227811
189129,0,0,0,1200000,0,0,20631,0,227812
189132,0,1,0,-1,-1,0,432639,0,227818
189135,0,1,0,-1,-1,0,432639,0,227829
189137,0,0,0,120000,-1,0,446322,0,227832
189138,0,1,0,-1,-1,0,436239,0,227833
189139,0,1,0,-1,-1,0,18039,0,227837
189140,0,1,0,-1,-1,0,15811,0,227838
189141,1,1,0,-1,-1,0,436239,0,227838
189142,2,1,0,-1,-1,0,432639,0,227838
189144,0,1,0,-1,-1,0,14249,0,227840
189145,0,2,0,-1,-1,0,18211,0,227842
189146,0,2,0,-1,-1,0,23605,0,227843
189147,0,1,0,-1,-1,0,15828,0,227845
189148,0,2,0,-1,-1,0,16916,0,227846
189149,0,1,0,-1,-1,0,436239,0,227847
189150,1,1,0,-1,-1,0,15815,0,227847
189151,0,1,0,-1,-1,0,436239,0,227848
189152,1,1,0,-1,-1,0,15808,0,227848
189153,0,1,0,-1,-1,0,432639,0,227849
189155,0,1,0,-1,-1,0,18057,0,227850
189156,1,1,0,-1,-1,0,25975,0,227850
189157,0,1,0,-1,-1,0,15814,0,227851
189158,0,1,0,-1,-1,0,15814,0,227852
189159,0,1,0,-1,-1,0,15809,0,227853
189160,0,1,0,-1,-1,0,13387,0,227854
189163,0,2,0,-1,-1,0,56,0,227858
189164,0,1,0,-1,-1,0,436239,0,227859
189165,0,1,0,-1,-1,0,7721,0,227865
189166,0,1,0,-1,-1,0,436239,0,227869
189167,0,1,0,-1,-1,0,16615,0,227870
189168,1,1,0,-1,-1,0,9346,0,227870
189169,0,1,0,-1,-1,0,16620,0,227876
189170,2,1,0,-1,-1,0,14249,0,227876
189172,1,1,0,-1,-1,0,460230,0,227880
189173,0,2,0,-1,-1,0,16908,0,227881
189174,0,1,0,-1,-1,0,21442,0,227883
189175,0,1,0,-1,-1,0,436239,0,227884
189176,0,1,0,-1,-1,0,7219,0,227885
189179,0,2,0,-1,-1,0,463946,0,227886
189180,0,2,0,-1,-1,0,16927,0,227887
189204,0,0,0,90000,-1,0,461084,0,227915
189214,0,2,0,-1,-1,0,461151,0,227934
189217,0,2,0,-1,-1,0,15602,0,227940
189218,0,2,0,-1,-1,0,16414,0,227941
189224,1,1,0,-1,-1,0,448324,0,227952
189227,0,1,0,-1,-1,0,448324,0,227956
189228,1,1,0,-1,-1,0,18196,0,227959
189229,0,1,0,-1,-1,0,432639,0,227960
189230,1,1,0,-1,-1,0,448324,0,227960
189232,0,1,0,-1,-1,0,9343,0,227963
189233,0,1,0,-1,-1,0,15715,0,227964
189237,1,0,0,120000,0,0,15604,0,227967
189238,0,1,0,-1,-1,0,9408,0,227967
189240,0,0,0,300000,0,0,15646,0,227972
189241,1,1,0,-1,-1,0,14047,0,227972
189243,0,1,0,-1,-1,0,14799,0,227974
189250,1,1,0,-1,-1,0,436239,0,227981
189251,2,1,0,-1,-1,0,9336,0,227981
189252,0,1,0,-1,-1,0,15696,0,227982
189253,0,1,0,-1,-1,0,9315,0,227984
189257,0,1,0,-1,-1,0,15806,0,227988
189260,0,1,0,-1,-1,0,461164,0,227990
189261,1,1,0,-1,-1,0,21439,0,227990
189262,1,2,0,-1,-1,0,15494,0,227991
189263,0,2,0,-1,-1,0,18656,0,227993
189264,0,2,0,-1,-1,0,18633,0,227994
189266,0,2,0,-1,-1,0,18652,0,227997
189267,0,1,0,-1,-1,0,432639,0,227998
189268,0,1,0,-1,-1,0,18369,0,227999
189269,1,1,0,-1,-1,0,22852,0,227999
189270,0,1,0,-1,-1,0,13389,0,228000
189272,1,1,0,-1,-1,0,13385,0,228001
189273,0,1,0,-1,-1,0,18369,0,228002
189274,1,1,0,-1,-1,0,23515,0,228002
189275,0,1,0,-1,-1,0,432639,0,228004
189277,0,1,0,-1,-1,0,13390,0,228006
189279,0,1,0,-1,-1,0,436239,0,228007
189280,0,1,0,-1,-1,0,14249,0,228008
189281,1,1,0,-1,-1,0,22912,0,228008
189283,0,1,0,-1,-1,0,436239,0,228012
189285,0,2,0,-1,-1,0,19755,0,228015
189286,0,1,0,-1,-1,0,9396,0,228016
189288,0,1,0,-1,-1,0,9318,0,228019
189289,0,1,0,-1,-1,0,28112,0,228020
189290,0,1,0,-1,-1,0,9345,0,228021
189291,1,0,0,600000,0,0,18264,0,228022
189293,0,2,0,-1,-1,0,18278,0,228024
189294,0,1,0,-1,-1,0,448324,0,228025
189295,0,1,0,-1,-1,0,436239,0,228028
189296,0,2,0,-1,-1,0,18289,0,228029
189297,0,1,0,-1,-1,0,9334,0,228030
189298,0,1,0,-1,-1,0,14054,0,228033
189301,0,1,0,-1,-1,0,7681,0,228037
189303,0,1,0,-1,-1,0,13601,0,228039
189304,0,1,0,-1,-1,0,18031,0,228040
189305,0,1,0,-1,-1,0,28113,0,228041
189307,0,1,0,-1,-1,0,9317,0,228044
189308,0,1,0,-1,-1,0,18010,0,228045
189309,0,1,0,-1,-1,0,436239,0,228046
189310,1,1,0,-1,-1,0,9416,0,228046
189311,0,1,0,-1,-1,0,436239,0,228047
189312,1,1,0,-1,-1,0,7681,0,228047
189315,0,1,0,-1,-1,0,432639,0,228050
189316,0,1,0,-1,-1,0,9316,0,228051
189317,0,1,0,-1,-1,0,436239,0,228052
189318,0,1,0,-1,-1,0,14089,0,228053
189319,0,1,0,-1,-1,0,436239,0,228054
189320,0,1,0,-1,-1,0,9343,0,228055
189321,0,1,0,-1,-1,0,22836,0,228056
189322,0,1,0,-1,-1,0,21470,0,228057
189324,0,1,0,-1,-1,0,9346,0,228059
189325,0,1,0,-1,-1,0,436239,0,228060
189327,0,1,0,-1,-1,0,436239,0,228062
189328,1,1,0,-1,-1,0,9318,0,228062
189329,0,1,0,-1,-1,0,436239,0,228063
189330,0,1,0,-1,-1,0,9343,0,228065
189332,0,1,0,-1,-1,0,7681,0,228067
189333,0,1,0,-1,-1,0,436239,0,228068
189334,1,1,0,-1,-1,0,7574,0,228068
189335,0,1,0,-1,-1,0,436239,0,228069
189336,0,1,0,-1,-1,0,436239,0,228070
189346,0,1,0,-1,-1,0,9316,0,228079
189347,0,1,0,-1,-1,0,9335,0,228080
189352,0,1,0,-1,-1,0,9346,0,228085
189353,0,1,0,-1,-1,0,448324,0,228086
189354,0,1,0,-1,-1,0,13604,0,228087
189355,0,1,0,-1,-1,0,13385,0,228088
189356,0,1,0,-1,-1,0,25901,0,228089
189357,0,1,0,-1,-1,0,9343,0,228090
189358,0,1,0,-1,-1,0,9335,0,228091
189359,0,0,0,300000,300000,2269,438273,0,228093
189360,0,1,0,-1,-1,0,9329,0,228094
189368,0,1,0,-1,-1,0,460230,0,228101
189371,0,1,0,-1,-1,0,436239,0,228108
189372,0,1,0,-1,-1,0,15808,0,228109
189373,0,1,0,0,0,0,21991,0,228110
189375,0,0,0,180000,10000,1153,462149,0,228113
189376,0,1,0,-1,-1,0,449668,0,228075
189378,0,1,0,-1,-1,0,436239,0,228078
189379,1,0,0,120000,20000,1141,461224,0,228078
189382,0,1,0,-1,-1,0,15816,0,228116
189388,0,0,0,120000,20000,1141,461227,0,228081
189390,1,1,0,-1,-1,0,432639,0,228081
189391,0,0,0,180000,30000,1153,461226,0,228083
189396,0,2,0,-1,-1,0,16916,0,228125
189397,0,0,0,120000,-1,0,461231,0,228084
189402,1,0,0,90000,15000,1141,461235,0,228089
189403,0,1,0,-1,-1,0,9317,0,228092
189404,0,1,0,-1,-1,0,14047,0,228106
189410,0,1,0,-1,-1,0,461253,0,228143
189411,0,0,0,-1,-1,0,461269,0,227936
189412,0,1,0,-1,-1,0,461289,0,228172
189415,0,2,0,-1,-1,0,462221,0,227935
189426,0,0,0,1800000,-1,0,461314,0,228186
189427,0,1,0,-1,-1,0,21364,0,228188
189471,0,1,0,-1,-1,0,9330,0,227991
189472,0,1,0,-1,-1,0,436239,0,228146
189473,0,1,0,-1,-1,0,432639,0,228145
189474,1,1,0,-1,-1,0,9331,0,228145
189475,0,1,0,-1,-1,0,18049,0,228142
189476,2,1,0,-1,-1,0,26158,0,228166
189478,1,1,0,-1,-1,0,17493,0,228160
189479,0,1,0,-1,-1,0,436239,0,228160
189480,0,1,0,-1,-1,0,9298,0,227962
189481,1,1,0,-1,-1,0,7562,0,228229
189482,0,1,0,-1,-1,0,436239,0,228229
189483,2,2,0,-1,-1,0,56,0,228230
189484,1,1,0,-1,-1,0,461579,0,228230
189485,0,1,0,-1,-1,0,461580,0,228230
189491,0,1,0,-1,-1,0,13385,0,228240
189492,0,1,0,-1,-1,0,13386,0,228242
189493,0,1,0,-1,-1,0,18052,0,228243
189496,0,1,0,-1,-1,0,18035,0,228245
189497,1,1,0,-1,-1,0,21365,0,228245
189498,0,1,0,-1,-1,0,14047,0,228247
189499,0,2,0,-1,-1,0,21152,0,228248
189500,3,1,0,-1,-1,0,9332,0,228248
189501,2,1,0,-1,-1,0,461628,0,228248
189502,1,1,0,-1,-1,0,461629,0,228248
189503,1,1,0,-1,-1,0,13388,0,228249
189510,0,1,0,-1,-1,0,432639,0,228252
189511,1,1,0,-1,-1,0,9332,0,228252
189512,0,1,0,-1,-1,0,15806,0,228253
189513,0,1,0,-1,-1,0,9318,0,228254
189514,0,0,0,90000,15000,1141,461680,0,228255
189517,0,1,0,-1,-1,0,436239,0,228257
189518,1,1,0,-1,-1,0,7574,0,228257
189519,2,1,0,-1,-1,0,461681,0,228257
189520,0,1,0,-1,-1,0,18054,0,228258
189521,0,1,0,-1,-1,0,15715,0,228259
189522,0,1,0,-1,-1,0,436239,0,228260
189523,1,1,0,-1,-1,0,15815,0,228260
189524,0,1,0,-1,-1,0,436239,0,228261
189525,1,1,0,-1,-1,0,14089,0,228261
189526,0,1,0,-1,-1,0,9342,0,228262
189527,0,1,0,-1,-1,0,18053,0,228263
189528,0,1,0,-1,-1,0,18039,0,228264
189529,1,1,0,-1,-1,0,21619,0,228264
189530,0,1,0,-1,-1,0,436239,0,228265
189531,0,1,0,-1,-1,0,15438,0,228266
189532,1,1,0,-1,-1,0,13675,0,228266
189533,2,1,0,-1,-1,0,22852,0,228266
189534,0,2,0,-1,-1,0,461682,0,228267
189535,0,1,0,-1,-1,0,9417,0,228268
189536,0,1,0,-1,-1,0,436239,0,228269
189537,1,1,0,-1,-1,0,17493,0,228269
189538,0,1,0,-1,-1,0,436239,0,228270
189539,0,1,0,-1,-1,0,448324,0,228271
189540,1,1,0,-1,-1,0,24196,0,228271
189541,0,2,0,-1,-1,0,461683,0,228272
189542,3,0,0,-1,60000,1150,461689,0,228272
189543,1,1,0,-1,-1,0,461684,0,228272
189544,2,1,0,-1,-1,0,461685,0,228272
189547,0,2,0,-1,-1,0,461686,0,228273
189548,3,0,0,-1,60000,1150,461688,0,228273
189549,2,1,0,-1,-1,0,461685,0,228273
189550,1,1,0,-1,-1,0,461687,0,228273
189551,0,1,0,-1,-1,0,18033,0,228274
189552,0,1,0,-1,-1,0,13387,0,228275
189554,0,1,0,-1,-1,0,436239,0,228277
189555,1,1,0,-1,-1,0,9332,0,228277
189556,0,1,0,-1,-1,0,17320,0,228278
189557,1,1,0,-1,-1,0,21365,0,228278
189558,0,1,0,-1,-1,0,9408,0,228280
189562,0,1,0,-1,-1,0,18039,0,228283
189563,0,1,0,-1,-1,0,432639,0,228284
189564,0,1,0,-1,-1,0,17371,0,228285
189565,0,1,0,-1,-1,0,460230,0,228286
189566,0,1,0,-1,-1,0,432639,0,228287
189567,1,1,0,-1,-1,0,14127,0,228287
189568,0,2,0,-1,-1,0,21153,0,228288
189569,1,1,0,-1,-1,0,436239,0,228288
189570,0,1,0,-1,-1,0,18052,0,228289
189571,0,1,0,-1,-1,0,448324,0,228291
189572,1,1,0,-1,-1,0,14056,0,228291
189573,0,1,0,-1,-1,0,13385,0,228292
189574,0,1,0,-1,-1,0,461694,0,228293
189575,0,1,0,-1,-1,0,18032,0,228294
189576,1,1,0,-1,-1,0,21363,0,228294
189577,0,1,0,-1,-1,0,436239,0,228295
189578,1,1,0,-1,-1,0,432639,0,228295
189579,0,2,0,-1,-1,0,461695,0,228296
189580,0,1,0,-1,-1,0,461696,0,228297
189581,0,1,0,-1,-1,0,23212,0,228298
189582,0,1,0,-1,-1,0,461700,0,228299
189583,1,1,0,-1,-1,0,15813,0,228299
189584,1,1,0,-1,-1,0,461701,0,228122
189585,0,1,0,-1,-1,0,432639,0,228147
189586,1,1,0,-1,-1,0,9336,0,228147
189587,0,1,0,-1,-1,0,18030,0,228137
189588,0,1,0,-1,-1,0,14248,0,228100
189625,0,1,0,-1,-1,0,13675,0,228139
189626,1,2,0,-1,-1,0,461896,0,228139
189629,1,1,0,-1,-1,0,448324,0,228332
189630,2,1,0,-1,-1,0,14097,0,228332
189631,0,1,0,-1,-1,0,9336,0,228332
189633,1,1,0,-1,-1,0,436239,0,228334
189634,2,1,0,-1,-1,0,21432,0,228334
189635,0,0,0,0,60000,1160,461962,0,228335
189636,1,1,0,-1,-1,0,461953,0,228335
189637,2,1,0,-1,-1,0,461951,0,228335
189638,0,0,0,0,60000,1160,461961,0,228336
189639,1,1,0,-1,-1,0,436239,0,228336
189640,2,1,0,-1,-1,0,461956,0,228336
189642,0,1,0,-1,-1,0,13387,0,228340
189652,0,1,0,-1,-1,0,14089,0,228111
189653,1,1,0,-1,-1,0,436239,0,228111
189655,1,1,0,-1,-1,0,432639,0,228109
189656,0,2,0,-1,-1,0,461985,0,228347
189658,0,2,0,-1,-1,0,22639,0,228349
189659,0,2,0,-1,-1,0,1223975,0,228350
189660,0,1,0,-1,-1,0,15809,0,228351
189662,2,1,0,-1,-1,0,14798,0,228353
189663,0,1,0,-1,-1,0,436239,0,228353
189664,1,1,0,-1,-1,0,432639,0,228353
189665,0,1,0,-1,-1,0,468168,0,228354
189666,0,1,0,-1,-1,0,436239,0,228355
189667,1,1,0,-1,-1,0,14248,0,228355
189668,2,1,0,-1,-1,0,21627,0,228356
189669,1,1,0,-1,-1,0,17493,0,228356
189670,0,1,0,-1,-1,0,460230,0,228356
189674,0,1,0,-1,-1,0,436239,0,228359
189675,1,1,0,-1,-1,0,9316,0,228359
189676,0,1,0,-1,-1,0,436239,0,228360
189677,1,1,0,-1,-1,0,9331,0,228360
189679,0,1,0,-1,-1,0,9141,0,228107
189680,1,1,0,-1,-1,0,21625,0,228106
189681,0,1,0,-1,-1,0,13669,0,228103
189682,1,1,0,-1,-1,0,21409,0,228103
189683,1,1,0,-1,-1,0,432639,0,228091
189689,0,1,0,-1,-1,0,9307,0,228381
189690,0,1,0,-1,-1,0,436239,0,228382
189691,1,1,0,-1,-1,0,21362,0,228382
189692,2,1,0,-1,-1,0,18056,0,228382
189693,0,1,0,-1,-1,0,432639,0,228383
189694,1,1,0,-1,-1,0,14049,0,228383
189698,0,1,0,-1,-1,0,9317,0,228389
189699,0,2,0,-1,-1,0,21165,0,228397
189702,1,1,0,-1,-1,0,13383,0,226841
189703,1,1,0,-1,-1,0,13383,0,226842
189704,0,1,0,-1,-1,0,7517,0,226840
189705,0,1,0,-1,-1,0,7516,0,226835
189706,0,1,0,-1,-1,0,432639,0,226838
189708,0,1,0,-1,-1,0,7515,0,226836
189709,0,2,0,-1,-1,0,462178,0,228410
189712,0,1,0,-1,-1,0,436239,0,228076
189713,1,1,0,-1,-1,0,9296,0,228076
189714,0,1,0,-1,-1,0,9318,0,228077
189732,1,1,0,-1,-1,0,27038,0,228432
189733,0,1,0,-1,-1,0,27225,0,228432
189734,2,1,0,-1,-1,0,27206,0,228432
189735,3,1,0,-1,-1,0,27043,0,228432
189736,4,0,0,60000,-1,0,462214,0,228432
189737,0,1,0,-1,-1,0,436239,0,226894
189738,0,1,0,-1,-1,0,432639,0,226895
189740,1,1,0,-1,-1,0,462229,0,228410
189753,0,1,0,-1,-1,0,460230,0,228464
189754,0,1,0,-1,-1,0,28113,0,228465
189755,0,1,0,-1,-1,0,17825,0,228466
189756,0,1,0,-1,-1,0,9346,0,228467
189757,1,1,0,-1,-1,0,23203,0,228467
189758,0,1,0,-1,-1,0,436239,0,228468
189759,0,1,0,-1,-1,0,432639,0,228469
189760,0,1,0,-1,-1,0,9346,0,228470
189761,0,1,0,-1,-1,0,21435,0,228471
189762,0,1,0,-1,-1,0,7574,0,228472
189763,1,1,0,-1,-1,0,13385,0,228472
189764,0,1,0,-1,-1,0,13387,0,228473
189765,1,1,0,-1,-1,0,449668,0,228473
189771,0,1,0,-1,-1,0,436239,0,228478
189772,1,1,0,-1,-1,0,14052,0,228478
189773,0,1,0,-1,-1,0,436239,0,228479
189776,0,1,0,-1,-1,0,436239,0,228484
189777,1,1,0,-1,-1,0,14054,0,228484
189778,0,1,0,-1,-1,0,448324,0,228486
189781,0,2,0,-1,-1,0,462178,0,228498
189782,1,1,0,-1,-1,0,462229,0,228498
189783,0,1,0,0,0,0,436239,0,228500
189784,1,1,0,-1,-1,0,460230,0,228500
189785,0,1,0,-1,-1,0,13388,0,228501
189787,0,1,0,-1,-1,0,14127,0,228503
189788,0,1,0,-1,-1,0,21507,0,228504
189789,0,1,0,-1,-1,0,9342,0,228505
189792,0,1,0,-1,-1,0,432639,0,228512
189793,0,1,0,-1,-1,0,436239,0,228513
189794,0,1,0,-1,-1,0,9332,0,228514
189796,0,1,0,-1,-1,0,436239,0,228516
189797,1,1,0,-1,-1,0,15814,0,228516
189800,0,1,0,-1,-1,0,9400,0,228518
189806,0,1,0,-1,-1,0,9139,0,228522
189807,0,0,0,120000,10000,1141,462358,0,228523
189808,0,1,0,-1,-1,0,9342,0,228524
189813,0,1,0,-1,-1,0,9315,0,228530
189816,0,1,0,-1,-1,0,9314,0,228532
189818,1,1,0,-1,-1,0,9397,0,228533
189819,0,1,0,-1,-1,0,432639,0,228534
189820,0,1,0,-1,-1,0,436239,0,228533
189821,0,1,0,-1,-1,0,432639,0,228536
189822,1,1,0,-1,-1,0,9415,0,228536
189823,0,1,0,-1,-1,0,432639,0,228537
189824,1,1,0,-1,-1,0,9345,0,228537
189825,0,1,0,-1,-1,0,9408,0,228538
189826,1,0,0,900000,60000,94,17490,0,228539
189827,0,1,0,-1,-1,0,9346,0,228539
189828,0,1,0,-1,-1,0,436239,0,228540
189829,1,1,0,-1,-1,0,14049,0,228540
189830,0,1,0,-1,-1,0,9408,0,228541
189831,0,1,0,-1,-1,0,9334,0,228542
189832,1,2,0,-1,-1,0,17484,0,228542
189833,0,1,0,-1,-1,0,17625,0,228543
189834,1,1,0,-1,-1,0,14056,0,228543
189835,0,1,0,-1,-1,0,18037,0,228544
189836,0,1,0,-1,-1,0,21510,0,228545
189840,2,1,0,-1,-1,0,9415,0,228548
189841,1,1,0,-1,-1,0,432639,0,228548
189842,0,1,0,-1,-1,0,436239,0,228548
189844,0,1,0,-1,-1,0,436239,0,228551
189845,1,1,0,-1,-1,0,9345,0,228551
189846,0,1,0,-1,-1,0,460230,0,228553
189848,0,1,0,-1,-1,0,9407,0,228556
189849,0,1,0,-1,-1,0,15806,0,228557
189851,0,1,0,-1,-1,0,432639,0,228559
189852,1,1,0,-1,-1,0,21446,0,228561
189853,0,1,0,-1,-1,0,432639,0,228561
189854,0,1,0,-1,-1,0,9342,0,228563
189856,0,1,0,-1,-1,0,9295,0,228565
189858,0,1,0,-1,-1,0,15810,0,228567
189859,0,1,0,-1,-1,0,21508,0,228568
189860,1,1,0,-1,-1,0,21473,0,228568
189862,0,1,0,-1,-1,0,21513,0,228571
189863,0,1,0,-1,-1,0,7681,0,228572
189864,0,2,0,-1,-1,0,18203,0,228573
189865,1,1,0,-1,-1,0,13386,0,228573
189866,0,1,0,0,-1,0,13387,0,228574
189867,0,1,0,-1,-1,0,432639,0,228575
189868,0,1,0,-1,-1,0,9343,0,228576
189869,1,0,0,120000,-1,0,17330,0,228576
189870,0,1,0,-1,-1,0,9407,0,228577
189871,1,1,0,-1,-1,0,18031,0,227204
189872,1,1,0,-1,-1,0,18031,0,227198
189874,0,1,0,-1,-1,0,9406,0,228579
189877,0,1,0,-1,-1,0,460230,0,228583
189878,1,1,0,-1,-1,0,14027,0,228583
189879,0,1,0,0,-1,0,436239,0,228584
189881,1,1,0,-1,-1,0,14248,0,227188
189883,1,1,0,-1,-1,0,9346,0,227193
189884,1,1,0,-1,-1,0,9346,0,227187
189885,1,1,0,-1,-1,0,14248,0,227192
189886,1,1,0,-1,-1,0,14248,0,227186
189887,0,0,0,1800000,0,0,17252,0,228585
189888,1,1,0,-1,-1,0,18031,0,228585
189889,1,1,0,-1,-1,0,436239,0,227190
189890,0,2,0,-1,-1,0,19260,0,228586
189891,1,1,0,-1,-1,0,436239,0,227184
189892,0,1,0,-1,-1,0,13881,0,228587
189893,0,1,0,-1,-1,0,436239,0,228588
189894,1,1,0,-1,-1,0,432639,0,227183
189895,1,1,0,-1,-1,0,432639,0,227180
189896,0,0,0,600000,0,0,17275,0,228589
189898,0,1,0,-1,-1,0,9318,0,228591
189899,0,2,0,-1,-1,0,17331,0,228592
189900,1,1,0,-1,-1,0,13386,0,228592
189901,0,1,0,-1,-1,0,13387,0,228593
189904,0,1,0,-1,-1,0,432639,0,228595
189908,0,1,0,-1,-1,0,462385,0,228599
189909,0,1,0,-1,-1,0,436239,0,228600
189910,0,1,0,-1,-1,0,13387,0,228602
189911,0,2,0,-1,-1,0,16549,0,228603
189912,0,1,0,-1,-1,0,448324,0,228604
189913,0,1,0,-1,-1,0,21471,0,228605
189914,1,1,0,-1,-1,0,9416,0,228605
189915,0,2,0,-1,-1,0,16602,0,228606
189916,1,1,0,-1,-1,0,9331,0,227089
189917,1,1,0,-1,-1,0,9331,0,227083
189918,1,1,0,-1,-1,0,14027,0,227086
189919,1,1,0,-1,-1,0,9331,0,227084
189920,1,1,0,-1,-1,0,9331,0,227078
189921,1,1,0,-1,-1,0,9331,0,227085
189922,1,1,0,-1,-1,0,9331,0,227079
189923,0,1,0,-1,-1,0,9332,0,227088
189924,0,1,0,-1,-1,0,9332,0,227082
189925,1,1,0,-1,-1,0,9331,0,227087
189926,1,1,0,-1,-1,0,9331,0,227081
189928,1,1,0,-1,-1,0,21363,0,227149
189929,1,1,0,-1,-1,0,21625,0,227148
189930,1,1,0,-1,-1,0,21363,0,227151
189931,1,1,0,-1,-1,0,21363,0,227150
189932,1,1,0,-1,-1,0,21363,0,227153
189936,0,1,0,-1,-1,0,23516,0,228650
189937,1,1,0,-1,-1,0,13390,0,228650
189938,0,1,0,-1,-1,0,432639,0,228651
189939,1,1,0,-1,-1,0,436239,0,228651
189940,0,1,0,-1,-1,0,432639,0,228652
189941,1,1,0,-1,-1,0,13385,0,228652
189942,0,1,0,-1,-1,0,436239,0,228653
189961,0,1,0,-1,-1,0,432639,0,228660
189962,1,1,0,-1,-1,0,436239,0,228660
189963,2,1,0,-1,-1,0,13390,0,228660
189964,0,1,0,-1,-1,0,15806,0,228661
189965,2,1,0,-1,-1,0,14799,0,228661
189966,1,1,0,-1,-1,0,13390,0,228661
189967,0,1,0,-1,-1,0,432639,0,228662
189968,0,1,0,-1,-1,0,9396,0,228663
189969,0,1,0,-1,-1,0,9315,0,228664
189970,0,2,0,-1,-1,0,17196,0,228666
189971,1,1,0,-1,-1,0,462628,0,228666
189972,2,1,0,-1,-1,0,460343,0,228666
189973,3,1,0,-1,-1,0,13390,0,228666
189974,0,1,0,0,0,0,436239,0,228667
189975,1,1,0,-1,-1,0,9330,0,228667
189976,0,1,0,-1,-1,0,9406,0,228669
189977,1,1,0,-1,-1,0,21361,0,228669
189978,0,1,0,-1,-1,0,432639,0,228670
189979,0,1,0,-1,-1,0,13385,0,228672
189980,0,1,0,-1,-1,0,436239,0,228675
189983,2,1,0,-1,-1,0,21618,0,228675
189984,1,1,0,-1,-1,0,7681,0,228675
189985,1,1,0,-1,-1,0,21620,0,228676
189986,0,1,0,-1,-1,0,9343,0,228676
189989,0,0,0,90000,15000,1141,462636,0,228678
189990,0,2,0,-1,-1,0,463105,0,228679
189992,0,1,0,-1,-1,0,432639,0,228682
189993,1,1,0,-1,-1,0,14798,0,228682
189994,0,1,0,0,0,0,432639,0,228683
189995,1,1,0,-1,-1,0,9345,0,228683
189996,0,1,0,-1,-1,0,432639,0,228684
189997,0,1,0,-1,-1,0,432639,0,228685
189998,1,1,0,-1,-1,0,436239,0,228685
189999,0,1,0,-1,-1,0,432639,0,228686
190000,1,1,0,-1,-1,0,21407,0,228686
190001,0,1,0,-1,-1,0,436239,0,228687
190002,1,1,0,-1,-1,0,14254,0,228687
190006,1,1,0,-1,-1,0,7680,0,228054
190007,1,1,0,-1,-1,0,460229,0,228057
190008,0,1,0,-1,-1,0,9417,0,228699
190009,1,1,0,-1,-1,0,21625,0,228699
190011,1,1,0,-1,-1,0,9406,0,228060
190012,1,1,0,-1,-1,0,21618,0,228059
190013,0,1,0,-1,-1,0,13674,0,228058
190014,1,1,0,-1,-1,0,13384,0,228058
190017,1,1,0,-1,-1,0,9316,0,228468
190018,0,1,0,-1,-1,0,9407,0,228064
190019,1,1,0,-1,-1,0,21623,0,228470
190022,2,1,0,-1,-1,0,9141,0,228068
190026,1,1,0,-1,-1,0,21362,0,228065
190027,1,1,0,-1,-1,0,9329,0,228070
190028,1,1,0,-1,-1,0,462746,0,228486
190031,0,1,0,-1,-1,0,9342,0,227992
190032,0,1,0,-1,-1,0,432639,0,228704
190033,1,1,0,-1,-1,0,13385,0,228704
190034,0,1,0,-1,-1,0,13387,0,228003
190035,1,1,0,-1,-1,0,13384,0,227998
190039,0,1,0,-1,-1,0,13384,0,228014
190040,1,1,0,-1,-1,0,21470,0,228012
190047,1,1,0,-1,-1,0,18074,0,228030
190048,0,1,0,-1,-1,0,7517,0,228026
190049,1,1,0,-1,-1,0,9414,0,228028
190050,0,1,0,-1,-1,0,14798,0,228022
190054,0,1,0,-1,-1,0,9408,0,228042
190055,1,1,0,-1,-1,0,21627,0,228040
190056,0,1,0,-1,-1,0,432639,0,228036
190057,0,1,0,-1,-1,0,432639,0,228027
190058,0,1,0,-1,-1,0,432639,0,228719
190059,0,1,0,-1,-1,0,14027,0,227955
190060,0,1,0,-1,-1,0,9334,0,227957
190061,0,1,0,-1,-1,0,14027,0,227961
190062,0,1,0,-1,-1,0,9408,0,227971
190063,0,1,0,-1,-1,0,7680,0,227970
190064,0,1,0,-1,-1,0,9298,0,227978
190067,0,1,0,-1,-1,0,13665,0,227981
190068,0,1,0,-1,-1,0,432639,0,227987
190069,0,1,0,-1,-1,0,15600,0,228722
190070,1,1,0,-1,-1,0,9335,0,228722
190090,0,1,0,-1,-1,0,463001,0,208424
190104,0,2,0,-1,-1,0,16551,0,228757
190108,0,1,0,-1,-1,0,13384,0,227025
190109,1,1,0,-1,-1,0,13383,0,227026
190110,1,1,0,-1,-1,0,13383,0,227027
190111,0,1,0,-1,-1,0,13387,0,227028
190112,1,1,0,-1,-1,0,13388,0,227029
190113,1,1,0,-1,-1,0,13383,0,227030
190114,1,1,0,-1,-1,0,13386,0,227031
190115,1,1,0,-1,-1,0,13387,0,227032
190116,0,1,0,-1,-1,0,436239,0,228759
190117,1,1,0,-1,-1,0,15806,0,228759
190121,1,1,0,-1,-1,0,436239,0,227142
190122,1,1,0,-1,-1,0,436239,0,227146
190123,1,1,0,-1,-1,0,432639,0,227144
190124,1,1,0,-1,-1,0,436239,0,227143
190127,1,1,0,-1,-1,0,14799,0,227165
190128,0,1,0,-1,-1,0,9344,0,227164
190129,1,1,0,-1,-1,0,18030,0,227171
190130,0,1,0,-1,-1,0,9316,0,227170
190131,2,1,0,-1,-1,0,21624,0,227168
190132,2,1,0,-1,-1,0,21623,0,227166
190134,0,1,0,-1,-1,0,432639,0,227158
190135,1,1,0,-1,-1,0,432639,0,227157
190136,1,1,0,-1,-1,0,432639,0,227159
190137,0,1,0,-1,-1,0,432639,0,227156
190138,0,1,0,-1,-1,0,432639,0,227154
190139,1,1,0,-1,-1,0,14027,0,227080
190170,0,1,0,-1,-1,0,9317,0,227879
190191,0,1,0,-1,-1,0,13388,0,227821
190192,0,1,0,-1,-1,0,18033,0,227872
190194,0,1,0,-1,-1,0,13388,0,227824
190195,0,1,0,-1,-1,0,15715,0,227873
190197,0,1,0,-1,-1,0,436239,0,227834
190198,1,1,0,-1,-1,0,9346,0,227834
190202,1,1,0,-1,-1,0,18038,0,227859
190203,1,1,0,-1,-1,0,13388,0,227818
190204,0,1,0,-1,-1,0,432639,0,227803
190205,0,1,0,-1,-1,0,18050,0,227875
190206,0,1,0,-1,-1,0,13388,0,227871
190209,0,1,0,-1,-1,0,436239,0,227814
190210,0,1,0,-1,-1,0,18029,0,227827
190212,0,1,0,-1,-1,0,432639,0,227882
190213,1,1,0,-1,-1,0,15714,0,227882
190214,0,1,0,-1,-1,0,18031,0,227877
190215,0,1,0,-1,-1,0,432639,0,227804
190217,0,1,0,-1,-1,0,18049,0,227874
190223,1,1,0,-1,-1,0,432639,0,226666
190227,0,1,0,-1,-1,0,432639,0,227815
190228,1,1,0,-1,-1,0,21408,0,227815
190229,0,1,0,-1,-1,0,432639,0,227822
190230,1,1,0,-1,-1,0,15808,0,227829
190231,1,1,0,-1,-1,0,18369,0,227810
190232,0,1,0,-1,-1,0,9317,0,227878
190234,1,1,0,-1,-1,0,436239,0,227885
190235,2,1,0,-1,-1,0,13385,0,227885
190236,0,1,0,-1,-1,0,440981,0,227809
190237,0,1,0,-1,-1,0,18369,0,227835
190238,1,1,0,-1,-1,0,18050,0,227832
190240,1,1,0,-1,-1,0,432639,0,226655
190241,1,1,0,-1,-1,0,436239,0,226654
190242,1,1,0,-1,-1,0,436239,0,226658
190243,1,1,0,-1,-1,0,436239,0,226656
190246,1,1,0,-1,-1,0,9417,0,227869
190247,0,1,0,-1,-1,0,14249,0,227880
190248,2,1,0,-1,-1,0,461629,0,227880
190249,1,2,0,-1,-1,0,446327,0,228125
190250,1,1,0,-1,-1,0,461580,0,227833
190252,1,2,0,-1,-1,0,463448,0,227887
190253,0,1,0,-1,-1,0,432639,0,227825
190254,1,1,0,-1,-1,0,21436,0,227849
190255,0,1,0,-1,-1,0,13390,0,228925
190256,0,1,0,-1,-1,0,21513,0,228926
190257,0,1,0,-1,-1,0,21513,0,228927
190258,0,1,0,-1,-1,0,9318,0,228928
190259,0,1,0,-1,-1,0,9318,0,228929
190272,0,1,0,-1,-1,0,436239,0,226531
190273,1,1,0,-1,-1,0,432639,0,226534
190274,1,1,0,-1,-1,0,432639,0,226533
190275,1,1,0,-1,-1,0,432639,0,226532
190292,1,1,0,-1,-1,0,463529,0,228186
190293,0,1,0,-1,-1,0,436239,0,228185
190296,0,1,0,-1,-1,0,18032,0,228168
190297,0,1,0,-1,-1,0,9408,0,228187
190298,0,1,0,-1,-1,0,432639,0,228169
190299,0,1,0,-1,-1,0,18185,0,226801
190300,1,1,0,-1,-1,0,13385,0,226798
190301,1,1,0,-1,-1,0,13386,0,226804
190302,0,1,0,-1,-1,0,13384,0,226796
190303,0,1,0,-1,-1,0,13383,0,226802
190304,0,1,0,-1,-1,0,18369,0,226799
190305,0,1,0,-1,-1,0,13388,0,226797
190307,1,1,0,-1,-1,0,13388,0,226803
190310,1,1,0,-1,-1,0,13390,0,226990
190314,0,1,0,-1,-1,0,436239,0,228165
190315,0,0,0,120000,20000,1141,463564,0,228163
190316,1,0,0,120000,20000,1141,461317,0,228188
190317,1,1,0,-1,-1,0,21508,0,226596
190318,1,1,0,-1,-1,0,436239,0,226597
190319,0,1,0,-1,-1,0,13385,0,228162
190320,2,1,0,-1,-1,0,436239,0,226599
190321,1,1,0,-1,-1,0,432639,0,226602
190322,2,1,0,-1,-1,0,21509,0,226602
190323,2,1,0,-1,-1,0,432639,0,226598
190324,1,1,0,-1,-1,0,436239,0,226610
190325,1,1,0,-1,-1,0,436239,0,226588
190326,1,1,0,-1,-1,0,436239,0,226592
190327,1,1,0,-1,-1,0,436239,0,226591
190329,1,1,0,-1,-1,0,9408,0,226589
190330,1,0,0,300000,60000,94,17490,0,228955
190331,0,1,0,-1,-1,0,13881,0,228955
190332,1,1,0,-1,-1,0,23172,0,226603
190333,1,1,0,-1,-1,0,25036,0,226605
190334,1,1,0,-1,-1,0,23172,0,226604
190335,1,1,0,-1,-1,0,23172,0,226608
190336,0,1,0,-1,-1,0,432639,0,226607
190337,1,1,0,-1,-1,0,13387,0,226595
190339,2,1,0,-1,-1,0,13385,0,226606
190344,1,1,0,-1,-1,0,432639,0,226446
190345,1,1,0,-1,-1,0,432639,0,226445
190346,0,1,0,-1,-1,0,436239,0,226443
190347,0,1,0,-1,-1,0,13384,0,226477
190348,1,1,0,-1,-1,0,432639,0,226477
190349,1,1,0,-1,-1,0,13384,0,226478
190350,1,1,0,-1,-1,0,13390,0,226479
190351,1,1,0,-1,-1,0,18054,0,227886
190352,1,1,0,-1,-1,0,436239,0,226613
190353,1,1,0,-1,-1,0,9314,0,226618
190354,2,1,0,-1,-1,0,463641,0,227886
190355,2,1,0,-1,-1,0,13390,0,226488
190357,1,1,0,-1,-1,0,21407,0,226486
190358,0,1,0,-1,-1,0,432639,0,226489
190359,1,1,0,-1,-1,0,21409,0,226489
190360,1,1,0,-1,-1,0,13390,0,226487
190361,1,1,0,-1,-1,0,13384,0,226484
190362,1,1,0,-1,-1,0,432639,0,226626
190363,1,1,0,-1,-1,0,436239,0,226620
190364,1,1,0,-1,-1,0,432639,0,226628
190365,1,1,0,-1,-1,0,7518,0,226634
190366,1,1,0,-1,-1,0,13390,0,226485
190367,1,1,0,-1,-1,0,13390,0,226491
190368,2,1,0,-1,-1,0,14249,0,226490
190376,1,1,0,-1,-1,0,436239,0,226493
190385,0,1,0,-1,-1,0,432639,0,227022
190386,1,1,0,-1,-1,0,436239,0,226543
190387,0,1,0,-1,-1,0,436239,0,226542
190388,0,1,0,-1,-1,0,432639,0,226541
190389,0,1,0,-1,-1,0,436239,0,226538
190390,1,1,0,-1,-1,0,21410,0,227803
190391,1,1,0,-1,-1,0,21408,0,227804
190422,1,1,0,-1,-1,0,9334,0,228169
190531,1,1,0,-1,-1,0,461154,0,227934
190608,0,1,0,-1,-1,0,436239,0,228166
190609,1,1,0,-1,-1,0,432639,0,228166
190623,1,2,0,-1,-1,0,465414,0,229749
190633,0,1,0,-1,-1,0,465412,0,229749
190634,1,2,0,-1,-1,0,465414,0,229806
190636,2,0,0,60000,60000,2330,465418,0,229806
190637,2,0,0,60000,60000,2330,465417,0,229749
190666,1,1,0,-1,-1,0,465693,0,18348
190667,1,1,0,-1,-1,0,465699,0,228679
190671,0,1,0,-1,-1,0,465719,0,227867
190673,0,1,0,-1,-1,0,465787,0,229906
190674,1,0,0,-1,-1,0,465789,0,229906
190676,1,1,0,-1,-1,0,466938,0,229909
190677,2,1,0,-1,-1,0,469236,0,229909
190678,0,1,0,-1,-1,0,18382,0,229910
190679,1,1,0,-1,-1,0,466938,0,229910
190735,0,1,0,-1,-1,0,465412,0,229966
190736,0,1,0,-1,-1,0,436239,0,229966
190737,3,0,0,60000,60000,2323,466116,0,229909
190738,3,0,0,60000,60000,2323,466117,0,229971
190739,1,1,0,-1,-1,0,466938,0,229971
190740,2,1,0,-1,-1,0,469237,0,229971
190741,3,0,0,60000,60000,2323,466118,0,229972
190742,2,1,0,-1,-1,0,469238,0,229972
190743,1,1,0,-1,-1,0,466938,0,229972
190769,0,1,0,-1,-1,0,17367,0,230001
190770,0,2,0,-1,-1,0,466329,0,230002
190771,0,2,0,-1,-1,0,465414,0,230003
190772,1,1,0,-1,-1,0,465412,0,230003
190773,2,0,0,60000,-1,0,465417,0,230003
190778,0,0,0,1800000,0,0,466596,0,230008
190857,0,2,0,-1,-1,0,468156,0,230224
190869,0,0,0,90000,15000,1141,467446,0,230237
190870,0,0,0,180000,30000,1141,467459,0,230238
190873,0,1,0,-1,-1,0,13387,0,230241
190875,0,2,0,-1,-1,0,469828,0,230242
190876,0,0,0,120000,20000,1141,467141,0,230243
190877,0,0,0,120000,-1,0,467467,0,230244
190878,0,1,0,-1,-1,0,467143,0,230245
190881,1,1,0,-1,-1,0,21363,0,230245
190882,1,1,0,-1,-1,0,467144,0,230248
190883,0,1,0,-1,-1,0,436239,0,230248
190884,0,0,0,120000,-1,0,467499,0,230249
190885,0,0,0,120000,20000,1141,467511,0,230250
190886,0,1,0,-1,-1,0,15811,0,230251
190889,0,1,0,-1,-1,0,467145,0,230253
190890,1,1,0,-1,-1,0,9330,0,230253
190891,0,1,0,-1,-1,0,460230,0,230254
190892,1,1,0,-1,-1,0,7523,0,230254
190893,0,1,0,-1,-1,0,14052,0,230255
190894,1,1,0,-1,-1,0,13387,0,230255
190895,0,1,0,-1,-1,0,436239,0,230256
190896,0,1,0,-1,-1,0,18049,0,230257
190908,0,1,0,-1,-1,0,467166,0,230269
190909,1,1,0,-1,-1,0,21631,0,230269
190910,0,1,0,-1,-1,0,26158,0,230270
190911,1,1,0,-1,-1,0,436239,0,230270
190912,0,1,0,-1,-1,0,436239,0,230271
190913,1,2,0,-1,-1,0,467167,0,230271
190914,0,0,0,120000,20000,1141,467522,0,230272
190915,0,0,0,120000,20000,1141,467523,0,230273
190918,0,1,0,-1,-1,0,436239,0,230276
190919,1,1,0,-1,-1,0,9335,0,230276
190920,0,1,0,-1,-1,0,15812,0,230277
190921,0,1,0,-1,-1,0,436239,0,230278
190922,1,1,0,-1,-1,0,21515,0,230278
190923,0,1,0,-1,-1,0,448324,0,230279
190924,1,1,0,-1,-1,0,432639,0,230279
190925,2,1,0,-1,-1,0,18049,0,230279
190926,0,0,0,120000,-1,0,467525,0,230280
190927,0,1,0,-1,-1,0,432639,0,230281
190928,1,1,0,-1,-1,0,14047,0,230281
190929,0,1,0,-1,-1,0,15814,0,230282
190930,1,1,0,-1,-1,0,460230,0,230282
190949,0,0,0,30000,-1,0,467271,0,230726
190957,0,1,0,-1,-1,0,467318,0,230733
190958,1,1,0,-1,-1,0,436239,0,230733
190959,0,1,0,-1,-1,0,432639,0,230735
190960,0,1,0,-1,-1,0,21485,0,230736
190961,1,1,0,-1,-1,0,23181,0,230736
190962,2,1,0,-1,-1,0,14249,0,230736
190963,0,1,0,-1,-1,0,9343,0,230737
190964,0,1,0,-1,-1,0,436239,0,230738
190965,1,1,0,-1,-1,0,453053,0,230738
190968,0,1,0,-1,-1,0,15811,0,230740
190969,1,1,0,-1,-1,0,13386,0,230740
190970,0,1,0,-1,-1,0,432639,0,230741
190971,0,1,0,-1,-1,0,436239,0,230742
190972,1,1,0,-1,-1,0,14127,0,230742
190975,0,1,0,-1,-1,0,21410,0,230744
190976,0,1,0,-1,-1,0,436239,0,230745
190989,0,1,0,-1,-1,0,26227,0,230794
190990,1,1,0,-1,-1,0,467407,0,230794
190992,0,1,0,-1,-1,0,436239,0,230800
190993,1,1,0,-1,-1,0,432639,0,230800
190994,2,1,0,-1,-1,0,15715,0,230800
190995,0,1,0,-1,-1,0,21440,0,230801
190996,0,1,0,-1,-1,0,23731,0,230802
190997,1,1,0,-1,-1,0,13385,0,230802
190998,0,1,0,-1,-1,0,14798,0,230804
190999,0,1,0,-1,-1,0,15813,0,230805
191000,1,1,0,-1,-1,0,460230,0,230805
191001,0,1,0,-1,-1,0,15813,0,230806
191002,1,1,0,-1,-1,0,436239,0,230806
191004,0,1,0,-1,-1,0,18369,0,230808
191005,0,1,0,-1,-1,0,17493,0,230810
191006,1,1,0,-1,-1,0,460230,0,230810
191007,0,1,0,-1,-1,0,467430,0,230811
191010,0,1,0,-1,-1,0,448324,0,230813
191011,1,1,0,-1,-1,0,467432,0,230813
191012,0,1,0,-1,-1,0,15829,0,230818
191013,0,1,0,-1,-1,0,15808,0,230837
191014,0,1,0,-1,-1,0,467432,0,230838
191015,0,1,0,-1,-1,0,432639,0,230839
191016,1,1,0,-1,-1,0,14056,0,230839
191017,0,1,0,-1,-1,0,18369,0,230840
191018,0,1,0,-1,-1,0,17367,0,230841
191020,0,1,0,-1,-1,0,448324,0,230844
191021,1,1,0,-1,-1,0,453053,0,230844
191022,0,1,0,-1,-1,0,18014,0,230846
191023,0,1,0,-1,-1,0,467443,0,230847
191024,0,1,0,-1,-1,0,15813,0,230848
191028,1,1,0,-1,-1,0,467466,0,230238
191031,1,1,0,-1,-1,0,467508,0,230249
191032,1,1,0,-1,-1,0,467512,0,230250
191033,1,1,0,-1,-1,0,467528,0,230280
191034,0,1,0,-1,-1,0,18049,0,230854
191035,0,1,0,-1,-1,0,15811,0,230855
191037,0,1,0,-1,-1,0,460230,0,230857
191038,0,1,0,-1,-1,0,18049,0,230858
191039,0,1,0,-1,-1,0,436239,0,230859
191040,0,1,0,-1,-1,0,14089,0,230860
191041,0,1,0,-1,-1,0,436239,0,230861
191042,1,1,0,-1,-1,0,432639,0,230861
191044,0,1,0,-1,-1,0,467550,0,230863
191045,1,1,0,-1,-1,0,21363,0,230863
191046,0,1,0,-1,-1,0,436239,0,230864
191047,1,1,0,-1,-1,0,15819,0,230864
191048,0,1,0,-1,-1,0,18053,0,230865
191049,1,1,0,-1,-1,0,18379,0,230865
191050,0,1,0,-1,-1,0,432639,0,230866
191051,0,1,0,-1,-1,0,432639,0,230867
191052,1,1,0,-1,-1,0,9346,0,230867
191053,0,1,0,-1,-1,0,436239,0,230868
191054,1,1,0,-1,-1,0,15818,0,230868
191093,0,2,0,-1,-1,0,467642,0,230911
191094,0,1,0,-1,-1,0,467144,0,230912
191095,0,1,0,-1,-1,0,15715,0,230913
191096,0,1,0,-1,-1,0,436239,0,230914
191097,1,1,0,-1,-1,0,21520,0,230914
191098,0,1,0,-1,-1,0,467830,0,230915
191099,1,1,0,-1,-1,0,21626,0,230915
191100,0,1,0,-1,-1,0,436239,0,230916
191101,1,1,0,-1,-1,0,15715,0,230916
191103,0,1,0,-1,-1,0,467651,0,230918
191104,0,1,0,-1,-1,0,15806,0,230919
191105,0,0,0,180000,0,94,467720,0,230920
191106,0,1,0,-1,-1,0,432639,0,230921
191107,0,1,0,-1,-1,0,21412,0,230922
191110,0,1,0,-1,-1,0,436239,0,230925
191111,0,1,0,-1,-1,0,436239,0,230926
191112,1,1,0,-1,-1,0,21518,0,230926
191114,0,1,0,-1,-1,0,436239,0,230928
191115,1,1,0,-1,-1,0,432639,0,230928
191116,2,1,0,-1,-1,0,14055,0,230928
191117,0,1,0,-1,-1,0,436239,0,230929
191118,1,1,0,-1,-1,0,14027,0,230929
191119,0,2,0,-1,-1,0,467738,0,230930
191120,1,1,0,-1,-1,0,9141,0,230930
191121,2,1,0,-1,-1,0,24591,0,230930
191128,0,2,0,-1,-1,0,467740,0,230934
191129,1,1,0,-1,-1,0,467751,0,230920
191130,2,1,0,-1,-1,0,467753,0,228955
191131,0,1,0,-1,-1,0,467437,0,230939
191132,1,0,0,120000,-1,0,467754,0,230939
191133,0,1,0,-1,-1,0,436239,0,230941
191134,1,1,0,-1,-1,0,467318,0,230941
191136,0,1,0,-1,-1,0,22912,0,230942
191137,0,1,0,-1,-1,0,13675,0,230943
191138,1,1,0,-1,-1,0,13388,0,230943
191181,0,1,0,-1,-1,0,13387,0,230989
191182,1,1,0,-1,-1,0,460229,0,230989
191184,1,1,0,-1,-1,0,467813,0,230911
191185,2,1,0,-1,-1,0,26153,0,230911
191186,0,1,0,-1,-1,0,467819,0,230991
191187,1,1,0,-1,-1,0,26153,0,230991
191188,0,1,0,-1,-1,0,15809,0,230992
191189,0,1,0,-1,-1,0,469672,0,230993
191190,0,1,0,-1,-1,0,467430,0,230994
191191,0,1,0,-1,-1,0,436239,0,230995
191192,1,1,0,-1,-1,0,15810,0,230995
191193,0,1,0,-1,-1,0,18185,0,230996
191195,0,1,0,-1,-1,0,467550,0,230998
191196,1,1,0,-1,-1,0,13385,0,230999
191197,0,1,0,-1,-1,0,23203,0,230999
191198,0,1,0,-1,-1,0,467828,0,231000
191199,0,1,0,-1,-1,0,432639,0,231001
191200,1,1,0,-1,-1,0,9345,0,231001
191201,0,1,0,-1,-1,0,467437,0,231002
191202,1,1,0,-1,-1,0,436239,0,231002
191203,0,1,0,-1,-1,0,467550,0,231003
191204,0,1,0,-1,-1,0,460230,0,231004
191205,1,1,0,-1,-1,0,18057,0,231004
191206,0,1,0,-1,-1,0,432639,0,231005
191207,1,1,0,-1,-1,0,14799,0,231005
191208,0,1,0,-1,-1,0,467550,0,231006
191209,0,1,0,-1,-1,0,448324,0,231007
191210,1,1,0,-1,-1,0,9333,0,231007
191211,0,1,0,-1,-1,0,436239,0,231008
191212,1,1,0,-1,-1,0,14049,0,231008
191213,0,1,0,-1,-1,0,18369,0,231010
191214,1,1,0,-1,-1,0,28112,0,231010
191217,0,1,0,-1,-1,0,21471,0,231012
191218,1,1,0,-1,-1,0,21407,0,231012
191220,0,1,0,-1,-1,0,448324,0,231014
191221,1,1,0,-1,-1,0,15813,0,231014
191223,2,1,0,-1,-1,0,26153,0,231016
191224,1,2,0,-1,-1,0,467836,0,231016
191225,0,1,0,-1,-1,0,467837,0,231016
191571,0,1,0,-1,-1,0,18049,0,231271
191572,1,0,0,90000,0,0,468164,0,231271
191573,0,1,0,-1,-1,0,460230,0,231272
191574,1,1,0,-1,-1,0,468165,0,231272
191575,2,1,0,-1,-1,0,26153,0,231272
191576,0,1,0,-1,-1,0,446278,0,231273
191577,0,1,0,-1,-1,0,468166,0,231274
191578,1,1,0,-1,-1,0,468170,0,231275
191579,0,1,0,-1,-1,0,14047,0,231275
191580,0,1,0,-1,-1,0,467830,0,231276
191581,1,1,0,-1,-1,0,21363,0,231276
191582,0,1,0,-1,-1,0,468175,0,231277
191583,1,1,0,-1,-1,0,26153,0,231277
191584,0,1,0,-1,-1,0,467550,0,231279
191585,1,1,0,-1,-1,0,21627,0,231279
191586,0,0,0,120000,20000,1141,468387,0,231280
191587,0,0,0,120000,20000,1141,468460,0,231281
191588,0,0,0,120000,20000,1141,468512,0,231282
191589,0,0,0,90000,0,0,468531,0,231283
191590,0,0,0,120000,20000,1141,468540,0,231284
191591,0,0,0,90000,15000,1141,468461,0,231285
191592,0,0,0,120000,20000,1141,468462,0,231286
191593,0,0,0,120000,10000,1141,468458,0,231287
191594,0,0,0,120000,-1,0,468388,0,231288
191595,0,1,0,-1,-1,0,13675,0,231289
191596,1,1,0,-1,-1,0,23516,0,231289
191597,2,1,0,-1,-1,0,13385,0,231289
191601,0,2,0,-1,-1,0,468184,0,231293
191606,0,1,0,-1,-1,0,18057,0,231296
191610,0,1,0,-1,-1,0,13390,0,231299
191611,0,1,0,-1,-1,0,432639,0,231300
191612,1,1,0,-1,-1,0,14047,0,231300
191613,0,1,0,-1,-1,0,436239,0,231301
191614,1,1,0,-1,-1,0,9335,0,231301
191615,0,1,0,-1,-1,0,15807,0,231302
191616,0,1,0,-1,-1,0,468224,0,231303
191617,1,1,0,-1,-1,0,21619,0,231303
191619,0,1,0,-1,-1,0,436239,0,231305
191620,1,1,0,-1,-1,0,15715,0,231305
191621,2,1,0,-1,-1,0,21619,0,231305
191622,0,1,0,-1,-1,0,460230,0,231306
191623,1,1,0,-1,-1,0,9416,0,231306
191624,0,1,0,-1,-1,0,436239,0,231307
191625,1,1,0,-1,-1,0,15811,0,231307
191626,0,1,0,-1,-1,0,14254,0,231308
191627,0,1,0,-1,-1,0,436239,0,231309
191628,1,1,0,-1,-1,0,9335,0,231309
191637,0,1,0,-1,-1,0,15823,0,231315
191639,0,1,0,-1,-1,0,14254,0,231316
191640,1,1,0,-1,-1,0,468260,0,231316
191641,0,1,0,-1,-1,0,432639,0,231317
191642,1,1,0,-1,-1,0,18055,0,231317
191643,0,1,0,-1,-1,0,432639,0,231318
191644,1,1,0,-1,-1,0,15715,0,231318
191645,0,1,0,-1,-1,0,14254,0,231319
191646,0,1,0,-1,-1,0,468310,0,231320
191647,0,1,0,-1,-1,0,468268,0,231321
191648,0,1,0,-1,-1,0,468270,0,231322
191649,0,1,0,-1,-1,0,468272,0,231323
191650,1,1,0,-1,-1,0,15807,0,231323
191651,0,1,0,-1,-1,0,468273,0,231324
191652,1,1,0,-1,-1,0,13831,0,231324
191657,0,1,0,-1,-1,0,436284,0,231328
191658,1,1,0,-1,-1,0,21515,0,231328
191659,0,1,0,-1,-1,0,468275,0,231329
191660,1,1,0,-1,-1,0,21524,0,231329
191661,0,1,0,-1,-1,0,468277,0,231330
191662,1,1,0,-1,-1,0,21514,0,231330
191663,0,1,0,-1,-1,0,21518,0,231331
191664,0,1,0,-1,-1,0,468278,0,231332
191665,1,1,0,-1,-1,0,467828,0,231332
191669,0,1,0,-1,-1,0,468288,0,231336
191670,1,1,0,-1,-1,0,432639,0,231336
191671,0,1,0,-1,-1,0,448324,0,231337
191672,1,1,0,-1,-1,0,15812,0,231337
191673,0,1,0,-1,-1,0,432639,0,231338
191674,0,1,0,-1,-1,0,468289,0,231340
191675,1,1,0,-1,-1,0,13390,0,231340
191676,1,1,0,-1,-1,0,21474,0,231341
191677,2,1,0,-1,-1,0,21409,0,231341
191678,0,1,0,-1,-1,0,432639,0,231341
191679,0,1,0,-1,-1,0,13390,0,231342
191680,1,1,0,-1,-1,0,9345,0,231342
191681,1,1,0,-1,-1,0,13385,0,231343
191682,0,1,0,-1,-1,0,9342,0,231343
191683,0,1,0,-1,-1,0,468303,0,231346
191685,1,1,0,-1,-1,0,14799,0,231346
191690,0,1,0,-1,-1,0,468309,0,231350
191691,1,1,0,-1,-1,0,23181,0,231350
191692,2,1,0,-1,-1,0,13383,0,231350
191693,1,1,0,-1,-1,0,22852,0,231351
191694,2,1,0,-1,-1,0,13385,0,231351
191695,0,1,0,-1,-1,0,432639,0,231351
191696,0,1,0,-1,-1,0,436239,0,231352
191697,1,1,0,-1,-1,0,460229,0,231352
191698,2,1,0,-1,-1,0,13390,0,231352
191699,0,1,0,-1,-1,0,436239,0,231353
191700,1,1,0,-1,-1,0,28113,0,231353
191701,2,1,0,-1,-1,0,13390,0,231353
191702,1,1,0,-1,-1,0,468270,0,231320
191733,1,1,0,-1,-1,0,468459,0,231287
191734,1,1,0,-1,-1,0,13385,0,230942
191749,1,1,0,-1,-1,0,469493,0,231460
191765,0,1,0,-1,-1,0,436239,0,231530
191766,0,1,0,-1,-1,0,432639,0,231531
191767,0,1,0,-1,-1,0,459608,0,231532
191768,1,1,0,-1,-1,0,436239,0,231532
191769,0,1,0,-1,-1,0,448324,0,231533
191770,1,1,0,-1,-1,0,432639,0,231533
191771,0,1,0,-1,-1,0,432639,0,231534
191772,0,1,0,-1,-1,0,436239,0,231535
191773,0,1,0,-1,-1,0,436239,0,231536
191774,0,1,0,-1,-1,0,432639,0,231537
191775,0,1,0,-1,-1,0,436239,0,231538
191776,0,1,0,-1,-1,0,432639,0,231539
191777,0,1,0,-1,-1,0,448324,0,231540
191778,1,1,0,-1,-1,0,432639,0,231540
191779,0,1,0,-1,-1,0,459608,0,231541
191780,1,1,0,-1,-1,0,436239,0,231541
191781,0,1,0,-1,-1,0,436239,0,231543
191782,1,1,0,-1,-1,0,432639,0,231543
191783,0,1,0,-1,-1,0,436239,0,231544
191784,0,1,0,-1,-1,0,436239,0,231545
191785,1,1,0,-1,-1,0,432639,0,231545
191786,0,1,0,-1,-1,0,459605,0,231546
191787,0,1,0,-1,-1,0,432639,0,231547
191788,0,1,0,-1,-1,0,460230,0,231548
191789,1,1,0,-1,-1,0,436239,0,231548
191790,0,1,0,-1,-1,0,432639,0,231549
191791,1,1,0,-1,-1,0,436239,0,231549
191792,0,1,0,-1,-1,0,432639,0,231551
191793,0,1,0,-1,-1,0,459605,0,231552
191794,0,1,0,-1,-1,0,432639,0,231553
191795,1,1,0,-1,-1,0,436239,0,231553
191796,0,1,0,-1,-1,0,460230,0,231554
191797,1,1,0,-1,-1,0,436239,0,231554
191798,0,1,0,-1,-1,0,436239,0,231555
191799,0,1,0,-1,-1,0,432639,0,231557
191800,1,1,0,-1,-1,0,9335,0,231557
191801,0,1,0,-1,-1,0,436239,0,231558
191802,1,1,0,-1,-1,0,14089,0,231558
191803,0,1,0,-1,-1,0,459598,0,231560
191804,1,1,0,-1,-1,0,436239,0,231560
191805,2,1,0,-1,-1,0,9332,0,231560
191806,0,1,0,-1,-1,0,432639,0,231561
191807,1,1,0,-1,-1,0,9335,0,231561
191808,0,1,0,-1,-1,0,436239,0,231562
191809,1,1,0,-1,-1,0,14089,0,231562
191810,0,1,0,-1,-1,0,436239,0,231563
191811,1,1,0,-1,-1,0,14089,0,231563
191812,0,1,0,-1,-1,0,432639,0,231564
191813,1,1,0,-1,-1,0,9335,0,231564
191814,0,1,0,-1,-1,0,432639,0,231565
191815,1,1,0,-1,-1,0,9335,0,231565
191816,1,1,0,-1,-1,0,14089,0,231566
191817,0,1,0,-1,-1,0,436239,0,231566
191818,0,1,0,-1,-1,0,436239,0,231567
191819,1,1,0,-1,-1,0,14089,0,231567
191820,0,1,0,-1,-1,0,436239,0,231568
191821,1,1,0,-1,-1,0,14089,0,231568
191822,0,1,0,-1,-1,0,459598,0,231569
191823,1,1,0,-1,-1,0,436239,0,231569
191824,2,1,0,-1,-1,0,9332,0,231569
191825,0,1,0,-1,-1,0,432639,0,231570
191826,0,1,0,-1,-1,0,436239,0,231571
191827,0,1,0,-1,-1,0,432639,0,231572
191828,1,1,0,-1,-1,0,436239,0,231573
191829,0,1,0,-1,-1,0,436239,0,231574
191830,0,1,0,-1,-1,0,459593,0,231575
191831,1,1,0,-1,-1,0,436239,0,231575
191832,0,1,0,-1,-1,0,432639,0,231576
191833,0,1,0,-1,-1,0,436239,0,231577
191834,0,1,0,-1,-1,0,459593,0,231578
191835,1,1,0,-1,-1,0,436239,0,231578
191836,0,1,0,-1,-1,0,432639,0,231579
191837,0,1,0,-1,-1,0,436239,0,231580
191838,1,1,0,-1,-1,0,436239,0,231581
191867,0,1,0,-1,-1,0,468528,0,231509
191922,0,1,0,-1,-1,0,436239,0,231639
191923,1,1,0,-1,-1,0,468590,0,231639
191925,0,1,0,-1,-1,0,436239,0,231640
191926,1,1,0,-1,-1,0,467142,0,231640
191927,2,1,0,-1,-1,0,21625,0,231640
191928,0,1,0,-1,-1,0,436239,0,231641
191929,1,1,0,-1,-1,0,467142,0,231641
191930,2,1,0,-1,-1,0,21625,0,231641
191931,0,1,0,-1,-1,0,459602,0,231643
191932,1,1,0,-1,-1,0,436239,0,231643
191933,2,1,0,-1,-1,0,467443,0,231643
191934,0,1,0,-1,-1,0,468592,0,231645
191935,0,1,0,-1,-1,0,467647,0,231646
191936,0,1,0,-1,-1,0,436239,0,231647
191937,1,1,0,-1,-1,0,14054,0,231647
191938,0,1,0,-1,-1,0,436239,0,231648
191939,1,1,0,-1,-1,0,14248,0,231648
191940,0,1,0,-1,-1,0,436239,0,231649
191941,1,1,0,-1,-1,0,14047,0,231649
191942,0,1,0,-1,-1,0,459601,0,231650
191943,1,1,0,-1,-1,0,436239,0,231650
191944,0,1,0,-1,-1,0,9417,0,231651
191946,1,1,0,-1,-1,0,9342,0,231652
191948,0,1,0,-1,-1,0,436239,0,231653
191949,1,1,0,-1,-1,0,432639,0,231653
191950,0,1,0,-1,-1,0,436239,0,231654
191951,1,1,0,-1,-1,0,432639,0,231654
191952,0,1,0,-1,-1,0,436239,0,231655
191953,1,1,0,-1,-1,0,432639,0,231655
191954,0,1,0,-1,-1,0,432639,0,231656
191955,1,1,0,-1,-1,0,459606,0,231656
191956,0,1,0,-1,-1,0,436239,0,231657
191957,0,1,0,-1,-1,0,436239,0,231658
191958,1,1,0,-1,-1,0,432639,0,231658
191959,0,1,0,-1,-1,0,436239,0,231659
191960,1,1,0,-1,-1,0,14248,0,231659
191961,0,1,0,-1,-1,0,436239,0,231660
191962,1,1,0,-1,-1,0,14248,0,231660
191963,0,1,0,-1,-1,0,459606,0,231661
191964,1,1,0,-1,-1,0,14799,0,231661
191965,0,1,0,-1,-1,0,436239,0,231662
191966,1,1,0,-1,-1,0,14047,0,231662
191967,0,1,0,-1,-1,0,436239,0,231663
191968,1,1,0,-1,-1,0,14047,0,231663
191969,0,1,0,-1,-1,0,436239,0,231664
191970,1,1,0,-1,-1,0,14127,0,231664
191971,0,1,0,-1,-1,0,436239,0,231665
191972,1,1,0,-1,-1,0,467143,0,231665
191973,0,1,0,-1,-1,0,436239,0,231666
191974,1,1,0,-1,-1,0,467144,0,231666
191975,0,1,0,-1,-1,0,459606,0,231667
191976,1,1,0,-1,-1,0,467144,0,231667
191977,0,1,0,-1,-1,0,436239,0,231668
191978,1,1,0,-1,-1,0,467550,0,231668
191979,0,1,0,-1,-1,0,436239,0,231669
191980,1,1,0,-1,-1,0,467550,0,231669
191981,0,1,0,-1,-1,0,436239,0,231670
191983,0,1,0,-1,-1,0,468621,0,231671
191984,0,1,0,-1,-1,0,467647,0,231672
191985,0,1,0,-1,-1,0,467550,0,231673
191986,0,1,0,-1,-1,0,467550,0,231674
191987,0,1,0,-1,-1,0,467550,0,231675
191988,0,1,0,-1,-1,0,459596,0,231676
191989,1,1,0,-1,-1,0,467828,0,231676
191990,0,1,0,-1,-1,0,459595,0,231677
191991,1,1,0,-1,-1,0,15714,0,231677
191992,0,1,0,-1,-1,0,436239,0,231678
191993,1,1,0,-1,-1,0,14047,0,231678
191994,0,1,0,-1,-1,0,436239,0,231679
191995,1,1,0,-1,-1,0,14047,0,231679
191996,0,1,0,-1,-1,0,436239,0,231680
191997,1,1,0,-1,-1,0,14054,0,231680
191998,0,1,0,-1,-1,0,436239,0,231681
191999,1,1,0,-1,-1,0,14047,0,231681
192000,0,1,0,-1,-1,0,14248,0,231682
192001,0,1,0,-1,-1,0,436239,0,231683
192002,0,1,0,-1,-1,0,436239,0,231684
192003,0,1,0,-1,-1,0,436239,0,231685
192004,1,1,0,-1,-1,0,432639,0,231685
192005,0,1,0,-1,-1,0,436239,0,231686
192006,1,1,0,-1,-1,0,432639,0,231686
192007,0,1,0,-1,-1,0,436239,0,231687
192008,0,1,0,-1,-1,0,459594,0,231688
192009,1,1,0,-1,-1,0,436239,0,231688
192010,0,1,0,-1,-1,0,436239,0,231689
192011,0,1,0,-1,-1,0,436239,0,231690
192012,1,1,0,-1,-1,0,432639,0,231690
192013,0,1,0,-1,-1,0,436239,0,231691
192014,1,1,0,-1,-1,0,432639,0,231691
192015,0,1,0,-1,-1,0,436239,0,231692
192016,0,1,0,-1,-1,0,436239,0,231693
192017,0,1,0,-1,-1,0,459594,0,231694
192018,1,1,0,-1,-1,0,436239,0,231694
192019,0,1,0,-1,-1,0,436239,0,231695
192020,1,1,0,-1,-1,0,14047,0,231695
192021,0,1,0,-1,-1,0,436239,0,231696
192022,1,1,0,-1,-1,0,14047,0,231696
192023,0,1,0,-1,-1,0,436239,0,231697
192024,1,1,0,-1,-1,0,14054,0,231697
192025,0,1,0,-1,-1,0,14248,0,231698
192026,0,1,0,-1,-1,0,436239,0,231699
192027,1,1,0,-1,-1,0,14047,0,231699
192028,0,1,0,-1,-1,0,459595,0,231700
192029,1,1,0,-1,-1,0,15714,0,231700
192030,0,1,0,-1,-1,0,467550,0,231701
192031,0,1,0,-1,-1,0,467550,0,231702
192032,0,1,0,-1,-1,0,467550,0,231703
192033,0,1,0,-1,-1,0,468621,0,231704
192034,0,1,0,-1,-1,0,467647,0,231705
192035,0,1,0,-1,-1,0,459596,0,231706
192036,1,1,0,-1,-1,0,467828,0,231706
192040,0,1,0,-1,-1,0,26227,0,231387
192041,1,1,0,-1,-1,0,468671,0,231387
192042,0,1,0,-1,-1,0,468688,0,231753
192043,0,1,0,-1,-1,0,436239,0,231755
192047,1,1,0,-1,-1,0,468714,0,224281
192048,0,1,0,-1,-1,0,448324,0,224281
192057,0,1,0,-1,-1,0,436239,0,231754
192059,0,1,0,-1,-1,0,468764,0,231777
192061,0,1,0,-1,-1,0,436239,0,231779
192062,1,0,0,120000,20000,1141,468768,0,231779
192065,0,0,0,300000,0,0,468769,0,231781
192066,0,1,0,-1,-1,0,436239,0,231782
192067,1,1,0,-1,-1,0,432639,0,231782
192068,2,1,0,-1,-1,0,9335,0,231782
192069,0,1,0,-1,-1,0,432639,0,231783
192070,0,1,0,-1,-1,0,432639,0,231784
192071,2,1,0,-1,-1,0,468780,0,231784
192074,0,1,0,-1,-1,0,436239,0,231785
192075,1,1,0,-1,-1,0,468785,0,231785
192084,0,1,0,-1,-1,0,432639,0,231803
192088,0,1,0,-1,-1,0,436239,0,231815
192089,0,2,0,-1,-1,0,16551,0,231817
192092,0,1,0,-1,-1,0,448324,0,231823
192093,1,1,0,-1,-1,0,468993,0,231823
192102,1,1,0,-1,-1,0,13390,0,224280
192104,3,1,0,-1,-1,0,469086,0,224280
192167,0,1,0,-1,-1,0,469138,0,229806
192176,2,2,0,-1,-1,0,469148,0,231754
192178,2,2,0,-1,-1,0,469140,0,231755
192180,0,1,0,-1,-1,0,17625,0,231885
192182,0,2,0,0,-1,0,13318,0,231887
192184,4,0,0,-1,-1,0,469191,0,231509
192185,1,1,0,-1,-1,0,469183,0,231890
192188,2,0,0,60000,60000,2331,469199,0,231890
192189,2,0,0,60000,60000,2331,469201,0,224279
192190,0,1,0,-1,-1,0,13385,0,224279
192191,0,1,0,-1,-1,0,14799,0,231890
192192,2,1,0,-1,-1,0,469211,0,229910
192193,2,1,0,-1,-1,0,18023,0,231509
192194,3,0,0,60000,60000,0,469221,0,229910
192208,0,1,0,-1,-1,0,469499,0,231910
192209,0,1,0,-1,-1,0,467443,0,231911
192216,0,1,0,-1,-1,0,448324,0,230246
192394,0,0,0,60000,0,0,469463,0,232077
192765,0,1,0,-1,-1,0,436239,0,231460
192766,0,1,0,-1,-1,0,467550,0,231912
192767,1,1,0,-1,-1,0,21626,0,231912
192768,0,1,0,-1,-1,0,467651,0,231913
192769,1,1,0,-1,-1,0,21618,0,231910
192770,2,1,0,-1,-1,0,467318,0,231910
192771,0,1,0,-1,-1,0,15807,0,232297
192772,1,2,0,-1,-1,0,469147,0,232297
192781,0,1,0,-1,-1,0,14047,0,232309
192785,0,1,0,-1,-1,0,432639,0,232311
192786,0,1,0,-1,-1,0,14047,0,232299
192803,1,2,0,-1,-1,0,469673,0,230993
192805,0,1,0,-1,-1,0,436239,0,231902
192806,1,1,0,-1,-1,0,21503,0,231902
192814,1,1,0,-1,-1,0,469823,0,231509
192815,0,1,0,-1,-1,0,460230,0,232357
192850,0,1,0,-1,-1,0,448324,0,229971
192851,0,1,0,-1,-1,0,448324,0,229909
192852,0,1,0,-1,-1,0,448324,0,229972
193001,2,1,0,-1,-1,0,22912,0,224280
193014,3,1,0,-1,-1,0,18043,0,231509
193024,1,1,0,-1,-1,0,467142,0,231670
193362,0,1,0,-1,-1,0,432639,0,233372
193363,0,1,0,-1,-1,0,21412,0,233373
193364,0,1,0,-1,-1,0,432639,0,233374
193366,0,1,0,-1,-1,0,432639,0,233375
193367,0,1,0,-1,-1,0,1213288,0,233376
193368,1,1,0,-1,-1,0,13388,0,233376
193382,0,1,0,-1,-1,0,436239,0,233382
193383,1,1,0,-1,-1,0,1214400,0,233382
193385,0,1,0,-1,-1,0,436239,0,233383
193386,1,1,0,-1,-1,0,467437,0,233383
193387,0,1,0,-1,-1,0,436239,0,233384
193388,1,1,0,-1,-1,0,467437,0,233384
193390,0,1,0,-1,-1,0,436239,0,233385
193391,1,1,0,-1,-1,0,1214403,0,233385
193392,0,1,0,-1,-1,0,436239,0,233386
193393,1,1,0,-1,-1,0,467549,0,233386
193395,0,1,0,-1,-1,0,432639,0,233387
193396,0,1,0,-1,-1,0,432639,0,233388
193398,0,1,0,-1,-1,0,460230,0,233389
193400,0,1,0,-1,-1,0,432639,0,233390
193401,0,1,0,-1,-1,0,432639,0,233391
193415,0,1,0,-1,-1,0,448324,0,233397
193418,0,1,0,-1,-1,0,448324,0,233398
193422,0,1,0,-1,-1,0,448324,0,233400
193442,0,1,0,-1,-1,0,436239,0,233407
193443,0,1,0,-1,-1,0,448324,0,233408
193446,0,1,0,-1,-1,0,448324,0,233410
193448,0,1,0,-1,-1,0,448324,0,233411
193450,0,1,0,-1,-1,0,1213288,0,233412
193452,0,1,0,-1,-1,0,432639,0,233413
193453,1,1,0,-1,-1,0,1213288,0,233413
193467,0,1,0,-1,-1,0,468270,0,233420
193469,0,1,0,-1,-1,0,436239,0,233423
193470,1,1,0,-1,-1,0,466938,0,233423
193471,0,1,0,-1,-1,0,436239,0,233424
193472,0,1,0,-1,-1,0,436239,0,233425
193473,1,1,0,-1,-1,0,15715,0,233425
193475,0,1,0,-1,-1,0,436239,0,233427
193476,0,1,0,-1,-1,0,436239,0,233428
193477,0,1,0,-1,-1,0,436239,0,233429
193479,0,1,0,-1,-1,0,436239,0,233430
193480,0,1,0,-1,-1,0,436239,0,233431
193481,0,1,0,-1,-1,0,436239,0,233432
193482,0,1,0,-1,-1,0,432639,0,233433
193483,0,1,0,-1,-1,0,460230,0,233435
193484,0,1,0,-1,-1,0,432639,0,233436
193485,0,1,0,-1,-1,0,436239,0,233437
193486,0,1,0,-1,-1,0,436239,0,233438
193487,0,1,0,-1,-1,0,466938,0,233439
193491,0,1,0,-1,-1,0,23203,0,233441
193492,0,1,0,-1,-1,0,1213288,0,233442
193493,0,1,0,-1,-1,0,22912,0,233443
193504,0,2,0,-1,-1,0,16916,0,233490
193505,1,2,0,-1,-1,0,446327,0,233490
193507,0,1,0,-1,-1,0,1213813,0,233492
193519,0,1,0,-1,-1,0,432639,0,233502
193520,1,1,0,-1,-1,0,9331,0,233502
193521,2,0,0,90000,-1,0,474116,0,233502
193522,0,1,0,-1,-1,0,22912,0,233503
193523,1,1,0,-1,-1,0,13387,0,233503
193524,0,1,0,-1,-1,0,432639,0,233504
193529,1,1,0,-1,-1,0,14054,0,233507
193530,2,1,0,-1,-1,0,474142,0,233507
203008,0,1,0,-1,-1,0,23730,0,233509
203009,1,1,0,-1,-1,0,474196,0,233509
203010,2,1,0,-1,-1,0,474232,0,233509
203013,0,1,0,-1,-1,0,14798,0,233515
203014,1,2,0,-1,-1,0,474236,0,233515
203020,0,1,0,-1,-1,0,436239,0,233519
203021,1,1,0,-1,-1,0,14248,0,233519
203025,1,1,0,-1,-1,0,13388,0,233524
203026,0,1,0,-1,-1,0,432639,0,233524
203032,0,1,0,-1,-1,0,436239,0,233562
203033,1,1,0,-1,-1,0,468621,0,233562
203035,0,1,0,-1,-1,0,13390,0,233565
203038,0,1,0,-1,-1,0,436239,0,233569
203039,1,1,0,-1,-1,0,467550,0,233569
203040,0,0,0,180000,-1,0,1213209,0,233570
203041,0,1,0,-1,-1,0,14799,0,233571
203042,0,1,0,-1,-1,0,432639,0,233572
203047,0,1,0,-1,-1,0,436239,0,233576
203048,1,1,0,-1,-1,0,9336,0,233576
203052,0,0,0,120000,-1,0,1213297,0,233580
203053,0,1,0,-1,-1,0,468224,0,233581
203054,1,1,0,-1,-1,0,21361,0,233581
203060,0,1,0,-1,-1,0,436239,0,233585
203061,2,1,0,-1,-1,0,9329,0,233585
203062,0,1,0,-1,-1,0,436239,0,233587
203063,1,1,0,-1,-1,0,9333,0,233587
203064,0,0,0,120000,-1,0,1213335,0,233589
203075,0,1,0,-1,-1,0,436239,0,233599
203076,1,1,0,-1,-1,0,466938,0,233599
203077,0,1,0,-1,-1,0,436239,0,233600
203078,1,1,0,-1,-1,0,1213288,0,233600
203079,0,0,0,180000,-1,0,26467,0,233601
203085,0,1,0,-1,-1,0,13386,0,233606
203089,0,1,0,-1,-1,0,468590,0,233609
203096,0,1,0,-1,-1,0,13388,0,233615
203097,0,1,0,-1,-1,0,436239,0,233616
203098,1,1,0,-1,-1,0,432639,0,233616
203099,2,1,0,-1,-1,0,14054,0,233616
203102,0,1,0,-1,-1,0,436239,0,233620
203103,1,1,0,-1,-1,0,14054,0,233620
203104,0,2,0,-1,-1,0,1213355,0,233621
203111,0,1,0,-1,-1,0,436239,0,233626
203112,1,1,0,-1,-1,0,9330,0,233626
203113,0,0,0,120000,20000,1141,1213366,0,233627
203114,0,1,0,-1,-1,0,18196,0,233628
203115,0,1,0,-1,-1,0,436239,0,233629
203116,1,1,0,-1,-1,0,469481,0,233629
203117,0,1,0,-1,-1,0,432639,0,233630
203118,1,1,0,-1,-1,0,17367,0,233630
203125,0,1,0,-1,-1,0,1213288,0,233634
203126,1,1,0,-1,-1,0,9335,0,233634
203130,0,1,0,-1,-1,0,1214204,0,233636
203134,0,0,0,180000,-1,0,1214206,0,233639
203135,0,1,0,-1,-1,0,1213289,0,233640
203136,0,1,0,-1,-1,0,468764,0,233641
203137,1,1,0,-1,-1,0,21618,0,233641
203138,0,1,0,-1,-1,0,432639,0,233642
203140,2,1,0,-1,-1,0,13390,0,233642
203141,0,1,0,-1,-1,0,7544,0,233643
203142,1,1,0,-1,-1,0,14089,0,233643
203146,0,2,0,-1,-1,0,1214208,0,233647
203147,0,1,0,-1,-1,0,436239,0,233648
203148,1,1,0,-1,-1,0,14054,0,233648
203149,0,0,0,120000,-1,0,1214214,0,233649
203156,1,1,0,-1,-1,0,432639,0,233654
203159,0,1,0,-1,-1,0,1213288,0,233659
203160,1,1,0,-1,-1,0,432639,0,233659
203161,0,1,0,-1,-1,0,432639,0,233660
203162,0,1,0,-1,-1,0,432639,0,233661
203163,1,1,0,-1,-1,0,1213288,0,233661
203164,0,1,0,-1,-1,0,1213288,0,233662
203165,0,1,0,-1,-1,0,1213288,0,233663
203166,0,1,0,-1,-1,0,448324,0,233664
203167,1,1,0,-1,-1,0,460230,0,233664
203168,0,1,0,-1,-1,0,436239,0,233665
203169,0,1,0,-1,-1,0,448324,0,233666
203171,0,1,0,-1,-1,0,448324,0,233667
203173,0,1,0,-1,-1,0,436239,0,233668
203215,0,1,0,-1,-1,0,436239,0,233684
203216,1,1,0,-1,-1,0,467437,0,233684
203217,0,1,0,-1,-1,0,448324,0,233685
203218,1,1,0,-1,-1,0,467437,0,233685
203220,0,1,0,-1,-1,0,436239,0,233686
203221,1,1,0,-1,-1,0,1214399,0,233686
203222,0,1,0,-1,-1,0,436239,0,233687
203223,1,1,0,-1,-1,0,1214402,0,233687
203224,0,1,0,-1,-1,0,448324,0,233688
203225,1,1,0,-1,-1,0,469410,0,233688
203227,0,1,0,-1,-1,0,1213288,0,233689
203229,0,1,0,-1,-1,0,432639,0,233690
203234,0,1,0,-1,-1,0,1213288,0,233692
203235,1,1,0,-1,-1,0,28113,0,233692
203236,0,1,0,-1,-1,0,1213288,0,233693
203255,0,1,0,-1,-1,0,432639,0,233700
203256,1,1,0,-1,-1,0,436239,0,233700
203260,0,1,0,-1,-1,0,432639,0,233702
203261,1,1,0,-1,-1,0,436239,0,233702
203268,0,1,0,-1,-1,0,436239,0,233705
203273,0,1,0,-1,-1,0,436239,0,233707
203274,1,1,0,-1,-1,0,432639,0,233707
203275,0,1,0,-1,-1,0,432639,0,233708
203280,0,1,0,-1,-1,0,448324,0,233710
203283,0,1,0,-1,-1,0,436239,0,233711
203289,0,1,0,-1,-1,0,436239,0,233713
203317,0,1,0,-1,-1,0,436239,0,233724
203318,0,1,0,-1,-1,0,436239,0,233725
203320,0,1,0,-1,-1,0,9331,0,233730
203321,0,1,0,-1,-1,0,14254,0,233731
203322,0,1,0,-1,-1,0,467318,0,233732
203323,0,1,0,-1,-1,0,9331,0,233734
203324,0,1,0,-1,-1,0,14254,0,233735
203325,0,1,0,-1,-1,0,467318,0,233736
203326,0,1,0,-1,-1,0,9331,0,233738
203327,0,1,0,-1,-1,0,14254,0,233739
203328,0,1,0,-1,-1,0,467318,0,233740
203329,0,1,0,-1,-1,0,436239,0,233741
203330,0,1,0,-1,-1,0,467143,0,233743
203331,0,1,0,-1,-1,0,436239,0,233744
203333,0,1,0,-1,-1,0,436239,0,233745
203334,1,1,0,-1,-1,0,467142,0,233745
203335,0,1,0,-1,-1,0,436239,0,233746
203336,1,1,0,-1,-1,0,15715,0,233746
203338,0,1,0,-1,-1,0,467143,0,233748
203341,0,1,0,-1,-1,0,436239,0,233752
203382,1,1,0,-1,-1,0,467142,0,233744
203385,0,1,0,-1,-1,0,1213816,0,233793
203387,0,1,0,-1,-1,0,1213813,0,233795
203388,0,1,0,-1,-1,0,453053,0,233796
203391,0,2,0,-1,-1,0,463946,0,233797
203392,1,1,0,-1,-1,0,26158,0,233797
203393,2,1,0,-1,-1,0,463641,0,233797
203394,0,1,0,-1,-1,0,26158,0,233798
203395,1,1,0,-1,-1,0,26283,0,233798
203397,0,1,0,-1,-1,0,432639,0,233801
203401,0,1,0,-1,-1,0,1213813,0,233808
203408,0,1,0,-1,-1,0,432639,0,233959
203409,0,1,0,-1,-1,0,436239,0,233960
203421,1,1,0,-1,-1,0,1213963,0,233988
203423,0,1,0,-1,-1,0,448324,0,233990
203424,0,1,0,-1,-1,0,432639,0,233991
203426,0,0,0,120000,120000,2360,1213972,0,233993
203440,0,1,0,-1,-1,0,432639,0,234016
203441,1,1,0,-1,-1,0,14248,0,234016
203442,0,1,0,-1,-1,0,432639,0,234017
203443,0,1,0,-1,-1,0,13383,0,234018
203444,0,1,0,-1,-1,0,467144,0,234019
203445,1,1,0,-1,-1,0,21625,0,234019
203446,0,1,0,-1,-1,0,432639,0,234020
203447,1,1,0,-1,-1,0,15714,0,234020
203448,0,1,0,-1,-1,0,432639,0,234021
203449,0,1,0,-1,-1,0,13383,0,234022
203450,0,1,0,-1,-1,0,468592,0,234023
203451,1,1,0,-1,-1,0,21625,0,234023
203452,0,1,0,-1,-1,0,432639,0,234024
203453,1,1,0,-1,-1,0,15715,0,234024
203454,0,1,0,-1,-1,0,467142,0,234025
203455,1,1,0,-1,-1,0,21362,0,234025
203456,0,1,0,-1,-1,0,432639,0,234026
203457,0,1,0,-1,-1,0,13384,0,234027
203458,0,1,0,-1,-1,0,432639,0,234028
203459,1,1,0,-1,-1,0,18049,0,234028
203460,0,1,0,-1,-1,0,469481,0,234029
203461,1,1,0,-1,-1,0,21362,0,234029
203462,0,1,0,-1,-1,0,432639,0,234030
203463,0,1,0,-1,-1,0,13384,0,234031
203464,0,1,0,-1,-1,0,432639,0,234032
203465,1,1,0,-1,-1,0,14127,0,234032
203466,0,1,0,-1,-1,0,467430,0,234033
203467,1,1,0,-1,-1,0,21363,0,234033
203468,0,1,0,-1,-1,0,432639,0,234034
203469,0,1,0,-1,-1,0,13385,0,234035
203530,0,1,0,-1,-1,0,432639,0,234061
203544,0,1,0,-1,-1,0,436239,0,234076
203545,1,1,0,-1,-1,0,18049,0,234076
203546,0,1,0,-1,-1,0,467647,0,234079
203547,0,0,0,180000,30000,1141,1214233,0,234080
203550,0,1,0,-1,-1,0,432639,0,234083
203551,1,1,0,-1,-1,0,9333,0,234083
203554,0,1,0,-1,-1,0,436239,0,234086
203555,1,1,0,-1,-1,0,14056,0,234086
203556,2,1,0,-1,-1,0,1214258,0,234086
203559,0,1,0,-1,-1,0,13390,0,234089
203563,0,0,0,180000,-1,0,1214263,0,234092
203566,0,1,0,-1,-1,0,9336,0,234096
203567,0,1,0,-1,-1,0,436239,0,234097
203568,1,1,0,-1,-1,0,26227,0,234097
203573,0,1,0,-1,-1,0,436239,0,234101
203576,0,1,0,-1,-1,0,432639,0,234104
203589,0,1,0,-1,-1,0,436239,0,234112
203590,1,1,0,-1,-1,0,14027,0,234112
203591,0,1,0,-1,-1,0,432639,0,234113
203592,1,1,0,-1,-1,0,13390,0,234113
203595,0,1,0,-1,-1,0,436239,0,234115
203596,1,1,0,-1,-1,0,460230,0,234115
203597,2,1,0,-1,-1,0,26227,0,234115
203598,0,1,0,-1,-1,0,436239,0,234116
203599,1,1,0,-1,-1,0,432639,0,234116
203601,0,1,0,-1,-1,0,448324,0,234118
203603,0,1,0,-1,-1,0,468621,0,234119
203604,1,1,0,-1,-1,0,21623,0,234119
203607,0,1,0,-1,-1,0,18384,0,234122
203608,1,1,0,-1,-1,0,26158,0,234122
203618,0,1,0,-1,-1,0,448324,0,234129
203619,1,1,0,-1,-1,0,14052,0,234129
203620,0,1,0,-1,-1,0,18369,0,234130
203621,0,1,0,-1,-1,0,467647,0,234132
203622,0,1,0,-1,-1,0,432639,0,234133
203625,0,1,0,-1,-1,0,11789,0,234135
203627,0,1,0,-1,-1,0,474727,0,234137
203628,0,1,0,-1,-1,0,466938,0,234141
203633,0,1,0,-1,-1,0,18185,0,234146
203634,0,1,0,-1,-1,0,14249,0,234148
203635,0,1,0,-1,-1,0,432639,0,234149
203638,0,1,0,-1,-1,0,9346,0,234151
203639,0,1,0,-1,-1,0,453053,0,234152
203640,0,1,0,-1,-1,0,448324,0,234153
203641,1,1,0,-1,-1,0,1214432,0,234153
203643,0,1,0,-1,-1,0,467647,0,234156
203644,0,1,0,-1,-1,0,7574,0,234157
203645,0,1,0,-1,-1,0,18185,0,234158
203646,0,1,0,-1,-1,0,14027,0,234159
203649,0,1,0,-1,-1,0,448324,0,234163
203650,1,1,0,-1,-1,0,15814,0,234163
203651,0,1,0,-1,-1,0,436239,0,234164
203652,1,1,0,-1,-1,0,1214400,0,234164
203653,2,1,0,-1,-1,0,21629,0,234164
203654,0,1,0,-1,-1,0,467550,0,234165
203655,0,1,0,-1,-1,0,13881,0,234166
203658,0,1,0,-1,-1,0,436239,0,234169
203659,1,1,0,-1,-1,0,15715,0,234169
203660,0,1,0,-1,-1,0,15807,0,234170
203661,0,1,0,-1,-1,0,15807,0,234171
203662,0,2,0,-1,-1,0,1215377,0,234172
203663,0,1,0,-1,-1,0,436239,0,234173
203664,0,1,0,-1,-1,0,13390,0,234174
203665,0,0,0,90000,-1,0,1213147,0,234175
203666,0,1,0,-1,-1,0,1213419,0,234176
203667,0,1,0,-1,-1,0,1213421,0,234177
203668,0,1,0,-1,-1,0,1213417,0,234178
203669,0,1,0,-1,-1,0,1213411,0,234179
203673,1,1,0,-1,-1,0,9417,0,233572
203674,2,0,0,90000,-1,0,1213232,0,233572
203683,0,1,0,-1,-1,0,448324,0,233586
203684,1,1,0,-1,-1,0,468700,0,233586
203685,0,1,0,-1,-1,0,13388,0,233588
203694,1,0,0,120000,0,0,1213375,0,233628
203695,0,1,0,-1,-1,0,432639,0,234198
203696,0,1,0,-1,-1,0,432639,0,234199
203697,0,1,0,-1,-1,0,432639,0,234200
203698,0,1,0,-1,-1,0,432639,0,234201
203699,0,1,0,-1,-1,0,432639,0,234202
203706,1,1,0,-1,-1,0,1213390,0,234034
203707,2,1,0,-1,-1,0,1213395,0,234034
203708,1,1,0,-1,-1,0,1213390,0,234030
203709,2,1,0,-1,-1,0,1213395,0,234030
203710,1,1,0,-1,-1,0,1213390,0,234026
203711,2,1,0,-1,-1,0,1213395,0,234026
203712,1,1,0,-1,-1,0,1213390,0,234021
203713,2,1,0,-1,-1,0,1213395,0,234021
203714,1,1,0,-1,-1,0,1213390,0,234017
203715,2,1,0,-1,-1,0,1213395,0,234017
203716,1,1,0,-1,-1,0,1213390,0,234198
203717,2,1,0,-1,-1,0,1213395,0,234198
203718,1,1,0,-1,-1,0,1213390,0,234199
203719,2,1,0,-1,-1,0,1213395,0,234199
203720,1,1,0,-1,-1,0,1213390,0,234200
203721,2,1,0,-1,-1,0,1213395,0,234200
203722,1,1,0,-1,-1,0,1213390,0,234201
203723,2,1,0,-1,-1,0,1213395,0,234201
203724,1,1,0,-1,-1,0,1213390,0,234202
203725,2,1,0,-1,-1,0,1213395,0,234202
203730,2,1,0,-1,-1,0,1213398,0,234016
203731,2,1,0,-1,-1,0,1213398,0,234020
203732,2,1,0,-1,-1,0,1213398,0,234024
203733,2,1,0,-1,-1,0,1213398,0,234028
203734,2,1,0,-1,-1,0,1213398,0,234032
203735,2,1,0,-1,-1,0,1213405,0,234019
203736,2,1,0,-1,-1,0,1213405,0,234023
203737,2,1,0,-1,-1,0,1213405,0,234025
203738,2,1,0,-1,-1,0,1213405,0,234029
203739,2,1,0,-1,-1,0,1213405,0,234033
203740,1,1,0,-1,-1,0,1213407,0,234018
203741,1,1,0,-1,-1,0,1213407,0,234022
203742,1,1,0,-1,-1,0,1213407,0,234027
203743,1,1,0,-1,-1,0,1213407,0,234031
203744,1,1,0,-1,-1,0,1213407,0,234035
203824,0,1,0,-1,-1,0,13385,0,234288
203826,0,1,0,-1,-1,0,13388,0,234290
203828,0,1,0,-1,-1,0,432639,0,234292
203829,1,1,0,-1,-1,0,13385,0,234292
203831,0,1,0,-1,-1,0,432639,0,234294
203833,0,1,0,-1,-1,0,432639,0,234296
203834,1,1,0,-1,-1,0,15806,0,234296
203836,0,1,0,-1,-1,0,432639,0,234298
203837,1,1,0,-1,-1,0,14049,0,234298
203839,1,1,0,-1,-1,0,9345,0,234300
203844,0,1,0,-1,-1,0,432639,0,234304
203845,1,1,0,-1,-1,0,13881,0,234304
203847,0,1,0,-1,-1,0,432639,0,234306
203848,1,1,0,-1,-1,0,14049,0,234306
203850,0,1,0,-1,-1,0,432639,0,234308
203852,0,1,0,-1,-1,0,432639,0,234310
203865,0,1,0,-1,-1,0,432639,0,234321
203866,1,1,0,-1,-1,0,436239,0,234321
203867,2,1,0,-1,-1,0,9335,0,234321
203869,0,1,0,-1,-1,0,448324,0,234324
203870,1,1,0,-1,-1,0,14056,0,234324
203877,1,1,0,-1,-1,0,18369,0,233795
203878,1,1,0,-1,-1,0,13385,0,233793
203879,1,1,0,-1,-1,0,13390,0,233492
203886,1,1,0,-1,-1,0,18369,0,233808
203887,0,1,0,-1,-1,0,1213816,0,233804
203888,1,1,0,-1,-1,0,13385,0,233804
203889,0,1,0,-1,-1,0,1213813,0,233813
203890,1,1,0,-1,-1,0,13390,0,233813
203904,0,1,0,-1,-1,0,432639,0,233958
203905,0,1,0,-1,-1,0,432639,0,233956
203906,1,1,0,-1,-1,0,468621,0,233960
203907,1,1,0,-1,-1,0,15715,0,233959
203913,2,0,0,120000,-1,0,1213967,0,233988
203914,0,1,0,-1,-1,0,13385,0,233988
203915,1,1,0,-1,-1,0,1213971,0,233990
203916,1,1,0,-1,-1,0,28264,0,233991
203917,0,1,0,-1,-1,0,1213288,0,233992
203918,2,1,0,-1,-1,0,1213816,0,233992
203919,1,1,0,-1,-1,0,21407,0,233992
203920,0,1,0,-1,-1,0,436239,0,233994
203921,1,1,0,-1,-1,0,469133,0,233994
203924,0,1,0,-1,-1,0,1214125,0,233491
203926,2,1,0,-1,-1,0,1214125,0,233490
203927,3,1,0,-1,-1,0,1214125,0,233796
203928,1,2,0,-1,-1,0,56,0,233796
203929,2,1,0,-1,-1,0,461579,0,233796
203930,3,1,0,-1,-1,0,1214125,0,233797
203931,2,1,0,-1,-1,0,1214125,0,233798
203932,2,1,0,-1,-1,0,1214125,0,233801
203933,1,1,0,-1,-1,0,13388,0,233801
203934,0,1,0,-1,-1,0,436239,0,234428
203935,1,1,0,-1,-1,0,1214125,0,234428
203941,1,1,0,-1,-1,0,1214143,0,234434
203942,0,1,0,-1,-1,0,21438,0,234434
203944,0,1,0,-1,-1,0,14798,0,234436
203946,2,1,0,-1,-1,0,1214155,0,234436
203947,0,1,0,-1,-1,0,13881,0,234437
203949,2,1,0,-1,-1,0,1214155,0,234437
203950,0,1,0,-1,-1,0,14127,0,234438
203952,2,1,0,-1,-1,0,1214155,0,234438
203953,0,1,0,-1,-1,0,18049,0,234439
203955,2,1,0,-1,-1,0,1214155,0,234439
203956,0,1,0,-1,-1,0,15715,0,234440
203958,2,1,0,-1,-1,0,1214155,0,234440
203965,1,2,0,-1,-1,0,1214205,0,233640
203973,0,1,0,-1,-1,0,436239,0,234460
203974,1,1,0,-1,-1,0,15824,0,234460
203975,2,1,0,-1,-1,0,1214276,0,234460
203977,0,0,0,120000,20000,1141,1214278,0,234462
203978,0,1,0,-1,-1,0,1214280,0,234463
203997,0,1,0,-1,-1,0,448324,0,234482
203998,1,1,0,-1,-1,0,13881,0,234482
204004,0,1,0,-1,-1,0,432639,0,234487
204005,1,1,0,-1,-1,0,436239,0,234487
204049,0,1,0,-1,-1,0,436239,0,234542
204050,0,1,0,-1,-1,0,436239,0,234543
204051,0,1,0,-1,-1,0,436239,0,234545
204052,0,1,0,-1,-1,0,436239,0,234546
204053,1,1,0,-1,-1,0,9345,0,234546
204054,0,1,0,-1,-1,0,436239,0,234547
204055,0,1,0,-1,-1,0,448324,0,234548
204056,0,1,0,-1,-1,0,448324,0,234549
204057,1,1,0,-1,-1,0,1214376,0,234549
204058,0,1,0,-1,-1,0,436239,0,234550
204059,1,1,0,-1,-1,0,1214376,0,234550
204060,0,1,0,-1,-1,0,436239,0,234551
204061,1,1,0,-1,-1,0,1214422,0,234551
204062,0,1,0,-1,-1,0,436239,0,234552
204063,1,1,0,-1,-1,0,9335,0,234552
204064,0,1,0,-1,-1,0,436239,0,234553
204065,1,1,0,-1,-1,0,9335,0,234553
204066,0,1,0,-1,-1,0,436239,0,234554
204067,1,1,0,-1,-1,0,9335,0,234554
204068,0,1,0,-1,-1,0,436239,0,234555
204069,1,1,0,-1,-1,0,9335,0,234555
204070,0,1,0,-1,-1,0,436239,0,234556
204071,1,1,0,-1,-1,0,9335,0,234556
204072,0,1,0,-1,-1,0,436239,0,234557
204073,1,1,0,-1,-1,0,9335,0,234557
204074,0,1,0,-1,-1,0,436239,0,234558
204075,1,1,0,-1,-1,0,9335,0,234558
204076,0,1,0,-1,-1,0,21440,0,234559
204077,0,1,0,-1,-1,0,21440,0,234560
204078,0,1,0,-1,-1,0,21440,0,234561
204079,0,1,0,-1,-1,0,1216968,0,234562
204080,0,1,0,-1,-1,0,15715,0,234563
204081,0,1,0,-1,-1,0,467550,0,234564
204082,0,1,0,-1,-1,0,436239,0,234565
204083,0,1,0,-1,-1,0,436239,0,234566
204084,0,1,0,-1,-1,0,436239,0,234567
204085,0,1,0,-1,-1,0,436239,0,234568
204086,1,1,0,-1,-1,0,9345,0,234568
204087,0,1,0,-1,-1,0,436239,0,234569
204088,0,1,0,-1,-1,0,448324,0,234570
204089,0,1,0,-1,-1,0,448324,0,234571
204090,1,1,0,-1,-1,0,1214376,0,234571
204099,0,1,0,-1,-1,0,436239,0,234580
204100,1,1,0,-1,-1,0,9335,0,234580
204101,0,1,0,-1,-1,0,436239,0,234581
204102,1,1,0,-1,-1,0,9335,0,234581
204103,0,1,0,-1,-1,0,436239,0,234582
204104,1,1,0,-1,-1,0,9335,0,234582
204105,0,1,0,-1,-1,0,436239,0,234583
204106,1,1,0,-1,-1,0,9335,0,234583
204107,0,1,0,-1,-1,0,436239,0,234584
204108,1,1,0,-1,-1,0,9335,0,234584
204109,0,1,0,-1,-1,0,21440,0,234585
204110,0,1,0,-1,-1,0,21440,0,234586
204111,0,1,0,-1,-1,0,21440,0,234587
204112,0,1,0,-1,-1,0,1216968,0,234588
204113,0,1,0,-1,-1,0,15715,0,234589
204114,0,1,0,-1,-1,0,467550,0,234590
204130,2,1,0,-1,-1,0,14049,0,233600
204139,1,1,0,-1,-1,0,21620,0,233609
204147,2,1,0,-1,-1,0,7574,0,233634
204150,0,1,0,-1,-1,0,440981,0,233638
204151,1,1,0,-1,-1,0,1213288,0,233642
204156,1,1,0,-1,-1,0,1213288,0,233585
204161,3,0,-1,-1,-1,0,1214884,0,233585
204163,1,1,0,-1,-1,0,9332,0,234061
204170,0,1,0,-1,-1,0,1214927,0,234067
204187,1,1,0,-1,-1,0,432639,0,234101
204188,2,1,0,-1,-1,0,14248,0,234101
204192,1,1,0,-1,-1,0,26158,0,234118
204193,0,1,0,-1,-1,0,13384,0,234121
204198,0,1,0,-1,-1,0,432639,0,234747
204199,2,1,0,-1,-1,0,453053,0,234747
204200,1,1,0,-1,-1,0,21410,0,234747
204201,0,1,0,-1,-1,0,1213288,0,234748
204202,0,1,0,-1,-1,0,436239,0,234749
204203,1,1,0,-1,-1,0,467550,0,234749
204206,0,1,0,-1,-1,0,432639,0,234761
204207,2,1,0,-1,-1,0,25901,0,234761
204208,1,1,0,-1,-1,0,9331,0,234761
204209,1,1,0,-1,-1,0,468764,0,234779
204210,2,1,0,-1,-1,0,21620,0,234779
204211,0,1,0,-1,-1,0,460230,0,234779
204212,0,1,0,-1,-1,0,432639,0,234780
204213,1,1,0,-1,-1,0,436239,0,234780
204216,0,1,0,-1,-1,0,432639,0,234785
204217,1,1,0,-1,-1,0,13881,0,234785
204218,0,1,0,-1,-1,0,436239,0,234786
204219,1,1,0,-1,-1,0,467318,0,234786
204220,0,1,0,-1,-1,0,432639,0,234788
204221,0,1,0,-1,-1,0,15806,0,234792
204222,0,1,0,-1,-1,0,432639,0,234793
204223,1,1,0,-1,-1,0,18056,0,234793
204224,0,1,0,-1,-1,0,432639,0,234798
204225,1,1,0,-1,-1,0,461580,0,234798
204226,0,1,0,-1,-1,0,432639,0,234799
204227,0,1,0,-1,-1,0,1215198,0,234800
204228,0,1,0,-1,-1,0,468224,0,234801
204229,1,1,0,-1,-1,0,18379,0,234801
204230,0,1,0,-1,-1,0,432639,0,234803
204231,1,1,0,-1,-1,0,18054,0,234803
204232,0,1,0,-1,-1,0,436239,0,234804
204233,1,1,0,-1,-1,0,9142,0,234804
204234,0,1,0,-1,-1,0,15807,0,234805
204235,0,1,0,-1,-1,0,436239,0,234806
204236,1,1,0,-1,-1,0,432639,0,234806
204237,2,1,0,-1,-1,0,9330,0,234806
204238,0,1,0,-1,-1,0,21475,0,234807
204239,1,1,0,-1,-1,0,23203,0,234807
204240,2,1,0,-1,-1,0,13387,0,234807
204241,0,1,0,-1,-1,0,448324,0,234808
204242,1,1,0,-1,-1,0,432639,0,234808
204243,2,1,0,-1,-1,0,466938,0,234808
204244,0,1,0,-1,-1,0,448324,0,234809
204245,1,1,0,-1,-1,0,474727,0,234809
204246,2,1,0,-1,-1,0,21627,0,234809
204247,0,1,0,-1,-1,0,13387,0,234810
204248,1,1,0,-1,-1,0,468700,0,234810
204249,0,1,0,-1,-1,0,14054,0,234811
204250,0,1,0,-1,-1,0,468590,0,234812
204251,1,1,0,-1,-1,0,21364,0,234812
204252,0,1,0,-1,-1,0,432639,0,234813
204253,1,1,0,-1,-1,0,15811,0,234813
204254,0,1,0,-1,-1,0,432639,0,234814
204255,1,1,0,-1,-1,0,13390,0,234814
204262,0,1,0,-1,-1,0,25901,0,234147
204269,1,1,0,-1,-1,0,9335,0,234149
204275,0,1,0,-1,-1,0,432639,0,234155
204276,1,1,0,-1,-1,0,9417,0,234158
204277,0,1,0,-1,-1,0,432639,0,234160
204280,1,1,0,-1,-1,0,13385,0,234170
204284,1,1,0,-1,-1,0,1214400,0,234173
204285,0,1,0,-1,-1,0,21536,0,234963
204286,0,1,0,-1,-1,0,13385,0,234964
204287,1,1,0,-1,-1,0,1215404,0,234964
204288,0,1,0,-1,-1,0,13384,0,234965
204289,1,1,0,-1,-1,0,1215404,0,234965
204290,0,1,0,-1,-1,0,13384,0,234966
204291,1,1,0,-1,-1,0,1215404,0,234966
204292,0,1,0,-1,-1,0,13383,0,234967
204293,1,1,0,-1,-1,0,1215404,0,234967
204294,0,1,0,-1,-1,0,13383,0,234968
204295,1,1,0,-1,-1,0,1215404,0,234968
204297,1,1,0,-1,-1,0,13385,0,233442
204298,1,1,0,-1,-1,0,18369,0,233443
204299,1,1,0,-1,-1,0,13387,0,233441
204300,0,1,0,-1,-1,0,432639,0,233434
204301,0,1,0,-1,-1,0,468270,0,233422
204302,1,1,0,-1,-1,0,14027,0,233422
204303,1,1,0,-1,-1,0,14027,0,233420
204304,0,1,0,-1,-1,0,468268,0,233421
204305,1,1,0,-1,-1,0,9142,0,233421
204306,0,1,0,-1,-1,0,436239,0,233440
204307,1,1,0,-1,-1,0,9417,0,233440
204308,2,1,0,-1,-1,0,13385,0,233440
204309,1,1,0,-1,-1,0,9416,0,233438
204310,2,1,0,-1,-1,0,13385,0,233438
204311,1,1,0,-1,-1,0,13387,0,233439
204312,1,1,0,-1,-1,0,15715,0,233424
204313,1,1,0,-1,-1,0,18012,0,233431
204314,1,1,0,-1,-1,0,9327,0,233430
204315,1,1,0,-1,-1,0,466938,0,233429
204316,1,1,0,-1,-1,0,21512,0,233428
204317,1,1,0,-1,-1,0,21512,0,233427
204318,0,1,0,-1,-1,0,21516,0,233426
204319,1,1,0,-1,-1,0,14047,0,233437
204320,1,1,0,-1,-1,0,15715,0,233436
204321,1,1,0,-1,-1,0,466938,0,233435
204322,0,1,0,-1,-1,0,468700,0,233417
204323,1,1,0,-1,-1,0,18185,0,233375
204324,1,1,0,-1,-1,0,14249,0,233374
204325,1,1,0,-1,-1,0,18185,0,233372
204326,0,1,0,-1,-1,0,448324,0,233653
204327,1,1,0,-1,-1,0,432639,0,233653
204328,0,1,0,-1,-1,0,432639,0,233658
204329,1,1,0,-1,-1,0,1213288,0,233658
204330,0,1,0,-1,-1,0,432639,0,233651
204332,2,1,0,-1,-1,0,1213288,0,233651
204333,0,1,0,-1,-1,0,436239,0,233652
204334,1,1,0,-1,-1,0,436239,0,233388
204335,2,1,0,-1,-1,0,21409,0,233661
204336,1,1,0,-1,-1,0,21408,0,233663
204337,2,1,0,-1,-1,0,21424,0,233659
204338,1,1,0,-1,-1,0,21413,0,233662
204339,1,1,0,-1,-1,0,21409,0,233660
204340,1,1,0,-1,-1,0,440981,0,233410
204341,0,1,0,-1,-1,0,436239,0,233409
204342,1,1,0,-1,-1,0,440981,0,233409
204343,1,1,0,-1,-1,0,432639,0,233411
204344,2,1,0,-1,-1,0,25901,0,233411
204345,1,1,0,-1,-1,0,1214917,0,233408
204346,1,1,0,-1,-1,0,1214917,0,233407
204347,1,1,0,-1,-1,0,1213288,0,233666
204348,1,1,0,-1,-1,0,1213288,0,233668
204349,1,1,0,-1,-1,0,432639,0,233667
204350,1,1,0,-1,-1,0,1213288,0,233665
204394,1,1,0,-1,-1,0,432639,0,233398
204395,2,1,0,-1,-1,0,21516,0,233398
204396,0,1,0,-1,-1,0,436239,0,233401
204397,1,1,0,-1,-1,0,1213288,0,233401
204398,1,1,0,-1,-1,0,1213288,0,233397
204399,2,1,0,-1,-1,0,21514,0,233397
204400,1,1,0,-1,-1,0,432639,0,233400
204401,2,1,0,-1,-1,0,21513,0,233400
204402,0,1,0,-1,-1,0,436239,0,233399
204403,1,1,0,-1,-1,0,21511,0,233399
204404,2,1,0,-1,-1,0,18196,0,233692
204405,2,1,0,-1,-1,0,18196,0,233689
204406,1,1,0,-1,-1,0,21415,0,233693
204407,1,1,0,-1,-1,0,21424,0,233690
204408,0,1,0,-1,-1,0,432639,0,233691
204409,1,1,0,-1,-1,0,21411,0,233691
204410,0,1,0,-1,-1,0,14799,0,233695
204411,1,1,0,-1,-1,0,13389,0,233695
204412,0,1,0,-1,-1,0,432639,0,233697
204414,1,1,0,-1,-1,0,14249,0,233697
204415,0,1,0,-1,-1,0,460230,0,233694
204416,1,1,0,-1,-1,0,21469,0,233694
204417,2,1,0,-1,-1,0,9417,0,233694
204418,3,1,0,-1,-1,0,21416,0,233694
204419,0,1,0,-1,-1,0,460230,0,233698
204420,1,1,0,-1,-1,0,9415,0,233698
204421,2,1,0,-1,-1,0,13389,0,233698
204422,0,1,0,-1,-1,0,432639,0,233696
204423,2,1,0,-1,-1,0,9415,0,233696
204424,1,1,0,-1,-1,0,21469,0,233696
204425,3,1,0,-1,-1,0,18196,0,233696
204426,2,1,0,-1,-1,0,1213288,0,233700
204427,0,1,0,-1,-1,0,432639,0,233699
204428,1,1,0,-1,-1,0,436239,0,233699
204429,2,1,0,-1,-1,0,1213288,0,233699
204430,0,1,0,-1,-1,0,432639,0,233703
204431,1,1,0,-1,-1,0,436239,0,233703
204432,0,1,0,-1,-1,0,432639,0,233701
204433,1,1,0,-1,-1,0,17493,0,233705
204434,2,1,0,-1,-1,0,14127,0,233707
204435,0,1,0,-1,-1,0,448324,0,233704
204436,1,1,0,-1,-1,0,17493,0,233704
204437,1,1,0,-1,-1,0,436239,0,233708
204438,2,1,0,-1,-1,0,18057,0,233708
204439,0,1,0,-1,-1,0,436239,0,233706
204440,1,1,0,-1,-1,0,432639,0,233706
204441,2,1,0,-1,-1,0,14047,0,233706
204442,1,1,0,-1,-1,0,21413,0,233412
204443,2,1,0,-1,-1,0,13388,0,233413
204444,0,1,0,-1,-1,0,1213288,0,233415
204445,1,1,0,-1,-1,0,18196,0,233415
204446,0,1,0,-1,-1,0,432639,0,233416
204447,1,1,0,-1,-1,0,13389,0,233416
204448,0,1,0,-1,-1,0,432639,0,233414
204449,1,1,0,-1,-1,0,21409,0,233414
204450,0,1,0,-1,-1,0,436239,0,233709
204451,1,1,0,-1,-1,0,1213288,0,233711
204452,0,1,0,-1,-1,0,432639,0,233712
204453,0,1,0,-1,-1,0,436239,0,233723
204454,1,1,0,-1,-1,0,1214402,0,233723
204455,0,1,0,-1,-1,0,436239,0,233722
204456,1,1,0,-1,-1,0,1214399,0,233722
204457,0,1,0,-1,-1,0,436239,0,233720
204458,1,1,0,-1,-1,0,1214406,0,233720
204459,0,1,0,-1,-1,0,436239,0,233719
204460,1,1,0,-1,-1,0,467332,0,233719
204461,0,1,0,-1,-1,0,436239,0,233721
204462,1,1,0,-1,-1,0,467330,0,233721
204463,0,1,0,-1,-1,0,448324,0,233718
204464,1,1,0,-1,-1,0,28264,0,233718
204465,0,1,0,-1,-1,0,460230,0,233717
204466,1,1,0,-1,-1,0,18050,0,233717
204467,0,1,0,-1,-1,0,448324,0,233715
204468,1,1,0,-1,-1,0,28767,0,233715
204469,0,1,0,-1,-1,0,448324,0,233714
204470,1,1,0,-1,-1,0,17493,0,233714
204471,0,1,0,-1,-1,0,432639,0,233716
204472,1,1,0,-1,-1,0,436239,0,233716
204473,2,1,0,-1,-1,0,14798,0,233716
204556,0,1,0,-1,-1,0,1215508,0,235040
204681,1,0,-1,-1,-1,0,1216319,0,233636
204682,2,0,-1,-1,-1,0,1216327,0,233423
204683,1,0,-1,-1,-1,0,1216340,0,233417
204684,1,0,-1,-1,-1,0,1216349,0,233426
204685,2,0,-1,-1,-1,0,1216350,0,233429
204686,2,0,-1,-1,-1,0,1216354,0,233435
204687,2,0,-1,-1,-1,0,1216355,0,233439
204688,2,0,-1,-1,-1,0,1216356,0,233421
204689,1,0,-1,-1,-1,0,1216357,0,233433
204690,2,0,-1,-1,-1,0,1216360,0,233442
204691,1,0,-1,-1,-1,0,1216361,0,234805
204692,2,0,-1,-1,-1,0,1216362,0,234804
204693,3,0,-1,-1,-1,0,1216363,0,234806
204694,3,0,-1,-1,-1,0,1216364,0,234808
204695,3,0,-1,-1,-1,0,1216365,0,234809
204696,2,0,-1,-1,-1,0,1216366,0,234810
204697,2,0,-1,-1,-1,0,1216367,0,234122
204698,1,0,-1,-1,-1,0,1216368,0,234121
204699,2,0,-1,-1,-1,0,1216369,0,234118
204700,3,0,-1,-1,-1,0,1216370,0,234115
204701,2,0,-1,-1,-1,0,1216371,0,234112
204702,1,0,-1,-1,-1,0,1216372,0,234104
204703,2,0,-1,-1,-1,0,1216373,0,234097
204704,1,0,-1,-1,-1,0,1216374,0,234096
204705,1,0,-1,-1,-1,0,1216375,0,234067
204706,2,0,-1,-1,-1,0,1216376,0,234061
204707,1,0,-1,-1,-1,0,1216377,0,233647
204708,2,0,-1,-1,-1,0,1216378,0,233643
204709,2,0,-1,-1,-1,0,1216379,0,233640
204710,3,0,-1,-1,-1,0,1216380,0,233634
204711,2,0,-1,-1,-1,0,1216381,0,233626
204712,1,0,-1,-1,-1,0,1216382,0,233621
204713,0,0,-1,-1,-1,0,1216383,0,233605
204714,2,0,-1,-1,-1,0,1216384,0,233599
204715,2,0,-1,-1,-1,0,1216385,0,233586
204716,2,0,-1,-1,-1,0,1216386,0,233576
204717,1,0,-1,-1,-1,0,1216387,0,233571
204720,2,0,-1,-1,-1,0,1216388,0,234119
204721,2,0,-1,-1,-1,0,1216389,0,233515
204722,3,0,-1,-1,-1,0,1216390,0,233509
204734,2,1,0,-1,-1,0,1216494,0,213348
204807,1,1,0,-1,-1,0,460339,0,234569
204808,1,1,0,-1,-1,0,460339,0,234570
204809,1,1,0,-1,-1,0,460339,0,234547
204810,1,1,0,-1,-1,0,460339,0,234548
204813,0,1,0,-1,-1,0,436239,0,235476
204814,1,1,0,-1,-1,0,9335,0,235476
204815,0,1,0,-1,-1,0,436239,0,235477
204816,1,1,0,-1,-1,0,9335,0,235477
204817,0,1,0,-1,-1,0,436239,0,235478
204818,1,1,0,-1,-1,0,9335,0,235478
204819,0,1,0,-1,-1,0,436239,0,235479
204820,1,1,0,-1,-1,0,9335,0,235479
204821,0,1,0,-1,-1,0,436239,0,235480
204822,1,1,0,-1,-1,0,9335,0,235480
204823,0,1,0,-1,-1,0,436239,0,235481
204824,1,1,0,-1,-1,0,9335,0,235481
204826,1,1,0,-1,-1,0,1216997,0,234542
204828,1,1,0,-1,-1,0,1216997,0,234543
204829,1,1,0,-1,-1,0,1216997,0,234545
204830,2,1,0,-1,-1,0,1216997,0,234546
204831,2,1,0,-1,-1,0,1216997,0,234547
204832,2,1,0,-1,-1,0,1216997,0,234548
204833,2,1,0,-1,-1,0,1216997,0,234549
204834,2,1,0,-1,-1,0,1216997,0,234550
204835,2,1,0,-1,-1,0,1216997,0,234551
204836,2,1,0,-1,-1,0,1216997,0,234552
204837,2,1,0,-1,-1,0,1216997,0,234553
204838,2,1,0,-1,-1,0,1216997,0,234554
204839,2,1,0,-1,-1,0,1216997,0,234555
204840,2,1,0,-1,-1,0,1216997,0,234556
204841,2,1,0,-1,-1,0,1216997,0,234557
204842,2,1,0,-1,-1,0,1216997,0,234558
204843,1,1,0,-1,-1,0,1216997,0,234559
204844,1,1,0,-1,-1,0,1216997,0,234560
204845,1,1,0,-1,-1,0,1216997,0,234561
204846,1,1,0,-1,-1,0,1216997,0,234562
204847,1,1,0,-1,-1,0,1216997,0,234563
204848,1,1,0,-1,-1,0,1216997,0,234564
204849,1,1,0,-1,-1,0,1216997,0,234565
204850,1,1,0,-1,-1,0,1216997,0,234566
204851,1,1,0,-1,-1,0,1216997,0,234567
204852,2,1,0,-1,-1,0,1216997,0,234568
204853,2,1,0,-1,-1,0,1216997,0,234569
204854,2,1,0,-1,-1,0,1216997,0,234570
204855,2,1,0,-1,-1,0,1216997,0,234571
204860,2,1,0,-1,-1,0,1216997,0,234580
204861,2,1,0,-1,-1,0,1216997,0,234581
204862,2,1,0,-1,-1,0,1216997,0,234582
204863,2,1,0,-1,-1,0,1216997,0,234583
204864,2,1,0,-1,-1,0,1216997,0,234584
204865,1,1,0,-1,-1,0,1216997,0,234585
204866,1,1,0,-1,-1,0,1216997,0,234586
204867,1,1,0,-1,-1,0,1216997,0,234587
204868,1,1,0,-1,-1,0,1216997,0,234588
204869,1,1,0,-1,-1,0,1216997,0,234589
204870,1,1,0,-1,-1,0,1216997,0,234590
204873,2,1,0,-1,-1,0,1216997,0,235476
204874,2,1,0,-1,-1,0,1216997,0,235477
204875,2,1,0,-1,-1,0,1216997,0,235478
204876,2,1,0,-1,-1,0,1216997,0,235479
204877,2,1,0,-1,-1,0,1216997,0,235480
204878,2,1,0,-1,-1,0,1216997,0,235481
204920,0,1,0,-1,-1,0,1217297,0,234154
204938,0,2,0,-1,-1,0,1217511,0,235583
205121,0,1,0,-1,-1,0,1219019,0,235894
205123,0,0,0,-1,-1,0,1219043,0,235891
205126,0,1,0,-1,-1,0,1219083,0,235868
205140,1,1,0,-1,-1,0,1219415,0,235890
205141,0,1,0,-1,-1,0,432639,0,235890
205142,0,1,0,-1,-1,0,7544,0,235888
205143,1,1,0,-1,-1,0,13390,0,235888
205150,1,1,0,-1,-1,0,436239,0,235891
205156,0,1,0,-1,-1,0,432639,0,235889
205292,0,1,0,-1,-1,0,9334,0,235892
205293,1,1,0,-1,-1,0,432639,0,235892
205337,1,1,0,-1,-1,0,21475,0,235868
205383,0,1,0,-1,-1,0,18020,0,235893
205587,0,1,0,-1,-1,0,436239,0,236219
205588,1,1,0,-1,-1,0,432639,0,236219
205590,0,1,0,-1,-1,0,1220536,0,236221
205595,0,1,0,-1,-1,0,1220521,0,236224
205615,0,1,0,-1,-1,0,436239,0,236257
205616,1,1,0,-1,-1,0,18050,0,236257
205624,0,1,0,-1,-1,0,432639,0,236263
205625,0,1,0,-1,-1,0,1220654,0,236264
205626,0,1,0,-1,-1,0,436239,0,236265
205627,1,1,0,-1,-1,0,1220654,0,236265
205631,0,1,0,-1,-1,0,436239,0,236268
205632,1,1,0,-1,-1,0,432639,0,236268
205633,2,0,0,90000,15000,1141,1219500,0,236268
205634,0,1,0,-1,-1,0,432639,0,236269
205635,1,1,0,-1,-1,0,1222393,0,236269
205636,0,1,0,-1,-1,0,436239,0,236270
205637,1,1,0,-1,-1,0,1222393,0,236270
205644,0,1,0,-1,-1,0,1220654,0,236275
205650,0,0,0,90000,-1,0,1219501,0,236282
205652,0,1,0,-1,-1,0,460230,0,236284
205653,1,1,0,-1,-1,0,1223262,0,236284
205654,2,1,0,-1,-1,0,28841,0,236284
205661,0,1,0,-1,-1,0,448324,0,236287
205662,0,1,0,-1,-1,0,21407,0,236288
205667,0,1,0,-1,-1,0,432639,0,236292
205668,0,1,0,-1,-1,0,1213288,0,236293
205670,0,1,0,-1,-1,0,436239,0,236296
205671,1,1,0,-1,-1,0,1220654,0,236296
205673,0,1,0,-1,-1,0,436239,0,236297
205674,1,1,0,-1,-1,0,1220666,0,236297
205678,0,1,0,-1,-1,0,28840,0,236299
205682,0,1,0,-1,-1,0,1223262,0,236302
205683,1,0,0,120000,-1,0,1219503,0,236302
205688,0,1,0,-1,-1,0,448324,0,236305
205689,1,1,0,-1,-1,0,1220657,0,236305
205690,0,1,0,-1,-1,0,436239,0,236306
205691,1,1,0,-1,-1,0,1222393,0,236306
205692,2,1,0,-1,-1,0,1213288,0,236306
205698,0,1,0,-1,-1,0,467318,0,236310
205700,0,1,0,-1,-1,0,432639,0,236312
205701,1,1,0,-1,-1,0,436239,0,236312
205702,2,1,0,-1,-1,0,1222393,0,236312
205717,0,1,0,-1,-1,0,21632,0,236320
205718,1,1,0,-1,-1,0,469133,0,236320
205719,0,1,0,-1,-1,0,448324,0,236321
205721,0,1,0,-1,-1,0,436239,0,236322
205722,1,1,0,-1,-1,0,9329,0,236322
205730,0,1,0,-1,-1,0,1220655,0,236328
205731,1,1,0,-1,-1,0,15715,0,236328
205733,0,1,0,-1,-1,0,467332,0,236329
205734,1,0,0,120000,-1,0,1219513,0,236329
205735,0,1,0,-1,-1,0,436239,0,236330
205736,1,1,0,-1,-1,0,468224,0,236330
205737,0,1,0,-1,-1,0,17280,0,236331
205738,1,0,0,120000,20000,1141,1219515,0,236331
205742,0,1,0,-1,-1,0,15820,0,236334
205743,1,0,0,120000,20000,1141,1219519,0,236334
205747,0,1,0,-1,-1,0,432639,0,236336
205748,1,1,0,-1,-1,0,28112,0,236336
205749,0,1,0,-1,-1,0,21475,0,236337
205750,1,1,0,-1,-1,0,21410,0,236337
205751,2,0,0,120000,-1,0,1219520,0,236337
205752,0,1,0,-1,-1,0,436239,0,236338
205753,1,1,0,-1,-1,0,432639,0,236338
205754,2,1,0,-1,-1,0,1222393,0,236338
205755,0,1,0,-1,-1,0,1213971,0,236339
205756,1,2,0,-1,-1,0,1227820,0,236340
205757,0,1,0,-1,-1,0,1222393,0,236341
205760,1,1,0,-1,-1,0,436239,0,236343
205761,2,1,0,-1,-1,0,432639,0,236343
205762,0,1,0,-1,-1,0,436239,0,236344
205763,1,1,0,-1,-1,0,14027,0,236344
205766,0,1,0,-1,-1,0,1220657,0,236346
205767,1,1,0,-1,-1,0,448324,0,236346
205768,2,1,0,-1,-1,0,1220738,0,236346
205770,1,1,0,-1,-1,0,468590,0,236347
205771,0,1,0,-1,-1,0,1220655,0,236348
205772,1,1,0,-1,-1,0,1220741,0,236348
205773,0,1,0,-1,-1,0,436239,0,236349
205774,1,1,0,-1,-1,0,9345,0,236349
205807,0,1,0,-1,-1,0,1223262,0,236398
205808,1,1,0,-1,-1,0,28141,0,236398
205809,2,1,0,-1,-1,0,1219552,0,236398
205810,3,0,0,-1,-1,0,28148,0,236398
205811,1,1,0,-1,-1,0,1219553,0,236399
205812,2,1,0,-1,-1,0,1220756,0,236399
205813,3,0,0,-1,-1,0,28148,0,236399
205814,0,1,0,-1,-1,0,1220657,0,236400
205815,1,1,0,-1,-1,0,28141,0,236400
205816,2,1,0,-1,-1,0,1219557,0,236400
205817,3,0,0,-1,-1,0,28148,0,236400
205818,1,1,0,-1,-1,0,1219558,0,236401
205819,2,1,0,-1,-1,0,1220653,0,236401
205820,3,1,0,-1,-1,0,1220651,0,236401
205821,4,0,0,-1,-1,0,28148,0,236401
206039,1,1,0,-1,-1,0,1220418,0,235889
206050,1,0,0,120000,-1,0,1220533,0,236224
206073,0,1,0,-1,-1,0,448324,0,236285
206075,1,2,0,-1,-1,0,1220668,0,236299
206225,0,1,0,-1,-1,0,1223455,0,236401
206226,0,1,0,-1,-1,0,1223262,0,236399
206294,0,1,0,-1,-1,0,436239,0,237278
206299,0,0,0,50000,20000,1141,28200,0,237283
206303,0,1,0,-1,-1,0,436239,0,237287
206646,1,1,0,-1,-1,0,1213288,0,236263
206647,2,1,0,-1,-1,0,13385,0,236263
206648,1,1,0,-1,-1,0,1220540,0,236264
206651,2,1,0,-1,-1,0,15807,0,236269
206652,2,1,0,-1,-1,0,1220635,0,236265
206656,1,1,0,-1,-1,0,468764,0,236275
206664,1,1,0,-1,-1,0,1214917,0,236285
206665,2,1,0,-1,-1,0,461681,0,236285
206666,3,1,0,-1,-1,0,1220650,0,236285
206675,0,1,0,-1,-1,0,1213288,0,237512
206677,0,1,0,-1,-1,0,15714,0,236290
206681,1,1,0,-1,-1,0,9329,0,236293
206682,2,1,0,-1,-1,0,1220418,0,236297
206683,1,1,0,-1,-1,0,436239,0,236292
206684,2,1,0,-1,-1,0,1220666,0,236292
206685,2,1,0,-1,-1,0,467550,0,236296
206686,0,1,0,-1,-1,0,28840,0,237577
206688,1,2,0,-1,-1,0,1220668,0,237577
206691,0,1,0,-1,-1,0,432639,0,236301
206692,1,1,0,-1,-1,0,9342,0,236301
206716,2,1,0,-1,-1,0,1220700,0,236305
206717,3,1,0,-1,-1,0,9329,0,236306
206721,3,1,0,-1,-1,0,9141,0,236312
206727,1,1,0,-1,-1,0,448324,0,237512
206728,2,1,0,-1,-1,0,1223341,0,237512
206730,2,0,0,180000,-1,0,1219506,0,236320
206731,1,1,0,-1,-1,0,1220635,0,236321
206733,3,1,0,-1,-1,0,9329,0,236338
206734,1,1,0,-1,-1,0,1213288,0,236339
206735,1,1,0,-1,-1,0,1213288,0,236341
206736,2,1,0,-1,-1,0,7523,0,236341
206738,0,1,0,-1,-1,0,1220655,0,236347
206779,1,1,0,-1,-1,0,26158,0,237287
206781,1,1,0,-1,-1,0,9330,0,237278
206831,0,1,0,-1,-1,0,448324,0,237814
206837,0,1,0,-1,-1,0,448324,0,237817
206838,0,1,0,-1,-1,0,448324,0,237818
206839,0,1,0,-1,-1,0,448324,0,237819
206849,0,1,0,-1,-1,0,448324,0,237825
206850,1,1,0,-1,-1,0,432639,0,237825
206853,1,1,0,-1,-1,0,432639,0,237814
206856,1,1,0,-1,-1,0,432639,0,237819
206858,1,1,0,-1,-1,0,17367,0,237817
206867,2,1,0,-1,-1,0,21410,0,236336
206906,2,1,0,-1,-1,0,1213288,0,235888
206907,2,1,0,-1,-1,0,13390,0,235868
206908,2,1,0,-1,-1,0,14249,0,235889
207336,0,1,0,-1,-1,0,9342,0,238350
207337,0,1,0,-1,-1,0,15807,0,238351
207338,0,1,0,0,-1,0,9342,0,238352
207339,0,1,0,0,0,0,9345,0,238353
207340,0,1,0,0,-1,0,9414,0,238354
207341,0,1,0,-1,-1,0,13881,0,238355
207343,0,1,0,-1,-1,0,436239,0,238357
207344,1,1,0,-1,-1,0,17906,0,238357
207345,0,1,0,-1,-1,0,9345,0,238358
207346,0,1,0,-1,-1,0,28325,0,238360
207347,0,1,0,-1,-1,0,18369,0,238361
207774,3,1,0,-1,-1,0,1223010,0,236341
207964,0,1,0,-1,-1,0,448324,0,236340
