ID,ClassID,SubclassID,Material,InventoryType,RequiredLevel,SheatheType,RandomSelect,ItemRandomSuffixGroupID,Sound_override_subclassID,ScalingStatDistributionID,IconFileDataID,ItemGroupSoundsID,ContentTuningID,MaxDurability,AmmunitionType,ScalingStatValue,DamageType_0,DamageType_1,DamageType_2,DamageType_3,DamageType_4,Resistances_0,Resistances_1,Resistances_2,Resistances_3,Resistances_4,Resistances_5,Resistances_6,MinDamage_0,MinDamage_1,MinDamage_2,MinDamage_3,MinDamage_4,MaxDamage_0,MaxDamage_1,MaxDamage_2,MaxDamage_3,MaxDamage_4
647,2,8,1,17,52,1,0,0,-1,0,135317,9,0,120,0,0,0,0,0,0,0,0,0,0,0,0,0,0,112,0,0,0,0,168,0,0,0,0
720,4,2,8,10,23,0,0,0,-1,0,132939,7,0,35,0,0,0,0,0,0,0,62,0,0,0,0,0,0,0,0,0,0,0,0,0,0,0,0
744,4,0,4,12,0,0,0,0,-1,0,132788,17,0,0,0,0,0,0,0,0,0,0,0,0,0,0,0,0,0,0,0,0,0,0,0,0,0,0
753,2,7,1,13,23,3,0,0,-1,0,135346,8,0,70,0,0,0,0,0,0,0,0,0,0,0,0,0,0,22,0,0,0,0,42,0,0,0,0
754,2,7,1,13,42,3,0,0,-1,0,135312,8,0,90,0,0,0,0,0,0,0,0,0,0,0,0,0,0,53,0,0,0,0,99,0,0,0,0
756,2,1,1,17,24,1,0,0,-1,0,134708,9,0,85,0,0,0,0,0,0,0,0,0,0,0,0,0,0,49,0,0,0,0,74,0,0,0,0
776,2,15,1,13,26,3,0,0,-1,0,135638,8,0,65,0,0,0,0,0,0,0,0,0,0,0,0,0,0,17,0,0,0,0,33,0,0,0,0
789,2,4,2,21,17,3,5197,0,-1,0,133045,8,0,60,0,0,0,0,0,0,0,0,0,0,0,0,0,0,17,0,0,0,0,33,0,0,0,0
790,2,0,1,21,18,3,5196,0,-1,0,132405,8,0,65,0,0,0,0,0,0,0,0,0,0,0,0,0,0,20,0,0,0,0,38,0,0,0,0
791,2,10,2,17,26,2,0,0,-1,0,135139,13,0,100,0,0,0,0,0,0,0,0,0,0,0,0,0,0,65,0,0,0,0,99,0,0,0,0
809,2,7,1,21,45,3,0,0,-1,0,135329,8,0,105,0,0,0,0,0,0,0,0,0,0,0,0,0,0,70,0,0,0,0,130,0,0,0,0
810,2,4,2,21,49,3,0,0,-1,0,133048,8,0,105,0,0,0,0,0,0,0,0,0,0,0,0,0,0,58,0,0,0,0,108,0,0,0,0
811,2,0,1,21,52,3,0,0,-1,0,132398,8,0,105,0,0,0,0,0,0,0,0,0,0,0,0,0,0,78,0,0,0,0,146,0,0,0,0
812,2,10,2,17,49,2,0,0,-1,0,135166,13,0,120,0,0,0,0,0,0,0,0,0,0,15,0,0,0,127,0,0,0,0,191,0,0,0,0
833,4,0,4,12,51,0,0,0,-1,0,134580,24,0,0,0,0,0,0,0,0,0,0,0,0,0,0,0,0,0,0,0,0,0,0,0,0,0,0
862,4,0,4,11,45,0,3253,0,-1,0,132523,14,0,0,0,0,0,0,0,0,0,0,0,0,0,0,0,0,0,0,0,0,0,0,0,0,0,0
863,2,0,1,13,32,3,5241,0,-1,0,132399,8,0,75,0,0,0,0,0,0,0,0,0,0,0,0,0,0,37,0,0,0,0,69,0,0,0,0
864,2,7,1,13,33,3,5240,0,-1,0,135328,8,0,75,0,0,0,0,0,0,0,0,0,0,0,0,0,0,21,0,0,0,0,40,0,0,0,0
865,2,4,2,13,26,3,5224,0,-1,0,133478,8,0,75,0,0,0,0,0,0,0,0,0,0,0,0,0,0,32,0,0,0,0,61,0,0,0,0
866,2,10,2,17,37,2,5257,0,-1,0,135145,13,0,85,0,0,0,0,0,0,0,0,0,0,0,0,0,0,60,0,0,0,0,90,0,0,0,0
867,4,2,8,10,37,0,0,0,-1,0,132940,7,0,40,0,0,0,0,0,0,0,86,0,0,0,0,0,0,0,0,0,0,0,0,0,0,0,0
868,2,4,2,21,38,3,0,0,-1,0,133488,8,0,105,0,0,0,0,0,0,0,100,0,0,0,0,0,0,48,0,0,0,0,90,0,0,0,0
869,2,7,1,21,36,3,0,0,-1,0,135326,8,0,105,0,0,0,0,0,0,0,0,0,0,0,0,0,0,37,0,0,0,0,70,0,0,0,0
870,2,1,1,17,35,1,0,0,-1,0,132393,9,0,120,0,0,0,0,0,0,0,0,0,0,0,0,0,0,93,0,0,0,0,141,0,0,0,0
871,2,0,1,13,42,3,0,0,-1,0,132408,8,0,105,0,0,0,0,0,0,0,0,0,0,0,0,0,0,37,0,0,0,0,69,0,0,0,0
872,2,1,1,17,16,1,0,0,-1,0,135419,9,0,65,0,0,0,0,0,0,0,0,0,0,0,0,0,0,36,0,0,0,0,55,0,0,0,0
873,2,10,2,17,35,2,0,0,-1,0,135150,13,0,120,0,0,0,0,0,0,0,0,0,0,0,0,0,0,119,0,0,0,0,180,0,0,0,0
880,2,10,2,17,18,2,0,0,-1,0,135162,13,0,70,0,0,0,0,0,0,0,0,0,0,0,0,0,0,41,0,0,0,0,62,0,0,0,0
885,2,0,1,21,19,3,0,0,-1,0,132405,8,0,65,0,0,0,0,0,0,0,0,0,0,0,0,0,0,18,0,0,0,0,34,0,0,0,0
886,2,7,1,21,21,3,0,0,-1,0,135327,8,0,70,0,0,0,0,0,0,0,0,0,0,0,0,4,0,16,0,0,0,0,30,0,0,0,0
888,4,2,8,10,22,0,0,0,-1,0,132947,7,0,35,0,0,0,0,0,0,0,61,0,0,0,0,0,0,0,0,0,0,0,0,0,0,0,0
890,2,10,2,17,19,2,0,0,-1,0,135141,13,0,90,0,0,0,0,0,0,0,0,0,0,0,0,0,0,55,0,0,0,0,84,0,0,0,0
897,4,2,8,9,24,0,0,0,-1,0,132604,7,0,30,0,0,0,0,0,0,0,40,0,0,0,0,0,0,0,0,0,0,0,0,0,0,0,0
911,2,5,2,17,20,1,0,0,-1,0,133476,9,0,75,0,0,0,0,0,0,0,0,0,0,0,0,0,0,45,0,0,0,0,69,0,0,0,0
913,2,8,1,17,24,1,0,0,-1,0,135311,9,0,85,0,0,0,0,0,0,0,0,0,0,0,0,0,0,60,0,0,0,0,90,0,0,0,0
914,4,3,5,5,25,0,0,0,-1,0,132624,10,0,100,0,0,0,0,0,0,0,198,0,0,0,0,0,0,0,0,0,0,0,0,0,0,0,0
920,2,4,2,21,20,3,0,0,-1,0,133486,8,0,65,0,0,0,0,0,0,0,0,0,0,0,0,0,0,22,0,0,0,0,42,0,0,0,0
934,2,0,1,13,32,3,0,0,-1,0,132405,8,0,90,0,0,0,0,0,0,0,0,0,0,0,0,0,0,50,0,0,0,0,94,0,0,0,0
935,2,7,1,13,15,3,0,0,-1,0,135327,8,0,65,0,0,0,0,0,0,0,0,0,0,0,0,0,0,24,0,0,0,0,46,0,0,0,0
936,2,4,2,13,33,3,0,0,-1,0,133729,8,0,90,0,0,0,5,0,0,0,0,0,0,0,0,10,0,45,1,0,0,0,84,10,0,0,0
937,2,10,2,17,33,2,0,0,-1,0,135150,13,0,100,0,0,0,0,0,0,0,0,0,0,0,0,0,0,75,0,0,0,0,113,0,0,0,0
942,4,0,3,11,47,0,0,0,-1,0,133349,14,0,0,0,0,0,0,0,0,0,0,0,0,0,10,0,0,0,0,0,0,0,0,0,0,0,0
943,2,10,2,17,43,2,0,0,-1,0,135166,13,0,120,0,0,0,0,0,0,0,260,0,0,0,0,0,0,89,0,0,0,0,134,0,0,0,0
944,2,10,2,17,56,2,0,0,-1,0,135144,13,0,120,0,0,0,0,0,0,0,0,0,20,0,20,0,0,147,0,0,0,0,221,0,0,0,0
1009,2,4,2,21,0,3,0,0,-1,0,133045,8,0,45,0,0,0,0,0,0,0,0,0,0,0,0,0,0,11,0,0,0,0,21,0,0,0,0
1076,4,0,5,11,20,0,0,0,-1,0,133344,14,0,0,0,0,0,0,0,0,0,0,0,0,0,0,0,0,0,0,0,0,0,0,0,0,0,0
1077,4,0,5,11,21,0,0,0,-1,0,133356,14,0,0,0,0,0,0,0,0,0,0,0,0,0,0,0,0,0,0,0,0,0,0,0,0,0,0
1116,4,0,0,11,0,0,0,0,-1,0,133343,14,0,0,0,0,0,0,0,0,0,0,0,0,0,0,0,0,0,0,0,0,0,0,0,0,0,0
1121,4,2,8,8,19,0,0,0,-1,0,132592,7,0,45,0,0,0,0,0,0,0,63,0,0,0,0,0,0,0,0,0,0,0,0,0,0,0,0
1131,4,0,1,23,0,7,0,0,-1,0,133729,12,0,0,0,0,0,0,0,0,0,50,0,0,0,0,0,0,0,0,0,0,0,0,0,0,0,0
1155,2,10,2,17,24,2,0,0,-1,0,135143,13,0,100,0,0,0,0,0,0,0,0,0,0,0,0,0,0,53,0,0,0,0,80,0,0,0,0
1156,4,0,1,11,17,0,0,0,-1,0,133351,14,0,0,0,0,0,0,0,0,0,0,0,0,0,0,0,0,0,0,0,0,0,0,0,0,0,0
1168,4,6,1,14,54,4,0,0,-1,0,134947,9,0,120,0,0,0,0,0,0,0,2256,0,10,0,0,10,0,0,0,0,0,0,0,0,0,0,0
1169,4,6,1,14,41,4,0,0,-1,0,136162,9,0,120,0,0,0,0,0,0,0,1795,0,0,0,0,10,0,0,0,0,0,0,0,0,0,0,0
1172,4,0,2,23,0,7,0,0,-1,0,135432,12,0,0,0,0,0,0,0,0,0,15,0,0,0,0,0,0,0,0,0,0,0,0,0,0,0,0
1189,4,0,1,11,15,0,0,0,-1,0,133345,14,0,0,0,0,0,0,0,0,0,0,0,0,0,0,0,0,0,0,0,0,0,0,0,0,0,0
1190,4,1,7,16,15,0,0,0,-1,0,133760,7,0,0,0,0,0,0,0,0,0,17,0,0,0,0,0,0,0,0,0,0,0,0,0,0,0,0
1203,4,6,1,14,49,4,0,0,-1,0,134952,9,0,100,0,0,0,0,0,0,0,1867,0,0,0,0,0,0,0,0,0,0,0,0,0,0,0,0
1204,4,6,1,14,36,4,0,0,-1,0,134952,9,0,120,0,0,0,0,0,0,0,1308,0,0,0,0,0,0,0,0,0,0,0,0,0,0,0,0
1207,2,4,2,13,34,3,5242,0,-1,0,133490,8,0,75,0,0,0,0,0,0,0,0,0,0,0,0,0,0,31,0,0,0,0,59,0,0,0,0
1215,4,2,8,6,17,0,0,0,-1,0,132498,7,0,25,0,0,0,0,0,0,0,45,0,0,0,0,0,0,0,0,0,0,0,0,0,0,0,0
1218,2,5,2,17,16,1,0,0,-1,0,133489,9,0,65,0,0,0,0,0,0,0,0,0,0,0,0,0,0,40,0,0,0,0,61,0,0,0,0
1220,2,1,1,17,15,1,0,0,-1,0,132405,9,0,65,0,0,0,0,0,0,0,0,0,0,0,0,0,0,24,0,0,0,0,36,0,0,0,0
1263,2,1,1,17,55,1,0,0,-1,0,135580,9,0,120,0,0,0,0,0,0,0,0,0,0,0,0,0,0,95,0,0,0,0,143,0,0,0,0
1264,2,5,2,17,0,1,0,0,-1,0,133482,9,0,80,0,0,0,0,0,0,0,0,0,0,0,0,0,0,32,0,0,0,0,49,0,0,0,0
1265,2,7,1,13,34,3,0,0,-1,0,135302,8,0,90,0,0,0,0,0,0,0,0,0,0,0,0,0,0,44,0,0,0,0,83,0,0,0,0
1270,4,1,7,16,0,0,0,0,-1,0,133767,7,0,0,0,0,0,0,0,0,0,14,0,0,0,0,0,0,0,0,0,0,0,0,0,0,0,0
1273,4,3,5,5,0,0,0,0,-1,0,132742,10,0,90,0,0,0,0,0,0,0,183,0,0,0,0,0,0,0,0,0,0,0,0,0,0,0,0
1275,4,3,5,5,0,0,0,0,-1,0,132624,10,0,90,0,0,0,0,0,0,0,183,0,0,0,0,0,0,0,0,0,0,0,0,0,0,0,0
1276,4,6,1,14,0,4,0,0,-1,0,134955,9,0,80,0,0,0,0,0,0,0,528,0,0,0,0,0,0,0,0,0,0,0,0,0,0,0,0
1280,4,2,8,1,33,0,0,0,-1,0,133132,7,0,50,0,0,0,0,0,0,0,86,0,0,0,0,0,0,0,0,0,0,0,0,0,0,0,0
1282,4,3,5,1,0,0,0,0,-1,0,133070,10,0,60,0,0,0,0,0,0,0,168,0,0,0,0,0,0,0,0,0,0,0,0,0,0,0,0
1292,2,0,1,13,20,3,0,0,-1,0,132417,8,0,75,0,0,0,0,0,0,0,0,0,0,0,0,0,0,23,0,0,0,0,32,0,0,0,0
1296,2,4,2,21,16,3,0,0,-1,0,133481,8,0,60,0,0,0,0,0,0,0,0,0,0,0,0,0,0,18,0,0,0,0,35,0,0,0,0
1300,2,10,2,17,15,2,0,0,-1,0,135469,13,0,65,0,0,0,0,0,0,0,0,0,0,0,0,0,0,35,0,0,0,0,54,0,0,0,0
1302,4,2,8,10,0,0,0,0,-1,0,132951,7,0,20,0,0,0,0,0,0,0,46,0,0,0,0,0,0,0,0,0,0,0,0,0,0,0,0
1303,4,3,5,10,0,0,0,0,-1,0,132938,10,0,30,0,0,0,0,0,0,0,105,0,0,0,0,0,0,0,0,0,0,0,0,0,0,0,0
1306,4,2,8,9,0,0,0,0,-1,0,132603,7,0,25,0,0,0,0,0,0,0,34,0,0,0,0,0,0,0,0,0,0,0,0,0,0,0,0
1310,4,2,8,7,0,0,0,0,-1,0,134582,7,0,55,0,0,0,0,0,0,0,68,0,0,0,0,0,0,0,0,0,0,0,0,0,0,0,0
1314,4,2,8,10,15,0,0,0,-1,0,132947,7,0,25,0,0,0,0,0,0,0,48,0,0,0,0,0,0,0,0,0,0,0,0,0,0,0,0
1315,4,0,0,2,46,0,0,0,-1,0,133938,23,0,0,0,0,0,0,0,0,0,0,0,0,0,0,0,0,0,0,0,0,0,0,0,0,0,0
1317,2,10,2,17,0,2,0,0,-1,0,135153,13,0,75,0,0,0,0,0,0,0,0,0,0,0,0,0,0,44,0,0,0,0,67,0,0,0,0
1318,2,1,1,17,18,1,0,0,-1,0,135424,9,0,80,0,0,0,5,0,0,0,0,0,0,0,0,0,0,52,1,0,0,0,78,5,0,0,0
1319,4,0,4,11,0,0,0,0,-1,0,132520,14,0,0,0,0,0,0,0,0,0,0,0,0,0,0,0,0,0,0,0,0,0,0,0,0,0,0
1404,4,0,0,12,36,0,0,0,-1,0,134414,24,0,0,0,0,0,0,0,0,0,0,0,0,0,0,0,0,0,0,0,0,0,0,0,0,0,0
1406,2,6,1,17,20,2,0,0,-1,0,135129,9,0,65,0,0,0,0,0,0,0,0,0,0,0,0,0,0,35,0,0,0,0,53,0,0,0,0
1436,4,2,8,7,0,0,0,0,-1,0,134585,7,0,50,0,0,0,0,0,0,0,64,0,0,0,0,0,0,0,0,0,0,0,0,0,0,0,0
1443,4,0,0,2,55,0,0,0,-1,0,133276,14,0,0,0,0,0,0,0,0,0,0,0,0,0,0,0,0,0,0,0,0,0,0,0,0,0,0
1447,4,0,1,11,41,0,0,0,-1,0,132516,14,0,0,0,0,0,0,0,0,0,0,0,0,0,0,0,0,0,0,0,0,0,0,0,0,0,0
1448,4,3,5,10,15,0,0,0,-1,0,132938,10,0,30,0,0,0,0,0,0,0,105,0,0,0,0,0,0,0,0,0,0,0,0,0,0,0,0
1449,4,0,5,11,0,1,0,0,-1,0,133355,14,0,0,0,0,0,0,0,0,0,0,0,0,0,0,0,0,0,0,0,0,0,0,0,0,0,0
1454,2,0,1,13,22,3,0,0,-1,0,132415,8,0,80,0,0,0,0,0,0,0,0,0,0,0,0,0,0,31,0,0,0,0,58,0,0,0,0
1455,2,1,1,17,19,1,0,0,-1,0,135562,9,0,75,0,0,0,0,0,0,0,0,0,0,0,0,0,0,41,0,0,0,0,62,0,0,0,0
1457,2,4,2,21,17,3,0,0,-1,0,133476,8,0,60,0,0,0,0,0,0,0,0,0,0,0,0,0,0,17,0,0,0,0,32,0,0,0,0
1458,2,5,2,17,18,1,0,0,-1,0,133053,9,0,70,0,0,0,0,0,0,0,0,0,0,0,0,0,0,36,0,0,0,0,55,0,0,0,0
1459,2,0,1,21,19,3,0,0,-1,0,135421,8,0,65,0,0,0,0,0,0,0,0,0,0,0,0,0,0,25,0,0,0,0,47,0,0,0,0
1460,2,8,1,17,15,1,0,0,-1,0,135356,9,0,65,0,0,0,0,0,0,0,0,0,0,0,0,0,0,30,0,0,0,0,46,0,0,0,0
1461,2,1,1,17,20,1,0,0,-1,0,135424,9,0,75,0,0,0,0,0,0,0,0,0,0,0,0,0,0,39,0,0,0,0,59,0,0,0,0
1462,4,0,1,11,20,0,0,0,-1,0,133357,14,0,0,0,0,0,0,0,0,0,0,0,0,0,0,5,0,0,0,0,0,0,0,0,0,0,0
1465,2,15,1,13,33,3,0,0,-1,0,135651,8,0,55,0,0,0,0,0,0,0,0,0,0,0,0,0,0,27,0,0,0,0,51,0,0,0,0
1480,2,4,2,21,0,3,0,0,-1,0,133057,8,0,50,0,0,0,0,0,0,0,0,0,0,0,0,0,0,9,0,0,0,0,18,0,0,0,0
1481,2,0,1,13,20,3,0,0,-1,0,132404,8,0,75,0,0,0,0,0,0,0,0,0,0,0,0,0,0,22,0,0,0,0,42,0,0,0,0
1482,2,7,1,21,19,3,0,0,-1,0,135311,8,0,75,0,0,0,5,0,0,0,0,0,0,0,0,0,0,29,4,0,0,0,55,8,0,0,0
1483,2,4,2,13,16,3,0,0,-1,0,133045,8,0,70,0,0,0,0,0,0,0,0,0,0,0,0,0,0,25,0,0,0,0,48,0,0,0,0
1484,2,10,2,17,17,2,0,0,-1,0,135466,13,0,80,0,0,0,0,0,0,0,0,0,0,0,0,0,0,55,0,0,0,0,83,0,0,0,0
1488,4,3,5,5,26,0,0,0,-1,0,132624,10,0,120,0,0,0,0,0,0,0,221,0,0,0,0,0,0,0,0,0,0,0,0,0,0,0,0
1489,4,2,8,5,20,0,0,0,-1,0,132723,7,0,95,0,0,0,0,0,0,0,94,0,0,0,0,0,0,0,0,0,0,0,0,0,0,0,0
1490,4,0,3,12,0,0,0,0,-1,0,133438,14,0,0,0,0,0,0,0,0,0,0,0,0,0,0,0,0,0,0,0,0,0,0,0,0,0,0
1491,4,0,1,11,20,1,0,0,-1,0,133356,14,0,0,0,0,0,0,0,0,0,0,0,0,0,0,0,0,0,0,0,0,0,0,0,0,0,0
1493,2,7,1,21,22,3,0,0,-1,0,135325,8,0,80,0,0,0,0,0,0,0,0,0,0,0,0,0,0,28,0,0,0,0,54,0,0,0,0
1521,2,1,1,17,39,1,0,0,-1,0,132409,9,0,85,0,0,0,0,0,0,0,0,0,0,0,0,0,0,105,0,0,0,0,158,0,0,0,0
1522,2,6,1,17,31,2,0,0,-1,0,135128,9,0,85,0,0,0,0,0,0,0,0,0,0,0,0,0,0,63,0,0,0,0,95,0,0,0,0
1523,2,5,2,17,31,1,0,0,-1,0,133489,9,0,85,0,0,0,0,0,0,0,0,0,0,0,0,0,0,71,0,0,0,0,107,0,0,0,0
1547,4,6,1,14,0,4,0,0,-1,0,135940,9,0,85,0,0,0,0,0,0,0,578,0,0,0,0,0,0,0,0,0,0,0,0,0,0,0,0
1557,4,6,1,14,0,4,0,0,-1,0,134955,9,0,65,0,0,0,0,0,0,0,411,0,0,0,0,0,0,0,0,0,0,0,0,0,0,0,0
1566,2,8,1,17,0,1,0,0,-1,0,135326,9,0,60,0,0,0,0,0,0,0,0,0,0,0,0,0,0,26,0,0,0,0,39,0,0,0,0
1602,2,0,1,13,34,3,0,0,-1,0,132397,8,0,90,0,0,0,0,0,0,0,0,0,0,0,0,0,0,48,0,0,0,0,90,0,0,0,0
1604,2,8,1,17,40,1,0,0,-1,0,135323,9,0,85,0,0,0,0,0,0,0,0,0,7,7,7,7,7,100,0,0,0,0,150,0,0,0,0
1607,2,10,2,17,49,2,0,0,-1,0,136163,13,0,100,0,0,0,0,0,0,0,0,0,0,0,0,0,0,141,0,0,0,0,213,0,0,0,0
1608,2,4,2,13,42,3,5269,0,-1,0,133729,8,0,75,0,0,0,0,0,0,0,0,0,0,0,0,0,0,53,0,0,0,0,99,0,0,0,0
1613,2,10,2,17,39,2,5266,0,-1,0,135140,13,0,85,0,0,0,0,0,0,0,0,0,0,0,0,0,0,75,0,0,0,0,113,0,0,0,0
1624,4,3,5,1,38,0,0,0,-1,0,133071,10,0,60,0,0,0,0,0,0,0,196,0,0,0,0,0,0,0,0,0,0,0,0,0,0,0,0
1625,2,8,1,17,36,1,5254,0,-1,0,135356,9,0,85,0,0,0,0,0,0,0,0,0,0,0,0,0,0,72,0,0,0,0,109,0,0,0,0
1639,2,1,1,17,44,1,5282,0,-1,0,132395,9,0,85,0,0,0,0,0,0,0,0,0,0,0,0,0,0,85,0,0,0,0,128,0,0,0,0
1640,2,1,1,17,37,1,5255,0,-1,0,132409,9,0,85,0,0,0,0,0,0,0,0,0,0,0,0,0,0,92,0,0,0,0,139,0,0,0,0
1664,2,10,2,17,36,2,0,0,-1,0,135165,13,0,85,0,0,0,0,0,0,0,0,0,0,0,0,0,0,77,0,0,0,0,116,0,0,0,0
1677,4,3,5,5,41,0,0,0,-1,0,132628,10,0,100,0,0,0,0,0,0,0,254,0,0,0,0,0,0,0,0,0,0,0,0,0,0,0,0
1678,4,3,5,8,32,0,0,0,-1,0,132535,10,0,60,0,0,0,0,0,0,0,166,0,0,0,0,0,0,0,0,0,0,0,0,0,0,0,0
1679,2,5,2,17,31,1,0,0,-1,0,133476,9,0,85,0,0,0,0,0,0,0,0,0,0,0,0,0,0,61,0,0,0,0,92,0,0,0,0
1680,2,1,1,17,39,1,0,0,-1,0,132408,9,0,85,0,0,0,0,0,0,0,0,0,0,0,0,0,0,78,0,0,0,0,117,0,0,0,0
1713,4,0,1,12,40,0,0,0,-1,0,135943,14,0,0,0,0,0,0,0,0,0,0,0,0,0,0,0,0,0,0,0,0,0,0,0,0,0,0
1714,4,0,3,2,38,0,0,0,-1,0,133297,14,0,0,0,0,0,0,0,0,0,0,0,0,0,0,0,0,0,0,0,0,0,0,0,0,0,0
1715,4,3,5,5,39,0,0,0,-1,0,132631,10,0,120,0,0,0,0,0,0,0,270,0,0,0,0,0,0,0,0,0,0,0,0,0,0,0,0
1717,4,3,5,5,25,0,0,0,-1,0,132624,10,0,120,0,0,0,0,0,0,0,218,0,0,0,0,0,0,0,0,0,0,0,0,0,0,0,0
1718,4,2,8,7,38,0,0,0,-1,0,134586,7,0,75,0,0,0,0,0,0,0,113,0,0,0,0,0,0,0,0,0,0,0,0,0,0,0,0
1720,2,10,2,17,41,2,0,0,-1,0,135162,13,0,100,0,0,0,0,0,0,0,0,0,0,0,0,0,0,109,0,0,0,0,165,0,0,0,0
1721,2,4,2,21,49,3,0,0,-1,0,133046,8,0,90,0,0,0,0,0,0,0,0,0,0,0,0,0,0,60,0,0,0,0,112,0,0,0,0
1722,2,5,2,17,37,1,0,0,-1,0,133041,9,0,100,0,0,0,0,0,0,0,0,0,0,10,0,0,0,95,0,0,0,0,143,0,0,0,0
1726,2,6,1,17,31,2,0,0,-1,0,135125,9,0,100,0,0,0,0,0,0,0,0,0,0,0,0,0,0,57,0,0,0,0,87,0,0,0,0
1727,2,7,1,21,23,3,0,0,-1,0,135327,8,0,80,0,0,0,0,0,0,0,0,0,0,0,0,0,0,33,0,0,0,0,62,0,0,0,0
1728,2,7,1,21,60,3,0,0,-1,0,135323,8,0,105,0,0,0,0,0,0,0,0,0,0,0,0,0,0,96,0,0,0,0,178,0,0,0,0
1893,2,1,1,17,0,1,0,0,-1,0,134709,9,0,65,0,0,0,0,0,0,0,0,0,0,0,0,0,0,36,0,0,0,0,55,0,0,0,0
1934,4,2,8,7,15,0,0,0,-1,0,134582,7,0,55,0,0,0,0,0,0,0,68,0,0,0,0,0,0,0,0,0,0,0,0,0,0,0,0
1935,2,15,1,13,19,3,0,0,-1,0,135660,8,0,50,0,0,0,0,0,0,0,0,0,0,0,0,0,0,20,0,0,0,0,39,0,0,0,0
1937,2,7,1,13,16,3,0,0,-1,0,135325,8,0,60,0,0,0,0,0,0,0,0,0,0,0,0,0,0,17,0,0,0,0,33,0,0,0,0
1938,2,4,2,21,17,3,0,0,-1,0,133052,8,0,60,0,0,0,0,0,0,0,0,0,0,0,0,0,0,14,0,0,0,0,26,0,0,0,0
1955,4,3,5,8,22,0,0,0,-1,0,132535,10,0,50,0,0,0,0,0,0,0,130,0,0,0,0,0,0,0,0,0,0,0,0,0,0,0,0
1973,4,0,3,12,54,0,0,0,-1,0,134334,24,0,0,0,0,0,0,0,0,0,0,0,0,0,0,0,0,0,0,0,0,0,0,0,0,0,0
1975,2,8,1,17,23,1,0,0,-1,0,135326,9,0,95,0,0,0,0,0,0,0,0,0,0,0,0,0,0,60,0,0,0,0,91,0,0,0,0
1976,2,5,2,17,24,1,0,0,-1,0,133053,9,0,100,0,0,0,0,0,0,0,0,0,0,0,0,0,0,53,0,0,0,0,80,0,0,0,0
1978,4,2,8,10,22,0,0,0,-1,0,132938,7,0,35,0,0,0,0,0,0,0,61,0,0,0,0,0,0,0,0,0,0,0,0,0,0,0,0
1979,4,6,1,14,45,4,0,0,-1,0,134948,9,0,120,0,0,0,0,0,0,0,1937,0,0,0,0,0,0,0,0,0,0,0,0,0,0,0,0
1980,4,0,1,11,38,0,0,0,-1,0,133357,14,0,0,0,0,0,0,0,0,0,0,0,0,0,0,0,0,0,0,0,0,0,0,0,0,0,0
1981,4,3,5,5,39,0,0,0,-1,0,132741,10,0,140,0,0,0,0,0,0,0,294,0,0,0,10,0,0,0,0,0,0,0,0,0,0,0,0
1982,2,8,1,17,39,1,0,0,-1,0,135272,9,0,120,0,0,0,0,0,0,0,0,0,0,0,0,0,0,97,0,0,0,0,146,0,0,0,0
1986,2,8,1,17,36,1,0,0,-1,0,135313,9,0,85,0,0,0,0,0,0,0,0,0,0,0,0,0,0,62,0,0,0,0,94,0,0,0,0
1988,4,3,5,10,33,0,0,0,-1,0,132956,10,0,35,0,0,0,0,0,0,0,139,0,0,0,0,0,0,0,0,0,0,0,0,0,0,0,0
1990,2,5,2,17,31,1,5238,0,-1,0,133481,9,0,85,0,0,0,0,0,0,0,0,0,0,0,0,0,0,67,0,0,0,0,101,0,0,0,0
1991,2,5,2,17,29,1,0,0,-1,0,134436,9,0,85,0,0,0,0,0,0,0,0,0,0,0,0,0,0,60,0,0,0,0,91,0,0,0,0
1992,4,0,0,23,33,0,0,0,-1,0,133731,12,0,0,0,0,0,0,0,0,0,0,0,0,0,5,5,0,0,0,0,0,0,0,0,0,0,0
1993,4,0,1,11,31,0,0,0,-1,0,132524,14,0,0,0,0,0,0,0,0,0,0,0,0,0,0,0,0,0,0,0,0,0,0,0,0,0,0
1994,2,0,1,13,41,3,5268,0,-1,0,132407,8,0,75,0,0,0,0,0,0,0,0,0,0,0,0,0,0,34,0,0,0,0,64,0,0,0,0
1996,4,0,0,11,32,0,0,0,-1,0,133357,14,0,0,0,0,0,0,0,0,0,0,0,0,0,0,0,0,0,0,0,0,0,0,0,0,0,0
1998,2,10,2,17,28,2,0,0,-1,0,135155,13,0,85,0,0,0,0,0,0,0,0,0,0,0,0,0,0,50,0,0,0,0,75,0,0,0,0
2000,2,8,1,17,0,1,0,0,-1,0,135278,9,0,85,0,0,0,0,0,0,0,0,0,0,0,0,0,0,63,0,0,0,0,95,0,0,0,0
2011,2,7,1,21,21,3,0,0,-1,0,135325,8,0,80,0,0,0,0,0,0,0,0,0,0,0,0,0,0,21,0,0,0,0,39,0,0,0,0
2013,2,10,2,17,21,2,0,0,-1,0,135163,13,0,80,0,0,0,0,0,0,0,0,0,0,0,0,0,0,40,0,0,0,0,61,0,0,0,0
2014,2,8,1,17,24,1,0,0,-1,0,135313,9,0,85,0,0,0,0,0,0,0,0,0,0,0,0,0,0,52,0,0,0,0,78,0,0,0,0
2015,2,1,1,17,23,1,0,0,-1,0,132408,9,0,80,0,0,0,0,0,0,0,0,0,0,0,0,0,0,44,0,0,0,0,66,0,0,0,0
2016,4,3,5,5,21,0,0,0,-1,0,132624,10,0,95,0,0,0,0,0,0,0,186,0,0,0,0,0,0,0,0,0,0,0,0,0,0,0,0
2017,4,2,8,9,23,0,0,0,-1,0,132602,7,0,30,0,0,0,0,0,0,0,40,0,0,0,0,0,0,0,0,0,0,0,0,0,0,0,0
2018,2,7,1,21,22,3,0,0,-1,0,135317,8,0,70,0,0,0,0,0,0,0,0,0,0,0,0,0,0,21,0,0,0,0,40,0,0,0,0
2021,4,6,1,14,16,4,0,0,-1,0,134321,9,0,65,0,0,0,0,0,0,0,428,0,0,4,0,0,0,0,0,0,0,0,0,0,0,0,0
2033,4,2,8,8,0,0,0,0,-1,0,132542,7,0,40,0,0,0,0,0,0,0,59,0,0,0,0,0,0,0,0,0,0,0,0,0,0,0,0
2035,2,7,1,21,19,3,0,0,-1,0,135321,8,0,65,0,0,0,0,0,0,0,0,0,0,0,0,0,0,14,0,0,0,0,27,0,0,0,0
2036,4,2,8,10,0,0,0,0,-1,0,132939,7,0,20,0,0,0,0,0,0,0,46,0,0,0,0,0,0,0,0,0,0,0,0,0,0,0,0
2037,4,3,5,8,0,0,0,0,-1,0,132535,10,0,40,0,0,0,0,0,0,0,111,0,0,0,0,0,0,0,0,0,0,0,0,0,0,0,0
2039,4,0,4,11,24,0,0,0,-1,0,133344,14,0,0,0,0,0,0,0,0,0,0,0,0,0,0,0,0,0,0,0,0,0,0,0,0,0,0
2040,4,6,1,14,43,4,0,0,-1,0,134962,9,0,100,0,0,0,0,0,0,0,1676,0,0,0,0,0,0,0,0,0,0,0,0,0,0,0,0
2041,4,2,8,5,0,0,0,0,-1,0,132722,7,0,90,0,0,0,0,0,0,0,92,0,0,0,0,0,0,0,0,0,0,0,0,0,0,0,0
2042,2,10,2,17,0,2,0,0,-1,0,135147,13,0,90,0,0,0,0,0,0,0,0,0,0,0,0,0,0,49,0,0,0,0,74,0,0,0,0
2043,4,0,1,11,0,0,0,0,-1,0,133343,14,0,0,0,0,0,0,0,0,0,0,0,0,0,0,0,0,0,0,0,0,0,0,0,0,0,0
2044,2,0,1,21,0,3,0,0,-1,0,132397,8,0,75,0,0,0,0,0,0,0,0,0,0,0,0,0,0,20,0,0,0,0,38,0,0,0,0
2046,2,7,1,21,19,3,0,0,-1,0,135662,8,0,65,0,0,0,0,0,0,0,0,0,0,0,0,0,0,24,0,0,0,0,45,0,0,0,0
2058,2,5,2,17,22,1,0,0,-1,0,133053,9,0,80,0,0,0,0,0,0,0,0,0,0,0,0,0,0,49,0,0,0,0,75,0,0,0,0
2059,4,1,7,16,19,0,0,0,-1,0,133756,7,0,0,0,0,0,0,0,0,0,21,0,0,0,0,0,0,0,0,0,0,0,0,0,0,0,0
2072,2,10,2,17,22,2,5212,0,-1,0,135141,13,0,80,0,0,0,0,0,0,0,0,0,0,0,0,0,0,41,0,0,0,0,62,0,0,0,0
2074,2,7,1,13,0,3,0,0,-1,0,135324,8,0,55,0,0,0,0,0,0,0,0,0,0,0,0,0,0,16,0,0,0,0,30,0,0,0,0
2077,2,10,2,17,24,2,5221,0,-1,0,135468,13,0,85,0,0,0,0,0,0,0,0,0,0,0,0,0,0,47,0,0,0,0,71,0,0,0,0
2080,2,0,1,13,29,3,5232,0,-1,0,132402,8,0,75,0,0,0,0,0,0,0,0,0,0,0,0,0,0,27,0,0,0,0,51,0,0,0,0
2084,2,8,1,17,25,1,0,0,-1,0,135311,9,0,85,0,0,0,0,0,0,0,0,0,0,0,0,0,0,52,0,0,0,0,79,0,0,0,0
2089,2,15,1,13,0,3,0,0,-1,0,135637,8,0,40,0,0,0,0,0,0,0,0,0,0,0,0,0,0,11,0,0,0,0,21,0,0,0,0
2098,2,3,1,26,22,0,0,0,-1,0,135617,8,0,70,3,0,0,0,0,0,0,0,0,0,0,0,0,0,21,0,0,0,0,40,0,0,0,0
2099,2,3,1,26,53,0,0,0,-1,0,135618,8,0,90,3,0,0,0,0,0,0,0,0,0,0,0,0,0,66,0,0,0,0,124,0,0,0,0
2100,2,3,1,26,43,0,0,0,-1,0,135615,8,0,90,3,0,0,0,0,0,0,0,0,0,0,0,0,0,38,0,0,0,0,45,0,0,0,0
2163,2,15,1,13,48,3,0,0,-1,0,135302,8,0,75,0,0,0,0,0,0,0,0,0,0,0,0,0,0,38,0,0,0,0,71,0,0,0,0
2164,2,15,1,13,40,3,0,0,-1,0,135311,8,0,75,0,0,0,0,0,0,0,0,0,0,0,0,0,0,42,0,0,0,0,80,0,0,0,0
2166,4,3,5,7,15,0,0,0,-1,0,134583,10,0,60,0,0,0,0,0,0,0,147,0,0,0,0,0,0,0,0,0,0,0,0,0,0,0,0
2167,4,2,8,10,15,0,0,0,-1,0,132955,7,0,25,0,0,0,0,0,0,0,48,0,0,0,0,0,0,0,0,0,0,0,0,0,0,0,0
2175,2,1,1,17,18,1,0,0,-1,0,135424,9,0,70,0,0,0,0,0,0,0,0,0,0,0,0,0,0,39,0,0,0,0,59,0,0,0,0
2194,2,4,2,13,20,3,0,0,-1,0,133043,8,0,75,0,0,0,0,0,0,0,0,0,0,0,0,0,0,28,0,0,0,0,53,0,0,0,0
2205,2,8,1,17,20,1,0,0,-1,0,135351,9,0,90,0,0,0,0,0,0,0,0,0,0,0,0,0,0,57,0,0,0,0,86,0,0,0,0
2218,2,15,1,13,0,3,0,0,-1,0,135641,8,0,30,0,0,0,0,0,0,0,0,0,0,0,0,0,0,8,0,0,0,0,15,0,0,0,0
2226,2,10,2,17,22,2,0,0,-1,0,135468,13,0,80,0,0,0,0,0,0,0,0,0,0,0,0,0,0,49,0,0,0,0,75,0,0,0,0
2227,2,1,1,17,22,1,0,0,-1,0,135562,9,0,80,0,0,0,0,0,0,0,0,0,0,0,0,0,0,55,0,0,0,0,84,0,0,0,0
2230,4,3,5,10,0,0,0,0,-1,0,132939,10,0,30,0,0,0,0,0,0,0,112,0,0,0,0,0,0,0,0,0,0,0,0,0,0,0,0
2233,4,2,8,7,22,0,0,0,-1,0,134592,7,0,60,0,0,0,0,0,0,0,78,0,0,0,0,0,0,0,0,0,0,0,0,0,0,0,0
2236,2,15,1,13,20,3,0,0,-1,0,135638,8,0,50,0,0,0,0,0,0,0,0,0,0,0,0,5,0,17,0,0,0,0,32,0,0,0,0
2241,4,1,7,16,15,0,0,0,-1,0,133756,7,0,0,0,0,0,0,0,0,0,17,0,0,0,0,0,0,0,0,0,0,0,0,0,0,0,0
2243,2,4,2,13,57,3,0,0,-1,0,133489,8,0,105,0,0,0,0,0,0,0,0,0,0,0,0,0,0,50,0,0,0,0,94,0,0,0,0
2244,2,7,1,21,51,3,0,0,-1,0,135316,8,0,105,0,0,0,0,0,0,0,0,0,0,0,0,0,0,80,0,0,0,0,149,0,0,0,0
2245,4,3,5,1,54,0,0,0,-1,0,133073,10,0,85,0,0,0,0,0,0,0,309,0,0,0,0,0,0,0,0,0,0,0,0,0,0,0,0
2246,4,0,1,11,53,0,0,0,-1,0,133347,14,0,0,0,0,0,0,0,0,0,0,0,0,0,0,0,0,0,0,0,0,0,0,0,0,0,0
2256,2,4,2,21,19,3,0,0,-1,0,133729,8,0,75,0,0,0,0,0,0,0,0,0,0,0,0,0,0,28,0,0,0,0,53,0,0,0,0
2262,4,0,0,11,31,0,0,0,-1,0,133357,14,0,0,0,0,0,0,0,0,0,0,0,0,0,0,0,0,0,0,0,0,0,0,0,0,0,0
2263,2,7,1,21,0,3,0,0,-1,0,135321,8,0,65,0,0,0,0,0,0,0,0,0,0,0,0,0,0,25,0,0,0,0,47,0,0,0,0
2264,4,2,8,3,25,0,0,0,-1,0,135039,7,0,60,0,0,0,0,0,0,0,77,0,0,0,0,0,0,0,0,0,0,0,0,0,0,0,0
2271,2,10,2,17,18,2,0,0,-1,0,135168,13,0,80,0,0,0,0,0,0,0,0,0,0,0,0,0,0,47,0,0,0,0,71,0,0,0,0
2276,4,2,8,8,32,0,0,0,-1,0,132543,7,0,50,0,0,0,0,0,0,0,79,0,0,0,0,0,0,0,0,0,0,0,0,0,0,0,0
2278,4,2,8,3,26,0,0,0,-1,0,135049,7,0,60,0,0,0,0,0,0,0,78,0,0,0,0,0,0,0,0,0,0,0,0,0,0,0,0
2280,2,10,2,17,22,2,0,0,-1,0,135143,13,0,80,0,0,0,0,0,0,0,0,0,0,0,0,0,0,41,0,0,0,0,62,0,0,0,0
2291,2,1,1,17,44,1,0,0,-1,0,132406,9,0,120,0,0,0,0,0,0,0,0,0,0,0,0,0,0,136,0,0,0,0,205,0,0,0,0
2299,2,1,1,17,28,1,0,0,-1,0,132393,9,0,100,0,0,0,0,0,0,0,0,0,0,0,0,0,0,73,0,0,0,0,110,0,0,0,0
2317,4,2,8,5,15,0,0,0,-1,0,132718,7,0,70,0,0,0,0,0,0,0,78,0,0,0,0,0,0,0,0,0,0,0,0,0,0,0,0
2545,4,3,5,7,0,0,0,0,-1,0,134583,10,0,70,0,0,0,0,0,0,0,163,0,0,0,0,0,0,0,0,0,0,0,0,0,0,0,0
2549,2,10,2,17,22,2,0,0,-1,0,135162,13,0,95,0,0,0,0,0,0,0,0,0,0,0,0,0,0,46,0,0,0,0,70,0,0,0,0
2564,4,2,8,10,45,0,0,0,-1,0,132941,7,0,35,0,0,0,0,0,0,0,91,0,0,0,0,0,0,0,0,0,0,0,0,0,0,0,0
2565,4,0,1,23,30,7,0,0,-1,0,135124,8,0,0,0,0,0,0,0,0,0,0,0,6,0,0,0,0,0,0,0,0,0,0,0,0,0,0
2567,2,15,1,13,18,3,0,0,-1,0,135651,8,0,50,0,0,0,0,0,0,0,0,0,0,0,0,0,0,17,0,0,0,0,32,0,0,0,0
2694,4,3,5,7,0,0,0,0,-1,0,134583,10,0,60,0,0,0,0,0,0,0,139,0,0,0,0,0,0,0,0,0,0,0,0,0,0,0,0
2801,2,8,1,17,59,1,0,0,-1,0,135280,9,0,120,0,0,0,0,0,0,0,0,0,0,0,0,0,0,101,0,0,0,0,152,0,0,0,0
2802,4,0,0,12,38,0,0,0,-1,0,133434,14,0,0,0,0,0,0,0,0,0,0,0,15,0,0,0,0,0,0,0,0,0,0,0,0,0,0
2805,4,1,7,16,0,0,0,0,-1,0,133756,7,0,0,0,0,0,0,0,0,0,23,0,0,0,0,0,0,0,0,0,0,0,0,0,0,0,0
2807,2,0,1,21,18,3,0,0,-1,0,132418,8,0,75,0,0,0,0,0,0,0,0,0,0,0,0,0,0,28,0,0,0,0,53,0,0,0,0
2815,2,0,1,21,40,3,0,0,-1,0,132417,8,0,90,0,0,0,0,0,0,0,0,0,0,0,0,0,0,40,0,0,0,0,75,0,0,0,0
2816,2,4,2,21,28,3,0,0,-1,0,133482,8,0,90,0,0,0,0,0,0,0,0,0,0,0,0,0,0,33,0,0,0,0,63,0,0,0,0
2817,4,2,8,5,0,0,0,0,-1,0,135014,7,0,60,0,0,0,0,0,0,0,62,0,0,0,0,0,0,0,0,0,0,0,0,0,0,0,0
2818,4,2,8,7,0,0,0,0,-1,0,134582,7,0,45,0,0,0,0,0,0,0,61,0,0,0,0,0,0,0,0,0,0,0,0,0,0,0,0
2819,2,15,1,13,23,3,5216,0,-1,0,135641,8,0,50,0,0,0,0,0,0,0,0,0,0,0,0,0,0,13,0,0,0,0,25,0,0,0,0
2820,4,0,4,12,0,0,0,0,-1,0,134376,14,0,0,0,0,0,0,0,0,0,0,0,0,0,0,0,0,0,0,0,0,0,0,0,0,0,0
2824,2,2,2,15,48,0,0,0,-1,0,135500,12,0,90,2,0,0,0,0,0,0,0,0,0,0,0,0,0,34,0,0,0,0,63,0,0,0,0
2825,2,2,2,15,37,0,0,0,-1,0,135497,12,0,90,2,0,0,0,0,0,0,0,0,0,0,0,0,0,47,0,0,0,0,88,0,0,0,0
2865,4,3,5,7,16,0,0,0,-1,0,134583,10,0,65,0,0,0,0,0,0,0,149,0,0,0,0,0,0,0,0,0,0,0,0,0,0,0,0
2867,4,3,5,9,18,0,0,0,-1,0,132604,10,0,30,0,0,0,0,0,0,0,77,0,0,0,0,0,0,0,0,0,0,0,0,0,0,0,0
2868,4,3,5,9,20,0,0,0,-1,0,132606,10,0,30,0,0,0,0,0,0,0,80,0,0,0,0,0,0,0,0,0,0,0,0,0,0,0,0
2869,4,3,5,5,21,0,0,0,-1,0,132631,10,0,95,0,0,0,0,0,0,0,186,0,0,0,0,0,0,0,0,0,0,0,0,0,0,0,0
2870,4,3,5,5,24,0,0,0,-1,0,132750,10,0,120,0,0,0,0,0,0,0,214,0,0,0,0,0,0,0,0,0,0,0,0,0,0,0,0
2877,2,8,1,17,28,1,0,0,-1,0,135324,9,0,100,0,0,0,0,0,0,0,0,0,0,0,0,0,0,64,0,0,0,0,97,0,0,0,0
2878,2,0,1,21,25,3,0,0,-1,0,132405,8,0,90,0,0,0,0,0,0,0,0,0,0,0,0,0,0,25,0,0,0,0,47,0,0,0,0
2879,4,0,1,23,17,7,0,0,-1,0,135466,24,0,0,0,0,0,0,0,0,0,0,0,0,0,0,0,0,0,0,0,0,0,0,0,0,0,0
2902,4,1,7,16,0,0,0,0,-1,0,133758,7,0,0,0,0,0,0,0,0,0,21,0,0,0,0,0,0,0,0,0,0,0,0,0,0,0,0
2903,2,2,2,15,0,0,0,0,-1,0,135490,12,0,40,2,0,0,0,0,0,0,0,0,0,0,0,0,0,9,0,0,0,0,18,0,0,0,0
2904,2,3,1,26,0,0,0,0,-1,0,135612,8,0,40,3,0,0,0,0,0,0,0,0,0,0,0,0,0,11,0,0,0,0,21,0,0,0,0
2907,2,1,1,17,0,1,0,0,-1,0,135419,9,0,65,0,0,0,0,0,0,0,0,0,0,0,0,0,0,34,0,0,0,0,52,0,0,0,0
2908,2,15,1,13,0,3,0,0,-1,0,135651,8,0,40,0,0,0,0,0,0,0,0,0,0,0,0,0,0,11,0,0,0,0,21,0,0,0,0
2910,4,3,5,8,0,0,0,0,-1,0,132535,10,0,45,0,0,0,0,0,0,0,126,0,0,0,0,0,0,0,0,0,0,0,0,0,0,0,0
2912,2,15,1,13,27,3,0,0,-1,0,135652,8,0,65,0,0,0,0,0,0,0,0,0,0,0,0,0,0,27,0,0,0,0,51,0,0,0,0
2915,2,5,2,17,47,1,0,0,-1,0,133039,9,0,120,0,0,0,0,0,0,0,0,0,0,0,0,0,0,91,0,0,0,0,137,0,0,0,0
2916,4,6,1,14,0,4,0,0,-1,0,134948,9,0,85,0,0,0,0,0,0,0,645,0,0,0,0,0,0,0,0,0,0,0,0,0,0,0,0
2917,4,0,0,11,0,0,0,0,-1,0,133349,14,0,0,0,0,0,0,0,0,0,0,0,0,0,0,0,0,0,0,0,0,0,0,0,0,0,0
2933,4,0,0,11,0,0,0,0,-1,0,133347,14,0,0,0,0,0,0,0,0,0,0,0,0,0,0,0,0,0,0,0,0,0,0,0,0,0,0
2941,2,15,1,13,21,3,0,0,-1,0,135654,8,0,60,0,0,0,0,0,0,0,0,0,0,0,0,0,0,21,0,0,0,0,39,0,0,0,0
2942,2,13,1,13,21,7,0,0,-1,0,132938,8,0,60,0,0,0,0,0,0,0,0,0,0,0,0,0,0,19,0,0,0,0,37,0,0,0,0
2943,4,0,3,23,0,7,0,0,-1,0,134335,21,0,0,0,0,0,0,0,0,0,0,0,0,0,0,0,0,0,0,0,0,0,0,0,0,0,0
2944,4,0,3,23,26,7,0,0,-1,0,134336,21,0,0,0,0,0,0,0,0,0,0,0,0,0,0,0,0,0,0,0,0,0,0,0,0,0,0
2949,4,2,8,8,0,0,0,0,-1,0,132541,7,0,40,0,0,0,0,0,0,0,59,0,0,0,0,0,0,0,0,0,0,0,0,0,0,0,0
2950,2,10,2,17,0,2,0,0,-1,0,135152,13,0,75,0,0,0,0,0,0,0,0,0,0,0,0,0,0,51,0,0,0,0,77,0,0,0,0
2951,4,0,0,11,31,0,0,0,-1,0,133354,14,0,0,0,0,0,0,0,0,0,0,0,0,0,0,0,0,0,0,0,0,0,0,0,0,0,0
2953,4,1,7,16,0,0,0,0,-1,0,133757,7,0,0,0,0,0,0,0,0,0,23,0,0,0,0,0,0,0,0,0,0,0,0,0,0,0,0
2985,4,2,8,5,16,0,0,0,-1,0,132724,7,0,70,0,0,0,0,0,0,0,79,0,0,0,0,0,0,0,0,0,0,0,0,0,0,0,0
2989,4,3,5,5,16,0,0,0,-1,0,132628,10,0,85,0,0,0,0,0,0,0,171,0,0,0,0,0,0,0,0,0,0,0,0,0,0,0,0
2990,4,3,5,7,16,0,0,0,-1,0,134582,10,0,65,0,0,0,0,0,0,0,149,0,0,0,0,0,0,0,0,0,0,0,0,0,0,0,0
2991,4,3,5,8,16,0,0,0,-1,0,132588,10,0,40,0,0,0,0,0,0,0,117,0,0,0,0,0,0,0,0,0,0,0,0,0,0,0,0
2992,4,3,5,10,15,0,0,0,-1,0,132944,10,0,30,0,0,0,0,0,0,0,105,0,0,0,0,0,0,0,0,0,0,0,0,0,0,0,0
3011,4,2,8,1,31,0,0,0,-1,0,133126,7,0,50,0,0,0,0,0,0,0,84,0,0,0,0,0,0,0,0,0,0,0,0,0,0,0,0
3018,4,1,7,16,18,0,0,0,-1,0,134367,7,0,0,0,0,0,0,0,0,0,18,0,0,0,0,0,0,0,0,0,0,0,0,0,0,0,0
3020,4,2,8,1,28,0,0,0,-1,0,133117,7,0,60,0,0,0,0,0,0,0,88,0,0,0,0,0,0,0,0,0,0,0,0,0,0,0,0
3021,2,2,2,15,20,0,0,0,-1,0,135499,12,0,65,2,0,0,0,0,0,0,0,0,0,0,0,0,0,23,0,0,0,0,45,0,0,0,0
3022,4,2,8,7,18,0,0,0,-1,0,134582,7,0,55,0,0,0,0,0,0,0,72,0,0,0,0,0,0,0,0,0,0,0,0,0,0,0,0
3037,2,2,2,15,29,0,0,0,-1,0,135500,12,0,65,2,0,0,0,0,0,0,0,0,0,0,0,0,0,17,0,0,0,0,32,0,0,0,0
3039,2,2,2,15,18,0,0,0,-1,0,135491,12,0,55,2,0,0,0,0,0,0,0,0,0,0,0,0,0,12,0,0,0,0,23,0,0,0,0
3041,2,3,1,26,26,0,0,0,-1,0,135614,8,0,65,3,0,0,0,0,0,0,0,0,0,0,0,0,0,24,0,0,0,0,46,0,0,0,0
3042,2,3,1,26,28,0,0,0,-1,0,135610,8,0,65,3,0,0,0,0,0,0,0,0,0,0,0,0,0,15,0,0,0,0,30,0,0,0,0
3045,4,3,5,8,22,0,0,0,-1,0,132588,10,0,50,0,0,0,0,0,0,0,130,0,0,0,0,0,0,0,0,0,0,0,0,0,0,0,0
3047,4,3,5,10,22,0,0,0,-1,0,132945,10,0,35,0,0,0,0,0,0,0,118,0,0,0,0,0,0,0,0,0,0,0,0,0,0,0,0
3048,4,3,5,7,21,0,0,0,-1,0,134583,10,0,70,0,0,0,0,0,0,0,163,0,0,0,0,0,0,0,0,0,0,0,0,0,0,0,0
3049,4,3,5,5,22,0,0,0,-1,0,132628,10,0,95,0,0,0,0,0,0,0,189,0,0,0,0,0,0,0,0,0,0,0,0,0,0,0,0
3053,4,3,5,5,23,0,0,0,-1,0,132624,10,0,100,0,0,0,0,0,0,0,192,0,0,0,0,0,0,0,0,0,0,0,0,0,0,0,0
3055,4,2,8,5,21,0,0,0,-1,0,132723,7,0,80,0,0,0,0,0,0,0,87,0,0,0,0,0,0,0,0,0,0,0,0,0,0,0,0
3056,4,2,8,7,21,0,0,0,-1,0,134587,7,0,60,0,0,0,0,0,0,0,76,0,0,0,0,0,0,0,0,0,0,0,0,0,0,0,0
3057,4,2,8,8,19,0,0,0,-1,0,132542,7,0,40,0,0,0,0,0,0,0,58,0,0,0,0,0,0,0,0,0,0,0,0,0,0,0,0
3058,4,2,8,10,20,0,0,0,-1,0,132955,7,0,30,0,0,0,0,0,0,0,53,0,0,0,0,0,0,0,0,0,0,0,0,0,0,0,0
3078,2,2,2,15,21,0,0,0,-1,0,135492,12,0,60,2,0,0,0,0,0,0,0,0,0,0,0,0,0,13,0,0,0,0,25,0,0,0,0
3079,2,3,1,26,0,0,0,0,-1,0,135610,8,0,35,3,0,0,0,0,0,0,0,0,0,0,0,0,0,6,0,0,0,0,13,0,0,0,0
3103,2,5,2,17,0,1,0,0,-1,0,133052,9,0,50,0,0,0,0,0,0,0,0,0,0,0,0,0,0,18,0,0,0,0,27,0,0,0,0
3154,2,0,1,21,0,3,0,0,-1,0,132402,8,0,55,0,0,0,0,0,0,0,0,0,0,0,0,0,0,13,0,0,0,0,25,0,0,0,0
3160,4,6,1,14,0,4,0,0,-1,0,134956,9,0,55,0,0,0,0,0,0,0,328,0,0,0,0,0,0,0,0,0,0,0,0,0,0,0,0
3166,4,3,5,5,0,0,0,0,-1,0,132624,10,0,75,0,0,0,0,0,0,0,144,0,0,0,0,0,0,0,0,0,0,0,0,0,0,0,0
3184,2,15,1,13,15,3,5189,0,-1,0,135637,8,0,40,0,0,0,0,0,0,0,0,0,0,0,0,0,0,10,0,0,0,0,20,0,0,0,0
3185,2,10,2,17,29,2,5239,0,-1,0,135147,13,0,85,0,0,0,0,0,0,0,0,0,0,0,0,0,0,40,0,0,0,0,61,0,0,0,0
3186,2,7,1,21,25,3,5213,0,-1,0,135343,8,0,75,0,0,0,0,0,0,0,0,0,0,0,0,0,0,29,0,0,0,0,55,0,0,0,0
3187,2,15,1,13,39,3,5261,0,-1,0,135639,8,0,55,0,0,0,0,0,0,0,0,0,0,0,0,0,0,25,0,0,0,0,47,0,0,0,0
3191,2,1,1,17,21,1,0,0,-1,0,132397,9,0,80,0,0,0,0,0,0,0,0,0,0,0,0,0,0,46,0,0,0,0,70,0,0,0,0
3193,2,5,2,17,16,1,5193,0,-1,0,133052,9,0,65,0,0,0,0,0,0,0,0,0,0,0,0,0,0,38,0,0,0,0,58,0,0,0,0
3194,2,5,2,17,16,1,0,0,-1,0,133476,9,0,75,0,0,0,5,0,0,0,0,0,0,0,0,0,0,48,1,0,0,0,73,6,0,0,0
3197,2,8,1,17,30,1,5236,0,-1,0,135357,9,0,85,0,0,0,0,0,0,0,0,0,0,0,0,0,0,59,0,0,0,0,89,0,0,0,0
3198,2,5,2,17,18,1,5202,0,-1,0,133053,9,0,70,0,0,0,0,0,0,0,0,0,0,0,0,0,0,37,0,0,0,0,57,0,0,0,0
3199,2,1,1,17,17,1,5201,0,-1,0,135424,9,0,70,0,0,0,0,0,0,0,0,0,0,0,0,0,0,38,0,0,0,0,58,0,0,0,0
3201,2,1,1,17,23,1,5219,0,-1,0,132408,9,0,80,0,0,0,0,0,0,0,0,0,0,0,0,0,0,47,0,0,0,0,71,0,0,0,0
3202,4,2,8,9,19,0,0,0,-1,0,132605,7,0,25,0,0,0,0,0,0,0,37,0,0,0,0,0,0,0,0,0,0,0,0,0,0,0,0
3203,2,5,2,17,23,1,0,0,-1,0,133488,9,0,95,0,0,0,0,0,0,0,0,0,0,0,0,0,0,44,0,0,0,0,66,0,0,0,0
3204,4,2,8,9,21,0,0,0,-1,0,132605,7,0,30,0,0,0,0,0,0,0,38,0,0,0,0,0,0,0,0,0,0,0,0,0,0,0,0
3206,2,8,1,17,23,1,5218,0,-1,0,135321,9,0,80,0,0,0,0,0,0,0,0,0,0,0,0,0,0,44,0,0,0,0,66,0,0,0,0
3208,2,5,2,17,43,1,5274,0,-1,0,133479,9,0,85,0,0,0,0,0,0,0,0,0,0,0,0,0,0,104,0,0,0,0,157,0,0,0,0
3209,2,8,1,17,0,1,0,0,-1,0,135280,9,0,85,0,0,0,0,0,0,0,0,0,0,0,0,0,0,57,0,0,0,0,86,0,0,0,0
3210,2,1,1,17,25,1,5219,0,-1,0,132408,9,0,85,0,0,0,0,0,0,0,0,0,0,0,0,0,0,58,0,0,0,0,88,0,0,0,0
3212,4,3,5,9,21,0,0,0,-1,0,132600,10,0,35,0,0,0,0,0,0,0,81,0,0,0,0,0,0,0,0,0,0,0,0,0,0,0,0
3227,2,10,2,17,18,2,0,0,-1,0,135149,13,0,70,0,0,0,0,0,0,0,0,0,0,0,0,7,0,32,0,0,0,0,49,0,0,0,0
3228,4,3,5,9,21,0,0,0,-1,0,132601,10,0,40,0,0,0,0,0,0,0,89,0,0,0,0,0,0,0,0,0,0,0,0,0,0,0,0
3230,4,2,8,9,21,0,0,0,-1,0,132606,7,0,30,0,0,0,0,0,0,0,38,0,0,0,0,0,0,0,0,0,0,0,0,0,0,0,0
3231,4,3,5,3,20,0,0,0,-1,0,135038,10,0,55,0,0,0,0,0,0,0,137,0,0,0,0,0,0,0,0,0,0,0,0,0,0,0,0
3235,4,0,0,11,0,0,0,0,-1,0,133357,14,0,0,0,0,0,0,0,0,0,0,0,0,0,0,0,0,0,0,0,0,0,0,0,0,0,0
3336,2,15,1,13,24,3,0,0,-1,0,135646,8,0,55,0,0,0,0,0,0,0,0,0,0,0,0,0,0,21,0,0,0,0,40,0,0,0,0
3341,4,3,5,10,27,0,0,0,-1,0,132938,10,0,35,0,0,0,0,0,0,0,128,0,0,0,0,0,0,0,0,0,0,0,0,0,0,0,0
3392,4,2,8,1,25,0,0,0,-1,0,133077,7,0,50,0,0,0,0,0,0,0,76,0,0,0,0,0,0,0,0,0,0,0,0,0,0,0,0
3400,2,7,1,21,0,3,0,0,-1,0,135321,8,0,65,0,0,0,0,0,0,0,0,0,0,0,0,0,0,22,0,0,0,0,42,0,0,0,0
3413,2,15,1,13,20,3,0,0,-1,0,135330,8,0,50,0,0,0,0,0,0,0,0,0,0,0,0,0,0,17,0,0,0,0,32,0,0,0,0
3414,2,4,2,21,22,3,0,0,-1,0,133483,8,0,80,0,0,0,0,0,0,0,0,0,0,0,0,0,0,31,0,0,0,0,58,0,0,0,0
3415,2,10,2,17,19,2,0,0,-1,0,135169,13,0,90,0,0,0,0,0,0,0,0,0,0,0,0,0,0,42,0,0,0,0,64,0,0,0,0
3416,4,3,5,5,21,0,0,0,-1,0,132624,10,0,110,0,0,0,0,0,0,0,204,0,0,0,0,0,0,0,0,0,0,0,0,0,0,0,0
3417,2,8,1,17,21,1,0,0,-1,0,135311,9,0,95,0,0,0,0,0,0,0,0,0,0,0,0,0,0,48,0,0,0,0,73,0,0,0,0
3429,4,2,8,6,19,0,0,0,-1,0,132493,7,0,25,0,0,0,0,0,0,0,47,0,0,0,0,0,0,0,0,0,0,0,0,0,0,0,0
3430,2,3,1,26,39,0,5852,0,-1,0,135614,8,0,65,3,0,0,0,0,0,0,0,0,0,0,0,0,0,56,0,0,0,0,65,0,0,0,0
3431,4,2,8,5,0,0,0,0,-1,0,132717,7,0,80,0,0,0,0,0,0,0,86,0,0,0,0,0,0,0,0,0,0,0,0,0,0,0,0
3440,2,5,2,17,0,1,0,0,-1,0,133479,9,0,50,0,0,0,0,0,0,0,0,0,0,0,0,0,0,23,0,0,0,0,35,0,0,0,0
3446,2,10,2,17,0,2,0,0,-1,0,135153,13,0,50,0,0,0,0,0,0,0,0,0,0,0,0,0,0,23,0,0,0,0,35,0,0,0,0
3449,4,1,7,16,0,0,0,0,-1,0,133765,7,0,0,0,0,0,0,0,0,0,14,0,0,0,0,0,0,0,0,0,0,0,0,0,0,0,0
3450,4,6,1,14,0,4,0,0,-1,0,134950,9,0,55,0,0,0,0,0,0,0,328,0,0,0,0,0,0,0,0,0,0,0,0,0,0,0,0
3451,4,0,0,23,0,7,0,0,-1,0,134799,17,0,0,0,0,0,0,0,0,0,0,0,0,0,0,0,0,0,0,0,0,0,0,0,0,0,0
3452,2,10,2,17,0,2,0,0,-1,0,135144,13,0,70,0,0,0,0,0,0,0,0,0,0,0,0,0,0,31,0,0,0,0,47,0,0,0,0
3458,4,3,5,10,0,0,0,0,-1,0,132938,10,0,25,0,0,0,0,0,0,0,101,0,0,0,0,0,0,0,0,0,0,0,0,0,0,0,0
3462,2,7,1,21,0,3,0,0,-1,0,135302,8,0,65,0,0,0,0,0,0,0,0,0,0,0,0,0,0,13,0,0,0,0,26,0,0,0,0
3463,2,16,1,25,0,0,0,0,-1,0,132330,8,0,0,4,0,0,0,0,0,0,0,0,0,0,0,0,0,28,0,0,0,0,53,0,0,0,0
3475,4,1,7,16,60,0,0,0,-1,0,133760,7,0,0,0,0,0,0,0,0,0,50,0,15,0,0,0,0,0,0,0,0,0,0,0,0,0,0
3481,4,3,5,3,20,0,0,0,-1,0,135040,10,0,55,0,0,0,0,0,0,0,137,0,0,0,0,0,0,0,0,0,0,0,0,0,0,0,0
3482,4,3,5,8,21,0,0,0,-1,0,132535,10,0,45,0,0,0,0,0,0,0,128,0,0,0,0,0,0,0,0,0,0,0,0,0,0,0,0
3483,4,3,5,10,22,0,0,0,-1,0,132939,10,0,35,0,0,0,0,0,0,0,118,0,0,0,0,0,0,0,0,0,0,0,0,0,0,0,0
3484,4,3,5,8,24,0,0,0,-1,0,132535,10,0,50,0,0,0,0,0,0,0,134,0,0,0,0,0,0,0,0,0,0,0,0,0,0,0,0
3485,4,3,5,10,25,0,0,0,-1,0,132939,10,0,35,0,0,0,0,0,0,0,124,0,0,0,0,0,0,0,0,0,0,0,0,0,0,0,0
3490,2,15,1,13,20,3,0,0,-1,0,135641,8,0,45,0,0,0,0,0,0,0,0,0,0,0,0,0,0,16,0,0,0,0,30,0,0,0,0
3491,2,4,2,21,20,3,0,0,-1,0,133483,8,0,65,0,0,0,0,0,0,0,0,0,0,0,0,0,0,25,0,0,0,0,47,0,0,0,0
3492,2,4,2,21,25,3,0,0,-1,0,133041,8,0,75,0,0,0,0,0,0,0,0,0,0,0,0,0,0,30,0,0,0,0,57,0,0,0,0
3493,2,2,2,15,0,0,0,0,-1,0,135491,12,0,65,2,0,0,0,0,0,0,0,0,0,0,0,0,0,24,0,0,0,0,46,0,0,0,0
3511,4,1,7,16,0,0,0,0,-1,0,133766,7,0,0,0,0,0,0,0,0,0,14,0,0,0,0,0,0,0,0,0,0,0,0,0,0,0,0
3559,4,3,5,10,0,0,0,0,-1,0,132938,10,0,30,0,0,0,0,0,0,0,107,0,0,0,0,0,0,0,0,0,0,0,0,0,0,0,0
3561,4,1,7,16,0,0,0,0,-1,0,133756,7,0,0,0,0,0,0,0,0,0,20,0,0,0,0,0,0,0,0,0,0,0,0,0,0,0,0
3562,4,2,8,6,0,0,0,0,-1,0,132494,7,0,30,0,0,0,0,0,0,0,50,0,0,0,0,0,0,0,0,0,0,0,0,0,0,0,0
3566,4,2,8,5,0,0,0,0,-1,0,132716,7,0,85,0,0,0,0,0,0,0,92,0,0,0,0,0,0,0,0,0,0,0,0,0,0,0,0
3567,2,3,1,26,0,0,0,0,-1,0,135610,8,0,45,3,0,0,0,0,0,0,0,0,0,0,0,0,0,9,0,0,0,0,19,0,0,0,0
3570,2,4,2,21,0,3,0,0,-1,0,133481,8,0,50,0,0,0,0,0,0,0,0,0,0,0,0,0,0,13,0,0,0,0,26,0,0,0,0
3571,2,5,2,17,16,1,0,0,-1,0,133052,9,0,65,0,0,0,0,0,0,0,0,0,0,0,0,0,0,39,0,0,0,0,60,0,0,0,0
3572,2,7,1,13,0,3,0,0,-1,0,135274,8,0,50,0,0,0,0,0,0,0,0,0,0,0,0,0,0,14,0,0,0,0,26,0,0,0,0
3578,4,2,8,7,0,0,0,0,-1,0,134585,7,0,45,0,0,0,0,0,0,0,61,0,0,0,0,0,0,0,0,0,0,0,0,0,0,0,0
3581,2,15,1,13,0,3,0,0,-1,0,135637,8,0,40,0,0,0,0,0,0,0,0,0,0,0,0,0,0,10,0,0,0,0,19,0,0,0,0
3582,4,1,7,16,0,0,0,0,-1,0,133753,7,0,0,0,0,0,0,0,0,0,16,0,0,0,0,0,0,0,0,0,0,0,0,0,0,0,0
3585,4,2,8,5,0,0,0,0,-1,0,132723,7,0,75,0,0,0,0,0,0,0,81,0,0,0,0,0,0,0,0,0,0,0,0,0,0,0,0
3586,2,1,1,17,0,1,0,0,-1,0,132402,9,0,55,0,0,0,0,0,0,0,0,0,0,0,0,0,0,31,0,0,0,0,47,0,0,0,0
3655,4,6,1,14,16,4,0,0,-1,0,134949,9,0,65,0,0,0,0,0,0,0,428,0,0,0,0,0,0,0,0,0,0,0,0,0,0,0,0
3656,4,6,1,14,22,4,0,0,-1,0,134949,9,0,80,0,0,0,0,0,0,0,528,0,0,0,0,0,0,0,0,0,0,0,0,0,0,0,0
3733,4,3,5,5,0,0,0,0,-1,0,132624,10,0,90,0,0,0,0,0,0,0,177,0,0,0,0,0,0,0,0,0,0,0,0,0,0,0,0
3738,2,10,2,17,0,2,0,0,-1,0,135466,13,0,75,0,0,0,0,0,0,0,0,0,0,0,0,0,0,39,0,0,0,0,59,0,0,0,0
3739,4,0,0,11,0,0,0,0,-1,0,132501,14,0,0,0,0,0,0,0,0,0,0,0,0,0,0,0,0,0,0,0,0,0,0,0,0,0,0
3740,2,7,1,21,19,3,5195,0,-1,0,135662,8,0,65,0,0,0,0,0,0,0,0,0,0,0,0,0,0,22,0,0,0,0,42,0,0,0,0
3741,4,2,8,8,0,0,0,0,-1,0,132542,7,0,40,0,0,0,0,0,0,0,58,0,0,0,0,0,0,0,0,0,0,0,0,0,0,0,0
3742,2,2,2,15,0,0,0,0,-1,0,135490,12,0,60,2,0,0,0,0,0,0,0,0,0,0,0,0,0,20,0,0,0,0,39,0,0,0,0
3743,4,6,1,14,0,4,0,0,-1,0,134955,9,0,80,0,0,0,0,0,0,0,545,0,0,0,0,0,0,0,0,0,0,0,0,0,0,0,0
3747,4,2,8,6,0,0,0,0,-1,0,132499,7,0,30,0,0,0,0,0,0,0,53,0,0,0,0,0,0,0,0,0,0,0,0,0,0,0,0
3749,4,1,7,16,0,0,0,0,-1,0,133765,7,0,0,0,0,0,0,0,0,0,21,0,0,0,0,0,0,0,0,0,0,0,0,0,0,0,0
3750,4,2,8,5,0,0,0,0,-1,0,132724,7,0,85,0,0,0,0,0,0,0,94,0,0,0,0,0,0,0,0,0,0,0,0,0,0,0,0
3751,4,3,5,7,0,0,0,0,-1,0,134583,10,0,75,0,0,0,0,0,0,0,173,0,0,0,0,0,0,0,0,0,0,0,0,0,0,0,0
3753,4,2,8,6,0,0,0,0,-1,0,132506,7,0,30,0,0,0,0,0,0,0,56,0,0,0,0,0,0,0,0,0,0,0,0,0,0,0,0
3754,4,2,8,10,0,0,0,0,-1,0,132955,7,0,30,0,0,0,0,0,0,0,61,0,0,0,0,0,0,0,0,0,0,0,0,0,0,0,0
3755,2,0,1,21,0,3,0,0,-1,0,132416,8,0,75,0,0,0,0,0,0,0,0,0,0,0,0,0,0,24,0,0,0,0,46,0,0,0,0
3758,4,3,5,6,0,0,0,0,-1,0,132495,10,0,35,0,0,0,0,0,0,0,117,0,0,0,0,0,0,0,0,0,0,0,0,0,0,0,0
3760,4,0,1,11,0,0,0,0,-1,0,133345,14,0,0,0,0,0,0,0,0,0,0,0,0,0,0,0,0,0,0,0,0,0,0,0,0,0,0
3761,4,6,1,14,0,4,0,0,-1,0,134947,9,0,85,0,0,0,0,0,0,0,611,0,0,0,0,0,0,0,0,0,0,0,0,0,0,0,0
3763,4,6,1,14,0,4,0,0,-1,0,134956,9,0,85,0,0,0,0,0,0,0,963,0,0,0,0,0,0,0,0,0,0,0,0,0,0,0,0
3765,4,3,5,3,0,0,0,0,-1,0,135034,10,0,60,0,0,0,0,0,0,0,173,0,0,0,0,0,0,0,0,0,0,0,0,0,0,0,0
3822,2,8,1,17,0,1,0,0,-1,0,135272,9,0,85,0,0,0,0,0,0,0,0,0,0,0,0,0,0,57,0,0,0,0,86,0,0,0,0
3836,4,3,5,1,29,0,0,0,-1,0,133071,10,0,60,0,0,0,0,0,0,0,171,0,0,0,0,0,0,0,0,0,0,0,0,0,0,0,0
3837,4,3,5,1,33,0,0,0,-1,0,133138,10,0,60,0,0,0,0,0,0,0,181,0,0,0,0,0,0,0,0,0,0,0,0,0,0,0,0
3840,4,3,5,3,27,0,0,0,-1,0,135040,10,0,60,0,0,0,0,0,0,0,153,0,0,0,0,0,0,0,0,0,0,0,0,0,0,0,0
3841,4,3,5,3,30,0,0,0,-1,0,135040,10,0,60,0,0,0,0,0,0,0,160,0,0,0,0,0,0,0,0,0,0,0,0,0,0,0,0
3842,4,3,5,7,26,0,0,0,-1,0,134585,10,0,75,0,0,0,0,0,0,0,176,0,0,0,0,0,0,0,0,0,0,0,0,0,0,0,0
3843,4,3,5,7,29,0,0,0,-1,0,134584,10,0,75,0,0,0,0,0,0,0,184,0,0,0,0,0,0,0,0,0,0,0,0,0,0,0,0
3844,4,3,5,5,31,0,0,0,-1,0,132624,10,0,120,0,0,0,0,0,0,0,238,0,0,0,0,0,0,0,0,0,0,0,0,0,0,0,0
3845,4,3,5,5,35,0,0,0,-1,0,132628,10,0,100,0,0,0,0,0,0,0,231,0,0,0,0,0,0,0,0,0,0,0,0,0,0,0,0
3846,4,3,5,8,32,0,0,0,-1,0,132535,10,0,50,0,0,0,0,0,0,0,151,0,0,0,0,0,0,0,0,0,0,0,0,0,0,0,0
3847,4,3,5,8,35,0,0,0,-1,0,132535,10,0,50,0,0,0,0,0,0,0,159,0,0,0,0,0,0,0,0,0,0,0,0,0,0,0,0
3848,2,15,1,13,15,3,0,0,-1,0,135640,8,0,40,0,0,0,0,0,0,0,0,0,0,0,0,0,0,13,0,0,0,0,25,0,0,0,0
3849,2,7,1,21,27,3,0,0,-1,0,135321,8,0,75,0,0,0,0,0,0,0,0,0,0,0,0,0,0,21,0,0,0,0,39,0,0,0,0
3850,2,7,1,13,30,3,0,0,-1,0,135346,8,0,75,0,0,0,0,0,0,0,0,0,0,0,0,0,0,33,0,0,0,0,62,0,0,0,0
3851,2,5,2,17,26,1,0,0,-1,0,133044,9,0,85,0,0,0,0,0,0,0,0,0,0,0,0,0,0,59,0,0,0,0,89,0,0,0,0
3852,2,5,2,17,29,1,0,0,-1,0,133041,9,0,85,0,0,0,0,0,0,0,0,0,0,0,0,0,0,50,0,0,0,0,76,0,0,0,0
3853,2,8,1,17,31,1,0,0,-1,0,135326,9,0,85,0,0,0,0,0,0,0,0,0,0,0,0,0,0,55,0,0,0,0,83,0,0,0,0
3854,2,8,1,17,35,1,0,0,-1,0,135275,9,0,85,0,0,0,0,0,0,0,0,0,0,0,0,0,0,78,0,0,0,0,118,0,0,0,0
3855,2,1,1,17,32,1,0,0,-1,0,135423,9,0,85,0,0,0,0,0,0,0,0,0,0,0,0,0,0,71,0,0,0,0,108,0,0,0,0
3856,2,1,1,17,35,1,0,0,-1,0,132408,9,0,85,0,0,0,0,0,0,0,0,0,0,0,0,0,0,58,0,0,0,0,87,0,0,0,0
4048,4,2,8,1,26,0,0,0,-1,0,133117,7,0,50,0,0,0,0,0,0,0,77,0,0,0,0,0,0,0,0,0,0,0,0,0,0,0,0
4049,4,2,8,9,23,0,0,0,-1,0,132612,7,0,30,0,0,0,0,0,0,0,40,0,0,0,0,0,0,0,0,0,0,0,0,0,0,0,0
4050,4,2,8,7,26,0,0,0,-1,0,134586,7,0,65,0,0,0,0,0,0,0,83,0,0,0,0,0,0,0,0,0,0,0,0,0,0,0,0
4051,4,2,8,8,25,0,0,0,-1,0,132543,7,0,45,0,0,0,0,0,0,0,64,0,0,0,0,0,0,0,0,0,0,0,0,0,0,0,0
4052,4,2,8,1,30,0,0,0,-1,0,133117,7,0,50,0,0,0,0,0,0,0,83,0,0,0,0,0,0,0,0,0,0,0,0,0,0,0,0
4054,4,2,8,7,30,0,0,0,-1,0,134589,7,0,65,0,0,0,0,0,0,0,89,0,0,0,0,0,0,0,0,0,0,0,0,0,0,0,0
4055,4,2,8,8,29,0,0,0,-1,0,132541,7,0,45,0,0,0,0,0,0,0,69,0,0,0,0,0,0,0,0,0,0,0,0,0,0,0,0
4057,4,2,8,5,31,0,0,0,-1,0,132721,7,0,85,0,0,0,0,0,0,0,103,0,0,0,0,0,0,0,0,0,0,0,0,0,0,0,0
4058,4,2,8,5,36,0,0,0,-1,0,132722,7,0,85,0,0,0,0,0,0,0,113,0,0,0,0,0,0,0,0,0,0,0,0,0,0,0,0
4059,4,2,8,9,32,0,0,0,-1,0,132608,7,0,30,0,0,0,0,0,0,0,46,0,0,0,0,0,0,0,0,0,0,0,0,0,0,0,0
4060,4,2,8,7,35,0,0,0,-1,0,134593,7,0,65,0,0,0,0,0,0,0,96,0,0,0,0,0,0,0,0,0,0,0,0,0,0,0,0
4061,4,2,8,9,37,0,0,0,-1,0,132602,7,0,30,0,0,0,0,0,0,0,50,0,0,0,0,0,0,0,0,0,0,0,0,0,0,0,0
4062,4,2,8,7,40,0,0,0,-1,0,134587,7,0,65,0,0,0,0,0,0,0,106,0,0,0,0,0,0,0,0,0,0,0,0,0,0,0,0
4063,4,2,8,10,38,0,0,0,-1,0,132959,7,0,30,0,0,0,0,0,0,0,73,0,0,0,0,0,0,0,0,0,0,0,0,0,0,0,0
4064,4,6,1,14,25,4,0,0,-1,0,134955,9,0,85,0,0,0,0,0,0,0,578,0,0,0,0,0,0,0,0,0,0,0,0,0,0,0,0
4065,4,6,1,14,31,4,0,0,-1,0,134951,9,0,85,0,0,0,0,0,0,0,678,0,0,0,0,0,0,0,0,0,0,0,0,0,0,0,0
4066,4,6,1,14,30,4,0,0,-1,0,134956,9,0,85,0,0,0,0,0,0,0,661,0,0,0,0,0,0,0,0,0,0,0,0,0,0,0,0
4067,4,6,1,14,34,4,0,0,-1,0,134956,9,0,85,0,0,0,0,0,0,0,728,0,0,0,0,0,0,0,0,0,0,0,0,0,0,0,0
4068,4,6,1,14,35,4,0,0,-1,0,134952,9,0,85,0,0,0,0,0,0,0,963,0,0,0,0,0,0,0,0,0,0,0,0,0,0,0,0
4069,4,6,1,14,42,4,0,0,-1,0,134956,9,0,85,0,0,0,0,0,0,0,1465,0,0,0,0,0,0,0,0,0,0,0,0,0,0,0,0
4070,4,6,1,14,36,4,0,0,-1,0,134948,9,0,85,0,0,0,0,0,0,0,1051,0,0,0,0,0,0,0,0,0,0,0,0,0,0,0,0
4071,4,3,5,5,26,0,0,0,-1,0,132751,10,0,100,0,0,0,0,0,0,0,201,0,0,0,0,0,0,0,0,0,0,0,0,0,0,0,0
4072,4,3,5,10,25,0,0,0,-1,0,132937,10,0,35,0,0,0,0,0,0,0,124,0,0,0,0,0,0,0,0,0,0,0,0,0,0,0,0
4073,4,3,5,8,26,0,0,0,-1,0,132584,10,0,50,0,0,0,0,0,0,0,138,0,0,0,0,0,0,0,0,0,0,0,0,0,0,0,0
4074,4,3,5,5,31,0,0,0,-1,0,132635,10,0,100,0,0,0,0,0,0,0,216,0,0,0,0,0,0,0,0,0,0,0,0,0,0,0,0
4075,4,3,5,10,29,0,0,0,-1,0,132959,10,0,35,0,0,0,0,0,0,0,131,0,0,0,0,0,0,0,0,0,0,0,0,0,0,0,0
4076,4,3,5,8,30,0,0,0,-1,0,132541,10,0,50,0,0,0,0,0,0,0,147,0,0,0,0,0,0,0,0,0,0,0,0,0,0,0,0
4077,4,3,5,1,30,0,0,0,-1,0,132768,10,0,60,0,0,0,0,0,0,0,173,0,0,0,0,0,0,0,0,0,0,0,0,0,0,0,0
4078,4,3,5,1,34,0,0,0,-1,0,133131,10,0,60,0,0,0,0,0,0,0,184,0,0,0,0,0,0,0,0,0,0,0,0,0,0,0,0
4079,4,3,5,7,35,0,0,0,-1,0,134583,10,0,75,0,0,0,0,0,0,0,202,0,0,0,0,0,0,0,0,0,0,0,0,0,0,0,0
4080,4,3,5,1,40,0,0,0,-1,0,133118,10,0,60,0,0,0,0,0,0,0,202,0,0,0,0,0,0,0,0,0,0,0,0,0,0,0,0
4082,4,3,5,5,42,0,0,0,-1,0,132634,10,0,100,0,0,0,0,0,0,0,258,0,0,0,0,0,0,0,0,0,0,0,0,0,0,0,0
4083,4,3,5,10,39,0,0,0,-1,0,132966,10,0,35,0,0,0,0,0,0,0,153,0,0,0,0,0,0,0,0,0,0,0,0,0,0,0,0
4084,4,3,5,7,41,0,0,0,-1,0,134583,10,0,75,0,0,0,0,0,0,0,222,0,0,0,0,0,0,0,0,0,0,0,0,0,0,0,0
4086,2,3,1,26,0,0,0,0,-1,0,135616,8,0,65,3,0,0,0,0,0,0,0,0,0,0,0,0,0,19,0,0,0,0,36,0,0,0,0
4087,2,2,2,15,36,0,5851,0,-1,0,135498,12,0,65,2,0,0,0,0,0,0,0,0,0,0,0,0,0,24,0,0,0,0,45,0,0,0,0
4088,2,15,1,13,42,3,5270,0,-1,0,135351,8,0,55,0,0,0,0,0,0,0,0,0,0,0,0,0,0,29,0,0,0,0,55,0,0,0,0
4089,2,3,1,26,43,0,5853,0,-1,0,135612,8,0,65,3,0,0,0,0,0,0,0,0,0,0,0,0,0,36,0,0,0,0,67,0,0,0,0
4090,2,4,2,13,41,7,0,0,-1,0,132790,8,0,90,0,0,0,0,0,0,0,0,0,0,0,0,0,0,37,0,0,0,0,69,0,0,0,0
4091,2,15,1,13,42,3,0,0,-1,0,135639,8,0,65,0,0,0,0,0,0,0,0,0,0,0,0,0,0,42,0,0,0,0,78,0,0,0,0
4107,4,2,8,10,0,0,0,0,-1,0,132938,7,0,30,0,0,0,0,0,0,0,65,0,0,0,0,0,0,0,0,0,0,0,0,0,0,0,0
4108,4,2,8,7,0,0,0,0,-1,0,134582,7,0,65,0,0,0,0,0,0,0,96,0,0,0,0,0,0,0,0,0,0,0,0,0,0,0,0
4109,4,2,8,8,0,0,0,0,-1,0,132541,7,0,45,0,0,0,0,0,0,0,77,0,0,0,0,0,0,0,0,0,0,0,0,0,0,0,0
4112,4,0,3,2,0,0,0,0,-1,0,133291,14,0,0,0,0,0,0,0,0,0,0,0,0,0,0,0,0,0,0,0,0,0,0,0,0,0,0
4113,4,1,7,16,0,0,0,0,-1,0,133762,7,0,0,0,0,0,0,0,0,0,30,0,0,0,0,0,0,0,0,0,0,0,0,0,0,0,0
4114,4,1,7,16,0,0,0,0,-1,0,133758,7,0,0,0,0,0,0,0,0,0,28,0,0,0,0,0,0,0,0,0,0,0,0,0,0,0,0
4115,4,6,1,14,0,4,0,0,-1,0,134948,9,0,85,0,0,0,0,0,0,0,695,0,0,0,0,0,0,0,0,0,0,0,0,0,0,0,0
4116,2,7,1,21,0,3,0,0,-1,0,135343,8,0,75,0,0,0,0,0,0,0,0,0,0,0,0,0,0,43,0,0,0,0,81,0,0,0,0
4118,4,3,5,9,0,0,0,0,-1,0,133345,10,0,35,0,0,0,0,0,0,0,119,0,0,0,0,0,0,0,0,0,0,0,0,0,0,0,0
4119,4,2,8,5,0,0,0,0,-1,0,132722,7,0,85,0,0,0,0,0,0,0,117,0,0,0,0,0,0,0,0,0,0,0,0,0,0,0,0
4122,2,4,2,21,0,3,0,0,-1,0,133476,8,0,75,0,0,0,0,0,0,0,0,0,0,0,0,0,0,31,0,0,0,0,59,0,0,0,0
4123,4,3,5,3,0,0,0,0,-1,0,135038,10,0,60,0,0,0,0,0,0,0,164,0,0,0,0,0,0,0,0,0,0,0,0,0,0,0,0
4124,4,2,8,1,0,0,0,0,-1,0,133117,7,0,50,0,0,0,0,0,0,0,90,0,0,0,0,0,0,0,0,0,0,0,0,0,0,0,0
4125,4,0,3,23,0,7,0,0,-1,0,134333,21,0,0,0,0,0,0,0,0,0,0,0,0,0,0,0,0,0,0,0,0,0,0,0,0,0,0
4126,2,0,1,21,0,3,0,0,-1,0,132415,8,0,75,0,0,0,0,0,0,0,0,0,0,0,0,0,0,34,0,0,0,0,65,0,0,0,0
4127,2,3,1,26,0,0,0,0,-1,0,135611,8,0,65,3,0,0,0,0,0,0,0,0,0,0,0,0,0,23,0,0,0,0,43,0,0,0,0
4128,2,5,2,17,0,1,0,0,-1,0,134436,9,0,85,0,0,0,0,0,0,0,0,0,0,0,0,0,0,89,0,0,0,0,134,0,0,0,0
4129,4,6,1,14,0,4,0,0,-1,0,134952,9,0,85,0,0,0,0,0,0,0,1380,0,0,0,0,0,0,0,0,0,0,0,0,0,0,0,0
4130,4,0,0,12,0,0,0,0,-1,0,134377,24,0,0,0,0,0,0,0,0,0,0,0,0,0,0,0,0,0,0,0,0,0,0,0,0,0,0
4131,4,2,8,6,0,0,0,0,-1,0,132506,7,0,30,0,0,0,0,0,0,0,67,0,0,0,0,0,0,0,0,0,0,0,0,0,0,0,0
4132,4,3,5,9,0,0,0,0,-1,0,132608,10,0,35,0,0,0,0,0,0,0,96,0,0,0,0,0,0,0,0,0,0,0,0,0,0,0,0
4134,2,10,2,17,0,2,0,0,-1,0,135150,13,0,85,0,0,0,0,0,0,0,0,0,0,0,0,0,0,65,0,0,0,0,99,0,0,0,0
4135,4,0,5,11,0,1,0,0,-1,0,133722,14,0,0,0,0,0,0,0,0,0,0,0,0,0,0,0,0,0,0,0,0,0,0,0,0,0,0
4136,4,3,5,8,0,0,0,0,-1,0,132535,10,0,50,0,0,0,0,0,0,0,164,0,0,0,0,0,0,0,0,0,0,0,0,0,0,0,0
4138,4,3,5,5,0,0,0,0,-1,0,132638,10,0,100,0,0,0,0,0,0,0,248,0,0,0,0,0,0,0,0,0,0,0,0,0,0,0,0
4244,4,2,8,5,15,0,0,0,-1,0,132725,7,0,70,0,0,0,0,0,0,0,78,0,0,0,0,0,0,0,0,0,0,0,0,0,0,0,0
4247,4,2,8,10,24,0,0,0,-1,0,132939,7,0,30,0,0,0,0,0,0,0,57,0,0,0,0,0,0,0,0,0,0,0,0,0,0,0,0
4248,4,2,8,10,21,0,0,0,-1,0,132939,7,0,30,0,0,0,0,0,0,0,54,0,0,0,0,0,0,0,0,0,0,0,0,0,0,0,0
4249,4,2,8,6,20,0,0,0,-1,0,132492,7,0,30,0,0,0,0,0,0,0,48,0,0,0,0,0,0,0,0,0,0,0,0,0,0,0,0
4250,4,2,8,6,20,0,0,0,-1,0,132495,7,0,30,0,0,0,0,0,0,0,48,0,0,0,0,0,0,0,0,0,0,0,0,0,0,0,0
4251,4,2,8,3,21,0,0,0,-1,0,135039,7,0,50,0,0,0,0,0,0,0,65,0,0,0,0,0,0,0,0,0,0,0,0,0,0,0,0
4252,4,2,8,3,23,0,0,0,-1,0,135043,7,0,50,0,0,0,0,0,0,0,68,0,0,0,0,0,0,0,0,0,0,0,0,0,0,0,0
4253,4,2,8,10,22,0,0,0,-1,0,132958,7,0,35,0,0,0,0,0,0,0,61,0,0,0,0,0,0,0,0,0,0,0,0,0,0,0,0
4254,4,2,8,10,25,0,0,0,-1,0,132939,7,0,30,0,0,0,0,0,0,0,58,0,0,0,0,0,0,0,0,0,0,0,0,0,0,0,0
4255,4,2,8,5,26,0,0,0,-1,0,132723,7,0,85,0,0,0,0,0,0,0,95,0,0,0,0,0,0,0,0,0,0,0,0,0,0,0,0
4256,4,2,8,5,30,0,0,0,-1,0,132723,7,0,85,0,0,0,0,0,0,0,102,0,0,0,0,0,0,0,0,0,0,0,0,0,0,0,0
4257,4,2,8,6,27,0,0,0,-1,0,132506,7,0,30,0,0,0,0,0,0,0,54,0,0,0,0,0,0,0,0,0,0,0,0,0,0,0,0
4258,4,2,8,6,29,0,0,0,-1,0,132492,7,0,30,0,0,0,0,0,0,0,56,0,0,0,0,0,0,0,0,0,0,0,0,0,0,0,0
4259,4,2,8,9,31,0,0,0,-1,0,132611,7,0,30,0,0,0,0,0,0,0,45,0,0,0,0,0,0,0,0,0,0,0,0,0,0,0,0
4260,4,2,8,9,34,0,0,0,-1,0,132609,7,0,30,0,0,0,0,0,0,0,48,0,0,0,0,0,0,0,0,0,0,0,0,0,0,0,0
4262,4,2,8,6,32,0,0,0,-1,0,132490,7,0,35,0,0,0,0,0,0,0,65,0,0,0,0,0,0,0,0,0,0,0,0,0,0,0,0
4264,4,2,8,6,35,0,0,0,-1,0,132498,7,0,30,0,0,0,0,0,0,0,62,0,0,0,0,0,0,0,0,0,0,0,0,0,0,0,0
4311,4,1,7,16,16,0,0,0,-1,0,133766,7,0,0,0,0,0,0,0,0,0,17,0,0,0,0,0,0,0,0,0,0,0,0,0,0,0,0
4326,4,1,7,16,32,0,0,0,-1,0,133754,7,0,0,0,0,0,0,0,0,0,24,0,0,0,0,0,0,0,0,0,0,0,0,0,0,0,0
4327,4,1,7,16,35,0,0,0,-1,0,133756,7,0,0,0,0,0,0,0,0,0,29,0,0,0,11,0,0,0,0,0,0,0,0,0,0,0,0
4369,2,3,1,26,16,0,0,0,-1,0,135616,8,0,50,3,0,0,0,0,0,0,0,0,0,0,0,0,0,15,0,0,0,0,28,0,0,0,0
4372,2,3,1,26,19,0,0,0,-1,0,135616,8,0,55,3,0,0,0,0,0,0,0,0,0,0,0,0,0,12,0,0,0,0,23,0,0,0,0
4379,2,3,1,26,21,0,0,0,-1,0,135616,8,0,60,3,0,0,0,0,0,0,0,0,0,0,0,0,0,19,0,0,0,0,37,0,0,0,0
4383,2,3,1,26,24,0,0,0,-1,0,135615,8,0,65,3,0,0,0,0,0,0,0,0,0,0,0,0,0,14,0,0,0,0,26,0,0,0,0
4430,4,0,3,2,0,0,0,0,-1,0,133290,14,0,0,0,0,0,0,0,0,0,0,0,0,0,0,0,0,0,0,0,0,0,0,0,0,0,0
4437,2,10,2,17,15,2,0,0,-1,0,135151,13,0,65,0,0,0,0,0,0,0,0,0,0,0,0,0,0,35,0,0,0,0,54,0,0,0,0
4438,4,3,5,9,25,0,0,0,-1,0,132602,10,0,40,0,0,0,0,0,0,0,95,0,0,0,0,0,0,0,0,0,0,0,0,0,0,0,0
4439,2,4,2,21,17,3,0,0,-1,0,133485,8,0,60,0,0,0,0,0,0,0,0,0,0,0,0,0,0,17,0,0,0,0,32,0,0,0,0
4443,4,3,5,3,0,0,0,0,-1,0,135038,10,0,60,0,0,0,0,0,0,0,162,0,0,0,0,0,0,0,0,0,0,0,0,0,0,0,0
4444,4,6,1,14,19,4,0,0,-1,0,134321,9,0,75,0,0,0,0,0,0,0,478,0,0,0,0,0,0,0,0,0,0,0,0,0,0,0,0
4445,2,0,1,21,18,3,0,0,-1,0,132407,8,0,65,0,0,0,0,0,0,0,0,0,0,0,0,0,0,18,0,0,0,0,35,0,0,0,0
4446,2,15,1,13,21,3,0,0,-1,0,135638,8,0,60,0,0,0,5,0,0,0,0,0,0,0,0,0,0,21,1,0,0,0,39,7,0,0,0
4447,4,1,7,16,21,0,0,0,-1,0,133756,7,0,0,0,0,0,0,0,0,0,20,0,0,0,0,0,0,0,0,0,0,0,0,0,0,0,0
4448,4,3,5,5,22,0,0,0,-1,0,134321,10,0,95,0,0,0,0,0,0,0,189,0,0,0,0,0,0,0,0,0,0,0,0,0,0,0,0
4449,2,15,1,13,22,3,0,0,-1,0,134298,8,0,50,0,0,0,0,0,0,0,0,0,0,0,0,0,0,15,0,0,0,0,29,0,0,0,0
4454,2,15,1,13,21,3,0,0,-1,0,135652,8,0,60,0,0,0,0,0,0,0,0,0,0,0,0,0,0,23,0,0,0,0,44,0,0,0,0
4455,4,2,8,5,28,0,0,0,-1,0,132719,7,0,85,0,0,0,0,0,0,0,98,0,0,0,0,0,0,0,0,0,0,0,0,0,0,0,0
4456,4,2,8,6,28,0,0,0,-1,0,132491,7,0,30,0,0,0,0,0,0,0,55,0,0,0,0,0,0,0,0,0,0,0,0,0,0,0,0
4462,4,1,7,16,26,0,0,0,-1,0,133754,7,0,0,0,0,0,0,0,0,0,22,0,0,0,0,0,0,0,0,0,0,0,0,0,0,0,0
4464,4,3,5,8,27,0,0,0,-1,0,132535,10,0,50,0,0,0,0,0,0,0,140,0,0,0,0,0,0,0,0,0,0,0,0,0,0,0,0
4465,4,3,5,10,27,0,0,0,-1,0,132943,10,0,35,0,0,0,0,0,0,0,128,0,0,0,0,0,0,0,0,0,0,0,0,0,0,0,0
4474,2,2,2,15,27,0,0,0,-1,0,135498,12,0,65,2,0,0,0,0,0,0,0,0,0,0,0,0,0,17,0,0,0,0,32,0,0,0,0
4477,4,6,1,14,29,4,0,0,-1,0,134948,9,0,85,0,0,0,0,0,0,0,645,0,0,0,0,0,0,0,0,0,0,0,0,0,0,0,0
4478,4,3,5,7,40,0,0,0,-1,0,134583,10,0,75,0,0,0,0,0,0,0,217,0,13,0,13,0,0,0,0,0,0,0,0,0,0,0,0
4504,4,1,7,16,0,0,0,0,-1,0,133757,7,0,0,0,0,0,0,0,0,0,22,0,0,0,0,0,0,0,0,0,0,0,0,0,0,0,0
4507,4,6,1,14,0,4,0,0,-1,0,134953,9,0,85,0,0,0,0,0,0,0,1148,0,0,0,0,0,0,0,0,0,0,0,0,0,0,0,0
4508,4,3,5,5,0,0,0,0,-1,0,132743,10,0,100,0,0,0,0,0,0,0,238,0,0,0,0,0,0,0,0,0,0,0,0,0,0,0,0
4509,4,2,8,10,0,0,0,0,-1,0,132957,7,0,30,0,0,0,0,0,0,0,69,0,0,0,0,0,0,0,0,0,0,0,0,0,0,0,0
4511,2,4,2,21,0,3,0,0,-1,0,133044,8,0,75,0,0,0,0,0,0,0,0,0,0,0,0,0,0,42,0,0,0,0,78,0,0,0,0
4534,4,3,5,9,0,0,0,0,-1,0,132605,10,0,35,0,0,0,0,0,0,0,85,0,0,0,0,0,0,0,0,0,0,0,0,0,0,0,0
4535,4,0,0,11,0,0,0,0,-1,0,133355,14,0,0,0,0,0,0,0,0,0,0,0,0,0,0,0,0,0,0,0,0,0,0,0,0,0,0
4543,4,2,8,1,0,0,0,0,-1,0,133111,7,0,50,0,0,0,0,0,0,0,90,0,0,0,0,0,0,0,0,0,0,0,0,0,0,0,0
4547,2,19,2,26,0,0,0,0,-1,0,135464,21,0,55,0,0,6,0,0,0,0,0,0,0,0,0,0,0,29,0,0,0,0,56,0,0,0,0
4548,2,5,2,17,0,1,0,0,-1,0,133041,9,0,85,0,0,0,0,0,0,0,0,0,0,0,0,0,0,53,0,0,0,0,80,0,0,0,0
4549,4,0,5,11,0,1,0,0,-1,0,133346,14,0,0,0,0,0,0,0,0,0,0,0,0,0,0,0,0,0,0,0,0,0,0,0,0,0,0
4550,4,0,5,11,0,1,0,0,-1,0,133352,14,0,0,0,0,0,0,0,0,0,0,0,0,0,0,0,0,0,0,0,0,0,0,0,0,0,0
4568,2,0,1,13,16,3,5187,0,-1,0,132403,8,0,60,0,0,0,0,0,0,0,0,0,0,0,0,0,0,17,0,0,0,0,32,0,0,0,0
4576,2,2,2,15,16,0,0,0,-1,0,135495,12,0,50,2,0,0,0,0,0,0,0,0,0,0,0,0,0,9,0,0,0,0,18,0,0,0,0
4614,4,0,0,2,30,0,0,0,-1,0,133294,14,0,0,0,0,0,0,0,0,0,0,0,0,0,0,0,0,0,0,0,0,0,0,0,0,0,0
4643,4,1,7,16,0,0,0,0,-1,0,133754,7,0,0,0,0,0,0,0,0,0,23,0,0,0,0,0,0,0,0,0,0,0,0,0,0,0,0
4652,4,6,1,14,0,4,0,0,-1,0,134957,9,0,85,0,0,0,0,0,0,0,1408,0,0,0,0,0,0,0,0,0,0,0,0,0,0,0,0
4653,4,3,5,8,0,0,0,0,-1,0,132535,10,0,50,0,0,0,0,0,0,0,171,0,0,0,0,0,0,0,0,0,0,0,0,0,0,0,0
4696,4,0,3,23,54,7,0,0,-1,0,132790,17,0,0,0,0,0,0,0,0,0,0,0,0,0,0,0,0,0,0,0,0,0,0,0,0,0,0
4697,4,3,5,6,15,0,0,0,-1,0,132523,10,0,30,0,0,0,0,0,0,0,94,0,0,0,0,0,0,0,0,0,0,0,0,0,0,0,0
4705,4,3,5,3,22,0,0,0,-1,0,135039,10,0,55,0,0,0,0,0,0,0,142,0,0,0,0,0,0,0,0,0,0,0,0,0,0,0,0
4706,4,1,7,16,19,0,0,0,-1,0,133758,7,0,0,0,0,0,0,0,0,0,19,0,0,0,0,0,0,0,0,0,0,0,0,0,0,0,0
4707,4,3,5,6,21,0,0,0,-1,0,132493,10,0,35,0,0,0,0,0,0,0,105,0,0,0,0,0,0,0,0,0,0,0,0,0,0,0,0
4709,4,2,8,3,20,0,0,0,-1,0,135039,7,0,45,0,0,0,0,0,0,0,64,0,0,0,0,0,0,0,0,0,0,0,0,0,0,0,0
4710,4,1,7,16,17,0,0,0,-1,0,133761,7,0,0,0,0,0,0,0,0,0,18,0,0,0,0,0,0,0,0,0,0,0,0,0,0,0,0
4711,4,1,7,16,23,0,0,0,-1,0,133762,7,0,0,0,0,0,0,0,0,0,21,0,0,0,0,0,0,0,0,0,0,0,0,0,0,0,0
4712,4,3,5,6,24,0,0,0,-1,0,132521,10,0,35,0,0,0,0,0,0,0,110,0,0,0,0,0,0,0,0,0,0,0,0,0,0,0,0
4713,4,1,7,16,21,0,0,0,-1,0,133754,7,0,0,0,0,0,0,0,0,0,20,0,0,0,0,0,0,0,0,0,0,0,0,0,0,0,0
4715,4,1,7,16,22,0,0,0,-1,0,133760,7,0,0,0,0,0,0,0,0,0,20,0,0,0,0,0,0,0,0,0,0,0,0,0,0,0,0
4716,4,1,7,16,27,0,0,0,-1,0,133766,7,0,0,0,0,0,0,0,0,0,22,0,0,0,0,0,0,0,0,0,0,0,0,0,0,0,0
4717,4,3,5,6,29,0,0,0,-1,0,132498,10,0,35,0,0,0,0,0,0,0,118,0,0,0,0,0,0,0,0,0,0,0,0,0,0,0,0
4719,4,1,7,16,27,0,0,0,-1,0,132682,7,0,0,0,0,0,0,0,0,0,22,0,0,0,0,0,0,0,0,0,0,0,0,0,0,0,0
4721,4,2,8,3,30,0,0,0,-1,0,135038,7,0,50,0,0,0,0,0,0,0,76,0,0,0,0,0,0,0,0,0,0,0,0,0,0,0,0
4722,4,1,7,16,27,0,0,0,-1,0,133767,7,0,0,0,0,0,0,0,0,0,22,0,0,0,0,0,0,0,0,0,0,0,0,0,0,0,0
4724,4,2,8,1,25,0,0,0,-1,0,133122,7,0,50,0,0,0,0,0,0,0,76,0,0,0,0,0,0,0,0,0,0,0,0,0,0,0,0
4725,4,3,5,3,35,0,0,0,-1,0,135045,10,0,60,0,0,0,0,0,0,0,173,0,0,0,0,0,0,0,0,0,0,0,0,0,0,0,0
4726,4,1,7,16,31,0,0,0,-1,0,133754,7,0,0,0,0,0,0,0,0,0,24,0,0,0,0,0,0,0,0,0,0,0,0,0,0,0,0
4727,4,3,5,6,33,0,0,0,-1,0,132505,10,0,35,0,0,0,0,0,0,0,125,0,0,0,0,0,0,0,0,0,0,0,0,0,0,0,0
4731,4,2,8,3,34,0,0,0,-1,0,135056,7,0,50,0,0,0,0,0,0,0,81,0,0,0,0,0,0,0,0,0,0,0,0,0,0,0,0
4732,4,1,7,16,32,0,0,0,-1,0,132655,7,0,0,0,0,0,0,0,0,0,24,0,0,0,0,0,0,0,0,0,0,0,0,0,0,0,0
4733,4,3,5,3,41,0,0,0,-1,0,135040,10,0,60,0,0,0,0,0,0,0,190,0,0,0,0,0,0,0,0,0,0,0,0,0,0,0,0
4735,4,1,7,16,36,0,0,0,-1,0,133765,7,0,0,0,0,0,0,0,0,0,27,0,0,0,0,0,0,0,0,0,0,0,0,0,0,0,0
4737,4,2,8,3,39,0,0,0,-1,0,135036,7,0,50,0,0,0,0,0,0,0,90,0,0,0,0,0,0,0,0,0,0,0,0,0,0,0,0
4738,4,2,8,6,37,0,0,0,-1,0,132501,7,0,30,0,0,0,0,0,0,0,65,0,0,0,0,0,0,0,0,0,0,0,0,0,0,0,0
4741,4,3,5,7,0,0,0,0,-1,0,134583,10,0,75,0,0,0,0,0,0,0,192,0,0,0,0,0,0,0,0,0,0,0,0,0,0,0,0
4743,4,0,3,2,0,0,0,0,-1,0,134132,24,0,0,0,0,0,0,0,0,0,0,0,0,0,0,0,0,0,0,0,0,0,0,0,0,0,0
4745,4,3,5,9,0,0,0,0,-1,0,132608,10,0,35,0,0,0,0,0,0,0,101,0,0,0,0,0,0,0,0,0,0,0,0,0,0,0,0
4788,4,2,8,8,15,0,0,0,-1,0,132539,7,0,35,0,0,0,0,0,0,0,53,0,0,0,0,0,0,0,0,0,0,0,0,0,0,0,0
4790,4,1,7,16,20,0,0,0,-1,0,133770,7,0,0,0,0,0,0,0,0,0,19,0,5,0,0,0,0,0,0,0,0,0,0,0,0,0,0
4792,4,1,7,16,18,0,0,0,-1,0,133763,7,0,0,0,0,0,0,0,0,0,18,0,0,0,0,0,0,0,0,0,0,0,0,0,0,0,0
4793,4,1,7,16,19,0,0,0,-1,0,133753,7,0,0,0,0,0,0,0,0,0,19,0,0,0,0,0,0,0,0,0,0,0,0,0,0,0,0
4794,4,2,8,9,20,0,0,0,-1,0,132603,7,0,30,0,0,0,0,0,0,0,37,0,0,0,0,0,0,0,0,0,0,0,0,0,0,0,0
4795,4,2,8,9,20,0,0,0,-1,0,132606,7,0,30,0,0,0,0,0,0,0,37,0,0,0,0,0,0,0,0,0,0,0,0,0,0,0,0
4797,4,1,7,16,20,0,0,0,-1,0,133760,7,0,0,0,0,0,0,0,0,0,19,0,5,0,0,0,0,0,0,0,0,0,0,0,0,0,0
4798,4,1,7,16,20,0,0,0,-1,0,133754,7,0,0,0,0,0,0,0,0,0,19,0,0,0,0,0,0,0,0,0,0,0,0,0,0,0,0
4799,4,1,7,16,18,0,0,0,-1,0,133754,7,0,0,0,0,0,0,0,0,0,18,0,0,0,0,0,0,0,0,0,0,0,0,0,0,0,0
4800,4,3,5,7,18,0,0,0,-1,0,134583,10,0,65,0,0,0,0,0,0,0,155,0,0,0,0,0,0,0,0,0,0,0,0,0,0,0,0
4810,4,2,8,3,32,0,0,0,-1,0,135039,7,0,50,0,0,0,0,0,0,0,79,0,0,0,0,0,0,0,0,0,0,0,0,0,0,0,0
4816,4,3,5,7,19,0,0,0,-1,0,134583,10,0,65,0,0,0,0,0,0,0,157,0,0,0,0,0,0,0,0,0,0,0,0,0,0,0,0
4817,2,8,1,17,17,1,0,0,-1,0,135311,9,0,70,0,0,0,0,0,0,0,0,0,0,0,0,0,0,29,0,0,0,0,44,0,0,0,0
4818,2,8,1,17,19,1,0,0,-1,0,135329,9,0,75,0,0,0,0,0,0,0,0,0,0,0,0,0,0,43,0,0,0,0,65,0,0,0,0
4820,4,6,1,14,20,4,0,0,-1,0,134956,9,0,75,0,0,0,0,0,0,0,495,0,0,0,0,0,0,0,0,0,0,0,0,0,0,0,0
4821,4,6,1,14,18,4,0,0,-1,0,134955,9,0,70,0,0,0,0,0,0,0,461,0,0,0,0,0,0,0,0,0,0,0,0,0,0,0,0
4824,2,0,1,21,22,3,0,0,-1,0,132405,8,0,70,0,0,0,0,0,0,0,0,0,0,0,0,0,0,16,0,0,0,0,31,0,0,0,0
4825,2,0,1,13,24,3,0,0,-1,0,132415,8,0,75,0,0,0,0,0,0,0,0,0,0,0,0,0,0,29,0,0,0,0,55,0,0,0,0
4826,2,0,1,21,21,3,0,0,-1,0,132417,8,0,70,0,0,0,0,0,0,0,0,0,0,0,0,0,0,18,0,0,0,0,35,0,0,0,0
4830,4,2,8,7,23,0,0,0,-1,0,134586,7,0,65,0,0,0,0,0,0,0,79,0,0,0,0,0,0,0,0,0,0,0,0,0,0,0,0
4831,4,2,8,7,21,0,0,0,-1,0,134590,7,0,60,0,0,0,0,0,0,0,76,0,0,0,0,0,0,0,0,0,0,0,0,0,0,0,0
4832,4,2,8,7,24,0,0,0,-1,0,134587,7,0,65,0,0,0,0,0,0,0,80,0,0,0,0,0,0,0,0,0,0,0,0,0,0,0,0
4833,4,3,5,3,23,0,0,0,-1,0,135036,10,0,60,0,0,0,0,0,0,0,144,0,0,0,0,0,0,0,0,0,0,0,0,0,0,0,0
4835,4,3,5,3,25,0,0,0,-1,0,135036,10,0,60,0,0,0,0,0,0,0,149,0,0,0,0,0,0,0,0,0,0,0,0,0,0,0,0
4836,4,0,3,23,23,7,0,0,-1,0,133434,21,0,0,0,0,0,0,0,0,0,0,0,6,0,0,0,0,0,0,0,0,0,0,0,0,0,0
4837,4,0,8,23,25,7,0,0,-1,0,133438,21,0,0,0,0,0,0,0,0,0,0,0,0,0,0,0,0,0,0,0,0,0,0,0,0,0,0
4838,4,0,8,23,21,7,0,0,-1,0,134564,21,0,0,0,0,0,0,0,0,0,0,0,0,0,0,0,0,0,0,0,0,0,0,0,0,0,0
4939,2,8,1,17,0,1,0,0,-1,0,135344,9,0,45,0,0,0,0,0,0,0,0,0,0,0,0,0,0,16,0,0,0,0,25,0,0,0,0
4947,2,15,1,13,0,3,0,0,-1,0,135638,8,0,30,0,0,0,0,0,0,0,0,0,0,0,0,0,0,6,0,0,0,0,12,0,0,0,0
4948,2,4,2,21,0,3,0,0,-1,0,133476,8,0,40,0,0,0,0,0,0,0,0,0,0,0,0,0,0,9,0,0,0,0,18,0,0,0,0
4949,2,0,1,21,16,3,0,0,-1,0,132414,8,0,60,0,0,0,0,0,0,0,0,0,0,0,0,0,0,13,0,0,0,0,25,0,0,0,0
4964,2,5,2,17,0,1,0,0,-1,0,133052,9,0,50,0,0,0,0,0,0,0,0,0,0,0,0,0,0,20,0,0,0,0,31,0,0,0,0
4971,2,4,2,21,0,3,0,0,-1,0,133046,8,0,40,0,0,0,0,0,0,0,0,0,0,0,0,0,0,12,0,0,0,0,23,0,0,0,0
4974,2,15,1,13,0,3,0,0,-1,0,135641,8,0,30,0,0,0,0,0,0,0,0,0,0,0,0,0,0,6,0,0,0,0,13,0,0,0,0
4975,4,6,1,14,0,4,0,0,-1,0,134956,9,0,85,0,0,0,0,0,0,0,728,0,0,0,0,0,0,0,0,0,0,0,0,0,0,0,0
4976,4,2,8,7,0,0,0,0,-1,0,134593,7,0,65,0,0,0,0,0,0,0,96,0,0,0,0,0,0,0,0,0,0,0,0,0,0,0,0
4977,2,7,1,21,0,3,0,0,-1,0,135350,8,0,75,0,0,0,0,0,0,0,0,0,0,0,0,0,0,37,0,0,0,0,69,0,0,0,0
4978,2,4,2,21,0,3,0,0,-1,0,133041,8,0,75,0,0,0,0,0,0,0,0,0,0,0,0,0,0,33,0,0,0,0,62,0,0,0,0
4983,2,5,2,17,0,1,0,0,-1,0,133054,9,0,85,0,0,0,0,0,0,0,0,0,0,0,0,0,0,92,0,0,0,0,139,0,0,0,0
4984,4,0,2,23,0,7,0,0,-1,0,133729,12,0,0,0,0,0,0,0,0,0,0,0,0,0,0,0,0,0,0,0,0,0,0,0,0,0,0
4987,2,7,1,13,0,3,0,0,-1,0,135326,8,0,75,0,0,0,0,0,0,0,0,0,0,0,0,0,0,46,0,0,0,0,87,0,0,0,0
4988,4,0,5,11,0,0,0,0,-1,0,133346,14,0,0,0,0,0,0,0,0,0,0,0,0,0,0,0,0,0,0,0,0,0,0,0,0,0,0
4998,4,0,5,11,19,0,0,0,-1,0,133346,14,0,0,0,0,0,0,0,0,0,0,0,0,0,0,0,0,0,0,0,0,0,0,0,0,0,0
4999,4,0,5,11,22,0,0,0,-1,0,132518,14,0,0,0,0,0,0,0,0,0,0,0,0,0,0,0,0,0,0,0,0,0,0,0,0,0,0
5001,4,0,5,11,22,0,0,0,-1,0,133346,14,0,0,0,0,0,0,0,0,0,0,0,0,0,0,0,0,0,0,0,0,0,0,0,0,0,0
5002,4,0,3,2,25,0,0,0,-1,0,133288,14,0,0,0,0,0,0,0,0,0,0,0,0,0,0,0,0,0,0,0,0,0,0,0,0,0,0
5003,4,0,3,2,26,0,0,0,-1,0,133289,14,0,0,0,0,0,0,0,0,0,0,0,0,0,0,0,0,0,0,0,0,0,0,0,0,0,0
5004,4,0,3,2,30,0,0,0,-1,0,133295,14,0,0,0,0,0,0,0,0,0,0,0,0,0,0,0,0,0,0,0,0,0,0,0,0,0,0
5005,4,0,3,2,30,0,0,0,-1,0,133292,14,0,0,0,0,0,0,0,0,0,0,0,0,0,0,0,0,0,0,0,0,0,0,0,0,0,0
5007,4,0,0,11,26,0,0,0,-1,0,134412,14,0,0,0,0,0,0,0,0,0,0,0,0,0,0,0,0,0,0,0,0,0,0,0,0,0,0
5010,4,0,0,11,35,0,0,0,-1,0,133345,14,0,0,0,0,0,0,0,0,0,0,0,0,0,0,0,0,0,0,0,0,0,0,0,0,0,0
5011,4,0,0,11,35,0,0,0,-1,0,133354,14,0,0,0,0,0,0,0,0,0,0,0,0,0,0,0,0,0,0,0,0,0,0,0,0,0,0
5028,4,0,2,23,42,3,0,0,-1,0,135472,12,0,0,0,0,0,0,0,0,0,0,0,0,0,0,0,0,0,0,0,0,0,0,0,0,0,0
5029,4,0,3,2,42,0,0,0,-1,0,133296,14,0,0,0,0,0,0,0,0,0,0,0,0,0,0,0,0,0,0,0,0,0,0,0,0,0,0
5079,4,0,0,12,35,0,0,0,-1,0,133884,15,0,0,0,0,0,0,0,0,0,0,0,0,0,0,0,0,0,0,0,0,0,0,0,0,0,0
5180,4,0,3,2,29,0,0,0,-1,0,133279,14,0,0,0,0,0,0,0,0,0,0,0,0,0,0,0,0,0,0,0,0,0,0,0,0,0,0
5181,4,1,7,16,28,0,0,0,-1,0,133754,7,0,0,0,0,0,0,0,0,0,23,0,0,0,0,0,0,0,0,0,0,0,0,0,0,0,0
5182,2,8,1,17,15,1,0,0,-1,0,135327,9,0,65,0,0,0,0,0,0,0,0,0,0,0,0,0,0,30,0,0,0,0,46,0,0,0,0
5183,4,0,0,23,15,7,0,0,-1,0,134336,21,0,0,0,0,0,0,0,0,0,0,0,0,0,0,0,0,0,0,0,0,0,0,0,0,0,0
5191,2,7,1,13,19,3,0,0,-1,0,135325,8,0,75,0,0,0,0,0,0,0,0,0,0,0,0,0,0,30,0,0,0,0,57,0,0,0,0
5192,2,7,1,13,17,3,0,0,-1,0,135325,8,0,60,0,0,0,0,0,0,0,0,0,0,0,0,0,0,13,0,0,0,0,25,0,0,0,0
5193,4,1,7,16,20,0,0,0,-1,0,133760,7,0,0,0,0,0,0,0,0,0,21,0,0,0,0,0,0,0,0,0,0,0,0,0,0,0,0
5194,2,1,1,17,18,1,0,0,-1,0,135424,9,0,80,0,0,0,0,0,0,0,0,0,0,0,0,0,0,42,0,0,0,0,64,0,0,0,0
5196,2,0,1,13,17,3,0,0,-1,0,132416,8,0,60,0,0,0,0,0,0,0,0,0,0,0,0,0,0,14,0,0,0,0,28,0,0,0,0
5197,2,4,2,13,16,7,0,0,-1,0,132906,8,0,60,0,0,0,0,0,0,0,0,0,0,0,0,0,0,20,0,0,0,0,39,0,0,0,0
5198,2,19,2,26,17,0,0,0,-1,0,135139,21,0,50,0,0,6,0,0,0,0,0,0,0,0,0,0,0,20,0,0,0,0,38,0,0,0,0
5199,4,2,8,7,16,0,0,0,-1,0,134582,7,0,55,0,0,0,0,0,0,0,69,0,0,0,0,0,0,0,0,0,0,0,0,0,0,0,0
5200,2,6,1,17,20,2,0,0,-1,0,135130,9,0,70,0,0,0,0,0,0,0,0,0,0,0,0,0,0,27,0,0,0,0,42,0,0,0,0
5201,2,10,2,17,18,2,0,0,-1,0,135150,13,0,80,0,0,0,0,0,0,0,0,0,0,0,0,0,0,47,0,0,0,0,71,0,0,0,0
5207,2,19,2,26,15,0,0,0,-1,0,135469,21,0,40,0,0,5,0,0,0,0,0,0,0,0,0,0,0,14,0,0,0,0,28,0,0,0,0
5213,2,19,2,26,30,0,0,0,-1,0,135468,21,0,55,0,0,2,0,0,0,0,0,0,0,0,0,0,0,26,0,0,0,0,49,0,0,0,0
5214,2,19,2,26,27,0,0,0,-1,0,135463,21,0,55,0,0,6,0,0,0,0,0,0,0,0,0,0,0,23,0,0,0,0,44,0,0,0,0
5215,2,19,2,26,36,0,5253,0,-1,0,135473,21,0,55,0,0,2,0,0,0,0,0,0,0,0,0,0,0,35,0,0,0,0,66,0,0,0,0
5216,2,19,2,26,40,0,5262,0,-1,0,135468,21,0,55,0,0,5,0,0,0,0,0,0,0,0,0,0,0,37,0,0,0,0,70,0,0,0,0
5240,2,19,2,26,0,0,0,0,-1,0,135139,21,0,40,0,0,2,0,0,0,0,0,0,0,0,0,0,0,14,0,0,0,0,27,0,0,0,0
5241,2,19,2,26,0,0,0,0,-1,0,135139,21,0,40,0,0,2,0,0,0,0,0,0,0,0,0,0,0,17,0,0,0,0,32,0,0,0,0
5242,2,19,2,26,0,0,0,0,-1,0,135139,21,0,35,0,0,2,0,0,0,0,0,0,0,0,0,0,0,11,0,0,0,0,22,0,0,0,0
5243,2,19,2,26,15,0,0,0,-1,0,135473,21,0,45,0,0,2,0,0,0,0,0,0,0,0,0,0,0,24,0,0,0,0,45,0,0,0,0
5244,2,19,2,26,0,0,0,0,-1,0,135464,21,0,55,0,0,3,0,0,0,0,0,0,0,0,0,0,0,20,0,0,0,0,38,0,0,0,0
5245,2,19,2,26,29,0,0,0,-1,0,135144,21,0,55,0,0,6,0,0,0,0,0,0,0,0,0,0,0,35,0,0,0,0,66,0,0,0,0
5246,2,19,2,26,0,0,0,0,-1,0,135139,21,0,55,0,0,2,0,0,0,0,0,0,0,0,0,0,0,32,0,0,0,0,60,0,0,0,0
5247,2,19,2,26,0,0,0,0,-1,0,135144,21,0,55,0,0,5,0,0,0,0,0,0,0,0,0,0,0,42,0,0,0,0,79,0,0,0,0
5248,2,19,2,26,0,0,0,0,-1,0,135464,21,0,55,0,0,3,0,0,0,0,0,0,0,0,0,0,0,27,0,0,0,0,52,0,0,0,0
5249,2,19,2,26,0,0,0,0,-1,0,135473,21,0,55,0,0,2,0,0,0,0,0,0,0,0,0,0,0,29,0,0,0,0,56,0,0,0,0
5250,2,19,2,26,0,0,0,0,-1,0,135139,21,0,50,0,0,2,0,0,0,0,0,0,0,0,0,0,0,28,0,0,0,0,52,0,0,0,0
5252,2,19,2,26,0,0,0,0,-1,0,135466,21,0,40,0,0,5,0,0,0,0,0,0,0,0,0,0,0,16,0,0,0,0,31,0,0,0,0
5253,2,19,2,26,0,0,0,0,-1,0,135473,21,0,55,0,0,2,0,0,0,0,0,0,0,0,0,0,0,46,0,0,0,0,85,0,0,0,0
5256,2,4,2,13,30,3,0,0,-1,0,133491,8,0,75,0,0,0,0,0,0,0,0,0,0,0,0,0,0,38,0,0,0,0,72,0,0,0,0
5257,4,1,7,16,32,0,0,0,-1,0,133756,7,0,0,0,0,0,0,0,0,0,27,0,0,0,0,0,0,0,0,0,0,0,0,0,0,0,0
5266,4,0,5,11,48,0,0,0,-1,0,133347,14,0,0,0,0,0,0,0,0,0,0,0,0,0,0,0,0,0,0,0,0,0,0,0,0,0,0
5267,2,15,1,13,58,3,0,0,-1,0,135639,8,0,65,0,0,0,0,0,0,0,0,0,0,0,0,0,0,43,0,0,0,0,81,0,0,0,0
5275,4,2,8,6,0,0,0,0,-1,0,132490,7,0,20,0,0,0,0,0,0,0,39,0,0,0,0,0,0,0,0,0,0,0,0,0,0,0,0
5279,2,15,1,13,0,3,0,0,-1,0,135650,8,0,40,0,0,0,0,0,0,0,0,0,0,0,0,0,0,9,0,0,0,0,18,0,0,0,0
5299,4,2,8,10,0,0,0,0,-1,0,132952,7,0,25,0,0,0,0,0,0,0,48,0,0,0,0,0,0,0,0,0,0,0,0,0,0,0,0
5302,4,6,1,14,0,4,0,0,-1,0,134956,9,0,65,0,0,0,0,0,0,0,411,0,0,0,0,0,0,0,0,0,0,0,0,0,0,0,0
5306,2,10,2,17,0,2,0,0,-1,0,135225,13,0,65,0,0,0,0,0,0,0,0,0,0,0,0,0,0,29,0,0,0,0,44,0,0,0,0
5309,2,3,1,26,0,0,0,0,-1,0,135613,8,0,50,3,0,0,0,0,0,0,0,0,0,0,0,0,0,12,0,0,0,0,24,0,0,0,0
5311,4,2,8,8,0,0,0,0,-1,0,132537,7,0,35,0,0,0,0,0,0,0,54,0,0,0,0,0,0,0,0,0,0,0,0,0,0,0,0
5313,4,0,5,11,0,0,0,0,-1,0,134413,14,0,0,0,0,0,0,0,0,0,0,0,0,0,0,0,0,0,0,0,0,0,0,0,0,0,0
5314,4,1,7,16,0,0,0,0,-1,0,133762,7,0,0,0,0,0,0,0,0,0,17,0,0,0,0,0,0,0,0,0,0,0,0,0,0,0,0
5316,4,2,8,5,0,0,0,0,-1,0,135009,7,0,80,0,0,0,0,0,0,0,86,0,0,0,0,0,0,0,0,0,0,0,0,0,0,0,0
5317,4,2,8,5,0,0,0,0,-1,0,135010,7,0,80,0,0,0,0,0,0,0,86,0,0,0,0,0,0,0,0,0,0,0,0,0,0,0,0
5318,2,1,1,17,0,1,0,0,-1,0,135572,9,0,65,0,0,0,0,0,0,0,0,0,0,0,0,0,0,32,0,0,0,0,49,0,0,0,0
5320,4,3,5,8,0,0,0,0,-1,0,132535,10,0,35,0,0,0,0,0,0,0,104,0,0,0,0,0,0,0,0,0,0,0,0,0,0,0,0
5321,2,7,1,13,0,3,0,0,-1,0,135276,8,0,55,0,0,0,0,0,0,0,0,0,0,0,0,0,0,14,0,0,0,0,26,0,0,0,0
5322,2,5,2,17,0,1,0,0,-1,0,133053,9,0,80,0,0,0,0,0,0,0,0,0,0,0,0,0,0,32,0,0,0,0,49,0,0,0,0
5323,4,0,0,23,0,7,0,0,-1,0,134249,8,0,0,0,0,0,0,0,0,0,0,0,0,0,0,0,0,0,0,0,0,0,0,0,0,0,0
5324,2,4,2,21,0,3,0,0,-1,0,133057,8,0,50,0,0,0,0,0,0,0,0,0,0,0,0,0,0,13,0,0,0,0,26,0,0,0,0
5325,4,6,1,14,0,4,0,0,-1,0,134952,9,0,55,0,0,0,0,0,0,0,345,0,0,0,0,0,0,0,0,0,0,0,0,0,0,0,0
5326,2,19,2,26,0,0,0,0,-1,0,135139,21,0,40,0,0,2,0,0,0,0,0,0,0,0,0,0,0,18,0,0,0,0,34,0,0,0,0
5327,4,2,8,7,0,0,0,0,-1,0,134582,7,0,50,0,0,0,0,0,0,0,65,0,0,0,0,0,0,0,0,0,0,0,0,0,0,0,0
5328,4,3,5,6,0,0,0,0,-1,0,132492,10,0,25,0,0,0,0,0,0,0,81,0,0,0,0,0,0,0,0,0,0,0,0,0,0,0,0
5340,2,10,2,17,0,2,0,0,-1,0,135145,13,0,55,0,0,0,0,0,0,0,0,0,0,0,0,0,0,25,0,0,0,0,38,0,0,0,0
5341,4,2,8,5,0,0,0,0,-1,0,135011,7,0,65,0,0,0,0,0,0,0,70,0,0,0,0,0,0,0,0,0,0,0,0,0,0,0,0
5343,4,1,7,16,0,0,0,0,-1,0,133755,7,0,0,0,0,0,0,0,0,0,16,0,0,0,0,0,0,0,0,0,0,0,0,0,0,0,0
5344,2,0,1,21,0,3,0,0,-1,0,135419,8,0,45,0,0,0,0,0,0,0,0,0,0,0,0,0,0,9,0,0,0,0,18,0,0,0,0
5345,2,5,2,17,0,1,0,0,-1,0,133052,9,0,50,0,0,0,0,0,0,0,0,0,0,0,0,0,0,24,0,0,0,0,37,0,0,0,0
5346,2,2,2,15,0,0,0,0,-1,0,135496,12,0,40,2,0,0,0,0,0,0,0,0,0,0,0,0,0,7,0,0,0,0,14,0,0,0,0
5351,4,0,4,11,0,0,0,0,-1,0,133343,14,0,0,0,0,0,0,0,0,0,0,0,0,0,0,0,0,0,0,0,0,0,0,0,0,0,0
5355,4,2,8,6,0,0,0,0,-1,0,132493,7,0,30,0,0,0,0,0,0,0,51,0,0,0,0,0,0,0,0,0,0,0,0,0,0,0,0
5356,2,19,2,26,0,0,0,0,-1,0,135124,21,0,50,0,0,2,0,0,0,0,0,0,0,0,0,0,0,24,0,0,0,0,45,0,0,0,0
5423,2,1,1,17,15,1,0,0,-1,0,132408,9,0,75,0,0,0,0,0,0,0,0,0,0,0,0,0,0,35,0,0,0,0,53,0,0,0,0
5425,4,3,5,6,15,0,0,0,-1,0,132492,10,0,30,0,0,0,0,0,0,0,94,0,0,0,0,0,0,0,0,0,0,0,0,0,0,0,0
5426,2,0,1,13,15,3,0,0,-1,0,132417,8,0,65,0,0,0,0,0,0,0,0,0,0,0,0,0,0,23,0,0,0,0,44,0,0,0,0
5443,4,6,1,14,15,4,0,0,-1,0,134948,9,0,75,0,0,0,0,0,0,0,471,0,0,0,0,0,0,0,0,0,0,0,0,0,0,0,0
5459,2,0,1,21,0,3,0,0,-1,0,132392,8,0,45,0,0,0,0,0,0,0,10,0,0,0,0,0,0,11,0,0,0,0,21,0,0,0,0
5540,2,15,1,13,18,3,0,0,-1,0,135641,8,0,45,0,0,0,0,0,0,0,0,0,0,0,0,0,0,13,0,0,0,0,26,0,0,0,0
5541,2,4,2,13,23,3,0,0,-1,0,133042,8,0,70,0,0,0,0,0,0,0,0,0,0,0,0,0,0,18,0,0,0,0,34,0,0,0,0
5587,2,4,2,21,0,3,0,0,-1,0,133490,8,0,45,0,0,0,0,0,0,0,0,0,0,0,0,0,0,10,0,0,0,0,19,0,0,0,0
5604,2,19,2,26,0,0,0,0,-1,0,135139,21,0,30,0,0,6,0,0,0,0,0,0,0,0,0,0,0,10,0,0,0,0,20,0,0,0,0
5609,4,2,8,6,0,0,0,0,-1,0,132492,7,0,25,0,0,0,0,0,0,0,45,0,0,0,0,0,0,0,0,0,0,0,0,0,0,0,0
5610,4,1,7,16,0,0,0,0,-1,0,133763,7,0,0,0,0,0,0,0,0,0,14,0,0,0,0,0,0,0,0,0,0,0,0,0,0,0,0
5611,4,0,0,23,0,7,0,0,-1,0,134797,17,0,0,0,0,0,0,0,0,0,0,0,0,0,0,0,0,0,0,0,0,0,0,0,0,0,0
5613,2,10,2,17,0,2,0,0,-1,0,135160,13,0,70,0,0,0,0,0,0,0,0,0,0,0,0,0,0,45,0,0,0,0,68,0,0,0,0
5614,2,8,1,17,0,1,0,0,-1,0,135328,9,0,85,0,0,0,0,0,0,0,0,0,0,0,0,0,0,54,0,0,0,0,81,0,0,0,0
5615,2,8,1,17,0,1,0,0,-1,0,135352,9,0,65,0,0,0,0,0,0,0,0,0,0,0,0,0,0,34,0,0,0,0,52,0,0,0,0
5616,2,15,1,13,42,3,0,0,-1,0,135341,8,0,65,0,0,0,0,0,0,0,0,0,0,0,0,0,0,35,0,0,0,0,66,0,0,0,0
5617,4,2,8,7,0,0,0,0,-1,0,134582,7,0,45,0,0,0,0,0,0,0,57,0,0,0,0,0,0,0,0,0,0,0,0,0,0,0,0
5622,4,0,4,11,0,0,0,0,-1,0,132522,14,0,0,0,0,0,0,0,0,0,0,0,0,0,0,0,0,0,0,0,0,0,0,0,0,0,0
5626,2,1,1,17,0,1,0,0,-1,0,132417,9,0,65,0,0,0,0,0,0,0,0,0,0,0,0,0,0,36,0,0,0,0,55,0,0,0,0
5627,2,15,1,13,0,3,0,0,-1,0,135641,8,0,40,0,0,0,0,0,0,0,0,0,0,0,0,0,0,12,0,0,0,0,24,0,0,0,0
5629,4,2,8,10,0,0,0,0,-1,0,132939,7,0,25,0,0,0,0,0,0,0,48,0,0,0,0,0,0,0,0,0,0,0,0,0,0,0,0
5742,2,15,1,13,35,3,0,0,-1,0,135322,8,0,55,0,0,0,0,0,0,0,0,0,5,0,5,0,0,23,0,0,0,0,44,0,0,0,0
5743,4,0,0,11,35,0,0,0,-1,0,133353,14,0,0,0,0,0,0,0,0,0,0,0,0,0,0,0,0,0,0,0,0,0,0,0,0,0,0
5749,2,1,1,17,18,1,0,0,-1,0,132397,9,0,70,0,0,0,0,0,0,0,0,0,0,0,0,0,0,43,0,0,0,0,66,0,0,0,0
5750,4,3,5,6,18,0,0,0,-1,0,132492,10,0,30,0,0,0,0,0,0,0,99,0,0,0,0,0,0,0,0,0,0,0,0,0,0,0,0
5751,4,1,7,16,20,0,0,0,-1,0,133762,7,0,0,0,0,0,0,0,0,0,19,0,0,0,0,0,0,0,0,0,0,0,0,0,0,0,0
5752,2,15,1,13,21,3,0,0,-1,0,135652,8,0,50,0,0,0,0,0,0,0,0,0,0,0,0,0,0,17,0,0,0,0,32,0,0,0,0
5753,4,2,8,1,26,0,0,0,-1,0,133072,7,0,50,0,0,0,0,0,0,0,77,0,0,0,0,0,0,0,0,0,0,0,0,0,0,0,0
5754,4,0,3,2,26,0,0,0,-1,0,133278,14,0,0,0,0,0,0,0,0,0,0,0,0,0,0,0,0,0,0,0,0,0,0,0,0,0,0
5755,4,3,5,5,30,0,0,0,-1,0,132739,10,0,100,0,0,0,0,0,0,0,213,0,0,0,0,0,0,0,0,0,0,0,0,0,0,0,0
5756,2,15,1,13,32,3,0,0,-1,0,135660,8,0,65,0,0,0,0,0,0,0,0,0,0,0,0,0,0,24,0,0,0,0,46,0,0,0,0
5757,2,4,2,21,0,7,0,0,-1,0,133486,8,0,55,0,0,0,0,0,0,0,0,0,0,0,0,0,0,18,0,0,0,0,34,0,0,0,0
5782,4,2,8,5,29,0,0,0,-1,0,132634,7,0,85,0,0,0,0,0,0,0,100,0,0,0,0,0,0,0,0,0,0,0,0,0,0,0,0
5783,4,2,8,9,33,0,0,0,-1,0,132604,7,0,30,0,0,0,0,0,0,0,47,0,0,0,0,0,0,0,0,0,0,0,0,0,0,0,0
5813,2,8,1,17,0,1,0,0,-1,0,135280,9,0,85,0,0,0,0,0,0,0,0,0,0,0,0,0,0,53,0,0,0,0,81,0,0,0,0
5814,4,2,8,5,0,0,0,0,-1,0,132725,7,0,85,0,0,0,0,0,0,0,94,0,0,0,0,0,0,0,0,0,0,0,0,0,0,0,0
5815,2,5,2,17,0,1,0,0,-1,0,133484,9,0,85,0,0,0,0,0,0,0,0,0,0,0,0,0,0,60,0,0,0,0,91,0,0,0,0
5817,2,2,2,15,0,0,0,0,-1,0,135489,12,0,65,2,0,0,0,0,0,0,0,0,0,0,0,0,0,23,0,0,0,0,43,0,0,0,0
5818,2,19,2,26,0,0,0,0,-1,0,135473,21,0,55,0,0,3,0,0,0,0,0,0,0,0,0,0,0,30,0,0,0,0,57,0,0,0,0
5819,4,3,5,1,28,0,0,0,-1,0,133071,10,0,70,0,0,0,0,0,0,0,185,0,10,0,0,0,0,0,0,0,0,0,0,0,0,0,0
5821,4,2,8,8,0,0,0,0,-1,0,132541,7,0,40,0,0,0,0,0,0,0,58,0,0,0,0,0,0,0,0,0,0,0,0,0,0,0,0
5822,4,3,5,10,0,0,0,0,-1,0,132938,10,0,30,0,0,0,0,0,0,0,112,0,0,0,0,0,0,0,0,0,0,0,0,0,0,0,0
5943,4,3,5,9,20,0,0,0,-1,0,132602,10,0,30,0,0,0,0,0,0,0,80,0,0,0,0,0,0,0,0,0,0,0,0,0,0,0,0
5944,4,3,5,8,0,0,0,0,-1,0,132535,10,0,35,0,0,0,0,0,0,0,99,0,0,0,0,0,0,0,0,0,0,0,0,0,0,0,0
5961,4,2,8,7,18,0,0,0,-1,0,134589,7,0,55,0,0,0,0,0,0,0,72,0,0,0,0,0,0,0,0,0,0,0,0,0,0,0,0
5962,4,2,8,7,27,0,0,0,-1,0,134582,7,0,65,0,0,0,0,0,0,0,85,0,0,0,0,0,0,0,0,0,0,0,0,0,0,0,0
5963,4,2,8,7,29,0,0,0,-1,0,134592,7,0,65,0,0,0,0,0,0,0,87,0,0,0,0,0,0,0,0,0,0,0,0,0,0,0,0
5964,4,2,8,3,30,0,0,0,-1,0,135039,7,0,50,0,0,0,0,0,0,0,76,0,0,0,0,0,0,0,0,0,0,0,0,0,0,0,0
5965,4,1,7,16,32,0,0,0,-1,0,133755,7,0,0,0,0,0,0,0,0,0,24,0,0,0,0,0,0,0,0,0,0,0,0,0,0,0,0
5969,4,1,7,16,18,0,0,0,-1,0,133766,7,0,0,0,0,0,0,0,0,0,18,0,0,0,0,0,0,0,0,0,0,0,0,0,0,0,0
5975,4,2,8,6,18,0,0,0,-1,0,132492,7,0,25,0,0,0,0,0,0,0,46,0,0,0,0,0,0,0,0,0,0,0,0,0,0,0,0
6084,4,3,5,7,0,0,0,0,-1,0,134583,10,0,50,0,0,0,0,0,0,0,113,0,0,0,0,0,0,0,0,0,0,0,0,0,0,0,0
6085,4,2,8,5,0,0,0,0,-1,0,132724,7,0,60,0,0,0,0,0,0,0,65,0,0,0,0,0,0,0,0,0,0,0,0,0,0,0,0
6092,4,2,8,8,0,0,0,0,-1,0,132539,7,0,35,0,0,0,0,0,0,0,51,0,0,0,0,0,0,0,0,0,0,0,0,0,0,0,0
6093,2,5,2,17,0,1,0,0,-1,0,133482,9,0,80,0,0,0,0,0,0,0,0,0,0,0,0,0,0,52,0,0,0,0,79,0,0,0,0
6094,2,1,1,17,0,1,0,0,-1,0,135419,9,0,60,0,0,0,0,0,0,0,0,0,0,0,0,0,0,31,0,0,0,0,47,0,0,0,0
6186,2,8,1,17,0,1,0,0,-1,0,135356,9,0,60,0,0,0,0,0,0,0,0,0,0,0,0,0,0,32,0,0,0,0,49,0,0,0,0
6187,4,6,1,14,0,4,0,0,-1,0,134951,9,0,60,0,0,0,0,0,0,0,361,0,0,0,0,0,0,0,0,0,0,0,0,0,0,0,0
6194,2,0,1,21,0,3,0,0,-1,0,132408,8,0,75,0,0,0,0,0,0,0,0,0,0,0,0,0,0,22,0,0,0,0,41,0,0,0,0
6197,4,2,8,5,17,0,0,0,-1,0,132760,7,0,75,0,0,0,0,0,0,0,81,0,0,0,0,0,0,0,0,0,0,0,0,0,0,0,0
6198,4,2,8,9,25,0,0,0,-1,0,132600,7,0,30,0,0,0,0,0,0,0,41,0,0,0,0,0,0,0,0,0,0,0,0,0,0,0,0
6199,4,0,5,11,19,0,0,0,-1,0,134321,14,0,0,0,0,0,0,0,0,0,0,0,0,0,0,0,0,0,0,0,0,0,0,0,0,0,0
6200,4,3,5,6,24,0,0,0,-1,0,132498,10,0,35,0,0,0,0,0,0,0,110,0,0,0,0,0,0,0,0,0,0,0,0,0,0,0,0
6204,4,2,8,1,27,0,0,0,-1,0,133119,7,0,50,0,0,0,0,0,0,0,79,0,0,0,0,0,0,0,0,0,0,0,0,0,0,0,0
6215,2,10,2,17,0,2,0,0,-1,0,135145,13,0,50,0,0,0,0,0,0,0,0,0,0,0,0,0,0,18,0,0,0,0,21,0,0,0,0
6220,2,15,1,13,24,3,0,0,-1,0,135661,8,0,65,0,0,0,0,0,0,0,0,0,0,0,0,0,0,23,0,0,0,0,43,0,0,0,0
6223,4,6,1,14,0,4,0,0,-1,0,134951,9,0,85,0,0,0,0,0,0,0,661,0,0,0,0,0,0,0,0,0,0,0,0,0,0,0,0
6314,4,1,7,16,22,0,0,0,-1,0,133762,7,0,0,0,0,0,0,0,0,0,20,0,0,0,0,0,0,0,0,0,0,0,0,0,0,0,0
6315,2,18,2,26,22,0,0,0,-1,0,135530,12,0,60,2,0,0,0,0,0,0,0,0,0,0,0,0,0,29,0,0,0,0,45,0,0,0,0
6318,2,10,2,17,21,2,0,0,-1,0,135164,13,0,95,0,0,0,0,0,0,0,0,0,0,0,0,0,0,50,0,0,0,0,76,0,0,0,0
6319,4,2,8,6,21,0,0,0,-1,0,132492,7,0,30,0,0,0,0,0,0,0,49,0,0,0,0,0,0,0,0,0,0,0,0,0,0,0,0
6320,4,6,1,14,23,4,0,0,-1,0,134949,9,0,95,0,0,0,0,0,0,0,623,0,0,0,0,0,0,0,0,0,0,0,0,0,0,0,0
6321,4,0,5,11,21,0,0,0,-1,0,132518,14,0,0,0,0,0,0,0,0,0,0,0,0,0,0,0,0,0,0,0,0,0,0,0,0,0,0
6323,2,4,2,21,20,3,0,0,-1,0,133477,8,0,65,0,0,0,0,0,0,0,0,0,0,0,0,0,0,21,0,0,0,0,40,0,0,0,0
6327,2,5,2,17,32,1,0,0,-1,0,133484,9,0,100,0,0,0,0,0,0,0,0,0,0,0,0,0,0,104,0,0,0,0,156,0,0,0,0
6331,2,15,1,13,31,3,0,0,-1,0,135651,8,0,65,0,0,0,0,0,0,0,0,0,0,0,0,0,0,23,0,0,0,0,44,0,0,0,0
6332,4,0,4,11,17,0,0,0,-1,0,133347,14,0,0,0,0,0,0,0,0,0,0,0,0,0,0,0,0,0,0,0,0,0,0,0,0,0,0
6333,2,15,1,13,17,3,0,0,-1,0,135646,8,0,45,0,0,0,0,0,0,0,0,0,0,0,0,0,0,14,0,0,0,0,28,0,0,0,0
6335,4,2,8,8,0,0,0,0,-1,0,132537,7,0,45,0,0,0,0,0,0,0,63,0,0,0,0,0,0,0,0,0,0,0,0,0,0,0,0
6340,4,1,7,16,21,0,0,0,-1,0,134367,7,0,0,0,0,0,0,0,0,0,20,0,0,0,0,0,0,0,0,0,0,0,0,0,0,0,0
6360,2,4,2,13,20,3,0,0,-1,0,133890,8,0,65,0,0,0,0,0,0,0,0,0,0,0,0,0,0,22,0,0,0,0,42,0,0,0,0
6381,4,1,7,16,18,0,0,0,-1,0,133762,7,0,0,0,0,0,0,0,0,0,18,0,0,0,0,0,0,0,0,0,0,0,0,0,0,0,0
6383,4,6,1,14,19,4,0,0,-1,0,134955,9,0,75,0,0,0,0,0,0,0,478,0,0,0,0,0,0,0,0,0,0,0,0,0,0,0,0
6386,4,3,5,7,25,0,0,0,-1,0,134586,10,0,75,0,0,0,0,0,0,0,173,0,0,0,0,0,0,0,0,0,0,0,0,0,0,0,0
6387,4,3,5,9,24,0,0,0,-1,0,132618,10,0,35,0,0,0,0,0,0,0,85,0,0,0,0,0,0,0,0,0,0,0,0,0,0,0,0
6388,4,3,5,3,25,0,0,0,-1,0,135051,10,0,60,0,0,0,0,0,0,0,149,0,0,0,0,0,0,0,0,0,0,0,0,0,0,0,0
6389,4,3,5,1,26,0,0,0,-1,0,133141,10,0,60,0,0,0,0,0,0,0,163,0,0,0,0,0,0,0,0,0,0,0,0,0,0,0,0
6396,4,2,8,5,27,0,0,0,-1,0,132723,7,0,85,0,0,0,0,0,0,0,97,0,0,0,0,0,0,0,0,0,0,0,0,0,0,0,0
6397,4,2,8,10,24,0,0,0,-1,0,132958,7,0,30,0,0,0,0,0,0,0,57,0,0,0,0,0,0,0,0,0,0,0,0,0,0,0,0
6398,4,2,8,6,24,0,0,0,-1,0,132500,7,0,30,0,0,0,0,0,0,0,52,0,0,0,0,0,0,0,0,0,0,0,0,0,0,0,0
6399,4,2,8,3,25,0,0,0,-1,0,135039,7,0,50,0,0,0,0,0,0,0,70,0,0,0,0,0,0,0,0,0,0,0,0,0,0,0,0
6400,4,6,1,14,26,4,0,0,-1,0,134951,9,0,85,0,0,0,0,0,0,0,595,0,0,0,0,0,0,0,0,0,0,0,0,0,0,0,0
6402,4,3,5,7,31,0,0,0,-1,0,134589,10,0,75,0,0,0,0,0,0,0,189,0,0,0,0,0,0,0,0,0,0,0,0,0,0,0,0
6403,4,3,5,9,28,0,0,0,-1,0,132603,10,0,35,0,0,0,0,0,0,0,91,0,0,0,0,0,0,0,0,0,0,0,0,0,0,0,0
6404,4,3,5,3,30,0,0,0,-1,0,135038,10,0,60,0,0,0,0,0,0,0,160,0,0,0,0,0,0,0,0,0,0,0,0,0,0,0,0
6408,4,2,8,10,29,0,0,0,-1,0,132955,7,0,30,0,0,0,0,0,0,0,62,0,0,0,0,0,0,0,0,0,0,0,0,0,0,0,0
6409,4,2,8,6,29,0,0,0,-1,0,132498,7,0,30,0,0,0,0,0,0,0,56,0,0,0,0,0,0,0,0,0,0,0,0,0,0,0,0
6410,4,2,8,9,28,0,0,0,-1,0,132603,7,0,30,0,0,0,0,0,0,0,43,0,0,0,0,0,0,0,0,0,0,0,0,0,0,0,0
6411,4,3,5,5,36,0,0,0,-1,0,132743,10,0,100,0,0,0,0,0,0,0,234,0,0,0,0,0,0,0,0,0,0,0,0,0,0,0,0
6412,4,3,5,8,34,0,0,0,-1,0,132539,10,0,50,0,0,0,0,0,0,0,156,0,0,0,0,0,0,0,0,0,0,0,0,0,0,0,0
6413,4,3,5,9,32,0,0,0,-1,0,132617,10,0,35,0,0,0,0,0,0,0,96,0,0,0,0,0,0,0,0,0,0,0,0,0,0,0,0
6414,4,0,1,11,0,0,0,0,-1,0,133357,14,0,0,0,0,0,0,0,0,0,0,0,0,0,0,0,0,0,0,0,0,0,0,0,0,0,0
6417,4,1,7,16,32,0,0,0,-1,0,133756,7,0,0,0,0,0,0,0,0,0,24,0,0,0,0,0,0,0,0,0,0,0,0,0,0,0,0
6419,4,2,8,10,33,0,0,0,-1,0,132948,7,0,30,0,0,0,0,0,0,0,66,0,0,0,0,0,0,0,0,0,0,0,0,0,0,0,0
6420,4,2,8,8,34,0,0,0,-1,0,132542,7,0,45,0,0,0,0,0,0,0,75,0,0,0,0,0,0,0,0,0,0,0,0,0,0,0,0
6421,4,2,8,6,33,0,0,0,-1,0,132504,7,0,30,0,0,0,0,0,0,0,60,0,0,0,0,0,0,0,0,0,0,0,0,0,0,0,0
6422,4,2,8,1,34,0,0,0,-1,0,133111,7,0,50,0,0,0,0,0,0,0,88,0,0,0,0,0,0,0,0,0,0,0,0,0,0,0,0
6423,4,3,5,8,40,0,0,0,-1,0,132539,10,0,50,0,0,0,0,0,0,0,171,0,0,0,0,0,0,0,0,0,0,0,0,0,0,0,0
6424,4,1,7,16,37,0,0,0,-1,0,133772,7,0,0,0,0,0,0,0,0,0,28,0,0,0,0,0,0,0,0,0,0,0,0,0,0,0,0
6425,4,3,5,6,39,0,0,0,-1,0,132515,10,0,35,0,0,0,0,0,0,0,138,0,0,0,0,0,0,0,0,0,0,0,0,0,0,0,0
6426,4,3,5,9,38,0,0,0,-1,0,132606,10,0,35,0,0,0,0,0,0,0,106,0,0,0,0,0,0,0,0,0,0,0,0,0,0,0,0
6430,4,2,8,5,41,0,0,0,-1,0,132722,7,0,85,0,0,0,0,0,0,0,124,0,0,0,0,0,0,0,0,0,0,0,0,0,0,0,0
6431,4,2,8,8,38,0,0,0,-1,0,132535,7,0,45,0,0,0,0,0,0,0,81,0,0,0,0,0,0,0,0,0,0,0,0,0,0,0,0
6432,4,1,7,16,36,0,0,0,-1,0,133770,7,0,0,0,0,0,0,0,0,0,27,0,0,0,0,0,0,0,0,0,0,0,0,0,0,0,0
6433,4,2,8,1,38,0,0,0,-1,0,133118,7,0,50,0,0,0,0,0,0,0,95,0,0,0,0,0,0,0,0,0,0,0,0,0,0,0,0
6440,4,0,1,11,43,0,0,0,-1,0,132519,14,0,0,0,0,0,0,0,0,0,0,0,0,0,0,0,0,0,0,0,0,0,0,0,0,0,0
6448,2,15,1,13,17,3,0,0,-1,0,135646,8,0,45,0,0,0,0,0,0,0,0,0,0,0,0,0,0,14,0,0,0,0,26,0,0,0,0
6449,4,1,7,16,17,0,0,0,-1,0,132656,7,0,0,0,0,0,0,0,0,0,20,0,0,0,0,0,0,0,0,0,0,0,0,0,0,0,0
6459,4,3,5,8,18,0,0,0,-1,0,132535,10,0,45,0,0,0,0,0,0,0,122,0,0,0,0,0,0,0,0,0,0,0,0,0,0,0,0
6460,4,3,5,6,19,0,0,0,-1,0,132492,10,0,35,0,0,0,0,0,0,0,111,0,0,0,0,0,0,0,0,0,0,0,0,0,0,0,0
6463,4,0,5,11,21,0,0,0,-1,0,133357,14,0,0,0,0,0,0,0,0,0,0,0,0,0,0,0,0,0,0,0,0,0,0,0,0,0,0
6467,4,2,8,10,16,0,0,0,-1,0,132939,7,0,25,0,0,0,0,0,0,0,49,0,0,0,0,0,0,0,0,0,0,0,0,0,0,0,0
6468,4,2,8,6,18,0,0,0,-1,0,132498,7,0,30,0,0,0,0,0,0,0,51,0,0,0,0,0,0,0,0,0,0,0,0,0,0,0,0
6469,2,2,2,15,19,0,0,0,-1,0,135498,12,0,65,2,0,0,0,0,0,0,0,0,0,0,0,0,0,16,0,0,0,0,30,0,0,0,0
6472,2,4,2,13,19,3,0,0,-1,0,135472,8,0,75,0,0,0,0,0,0,0,0,0,0,0,0,0,0,30,0,0,0,0,57,0,0,0,0
6473,4,2,8,5,18,0,0,0,-1,0,135020,7,0,75,0,0,0,0,0,0,0,82,0,0,0,0,0,0,0,0,0,0,0,0,0,0,0,0
6481,4,3,5,10,0,0,0,0,-1,0,132939,10,0,30,0,0,0,0,0,0,0,110,0,0,0,0,0,0,0,0,0,0,0,0,0,0,0,0
6502,4,3,5,5,0,0,0,0,-1,0,132626,10,0,85,0,0,0,0,0,0,0,174,0,0,0,0,0,0,0,0,0,0,0,0,0,0,0,0
6504,2,7,1,21,0,3,0,0,-1,0,135314,8,0,75,0,0,0,0,0,0,0,0,0,0,0,0,0,0,24,0,0,0,0,45,0,0,0,0
6505,2,10,2,17,0,2,0,0,-1,0,135141,13,0,90,0,0,0,0,0,0,0,0,0,0,0,0,0,0,47,0,0,0,0,71,0,0,0,0
6564,4,1,7,16,16,0,961,0,-1,0,133767,7,0,0,0,0,0,0,0,0,0,17,0,0,0,0,0,0,0,0,0,0,0,0,0,0,0,0
6571,4,6,1,14,17,4,2010,0,-1,0,134948,9,0,70,0,0,0,0,0,0,0,445,0,0,0,0,0,0,0,0,0,0,0,0,0,0,0,0
6572,4,6,1,14,18,4,2010,0,-1,0,134952,9,0,70,0,0,0,0,0,0,0,461,0,0,0,0,0,0,0,0,0,0,0,0,0,0,0,0
6573,4,3,5,8,18,0,836,0,-1,0,132582,10,0,45,0,0,0,0,0,0,0,122,0,0,0,0,0,0,0,0,0,0,0,0,0,0,0,0
6574,4,3,5,9,17,0,1088,0,-1,0,132613,10,0,30,0,0,0,0,0,0,0,76,0,0,0,0,0,0,0,0,0,0,0,0,0,0,0,0
6575,4,1,7,16,15,0,1003,0,-1,0,133757,7,0,0,0,0,0,0,0,0,0,17,0,0,0,0,0,0,0,0,0,0,0,0,0,0,0,0
6576,4,3,5,6,17,0,920,0,-1,0,132511,10,0,30,0,0,0,0,0,0,0,98,0,0,0,0,0,0,0,0,0,0,0,0,0,0,0,0
6577,4,3,5,10,18,0,752,0,-1,0,132945,10,0,30,0,0,0,0,0,0,0,110,0,0,0,0,0,0,0,0,0,0,0,0,0,0,0,0
6578,4,3,5,7,18,0,584,0,-1,0,134583,10,0,65,0,0,0,0,0,0,0,155,0,0,0,0,0,0,0,0,0,0,0,0,0,0,0,0
6580,4,3,5,5,18,0,500,0,-1,0,132626,10,0,90,0,0,0,0,0,0,0,177,0,0,0,0,0,0,0,0,0,0,0,0,0,0,0,0
6581,4,2,8,6,16,0,898,0,-1,0,132505,7,0,25,0,0,0,0,0,0,0,45,0,0,0,0,0,0,0,0,0,0,0,0,0,0,0,0
6582,4,2,8,8,17,0,815,0,-1,0,132539,7,0,35,0,0,0,0,0,0,0,56,0,0,0,0,0,0,0,0,0,0,0,0,0,0,0,0
6583,4,2,8,9,16,0,1066,0,-1,0,132606,7,0,25,0,0,0,0,0,0,0,35,0,0,0,0,0,0,0,0,0,0,0,0,0,0,0,0
6584,4,2,8,5,20,0,480,0,-1,0,132725,7,0,80,0,0,0,0,0,0,0,86,0,0,0,0,0,0,0,0,0,0,0,0,0,0,0,0
6585,4,1,7,16,15,0,982,0,-1,0,133754,7,0,0,0,0,0,0,0,0,0,17,0,0,0,0,0,0,0,0,0,0,0,0,0,0,0,0
6586,4,2,8,10,18,0,731,0,-1,0,132961,7,0,25,0,0,0,0,0,0,0,51,0,0,0,0,0,0,0,0,0,0,0,0,0,0,0,0
6587,4,2,8,7,19,0,563,0,-1,0,134582,7,0,60,0,0,0,0,0,0,0,73,0,0,0,0,0,0,0,0,0,0,0,0,0,0,0,0
6590,4,3,5,8,24,0,838,0,-1,0,132589,10,0,50,0,0,0,0,0,0,0,134,0,0,0,0,0,0,0,0,0,0,0,0,0,0,0,0
6591,4,3,5,9,22,0,1089,0,-1,0,132609,10,0,35,0,0,0,0,0,0,0,83,0,0,0,0,0,0,0,0,0,0,0,0,0,0,0,0
6592,4,3,5,5,24,0,502,0,-1,0,132629,10,0,100,0,0,0,0,0,0,0,195,0,0,0,0,0,0,0,0,0,0,0,0,0,0,0,0
6593,4,1,7,16,21,0,1005,0,-1,0,133770,7,0,0,0,0,0,0,0,0,0,20,0,0,0,0,0,0,0,0,0,0,0,0,0,0,0,0
6594,4,3,5,6,23,0,922,0,-1,0,132500,10,0,35,0,0,0,0,0,0,0,108,0,0,0,0,0,0,0,0,0,0,0,0,0,0,0,0
6595,4,3,5,10,23,0,754,0,-1,0,132960,10,0,35,0,0,0,0,0,0,0,120,0,0,0,0,0,0,0,0,0,0,0,0,0,0,0,0
6596,4,3,5,7,23,0,586,0,-1,0,134586,10,0,75,0,0,0,0,0,0,0,168,0,0,0,0,0,0,0,0,0,0,0,0,0,0,0,0
6597,4,3,5,3,23,0,1174,0,-1,0,135038,10,0,60,0,0,0,0,0,0,0,144,0,0,0,0,0,0,0,0,0,0,0,0,0,0,0,0
6598,4,6,1,14,23,4,2022,0,-1,0,134956,9,0,80,0,0,0,0,0,0,0,545,0,0,0,0,0,0,0,0,0,0,0,0,0,0,0,0
6599,4,6,1,14,24,4,2022,0,-1,0,134951,9,0,85,0,0,0,0,0,0,0,561,0,0,0,0,0,0,0,0,0,0,0,0,0,0,0,0
6600,4,2,8,6,22,0,900,0,-1,0,132514,7,0,30,0,0,0,0,0,0,0,50,0,0,0,0,0,0,0,0,0,0,0,0,0,0,0,0
6601,4,2,8,8,23,0,817,0,-1,0,132537,7,0,40,0,0,0,0,0,0,0,62,0,0,0,0,0,0,0,0,0,0,0,0,0,0,0,0
6602,4,2,8,9,22,0,1068,0,-1,0,132611,7,0,30,0,0,0,0,0,0,0,39,0,0,0,0,0,0,0,0,0,0,0,0,0,0,0,0
6603,4,2,8,5,25,0,481,0,-1,0,132716,7,0,85,0,0,0,0,0,0,0,94,0,0,0,0,0,0,0,0,0,0,0,0,0,0,0,0
6604,4,1,7,16,21,0,984,0,-1,0,133759,7,0,0,0,0,0,0,0,0,0,20,0,0,0,0,0,0,0,0,0,0,0,0,0,0,0,0
6605,4,2,8,10,23,0,733,0,-1,0,132958,7,0,30,0,0,0,0,0,0,0,56,0,0,0,0,0,0,0,0,0,0,0,0,0,0,0,0
6607,4,2,8,7,25,0,565,0,-1,0,134587,7,0,65,0,0,0,0,0,0,0,82,0,0,0,0,0,0,0,0,0,0,0,0,0,0,0,0
6614,4,1,7,16,23,0,964,0,-1,0,133768,7,0,0,0,0,0,0,0,0,0,21,0,0,0,0,0,0,0,0,0,0,0,0,0,0,0,0
6622,2,7,1,21,58,3,0,0,-1,0,135349,8,0,90,0,0,0,0,0,0,0,0,0,0,0,0,0,0,81,0,0,0,0,151,0,0,0,0
6627,4,3,5,5,23,0,0,0,-1,0,132743,10,0,120,0,0,0,0,0,0,0,211,0,0,0,0,0,0,0,0,0,0,0,0,0,0,0,0
6629,4,1,7,16,18,0,0,0,-1,0,133769,7,0,0,0,0,0,0,0,0,0,18,0,0,0,0,0,0,0,0,0,0,0,0,0,0,0,0
6630,4,6,1,14,20,4,0,0,-1,0,134956,9,0,90,0,0,0,0,0,0,0,566,0,0,0,0,0,0,0,0,0,0,0,0,0,0,0,0
6631,2,10,2,17,20,2,0,0,-1,0,135162,13,0,90,0,0,0,0,0,0,0,0,0,0,5,0,0,0,49,0,0,0,0,74,0,0,0,0
6632,4,1,7,16,15,0,0,0,-1,0,133754,7,0,0,0,0,0,0,0,0,0,17,0,0,0,0,0,0,0,0,0,0,0,0,0,0,0,0
6633,2,7,1,13,18,3,0,0,-1,0,135314,8,0,65,0,0,0,0,0,0,0,0,0,0,0,0,0,0,23,0,0,0,0,44,0,0,0,0
6641,2,8,1,17,21,1,0,0,-1,0,135315,9,0,80,0,0,0,0,0,0,0,0,0,0,0,0,0,0,53,0,0,0,0,80,0,0,0,0
6642,4,3,5,5,20,0,0,0,-1,0,132627,10,0,105,0,0,0,0,0,0,0,201,0,0,0,0,0,0,0,0,0,0,0,0,0,0,0,0
6660,2,15,1,13,50,3,0,0,-1,0,135643,8,0,65,0,0,0,0,0,0,0,0,0,0,0,0,0,0,33,0,0,0,0,62,0,0,0,0
6665,4,3,5,9,0,0,0,0,-1,0,132606,10,0,35,0,0,0,0,0,0,0,81,0,0,0,0,0,0,0,0,0,0,0,0,0,0,0,0
6666,4,3,5,8,0,0,0,0,-1,0,132535,10,0,45,0,0,0,0,0,0,0,119,0,0,0,0,0,0,0,0,0,0,0,0,0,0,0,0
6667,4,1,7,16,0,0,0,0,-1,0,133765,7,0,0,0,0,0,0,0,0,0,20,0,0,0,0,0,0,0,0,0,0,0,0,0,0,0,0
6668,4,2,8,8,0,0,0,0,-1,0,132537,7,0,40,0,0,0,0,0,0,0,61,0,0,0,0,0,0,0,0,0,0,0,0,0,0,0,0
6669,4,0,0,11,0,0,0,0,-1,0,133354,14,0,0,0,0,0,0,0,0,0,0,0,0,0,0,0,0,0,0,0,0,0,0,0,0,0,0
6670,4,2,8,5,0,0,0,0,-1,0,132716,7,0,80,0,0,0,0,0,0,0,89,0,0,0,0,0,0,0,0,0,0,0,0,0,0,0,0
6671,4,3,5,7,0,0,0,0,-1,0,134583,10,0,70,0,0,0,0,0,0,0,165,0,0,0,0,0,0,0,0,0,0,0,0,0,0,0,0
6675,4,3,5,9,0,0,0,0,-1,0,132605,10,0,35,0,0,0,0,0,0,0,83,0,0,0,0,0,0,0,0,0,0,0,0,0,0,0,0
6677,2,19,2,26,0,0,0,0,-1,0,135467,21,0,50,0,0,6,0,0,0,0,0,0,0,0,0,0,0,24,0,0,0,0,45,0,0,0,0
6678,4,0,4,11,0,0,0,0,-1,0,132521,14,0,0,0,0,0,0,0,0,0,0,0,0,0,0,0,0,0,0,0,0,0,0,0,0,0,0
6679,2,6,1,17,24,2,0,0,-1,0,135128,9,0,85,0,0,0,0,0,0,0,0,0,0,0,0,0,0,41,0,0,0,0,62,0,0,0,0
6686,4,3,5,1,28,0,0,0,-1,0,133077,10,0,60,0,0,0,0,0,0,0,168,0,0,0,0,0,0,0,0,0,0,0,0,0,0,0,0
6687,2,1,1,17,29,1,0,0,-1,0,135562,9,0,100,0,0,0,0,0,0,0,0,0,0,0,0,0,0,88,0,0,0,0,132,0,0,0,0
6689,2,10,2,17,27,2,0,0,-1,0,135138,13,0,100,0,0,0,0,0,0,0,0,0,0,0,0,0,0,70,0,0,0,0,106,0,0,0,0
6690,4,2,8,7,29,0,0,0,-1,0,134594,7,0,65,0,0,0,0,0,0,0,87,0,0,0,0,0,0,0,0,0,0,0,0,0,0,0,0
6691,2,15,1,13,30,3,0,0,-1,0,133723,8,0,65,0,0,0,0,0,0,0,0,0,0,0,0,0,0,24,0,0,0,0,45,0,0,0,0
6692,2,0,1,13,31,3,0,0,-1,0,132409,8,0,90,0,0,0,0,0,0,0,0,0,0,0,0,0,0,40,0,0,0,0,75,0,0,0,0
6693,4,0,5,11,31,1,0,0,-1,0,133722,14,0,0,0,0,0,0,0,0,0,0,0,0,0,0,0,0,0,0,0,0,0,0,0,0,0,0
6694,4,6,1,14,31,4,0,0,-1,0,134948,9,0,100,0,0,0,0,0,0,0,776,0,0,0,0,0,0,0,0,0,0,0,0,0,0,0,0
6695,4,0,3,2,27,0,0,0,-1,0,133291,14,0,0,0,0,0,0,0,0,0,0,0,0,0,0,0,0,0,0,0,0,0,0,0,0,0,0
6696,2,2,2,15,27,0,0,0,-1,0,135500,12,0,75,2,0,0,0,0,0,0,0,0,0,0,0,0,0,19,0,0,0,0,36,0,0,0,0
6719,4,2,8,6,0,0,0,0,-1,0,132504,7,0,30,0,0,0,0,0,0,0,53,0,0,0,0,0,0,0,0,0,0,0,0,0,0,0,0
6720,4,2,8,1,0,0,0,0,-1,0,133119,7,0,50,0,0,0,0,0,0,0,85,0,0,0,0,0,0,0,0,0,0,0,0,0,0,0,0
6721,4,3,5,5,0,0,0,0,-1,0,132720,10,0,90,0,0,0,0,0,0,0,180,0,0,0,0,0,0,0,0,0,0,0,0,0,0,0,0
6722,4,3,5,9,0,0,0,0,-1,0,132602,10,0,35,0,0,0,0,0,0,0,87,0,0,0,0,0,0,0,0,0,0,0,0,0,0,0,0
6723,4,0,3,2,0,0,0,0,-1,0,133278,14,0,0,0,0,0,0,0,0,0,0,0,0,0,0,0,0,0,0,0,0,0,0,0,0,0,0
6725,4,6,1,14,0,4,0,0,-1,0,134956,9,0,100,0,0,0,0,0,0,0,776,0,0,0,0,0,0,0,0,0,0,0,0,0,0,0,0
6727,4,2,8,10,0,0,0,0,-1,0,132958,7,0,30,0,0,0,0,0,0,0,70,0,0,0,0,0,0,0,0,0,0,0,0,0,0,0,0
6729,2,19,2,26,0,0,0,0,-1,0,135473,21,0,55,0,0,2,0,0,0,0,0,0,0,0,0,0,0,32,0,0,0,0,61,0,0,0,0
6731,4,3,5,5,15,0,0,0,-1,0,132740,10,0,80,0,0,0,0,0,0,0,168,0,0,0,0,0,0,0,0,0,0,0,0,0,0,0,0
6732,4,2,8,10,0,0,0,0,-1,0,132949,7,0,30,0,0,0,0,0,0,0,66,0,0,0,0,0,0,0,0,0,0,0,0,0,0,0,0
6733,4,3,5,10,23,0,0,0,-1,0,132939,10,0,35,0,0,0,0,0,0,0,120,0,0,0,0,0,0,0,0,0,0,0,0,0,0,0,0
6738,2,0,1,21,0,3,0,0,-1,0,132403,8,0,75,0,0,0,0,0,0,0,0,0,0,0,0,0,0,30,0,0,0,0,57,0,0,0,0
6739,2,2,2,15,0,0,0,0,-1,0,135496,12,0,65,2,0,0,0,0,0,0,0,0,0,0,0,0,0,19,0,0,0,0,36,0,0,0,0
6740,4,2,8,6,0,0,0,0,-1,0,132499,7,0,30,0,0,0,0,0,0,0,52,0,0,0,0,0,0,0,0,0,0,0,0,0,0,0,0
6742,4,3,5,6,0,0,0,0,-1,0,132524,10,0,40,0,0,0,0,0,0,0,134,0,0,0,0,0,0,0,0,0,0,0,0,0,0,0,0
6743,4,0,4,11,0,0,0,0,-1,0,133350,14,0,0,0,0,0,0,0,0,0,0,0,0,0,0,0,0,0,0,0,0,0,0,0,0,0,0
6745,4,1,7,16,0,0,0,0,-1,0,133765,7,0,0,0,0,0,0,0,0,0,23,0,0,0,0,0,0,0,0,0,0,0,0,0,0,0,0
6748,4,0,5,11,0,1,0,0,-1,0,133356,14,0,0,0,0,0,0,0,0,0,0,0,0,0,0,0,0,0,0,0,0,0,0,0,0,0,0
6750,4,0,5,11,0,1,0,0,-1,0,133348,14,0,0,0,0,0,0,0,0,0,0,0,0,0,0,0,0,0,0,0,0,0,0,0,0,0,0
6751,4,1,7,16,0,0,0,0,-1,0,133763,7,0,0,0,0,0,0,0,0,0,21,0,0,0,0,0,0,0,0,0,0,0,0,0,0,0,0
6752,4,2,8,8,0,0,0,0,-1,0,132537,7,0,45,0,0,0,0,0,0,0,64,0,0,0,0,0,0,0,0,0,0,0,0,0,0,0,0
6757,4,0,5,11,0,0,0,0,-1,0,133347,14,0,0,0,0,0,0,0,0,0,0,0,0,0,0,0,0,0,0,0,0,0,0,0,0,0,0
6773,4,3,5,5,0,0,0,0,-1,0,132629,10,0,100,0,0,0,0,0,0,0,238,0,0,0,0,0,0,0,0,0,0,0,0,0,0,0,0
6774,4,0,3,23,0,7,0,0,-1,0,135465,12,0,0,0,0,0,0,0,0,0,0,0,0,0,0,0,0,0,0,0,0,0,0,0,0,0,0
6784,4,2,8,10,0,0,0,0,-1,0,132938,7,0,30,0,0,0,0,0,0,0,64,0,0,0,0,0,0,0,0,0,0,0,0,0,0,0,0
6788,4,2,8,6,0,0,0,0,-1,0,132500,7,0,30,0,0,0,0,0,0,0,65,0,0,0,0,0,0,0,0,0,0,0,0,0,0,0,0
6789,4,1,7,16,0,0,0,0,-1,0,133764,7,0,0,0,0,0,0,0,0,0,28,0,0,0,0,0,0,0,0,0,0,0,0,0,0,0,0
6790,4,0,1,11,0,0,0,0,-1,0,133344,14,0,0,0,0,0,0,0,0,0,0,0,0,0,0,0,0,0,0,0,0,0,0,0,0,0,0
6792,4,3,5,3,0,0,0,0,-1,0,135060,10,0,60,0,0,0,0,0,0,0,173,0,0,0,0,0,0,0,0,0,0,0,0,0,0,0,0
6793,4,3,5,9,0,0,0,0,-1,0,132613,10,0,35,0,0,0,0,0,0,0,101,0,0,0,0,0,0,0,0,0,0,0,0,0,0,0,0
6794,4,2,8,10,0,0,0,0,-1,0,132960,7,0,30,0,0,0,0,0,0,0,69,0,0,0,0,0,0,0,0,0,0,0,0,0,0,0,0
6797,2,19,2,26,0,0,0,0,-1,0,135465,21,0,55,0,0,6,0,0,0,0,0,0,0,0,0,0,0,36,0,0,0,0,68,0,0,0,0
6798,2,3,1,26,0,0,0,0,-1,0,135613,8,0,65,3,0,0,0,0,0,0,0,0,0,0,0,0,0,30,0,0,0,0,56,0,0,0,0
6802,2,7,1,13,0,3,0,0,-1,0,135317,8,0,90,0,0,0,0,0,0,0,0,0,0,0,0,0,0,39,0,0,0,0,74,0,0,0,0
6803,4,0,3,23,0,2,0,0,-1,0,135138,12,0,0,0,0,0,0,0,0,0,0,0,0,0,0,0,0,0,0,0,0,0,0,0,0,0,0
6804,2,4,2,21,0,3,0,0,-1,0,133042,8,0,75,0,0,0,0,0,0,0,0,0,0,0,0,0,0,32,0,0,0,0,61,0,0,0,0
6806,2,19,2,26,0,0,0,0,-1,0,135466,21,0,55,0,0,2,0,0,0,0,0,0,0,0,0,0,0,32,0,0,0,0,60,0,0,0,0
6828,4,6,1,14,0,4,0,0,-1,0,134956,9,0,85,0,0,0,0,0,0,0,711,0,0,0,0,0,0,0,0,0,0,0,0,0,0,0,0
6829,2,7,1,13,0,3,0,0,-1,0,135328,8,0,90,0,0,0,0,0,0,0,0,0,0,0,0,0,0,46,0,0,0,0,86,0,0,0,0
6830,2,1,1,17,0,1,0,0,-1,0,132395,9,0,100,0,0,0,0,0,0,0,0,0,0,0,0,0,0,105,0,0,0,0,159,0,0,0,0
6831,2,15,1,13,0,3,0,0,-1,0,135311,8,0,65,0,0,0,0,0,0,0,0,0,0,0,0,0,0,31,0,0,0,0,58,0,0,0,0
6832,4,1,7,16,0,0,0,0,-1,0,132656,7,0,0,0,0,0,0,0,0,0,28,0,0,0,0,0,0,0,0,0,0,0,0,0,0,0,0
6898,4,0,0,23,0,7,0,0,-1,0,134335,21,0,0,0,0,0,0,0,0,0,0,0,0,0,0,0,0,0,0,0,0,0,0,0,0,0,0
6901,4,1,7,16,24,0,0,0,-1,0,134305,7,0,0,0,0,0,0,0,0,0,23,0,0,0,0,0,0,0,0,0,0,0,0,0,0,0,0
6902,4,2,8,9,22,0,0,0,-1,0,132607,7,0,30,0,0,0,0,0,0,0,39,0,0,0,0,0,0,0,0,0,0,0,0,0,0,0,0
6904,2,15,1,13,23,3,0,0,-1,0,134298,8,0,60,0,0,0,0,0,0,0,0,0,0,0,0,0,0,16,0,0,0,0,30,0,0,0,0
6905,2,1,1,17,22,1,0,0,-1,0,135576,9,0,80,0,0,0,0,0,0,0,0,0,0,0,0,0,0,48,0,0,0,0,73,0,0,0,0
6906,4,3,5,10,23,0,0,0,-1,0,132944,10,0,40,0,0,0,0,0,0,0,132,0,0,0,0,0,0,0,0,0,0,0,0,0,0,0,0
6907,4,3,5,5,20,0,0,0,-1,0,135010,10,0,105,0,0,0,0,0,0,0,201,0,0,0,0,0,0,0,0,0,0,0,0,0,0,0,0
6909,2,8,1,17,26,1,0,0,-1,0,135352,9,0,100,0,0,0,0,0,0,0,0,0,0,0,0,0,0,67,0,0,0,0,102,0,0,0,0
6911,4,2,8,6,26,0,0,0,-1,0,132514,7,0,35,0,0,0,0,0,0,0,59,0,0,0,0,0,0,0,0,0,0,0,0,0,0,0,0
6953,2,5,2,17,0,1,0,0,-1,0,133042,9,0,100,0,0,0,0,0,0,0,0,0,0,0,0,0,0,65,0,0,0,0,99,0,0,0,0
6966,2,0,1,21,0,3,0,0,-1,0,132395,8,0,50,0,0,0,0,0,0,0,0,0,0,0,0,0,0,14,0,0,0,0,28,0,0,0,0
6967,2,7,1,21,0,3,0,0,-1,0,135274,8,0,50,0,0,0,0,0,0,0,0,0,0,0,0,0,0,11,0,0,0,0,21,0,0,0,0
6968,2,4,2,21,0,3,0,0,-1,0,133057,8,0,50,0,0,0,0,0,0,0,0,0,0,0,0,0,0,12,0,0,0,0,23,0,0,0,0
6969,2,15,1,13,0,3,0,0,-1,0,135641,8,0,35,0,0,0,0,0,0,0,0,0,0,0,0,0,0,9,0,0,0,0,17,0,0,0,0
6970,4,6,1,14,0,4,0,0,-1,0,134951,9,0,65,0,0,0,0,0,0,0,411,0,0,0,0,0,0,0,0,0,0,0,0,0,0,0,0
6971,4,3,5,1,0,0,0,0,-1,0,133141,10,0,60,0,0,0,0,0,0,0,163,0,0,0,0,0,0,0,0,0,0,0,0,0,0,0,0
6972,4,3,5,5,0,0,0,0,-1,0,132629,10,0,120,0,0,0,0,0,0,0,218,0,0,0,0,0,0,0,0,0,0,0,0,0,0,0,0
6973,4,3,5,7,0,0,0,0,-1,0,134583,10,0,75,0,0,0,0,0,0,0,171,0,0,0,0,0,0,0,0,0,0,0,0,0,0,0,0
6974,4,3,5,10,0,0,0,0,-1,0,132938,10,0,35,0,0,0,0,0,0,0,126,0,0,0,0,0,0,0,0,0,0,0,0,0,0,0,0
6975,2,1,1,17,0,1,0,0,-1,0,132403,9,0,100,0,0,0,0,0,0,0,0,0,0,0,0,0,0,102,0,0,0,0,154,0,0,0,0
6976,2,5,2,17,0,1,0,0,-1,0,133045,9,0,100,0,0,0,0,0,0,0,0,0,0,0,0,0,0,97,0,0,0,0,146,0,0,0,0
6977,2,8,1,17,0,1,0,0,-1,0,135313,9,0,100,0,0,0,0,0,0,0,0,0,0,0,0,0,0,82,0,0,0,0,124,0,0,0,0
6978,2,0,1,21,0,3,0,0,-1,0,132408,8,0,50,0,0,0,0,0,0,0,0,0,0,0,0,0,0,14,0,0,0,0,28,0,0,0,0
6979,2,0,1,21,0,3,0,0,-1,0,132392,8,0,50,0,0,0,0,0,0,0,0,0,0,0,0,0,0,14,0,0,0,0,28,0,0,0,0
6980,2,15,1,13,0,3,0,0,-1,0,135651,8,0,35,0,0,0,0,0,0,0,0,0,0,0,0,0,0,9,0,0,0,0,17,0,0,0,0
6982,2,4,2,21,0,3,0,0,-1,0,133487,8,0,50,0,0,0,0,0,0,0,0,0,0,0,0,0,0,12,0,0,0,0,23,0,0,0,0
6983,2,4,2,21,0,3,0,0,-1,0,133045,8,0,50,0,0,0,0,0,0,0,0,0,0,0,0,0,0,12,0,0,0,0,23,0,0,0,0
7000,4,2,8,6,0,0,0,0,-1,0,132493,7,0,30,0,0,0,0,0,0,0,48,0,0,0,0,0,0,0,0,0,0,0,0,0,0,0,0
7001,2,19,2,26,0,0,0,0,-1,0,135466,21,0,65,0,0,5,0,0,0,0,0,0,0,0,0,5,0,30,0,0,0,0,57,0,0,0,0
7002,4,6,1,14,0,4,0,0,-1,0,134948,9,0,100,0,0,0,0,0,0,0,642,0,0,0,5,0,0,0,0,0,0,0,0,0,0,0,0
7004,4,1,7,16,0,0,0,0,-1,0,133770,7,0,0,0,0,0,0,0,0,0,20,0,0,0,0,0,0,0,0,0,0,0,0,0,0,0,0
7053,4,1,7,16,30,0,0,0,-1,0,132655,7,0,0,0,0,0,0,0,0,0,23,0,0,0,0,0,0,0,0,0,0,0,0,0,0,0,0
7056,4,1,7,16,31,0,0,0,-1,0,132657,7,0,0,0,0,0,0,0,0,0,24,0,7,0,0,0,0,0,0,0,0,0,0,0,0,0,0
7117,2,4,2,21,0,3,0,0,-1,0,133049,8,0,50,0,0,0,0,0,0,0,0,0,0,0,0,0,0,12,0,0,0,0,23,0,0,0,0
7120,4,6,1,14,0,4,0,0,-1,0,134960,9,0,65,0,0,0,0,0,0,0,411,0,0,0,0,0,0,0,0,0,0,0,0,0,0,0,0
7130,4,3,5,1,0,0,0,0,-1,0,133070,10,0,60,0,0,0,0,0,0,0,163,0,0,0,0,0,0,0,0,0,0,0,0,0,0,0,0
7188,4,6,1,14,19,4,0,0,-1,0,134950,9,0,75,0,0,0,0,0,0,0,478,0,0,0,0,0,0,0,0,0,0,0,0,0,0,0,0
7229,4,3,5,5,0,0,0,0,-1,0,132634,10,0,70,0,0,0,0,0,0,0,129,0,0,0,0,0,0,0,0,0,0,0,0,0,0,0,0
7230,2,5,2,17,18,1,0,0,-1,0,133046,9,0,80,0,0,0,0,0,0,0,0,0,0,0,0,0,0,55,0,0,0,0,83,0,0,0,0
7283,4,1,7,16,15,0,0,0,-1,0,134305,7,0,0,0,0,0,0,0,0,0,17,0,0,0,0,0,0,0,0,0,0,0,0,0,0,0,0
7284,4,2,8,10,19,0,0,0,-1,0,132939,7,0,25,0,0,0,0,0,0,0,52,0,0,0,0,0,0,0,0,0,0,0,0,0,0,0,0
7298,2,15,1,13,0,3,0,0,-1,0,135662,8,0,30,0,0,0,0,0,0,0,0,0,0,0,0,0,0,9,0,0,0,0,18,0,0,0,0
7330,4,6,1,14,28,4,2028,0,-1,0,134955,9,0,85,0,0,0,0,0,0,0,628,0,0,0,0,0,0,0,0,0,0,0,0,0,0,0,0
7331,4,6,1,14,29,4,2034,0,-1,0,134953,9,0,85,0,0,0,0,0,0,0,645,0,0,0,0,0,0,0,0,0,0,0,0,0,0,0,0
7335,4,2,8,5,0,0,0,0,-1,0,132721,7,0,85,0,0,0,0,0,0,0,90,0,0,0,0,0,0,0,0,0,0,0,0,0,0,0,0
7336,4,3,5,5,0,0,0,0,-1,0,132624,10,0,90,0,0,0,0,0,0,0,180,0,0,0,0,0,0,0,0,0,0,0,0,0,0,0,0
7348,4,2,8,10,20,0,0,0,-1,0,132939,7,0,30,0,0,0,0,0,0,0,53,0,0,0,0,0,0,0,0,0,0,0,0,0,0,0,0
7349,4,2,8,10,22,0,0,0,-1,0,132952,7,0,30,0,0,0,0,0,0,0,55,0,0,0,0,0,0,0,0,0,0,0,0,0,0,0,0
7352,4,2,8,3,22,0,0,0,-1,0,135037,7,0,50,0,0,0,0,0,0,0,67,0,0,0,0,0,0,0,0,0,0,0,0,0,0,0,0
7356,4,1,7,16,25,0,964,0,-1,0,133754,7,0,0,0,0,0,0,0,0,0,21,0,0,0,0,0,0,0,0,0,0,0,0,0,0,0,0
7358,4,2,8,10,23,0,0,0,-1,0,132939,7,0,30,0,0,0,0,0,0,0,56,0,0,0,0,0,0,0,0,0,0,0,0,0,0,0,0
7359,4,2,8,10,24,0,0,0,-1,0,132957,7,0,30,0,0,0,0,0,0,0,57,0,0,0,0,0,0,0,0,0,0,0,0,0,0,0,0
7373,4,2,8,7,28,0,0,0,-1,0,134587,7,0,65,0,0,0,0,0,0,0,86,0,0,0,0,0,0,0,0,0,0,0,0,0,0,0,0
7374,4,2,8,5,30,0,0,0,-1,0,132718,7,0,85,0,0,0,0,0,0,0,102,0,0,0,0,0,0,0,0,0,0,0,0,0,0,0,0
7375,4,2,8,5,30,0,0,0,-1,0,132631,7,0,85,0,0,0,0,0,0,0,102,0,0,0,0,0,0,0,0,0,0,0,0,0,0,0,0
7377,4,1,7,16,31,0,0,0,-1,0,133756,7,0,0,0,0,0,0,0,0,0,24,0,0,0,0,0,0,0,0,0,0,0,0,0,0,0,0
7378,4,2,8,9,32,0,0,0,-1,0,132606,7,0,30,0,0,0,0,0,0,0,46,0,0,0,0,0,0,0,0,0,0,0,0,0,0,0,0
7386,4,2,8,9,33,0,0,0,-1,0,132605,7,0,30,0,0,0,0,0,0,0,47,0,0,0,0,0,0,0,0,0,0,0,0,0,0,0,0
7387,4,2,8,6,34,0,0,0,-1,0,132495,7,0,30,0,0,0,0,0,0,0,61,0,0,0,0,0,0,0,0,0,0,0,0,0,0,0,0
7390,4,2,8,8,35,0,0,0,-1,0,132541,7,0,45,0,0,0,0,0,0,0,76,0,0,0,0,0,0,0,0,0,0,0,0,0,0,0,0
7391,4,2,8,8,35,0,0,0,-1,0,132542,7,0,45,0,0,0,0,0,0,0,76,0,0,0,0,0,0,0,0,0,0,0,0,0,0,0,0
7406,4,2,8,6,27,0,902,0,-1,0,132492,7,0,30,0,0,0,0,0,0,0,54,0,0,0,0,0,0,0,0,0,0,0,0,0,0,0,0
7407,4,2,8,5,30,0,483,0,-1,0,132718,7,0,85,0,0,0,0,0,0,0,102,0,0,0,0,0,0,0,0,0,0,0,0,0,0,0,0
7408,4,2,8,3,28,0,1154,0,-1,0,135039,7,0,50,0,0,0,0,0,0,0,74,0,0,0,0,0,0,0,0,0,0,0,0,0,0,0,0
7409,4,2,8,8,28,0,818,0,-1,0,132539,7,0,45,0,0,0,0,0,0,0,68,0,0,0,0,0,0,0,0,0,0,0,0,0,0,0,0
7410,4,2,8,9,26,0,1070,0,-1,0,132606,7,0,30,0,0,0,0,0,0,0,42,0,0,0,0,0,0,0,0,0,0,0,0,0,0,0,0
7411,4,1,7,16,26,0,986,0,-1,0,133754,7,0,0,0,0,0,0,0,0,0,22,0,0,0,0,0,0,0,0,0,0,0,0,0,0,0,0
7412,4,2,8,10,27,0,734,0,-1,0,132956,7,0,30,0,0,0,0,0,0,0,60,0,0,0,0,0,0,0,0,0,0,0,0,0,0,0,0
7413,4,2,8,1,28,0,650,0,-1,0,133117,7,0,50,0,0,0,0,0,0,0,80,0,0,0,0,0,0,0,0,0,0,0,0,0,0,0,0
7414,4,2,8,7,29,0,567,0,-1,0,134587,7,0,65,0,0,0,0,0,0,0,87,0,0,0,0,0,0,0,0,0,0,0,0,0,0,0,0
7415,4,2,8,3,24,0,1153,0,-1,0,135039,7,0,50,0,0,0,0,0,0,0,69,0,0,0,0,0,0,0,0,0,0,0,0,0,0,0,0
7416,4,3,5,9,26,0,1091,0,-1,0,132613,10,0,35,0,0,0,0,0,0,0,88,0,0,0,0,0,0,0,0,0,0,0,0,0,0,0,0
7417,4,3,5,8,29,0,840,0,-1,0,132535,10,0,50,0,0,0,0,0,0,0,144,0,0,0,0,0,0,0,0,0,0,0,0,0,0,0,0
7418,4,3,5,5,30,0,504,0,-1,0,132736,10,0,100,0,0,0,0,0,0,0,213,0,0,0,0,0,0,0,0,0,0,0,0,0,0,0,0
7419,4,1,7,16,25,0,1006,0,-1,0,133767,7,0,0,0,0,0,0,0,0,0,21,0,0,0,0,0,0,0,0,0,0,0,0,0,0,0,0
7420,4,3,5,1,28,0,671,0,-1,0,132767,10,0,60,0,0,0,0,0,0,0,168,0,0,0,0,0,0,0,0,0,0,0,0,0,0,0,0
7421,4,3,5,10,28,0,755,0,-1,0,132945,10,0,35,0,0,0,0,0,0,0,129,0,0,0,0,0,0,0,0,0,0,0,0,0,0,0,0
7422,4,3,5,6,27,0,923,0,-1,0,132494,10,0,35,0,0,0,0,0,0,0,115,0,0,0,0,0,0,0,0,0,0,0,0,0,0,0,0
7423,4,3,5,7,29,0,588,0,-1,0,134584,10,0,75,0,0,0,0,0,0,0,184,0,0,0,0,0,0,0,0,0,0,0,0,0,0,0,0
7424,4,3,5,3,28,0,1175,0,-1,0,135057,10,0,60,0,0,0,0,0,0,0,155,0,0,0,0,0,0,0,0,0,0,0,0,0,0,0,0
7436,4,1,7,16,30,0,966,0,-1,0,133765,7,0,0,0,0,0,0,0,0,0,23,0,0,0,0,0,0,0,0,0,0,0,0,0,0,0,0
7439,4,2,8,5,35,0,485,0,-1,0,132719,7,0,85,0,0,0,0,0,0,0,110,0,0,0,0,0,0,0,0,0,0,0,0,0,0,0,0
7440,4,2,8,7,34,0,568,0,-1,0,134706,7,0,65,0,0,0,0,0,0,0,95,0,0,0,0,0,0,0,0,0,0,0,0,0,0,0,0
7441,4,2,8,1,33,0,652,0,-1,0,133117,7,0,50,0,0,0,0,0,0,0,86,0,0,0,0,0,0,0,0,0,0,0,0,0,0,0,0
7443,4,2,8,10,32,0,736,0,-1,0,132939,7,0,30,0,0,0,0,0,0,0,65,0,0,0,0,0,0,0,0,0,0,0,0,0,0,0,0
7444,4,2,8,8,32,0,820,0,-1,0,132592,7,0,45,0,0,0,0,0,0,0,72,0,0,0,0,0,0,0,0,0,0,0,0,0,0,0,0
7445,4,2,8,3,33,0,1156,0,-1,0,135039,7,0,50,0,0,0,0,0,0,0,80,0,0,0,0,0,0,0,0,0,0,0,0,0,0,0,0
7446,4,1,7,16,31,0,987,0,-1,0,133758,7,0,0,0,0,0,0,0,0,0,24,0,0,0,0,0,0,0,0,0,0,0,0,0,0,0,0
7447,4,2,8,9,31,0,1071,0,-1,0,132607,7,0,30,0,0,0,0,0,0,0,45,0,0,0,0,0,0,0,0,0,0,0,0,0,0,0,0
7448,4,2,8,6,31,0,903,0,-1,0,132493,7,0,30,0,0,0,0,0,0,0,58,0,0,0,0,0,0,0,0,0,0,0,0,0,0,0,0
7454,4,3,5,5,34,0,505,0,-1,0,132739,10,0,100,0,0,0,0,0,0,0,227,0,0,0,0,0,0,0,0,0,0,0,0,0,0,0,0
7455,4,3,5,7,34,0,589,0,-1,0,134584,10,0,75,0,0,0,0,0,0,0,199,0,0,0,0,0,0,0,0,0,0,0,0,0,0,0,0
7456,4,3,5,1,33,0,673,0,-1,0,132767,10,0,60,0,0,0,0,0,0,0,181,0,0,0,0,0,0,0,0,0,0,0,0,0,0,0,0
7457,4,3,5,10,32,0,757,0,-1,0,132962,10,0,35,0,0,0,0,0,0,0,137,0,0,0,0,0,0,0,0,0,0,0,0,0,0,0,0
7458,4,3,5,8,32,0,841,0,-1,0,132535,10,0,50,0,0,0,0,0,0,0,151,0,0,0,0,0,0,0,0,0,0,0,0,0,0,0,0
7459,4,3,5,3,33,0,1177,0,-1,0,135058,10,0,60,0,0,0,0,0,0,0,167,0,0,0,0,0,0,0,0,0,0,0,0,0,0,0,0
7460,4,1,7,16,29,0,1008,0,-1,0,133768,7,0,0,0,0,0,0,0,0,0,23,0,0,0,0,0,0,0,0,0,0,0,0,0,0,0,0
7461,4,3,5,9,31,0,1092,0,-1,0,132606,10,0,35,0,0,0,0,0,0,0,95,0,0,0,0,0,0,0,0,0,0,0,0,0,0,0,0
7462,4,3,5,6,32,0,925,0,-1,0,132515,10,0,35,0,0,0,0,0,0,0,123,0,0,0,0,0,0,0,0,0,0,0,0,0,0,0,0
7463,4,6,1,14,33,4,2040,0,-1,0,134956,9,0,85,0,0,0,0,0,0,0,711,0,0,0,0,0,0,0,0,0,0,0,0,0,0,0,0
7465,4,6,1,14,34,4,2040,0,-1,0,134952,9,0,85,0,0,0,0,0,0,0,728,0,0,0,0,0,0,0,0,0,0,0,0,0,0,0,0
7474,4,1,7,16,35,0,968,0,-1,0,133754,7,0,0,0,0,0,0,0,0,0,26,0,0,0,0,0,0,0,0,0,0,0,0,0,0,0,0
7477,4,2,8,5,40,0,486,0,-1,0,132723,7,0,85,0,0,0,0,0,0,0,121,0,0,0,0,0,0,0,0,0,0,0,0,0,0,0,0
7478,4,2,8,7,38,0,570,0,-1,0,134594,7,0,65,0,0,0,0,0,0,0,103,0,0,0,0,0,0,0,0,0,0,0,0,0,0,0,0
7479,4,2,8,1,37,0,653,0,-1,0,133111,7,0,50,0,0,0,0,0,0,0,93,0,0,0,0,0,0,0,0,0,0,0,0,0,0,0,0
7480,4,2,8,10,36,0,737,0,-1,0,132959,7,0,30,0,0,0,0,0,0,0,70,0,0,0,0,0,0,0,0,0,0,0,0,0,0,0,0
7481,4,2,8,8,37,0,821,0,-1,0,132542,7,0,45,0,0,0,0,0,0,0,79,0,0,0,0,0,0,0,0,0,0,0,0,0,0,0,0
7482,4,2,8,3,37,0,1157,0,-1,0,135049,7,0,50,0,0,0,0,0,0,0,86,0,0,0,0,0,0,0,0,0,0,0,0,0,0,0,0
7483,4,1,7,16,35,0,989,0,-1,0,133753,7,0,0,0,0,0,0,0,0,0,26,0,0,0,0,0,0,0,0,0,0,0,0,0,0,0,0
7484,4,2,8,9,36,0,1073,0,-1,0,132608,7,0,30,0,0,0,0,0,0,0,49,0,0,0,0,0,0,0,0,0,0,0,0,0,0,0,0
7485,4,2,8,6,36,0,905,0,-1,0,132506,7,0,30,0,0,0,0,0,0,0,63,0,0,0,0,0,0,0,0,0,0,0,0,0,0,0,0
7486,4,3,5,5,39,0,507,0,-1,0,132742,10,0,100,0,0,0,0,0,0,0,245,0,0,0,0,0,0,0,0,0,0,0,0,0,0,0,0
7487,4,3,5,7,38,0,591,0,-1,0,134590,10,0,75,0,0,0,0,0,0,0,211,0,0,0,0,0,0,0,0,0,0,0,0,0,0,0,0
7488,4,3,5,1,37,0,674,0,-1,0,132767,10,0,60,0,0,0,0,0,0,0,193,0,0,0,0,0,0,0,0,0,0,0,0,0,0,0,0
7489,4,3,5,10,36,0,758,0,-1,0,132938,10,0,35,0,0,0,0,0,0,0,146,0,0,0,0,0,0,0,0,0,0,0,0,0,0,0,0
7490,4,3,5,8,37,0,842,0,-1,0,132590,10,0,50,0,0,0,0,0,0,0,164,0,0,0,0,0,0,0,0,0,0,0,0,0,0,0,0
7491,4,3,5,3,38,0,1179,0,-1,0,135049,10,0,60,0,0,0,0,0,0,0,181,0,0,0,0,0,0,0,0,0,0,0,0,0,0,0,0
7492,4,1,7,16,34,0,1009,0,-1,0,133753,7,0,0,0,0,0,0,0,0,0,26,0,0,0,0,0,0,0,0,0,0,0,0,0,0,0,0
7493,4,3,5,9,35,0,1094,0,-1,0,132611,10,0,35,0,0,0,0,0,0,0,101,0,0,0,0,0,0,0,0,0,0,0,0,0,0,0,0
7494,4,3,5,6,36,0,926,0,-1,0,132514,10,0,35,0,0,0,0,0,0,0,132,0,0,0,0,0,0,0,0,0,0,0,0,0,0,0,0
7495,4,6,1,14,39,4,2052,0,-1,0,134956,9,0,85,0,0,0,0,0,0,0,1380,0,0,0,0,0,0,0,0,0,0,0,0,0,0,0,0
7496,4,6,1,14,38,4,2052,0,-1,0,134951,9,0,85,0,0,0,0,0,0,0,1257,0,0,0,0,0,0,0,0,0,0,0,0,0,0,0,0
7507,4,0,0,23,0,7,0,0,-1,0,134333,21,0,0,0,0,0,0,0,0,0,0,0,0,0,0,0,0,0,0,0,0,0,0,0,0,0,0
7513,2,19,2,26,0,0,0,0,-1,0,135471,21,0,65,0,0,2,0,0,0,0,0,0,0,0,0,0,0,36,0,0,0,0,68,0,0,0,0
7514,2,19,2,26,0,0,0,0,-1,0,135467,21,0,65,0,0,4,0,0,0,0,0,0,0,0,0,0,0,41,0,0,0,0,78,0,0,0,0
7524,4,1,7,16,39,0,969,0,-1,0,133766,7,0,0,0,0,0,0,0,0,0,29,0,0,0,0,0,0,0,0,0,0,0,0,0,0,0,0
7527,4,2,8,5,45,0,488,0,-1,0,132720,7,0,85,0,0,0,0,0,0,0,132,0,0,0,0,0,0,0,0,0,0,0,0,0,0,0,0
7528,4,2,8,7,43,0,571,0,-1,0,134706,7,0,65,0,0,0,0,0,0,0,112,0,0,0,0,0,0,0,0,0,0,0,0,0,0,0,0
7529,4,2,8,1,42,0,655,0,-1,0,133120,7,0,50,0,0,0,0,0,0,0,103,0,0,0,0,0,0,0,0,0,0,0,0,0,0,0,0
7530,4,2,8,10,41,0,739,0,-1,0,132956,7,0,30,0,0,0,0,0,0,0,77,0,0,0,0,0,0,0,0,0,0,0,0,0,0,0,0
7531,4,2,8,8,41,0,823,0,-1,0,132535,7,0,45,0,0,0,0,0,0,0,85,0,0,0,0,0,0,0,0,0,0,0,0,0,0,0,0
7532,4,2,8,3,42,0,1159,0,-1,0,135032,7,0,50,0,0,0,0,0,0,0,95,0,0,0,0,0,0,0,0,0,0,0,0,0,0,0,0
7533,4,1,7,16,39,0,990,0,-1,0,133770,7,0,0,0,0,0,0,0,0,0,29,0,0,0,0,0,0,0,0,0,0,0,0,0,0,0,0
7534,4,2,8,9,40,0,1074,0,-1,0,132615,7,0,30,0,0,0,0,0,0,0,53,0,0,0,0,0,0,0,0,0,0,0,0,0,0,0,0
7535,4,2,8,6,41,0,907,0,-1,0,132501,7,0,30,0,0,0,0,0,0,0,70,0,0,0,0,0,0,0,0,0,0,0,0,0,0,0,0
7536,4,6,1,14,43,4,2058,0,-1,0,134949,9,0,85,0,0,0,0,0,0,0,1493,0,0,0,0,0,0,0,0,0,0,0,0,0,0,0,0
7537,4,6,1,14,44,4,2064,0,-1,0,134953,9,0,85,0,0,0,0,0,0,0,1521,0,0,0,0,0,0,0,0,0,0,0,0,0,0,0,0
7538,4,3,5,5,43,0,508,0,-1,0,132627,10,0,100,0,0,0,0,0,0,0,263,0,0,0,0,0,0,0,0,0,0,0,0,0,0,0,0
7539,4,3,5,7,43,0,592,0,-1,0,134583,10,0,75,0,0,0,0,0,0,0,230,0,0,0,0,0,0,0,0,0,0,0,0,0,0,0,0
7540,4,3,5,1,42,0,676,0,-1,0,133070,10,0,60,0,0,0,0,0,0,0,210,0,0,0,0,0,0,0,0,0,0,0,0,0,0,0,0
7541,4,3,5,10,41,0,760,0,-1,0,132963,10,0,35,0,0,0,0,0,0,0,158,0,0,0,0,0,0,0,0,0,0,0,0,0,0,0,0
7542,4,3,5,8,41,0,844,0,-1,0,132590,10,0,50,0,0,0,0,0,0,0,174,0,0,0,0,0,0,0,0,0,0,0,0,0,0,0,0
7543,4,3,5,3,42,0,1180,0,-1,0,135053,10,0,60,0,0,0,0,0,0,0,194,0,0,0,0,0,0,0,0,0,0,0,0,0,0,0,0
7544,4,1,7,16,39,0,1011,0,-1,0,133763,7,0,0,0,0,0,0,0,0,0,29,0,0,0,0,0,0,0,0,0,0,0,0,0,0,0,0
7545,4,3,5,9,40,0,1095,0,-1,0,132615,10,0,35,0,0,0,0,0,0,0,109,0,0,0,0,0,0,0,0,0,0,0,0,0,0,0,0
7546,4,3,5,6,41,0,928,0,-1,0,132493,10,0,35,0,0,0,0,0,0,0,143,0,0,0,0,0,0,0,0,0,0,0,0,0,0,0,0
7549,4,0,3,2,42,0,0,0,-1,0,132520,14,0,0,0,0,0,0,0,0,0,0,0,0,0,0,0,0,0,0,0,0,0,0,0,0,0,0
7550,4,0,3,2,42,0,0,0,-1,0,133289,14,0,0,0,0,0,0,0,0,0,0,0,0,0,0,0,0,0,0,0,0,0,0,0,0,0,0
7551,4,0,3,2,42,0,0,0,-1,0,133294,14,0,0,0,0,0,0,0,0,0,0,0,0,0,0,0,0,0,0,0,0,0,0,0,0,0,0
7552,4,0,5,11,39,1,0,0,-1,0,133352,14,0,0,0,0,0,0,0,0,0,0,0,0,0,0,0,0,0,0,0,0,0,0,0,0,0,0
7553,4,0,5,11,43,1,0,0,-1,0,133353,14,0,0,0,0,0,0,0,0,0,0,0,0,0,0,0,0,0,0,0,0,0,0,0,0,0,0
7555,4,0,0,23,40,7,2050,0,-1,0,135464,21,0,0,0,0,0,0,0,0,0,0,0,0,0,0,0,0,0,0,0,0,0,0,0,0,0,0
7556,4,0,0,23,35,7,2044,0,-1,0,134336,21,0,0,0,0,0,0,0,0,0,0,0,0,0,0,0,0,0,0,0,0,0,0,0,0,0,0
7557,4,0,2,23,45,7,2062,0,-1,0,135464,12,0,0,0,0,0,0,0,0,0,0,0,0,0,0,0,0,0,0,0,0,0,0,0,0,0,0
7558,4,0,0,23,20,7,2014,0,-1,0,135466,12,0,0,0,0,0,0,0,0,0,0,0,0,0,0,0,0,0,0,0,0,0,0,0,0,0,0
7606,4,3,5,10,0,0,0,0,-1,0,132938,10,0,30,0,0,0,0,0,0,0,109,0,0,0,0,0,0,0,0,0,0,0,0,0,0,0,0
7607,2,19,2,26,0,0,0,0,-1,0,135139,21,0,45,0,0,5,0,0,0,0,0,0,0,0,0,0,0,21,0,0,0,0,40,0,0,0,0
7608,4,0,0,23,16,7,0,0,-1,0,132791,8,0,0,0,0,0,0,0,0,0,0,0,0,0,0,0,0,0,0,0,0,0,0,0,0,0,0
7609,4,0,0,23,30,7,2032,0,-1,0,135144,13,0,0,0,0,0,0,0,0,0,0,0,0,0,0,0,0,0,0,0,0,0,0,0,0,0,0
7610,4,0,0,23,36,7,0,0,-1,0,134121,21,0,0,0,0,0,0,0,0,0,0,0,0,0,0,0,0,0,0,0,0,0,0,0,0,0,0
7611,4,0,3,23,41,7,0,0,-1,0,135140,13,0,0,0,0,0,0,0,0,0,0,0,0,0,0,0,0,0,0,0,0,0,0,0,0,0,0
7673,4,0,0,2,0,0,0,0,-1,0,133289,14,0,0,0,0,0,0,0,0,0,0,0,0,0,0,0,0,0,0,0,0,0,0,0,0,0,0
7682,2,15,1,13,29,3,0,0,-1,0,135124,8,0,65,0,0,0,2,0,0,0,0,0,0,0,0,0,0,21,5,0,0,0,39,7,0,0,0
7685,4,0,0,23,33,7,0,0,-1,0,134334,21,0,0,0,0,0,0,0,0,0,0,0,0,0,0,0,0,0,0,0,0,0,0,0,0,0,0
7686,4,0,5,11,30,1,0,0,-1,0,133346,14,0,0,0,0,0,0,0,0,0,0,0,0,0,0,0,0,0,0,0,0,0,0,0,0,0,0
7687,2,4,2,13,30,3,0,0,-1,0,133056,8,0,90,0,0,0,0,0,0,0,0,0,0,0,0,0,0,38,0,0,0,0,72,0,0,0,0
7688,4,3,5,5,30,0,0,0,-1,0,132750,10,0,120,0,0,0,0,0,0,0,235,0,0,0,0,0,0,0,0,0,0,0,0,0,0,0,0
7689,2,8,1,17,30,1,0,0,-1,0,135302,9,0,100,0,0,0,0,0,0,0,0,0,0,0,0,0,0,70,0,0,0,0,105,0,0,0,0
7690,4,2,8,10,30,0,0,0,-1,0,132966,7,0,35,0,0,0,0,0,0,0,70,0,0,0,0,0,0,0,0,0,0,0,0,0,0,0,0
7708,2,19,2,26,30,0,0,0,-1,0,135466,21,0,65,0,0,5,0,0,0,0,0,0,0,0,0,0,0,32,0,0,0,0,61,0,0,0,0
7710,2,10,2,17,31,2,0,0,-1,0,135155,13,0,100,0,0,0,0,0,0,0,0,0,0,0,0,0,0,77,0,0,0,0,117,0,0,0,0
7713,2,10,2,17,34,2,0,0,-1,0,135466,13,0,100,0,0,0,0,0,0,0,0,0,0,0,0,0,0,94,0,0,0,0,142,0,0,0,0
7714,2,15,1,21,34,3,0,0,-1,0,135643,8,0,65,0,0,0,0,0,0,0,0,0,0,0,0,0,0,26,0,0,0,0,49,0,0,0,0
7717,2,1,1,17,37,1,0,0,-1,0,135575,9,0,100,0,0,0,0,0,0,0,0,0,0,0,0,0,0,104,0,0,0,0,157,0,0,0,0
7718,4,3,5,3,37,0,0,0,-1,0,135032,10,0,70,0,0,0,0,0,0,0,196,0,0,0,0,0,0,0,0,0,0,0,0,0,0,0,0
7719,4,3,5,1,37,0,0,0,-1,0,133127,10,0,70,0,0,0,0,0,0,0,213,0,0,0,0,0,0,0,0,0,0,0,0,0,0,0,0
7721,2,4,2,21,39,3,0,0,-1,0,133039,8,0,90,0,0,0,0,0,0,0,0,0,0,0,0,0,0,56,0,0,0,0,105,0,0,0,0
7722,4,0,3,2,39,0,0,0,-1,0,133276,14,0,0,0,0,0,0,0,0,0,0,0,0,0,0,0,0,0,0,0,0,0,0,0,0,0,0
7723,2,5,2,17,39,1,0,0,-1,0,133488,9,0,100,0,0,0,0,0,0,0,0,0,0,0,0,0,0,87,0,0,0,0,131,0,0,0,0
7724,4,3,5,10,39,0,0,0,-1,0,132953,10,0,40,0,0,0,0,0,0,0,168,0,0,0,0,0,0,0,0,0,0,0,0,0,0,0,0
7726,4,6,1,14,39,4,0,0,-1,0,134951,9,0,100,0,0,0,0,0,0,0,1548,0,0,0,0,0,0,0,0,0,0,0,0,0,0,0,0
7727,4,2,8,3,27,0,0,0,-1,0,135054,7,0,60,0,0,0,0,0,0,0,80,0,0,0,0,0,0,0,0,0,0,0,0,0,0,0,0
7729,2,3,1,26,28,0,0,0,-1,0,135615,8,0,75,3,0,0,0,0,0,0,0,0,0,0,0,0,0,26,0,0,0,0,50,0,0,0,0
7730,2,5,2,17,29,1,0,0,-1,0,133041,9,0,100,0,0,0,4,0,0,0,0,0,0,0,0,0,0,74,5,0,0,0,111,5,0,0,0
7731,4,0,3,2,30,0,0,0,-1,0,133293,14,0,0,0,0,0,0,0,0,0,0,0,0,0,0,0,0,0,0,0,0,0,0,0,0,0,0
7734,4,0,0,12,46,0,0,0,-1,0,133622,18,0,0,0,0,0,0,0,0,0,0,0,0,0,0,0,0,0,0,0,0,0,0,0,0,0,0
7736,2,4,2,13,34,3,0,0,-1,0,133486,8,0,90,0,0,0,0,0,0,0,0,0,0,0,0,0,0,41,0,0,0,0,76,0,0,0,0
7739,4,1,7,16,0,0,0,0,-1,0,133769,7,0,0,0,0,0,0,0,0,0,16,0,0,0,0,0,0,0,0,0,0,0,0,0,0,0,0
7746,4,0,3,2,0,0,0,0,-1,0,133434,24,0,0,0,0,0,0,0,0,0,0,0,0,0,0,0,0,0,0,0,0,0,0,0,0,0,0
7747,4,6,1,14,0,4,0,0,-1,0,134948,9,0,85,0,0,0,0,0,0,0,1051,0,0,0,0,0,0,0,0,0,0,0,0,0,0,0,0
7752,2,4,2,21,28,3,0,0,-1,0,133054,8,0,90,0,0,0,0,0,0,0,0,0,0,0,0,0,0,31,0,0,0,0,59,0,0,0,0
7753,2,1,1,17,27,1,0,0,-1,0,132401,9,0,100,0,0,0,0,0,0,0,0,0,0,0,0,0,0,57,0,0,0,0,87,0,0,0,0
7754,4,2,8,8,25,0,0,0,-1,0,132539,7,0,50,0,0,0,0,0,0,0,71,0,0,0,0,0,0,0,0,0,0,0,0,0,0,0,0
7755,4,2,8,3,33,0,0,0,-1,0,135044,7,0,60,0,0,0,0,0,0,0,88,0,0,0,0,0,0,0,0,0,0,0,0,0,0,0,0
7756,4,2,8,10,29,0,0,0,-1,0,132941,7,0,30,0,0,0,0,0,0,0,62,0,0,0,0,0,0,0,0,0,0,0,0,0,0,0,0
7757,2,10,2,17,32,2,0,0,-1,0,135469,13,0,100,0,0,0,0,0,0,0,0,0,0,0,0,0,0,80,0,0,0,0,121,0,0,0,0
7758,2,6,1,17,34,2,0,0,-1,0,135131,9,0,100,0,0,0,0,0,0,0,0,0,0,0,0,0,0,75,0,0,0,0,113,0,0,0,0
7759,4,3,5,5,33,0,0,0,-1,0,132633,10,0,120,0,0,0,0,0,0,0,245,0,0,0,0,0,0,0,0,0,0,0,0,0,0,0,0
7760,4,2,8,7,34,0,0,0,-1,0,134586,7,0,75,0,0,0,0,0,0,0,105,0,0,0,0,0,0,0,0,0,0,0,0,0,0,0,0
7761,2,0,1,21,33,3,0,0,-1,0,132397,8,0,90,0,0,0,0,0,0,0,0,0,0,0,0,0,0,32,0,0,0,0,61,0,0,0,0
7786,2,0,1,13,25,3,0,0,-1,0,132405,8,0,90,0,0,0,0,0,0,0,0,0,0,0,0,0,0,30,0,0,0,0,57,0,0,0,0
7787,4,6,1,14,26,4,0,0,-1,0,134948,9,0,100,0,0,0,0,0,0,0,680,0,0,0,0,0,0,0,0,0,0,0,0,0,0,0,0
7913,4,3,5,3,27,0,0,0,-1,0,135054,10,0,60,0,0,0,0,0,0,0,153,0,0,0,0,0,0,0,0,0,0,0,0,0,0,0,0
7914,4,3,5,5,27,0,0,0,-1,0,132636,10,0,100,0,0,0,0,0,0,0,204,0,0,0,0,0,0,0,0,0,0,0,0,0,0,0,0
7915,4,3,5,1,30,0,0,0,-1,0,133127,10,0,60,0,0,0,0,0,0,0,173,0,0,0,0,0,0,0,0,0,0,0,0,0,0,0,0
7916,4,3,5,8,31,0,0,0,-1,0,132582,10,0,50,0,0,0,0,0,0,0,149,0,0,0,0,0,0,0,0,0,0,0,0,0,0,0,0
7917,4,3,5,10,32,0,0,0,-1,0,132965,10,0,35,0,0,0,0,0,0,0,137,0,0,0,0,0,0,0,0,0,0,0,0,0,0,0,0
7918,4,4,6,3,40,0,0,0,-1,0,135053,11,0,70,0,0,0,0,0,0,0,225,0,0,0,0,0,0,0,0,0,0,0,0,0,0,0,0
7919,4,4,6,10,40,0,0,0,-1,0,132961,11,0,40,0,0,0,0,0,0,0,188,0,0,0,0,0,0,0,0,0,0,0,0,0,0,0,0
7920,4,3,5,7,37,0,0,0,-1,0,134583,10,0,75,0,0,0,0,0,0,0,208,0,0,0,0,0,0,0,0,0,0,0,0,0,0,0,0
7921,4,4,6,7,40,0,0,0,-1,0,134583,11,0,85,0,0,0,0,0,0,0,297,0,0,0,0,0,0,0,0,0,0,0,0,0,0,0,0
7925,4,3,5,10,39,0,0,0,-1,0,132965,10,0,35,0,0,0,0,0,0,0,153,0,0,0,0,0,0,0,0,0,0,0,0,0,0,0,0
7926,4,4,6,7,40,0,0,0,-1,0,134584,11,0,85,0,0,0,0,0,0,0,375,0,0,0,0,0,0,0,0,0,0,0,0,0,0,0,0
7927,4,4,6,10,40,0,0,0,-1,0,132965,11,0,40,0,0,0,0,0,0,0,268,0,0,0,0,0,0,0,0,0,0,0,0,0,0,0,0
7928,4,4,6,3,40,0,0,0,-1,0,135040,11,0,70,0,0,0,0,0,0,0,327,0,0,0,0,0,0,0,0,0,0,0,0,0,0,0,0
7930,4,4,6,5,41,0,0,0,-1,0,132745,11,0,115,0,0,0,0,0,0,0,446,0,0,0,0,0,0,0,0,0,0,0,0,0,0,0,0
7931,4,3,5,1,41,0,0,0,-1,0,133137,10,0,60,0,0,0,0,0,0,0,206,0,0,0,0,0,0,0,0,0,0,0,0,0,0,0,0
7932,4,3,5,3,42,0,0,0,-1,0,135043,10,0,60,0,0,0,0,0,0,0,194,0,0,0,0,0,0,0,0,0,0,0,0,0,0,0,0
7933,4,4,6,8,42,0,0,0,-1,0,132582,11,0,55,0,0,0,0,0,0,0,312,0,0,0,0,0,0,0,0,0,0,0,0,0,0,0,0
7934,4,4,6,1,42,0,0,0,-1,0,133078,11,0,70,0,0,0,0,0,0,0,369,0,0,0,0,0,0,0,0,0,0,0,0,0,0,0,0
7935,4,4,6,5,43,0,0,0,-1,0,132745,11,0,115,0,0,0,0,0,0,0,463,0,0,0,0,0,0,0,0,0,0,0,0,0,0,0,0
7936,4,4,6,8,44,0,0,0,-1,0,132535,11,0,55,0,0,0,0,0,0,0,324,0,0,0,0,0,0,0,0,0,0,0,0,0,0,0,0
7937,4,4,6,1,44,0,0,0,-1,0,133078,11,0,70,0,0,0,0,0,0,0,383,0,0,0,0,0,0,0,0,0,0,0,0,0,0,0,0
7938,4,4,6,10,40,0,0,0,-1,0,132963,11,0,45,0,0,0,0,0,0,0,300,0,0,0,0,0,0,0,0,0,0,0,0,0,0,0,0
7939,4,4,6,5,44,0,0,0,-1,0,132739,11,0,135,0,0,0,0,0,0,0,519,0,0,0,0,0,0,0,0,0,0,0,0,0,0,0,0
7941,2,0,1,21,37,3,0,0,-1,0,132405,8,0,75,0,0,0,0,0,0,0,0,0,0,0,0,0,0,45,0,0,0,0,85,0,0,0,0
7942,2,0,1,13,39,3,0,0,-1,0,132394,8,0,75,0,0,0,0,0,0,0,0,0,0,0,0,0,0,32,0,0,0,0,61,0,0,0,0
7943,2,7,1,21,40,3,0,0,-1,0,135280,8,0,75,0,0,0,0,0,0,0,0,0,0,0,0,0,0,43,0,0,0,0,80,0,0,0,0
7944,2,7,1,21,43,3,0,0,-1,0,135340,8,0,75,0,0,0,0,0,0,0,0,0,0,0,0,0,0,34,0,0,0,0,63,0,0,0,0
7945,2,4,2,21,41,3,0,0,-1,0,133490,8,0,75,0,0,0,0,0,0,0,0,0,0,0,0,0,0,46,0,0,0,0,86,0,0,0,0
7946,2,4,2,21,44,3,0,0,-1,0,133054,8,0,75,0,0,0,0,0,0,0,0,0,0,0,0,0,0,41,0,0,0,0,76,0,0,0,0
7947,2,15,1,13,46,3,0,0,-1,0,135650,8,0,55,0,0,0,0,0,0,0,0,0,0,0,0,0,0,32,0,0,0,0,59,0,0,0,0
7954,2,4,2,21,42,3,0,0,-1,0,133055,8,0,90,0,0,0,0,0,0,0,0,0,0,0,0,0,0,53,0,0,0,0,99,0,0,0,0
7959,2,6,1,17,45,2,0,0,-1,0,135130,9,0,100,0,0,0,0,0,0,0,0,0,0,0,0,0,0,93,0,0,0,0,141,0,0,0,0
7960,2,8,1,17,47,1,0,0,-1,0,135317,9,0,100,0,0,0,0,0,0,0,0,0,0,0,0,0,0,108,0,0,0,0,162,0,0,0,0
7961,2,7,1,21,44,1,0,0,-1,0,135350,8,0,90,0,0,0,0,0,0,0,0,0,0,0,0,0,0,59,0,0,0,0,111,0,0,0,0
7963,4,3,5,5,35,0,0,0,-1,0,132740,10,0,100,0,0,0,0,0,0,0,231,0,0,0,0,0,0,0,0,0,0,0,0,0,0,0,0
8006,2,15,1,13,34,3,0,0,-1,0,135661,8,0,65,0,0,0,0,0,0,0,0,0,0,0,0,0,0,31,0,0,0,0,59,0,0,0,0
8071,2,19,2,26,0,0,0,0,-1,0,135139,21,0,45,0,0,2,0,0,0,0,0,0,0,0,0,0,0,21,0,0,0,0,39,0,0,0,0
8109,4,1,7,16,41,0,0,0,-1,0,133767,7,0,0,0,0,0,0,0,0,0,30,0,0,0,0,0,0,0,0,0,0,0,0,0,0,0,0
8116,4,2,8,6,42,0,0,0,-1,0,132501,7,0,30,0,0,0,0,0,0,0,71,0,0,0,0,0,0,0,0,0,0,0,0,0,0,0,0
8117,4,2,8,8,42,0,0,0,-1,0,132535,7,0,45,0,0,0,0,0,0,0,87,0,0,0,0,0,0,0,0,0,0,0,0,0,0,0,0
8118,4,2,8,9,41,0,0,0,-1,0,132602,7,0,30,0,0,0,0,0,0,0,54,0,0,0,0,0,0,0,0,0,0,0,0,0,0,0,0
8119,4,2,8,5,46,0,0,0,-1,0,132717,7,0,85,0,0,0,0,0,0,0,135,0,0,0,0,0,0,0,0,0,0,0,0,0,0,0,0
8120,4,1,7,16,40,0,0,0,-1,0,133770,7,0,0,0,0,0,0,0,0,0,30,0,0,0,0,0,0,0,0,0,0,0,0,0,0,0,0
8121,4,2,8,10,42,0,0,0,-1,0,132949,7,0,30,0,0,0,0,0,0,0,79,0,0,0,0,0,0,0,0,0,0,0,0,0,0,0,0
8122,4,2,8,1,43,0,0,0,-1,0,133127,7,0,50,0,0,0,0,0,0,0,104,0,0,0,0,0,0,0,0,0,0,0,0,0,0,0,0
8123,4,2,8,7,44,0,0,0,-1,0,134586,7,0,65,0,0,0,0,0,0,0,114,0,0,0,0,0,0,0,0,0,0,0,0,0,0,0,0
8124,4,2,8,3,43,0,0,0,-1,0,135054,7,0,50,0,0,0,0,0,0,0,96,0,0,0,0,0,0,0,0,0,0,0,0,0,0,0,0
8125,4,3,5,9,43,0,0,0,-1,0,132602,10,0,35,0,0,0,0,0,0,0,115,0,0,0,0,0,0,0,0,0,0,0,0,0,0,0,0
8126,4,3,5,5,46,0,0,0,-1,0,132628,10,0,100,0,0,0,0,0,0,0,278,0,0,0,0,0,0,0,0,0,0,0,0,0,0,0,0
8127,4,1,7,16,42,0,0,0,-1,0,133766,7,0,0,0,0,0,0,0,0,0,31,0,0,0,0,0,0,0,0,0,0,0,0,0,0,0,0
8128,4,3,5,10,44,0,0,0,-1,0,132938,10,0,35,0,0,0,0,0,0,0,168,0,0,0,0,0,0,0,0,0,0,0,0,0,0,0,0
8129,4,3,5,6,44,0,0,0,-1,0,132495,10,0,35,0,0,0,0,0,0,0,151,0,0,0,0,0,0,0,0,0,0,0,0,0,0,0,0
8130,4,3,5,8,44,0,0,0,-1,0,132535,10,0,50,0,0,0,0,0,0,0,184,0,0,0,0,0,0,0,0,0,0,0,0,0,0,0,0
8131,4,3,5,1,45,0,0,0,-1,0,133078,10,0,60,0,0,0,0,0,0,0,222,0,0,0,0,0,0,0,0,0,0,0,0,0,0,0,0
8132,4,3,5,7,46,0,0,0,-1,0,134592,10,0,75,0,0,0,0,0,0,0,243,0,0,0,0,0,0,0,0,0,0,0,0,0,0,0,0
8133,4,3,5,3,45,0,0,0,-1,0,135057,10,0,60,0,0,0,0,0,0,0,205,0,0,0,0,0,0,0,0,0,0,0,0,0,0,0,0
8134,4,6,1,14,46,4,0,0,-1,0,134948,9,0,85,0,0,0,0,0,0,0,1578,0,0,0,0,0,0,0,0,0,0,0,0,0,0,0,0
8135,4,6,1,14,41,4,0,0,-1,0,134950,9,0,85,0,0,0,0,0,0,0,1436,0,0,0,0,0,0,0,0,0,0,0,0,0,0,0,0
8137,4,4,6,9,40,0,0,0,-1,0,132613,11,0,40,0,0,0,0,0,0,0,167,0,0,0,0,0,0,0,0,0,0,0,0,0,0,0,0
8138,4,4,6,5,42,0,0,0,-1,0,132749,11,0,115,0,0,0,0,0,0,0,454,0,0,0,0,0,0,0,0,0,0,0,0,0,0,0,0
8139,4,4,6,10,40,0,0,0,-1,0,132962,11,0,40,0,0,0,0,0,0,0,268,0,0,0,0,0,0,0,0,0,0,0,0,0,0,0,0
8140,4,4,6,6,40,0,0,0,-1,0,132503,11,0,40,0,0,0,0,0,0,0,215,0,0,0,0,0,0,0,0,0,0,0,0,0,0,0,0
8141,4,4,6,8,40,0,0,0,-1,0,132539,11,0,55,0,0,0,0,0,0,0,294,0,0,0,0,0,0,0,0,0,0,0,0,0,0,0,0
8142,4,4,6,1,40,0,0,0,-1,0,133124,11,0,70,0,0,0,0,0,0,0,348,0,0,0,0,0,0,0,0,0,0,0,0,0,0,0,0
8143,4,4,6,7,41,0,0,0,-1,0,134583,11,0,85,0,0,0,0,0,0,0,390,0,0,0,0,0,0,0,0,0,0,0,0,0,0,0,0
8144,4,4,6,3,40,0,0,0,-1,0,135060,11,0,70,0,0,0,0,0,0,0,327,0,0,0,0,0,0,0,0,0,0,0,0,0,0,0,0
8156,4,4,6,9,40,0,0,0,-1,0,132606,11,0,40,0,0,0,0,0,0,0,116,0,0,0,0,0,0,0,0,0,0,0,0,0,0,0,0
8157,4,4,6,5,40,0,0,0,-1,0,132746,11,0,115,0,0,0,0,0,0,0,339,0,0,0,0,0,0,0,0,0,0,0,0,0,0,0,0
8158,4,4,6,10,40,0,0,0,-1,0,132951,11,0,40,0,0,0,0,0,0,0,166,0,0,0,0,0,0,0,0,0,0,0,0,0,0,0,0
8159,4,4,6,6,40,0,0,0,-1,0,132511,11,0,40,0,0,0,0,0,0,0,149,0,0,0,0,0,0,0,0,0,0,0,0,0,0,0,0
8160,4,4,6,8,40,0,0,0,-1,0,132583,11,0,55,0,0,0,0,0,0,0,182,0,0,0,0,0,0,0,0,0,0,0,0,0,0,0,0
8161,4,4,6,1,40,0,0,0,-1,0,133159,11,0,70,0,0,0,0,0,0,0,215,0,0,0,0,0,0,0,0,0,0,0,0,0,0,0,0
8162,4,4,6,7,40,0,0,0,-1,0,134583,11,0,85,0,0,0,0,0,0,0,263,0,0,0,0,0,0,0,0,0,0,0,0,0,0,0,0
8163,4,4,6,3,40,0,0,0,-1,0,135043,11,0,70,0,0,0,0,0,0,0,225,0,0,0,0,0,0,0,0,0,0,0,0,0,0,0,0
8174,4,2,8,1,35,0,0,0,-1,0,133117,7,0,50,0,0,0,0,0,0,0,90,0,0,0,0,0,0,0,0,0,0,0,0,0,0,0,0
8175,4,2,8,5,36,0,0,0,-1,0,132718,7,0,85,0,0,0,0,0,0,0,113,0,0,0,0,0,0,0,0,0,0,0,0,0,0,0,0
8176,4,2,8,1,36,0,0,0,-1,0,132513,7,0,50,0,0,0,0,0,0,0,91,0,0,0,0,0,0,0,0,0,0,0,0,0,0,0,0
8183,2,2,2,15,22,0,0,0,-1,0,135492,12,0,60,2,0,0,0,0,0,0,0,0,0,0,0,0,0,20,0,0,0,0,37,0,0,0,0
8184,2,19,2,26,24,0,0,0,-1,0,135473,21,0,55,0,0,2,0,0,0,0,0,0,0,0,0,0,0,24,0,0,0,0,46,0,0,0,0
8185,4,3,5,7,42,0,0,0,-1,0,134582,10,0,75,0,0,0,0,0,0,0,226,0,0,0,0,0,0,0,0,0,0,0,0,0,0,0,0
8186,2,19,2,26,21,0,0,0,-1,0,135468,21,0,50,0,0,5,0,0,0,0,0,0,0,0,0,0,0,24,0,0,0,0,45,0,0,0,0
8187,4,3,5,10,36,0,0,0,-1,0,132939,10,0,35,0,0,0,0,0,0,0,146,0,0,0,0,0,0,0,0,0,0,0,0,0,0,0,0
8188,2,3,1,26,32,0,0,0,-1,0,135617,8,0,65,3,0,0,0,0,0,0,0,0,0,0,0,0,0,22,0,0,0,0,42,0,0,0,0
8189,4,3,5,5,37,0,0,0,-1,0,132634,10,0,100,0,0,0,0,0,0,0,238,0,0,0,0,0,0,0,0,0,0,0,0,0,0,0,0
8190,2,7,1,13,50,3,0,0,-1,0,135280,8,0,90,0,0,0,0,0,0,0,0,0,0,0,0,0,0,38,0,0,0,0,71,0,0,0,0
8191,4,3,5,1,41,0,0,0,-1,0,133142,10,0,60,0,0,0,0,0,0,0,206,0,0,0,0,0,0,0,0,0,0,0,0,0,0,0,0
8192,4,2,8,3,37,0,0,0,-1,0,135038,7,0,50,0,0,0,0,0,0,0,86,0,0,0,0,0,0,0,0,0,0,0,0,0,0,0,0
8193,4,2,8,7,41,0,0,0,-1,0,134591,7,0,65,0,0,0,0,0,0,0,108,0,0,0,0,0,0,0,0,0,0,0,0,0,0,0,0
8194,2,4,2,13,38,3,5251,0,-1,0,133043,8,0,75,0,0,0,0,0,0,0,0,0,0,0,0,0,0,38,0,0,0,0,72,0,0,0,0
8195,4,1,7,16,41,0,0,0,-1,0,133755,7,0,0,0,0,0,0,0,0,0,30,0,0,0,0,0,0,0,0,0,0,0,0,0,0,0,0
8196,2,7,1,13,38,3,5258,0,-1,0,135346,8,0,75,0,0,0,0,0,0,0,0,0,0,0,0,0,0,33,0,0,0,0,62,0,0,0,0
8197,4,2,8,8,42,0,0,0,-1,0,132539,7,0,45,0,0,0,0,0,0,0,87,0,0,0,0,0,0,0,0,0,0,0,0,0,0,0,0
8198,4,3,5,9,37,0,0,0,-1,0,132605,10,0,35,0,0,0,0,0,0,0,104,0,0,0,0,0,0,0,0,0,0,0,0,0,0,0,0
8199,2,8,1,17,42,1,5272,0,-1,0,135327,9,0,85,0,0,0,0,0,0,0,0,0,0,0,0,0,0,90,0,0,0,0,136,0,0,0,0
8200,4,2,8,20,38,0,0,0,-1,0,132666,7,0,85,0,0,0,0,0,0,0,117,0,0,0,0,0,0,0,0,0,0,0,0,0,0,0,0
8201,4,2,8,1,39,0,0,0,-1,0,132482,7,0,50,0,0,0,0,0,0,0,97,0,0,0,0,0,0,0,0,0,0,0,0,0,0,0,0
8202,4,2,8,7,42,0,0,0,-1,0,134582,7,0,65,0,0,0,0,0,0,0,110,0,0,0,0,0,0,0,0,0,0,0,0,0,0,0,0
8203,4,3,5,5,39,0,0,0,-1,0,132717,10,0,100,0,0,0,0,0,0,0,245,0,0,0,0,0,0,0,0,0,0,0,0,0,0,0,0
8204,4,3,5,10,40,0,0,0,-1,0,132958,10,0,35,0,0,0,0,0,0,0,155,0,0,0,0,0,0,0,0,0,0,0,0,0,0,0,0
8205,4,3,5,9,39,0,0,0,-1,0,132608,10,0,35,0,0,0,0,0,0,0,107,0,0,0,0,0,0,0,0,0,0,0,0,0,0,0,0
8206,4,3,5,7,44,0,0,0,-1,0,134592,10,0,75,0,0,0,0,0,0,0,235,0,0,0,0,0,0,0,0,0,0,0,0,0,0,0,0
8207,4,3,5,3,43,0,0,0,-1,0,135035,10,0,60,0,0,0,0,0,0,0,197,0,0,0,0,0,0,0,0,0,0,0,0,0,0,0,0
8208,4,3,5,1,45,0,0,0,-1,0,133122,10,0,60,0,0,0,0,0,0,0,222,0,0,0,0,0,0,0,0,0,0,0,0,0,0,0,0
8209,4,3,5,8,42,0,0,0,-1,0,132539,10,0,50,0,0,0,0,0,0,0,178,0,0,0,0,0,0,0,0,0,0,0,0,0,0,0,0
8210,4,2,8,3,39,0,1158,0,-1,0,135049,7,0,50,0,0,0,0,0,0,0,90,0,0,0,0,0,0,0,0,0,0,0,0,0,0,0,0
8211,4,2,8,5,40,0,486,0,-1,0,132647,7,0,85,0,0,0,0,0,0,0,121,0,0,0,0,0,0,0,0,0,0,0,0,0,0,0,0
8212,4,2,8,7,45,0,572,0,-1,0,134594,7,0,65,0,0,0,0,0,0,0,116,0,0,0,0,0,0,0,0,0,0,0,0,0,0,0,0
8213,4,2,8,8,44,0,824,0,-1,0,132541,7,0,45,0,0,0,0,0,0,0,90,0,0,0,0,0,0,0,0,0,0,0,0,0,0,0,0
8214,4,2,8,1,40,0,654,0,-1,0,133078,7,0,50,0,0,0,0,0,0,0,99,0,0,0,0,0,0,0,0,0,0,0,0,0,0,0,0
8215,4,1,7,16,45,0,992,0,-1,0,133755,7,0,0,0,0,0,0,0,0,0,33,0,0,0,0,0,0,0,0,0,0,0,0,0,0,0,0
8216,4,1,7,16,43,0,0,0,-1,0,133754,7,0,0,0,0,0,0,0,0,0,31,0,0,0,0,0,0,0,0,0,0,0,0,0,0,0,0
8223,2,7,1,13,32,3,0,0,-1,0,135353,8,0,90,0,0,0,0,0,0,0,0,0,0,0,0,0,0,33,0,0,0,0,62,0,0,0,0
8224,2,7,1,21,31,3,0,0,-1,0,135662,8,0,75,0,0,0,0,0,0,0,0,0,0,0,0,0,0,30,0,0,0,0,57,0,0,0,0
8225,2,7,1,13,31,3,0,0,-1,0,135340,8,0,90,0,0,0,0,0,0,0,0,0,0,0,0,0,0,32,0,0,0,0,60,0,0,0,0
8226,2,7,1,21,26,3,0,0,-1,0,135316,8,0,90,0,0,0,0,0,0,0,0,0,0,0,0,0,0,38,0,0,0,0,72,0,0,0,0
8248,4,1,7,16,45,0,0,0,-1,0,133770,7,0,0,0,0,0,0,0,0,0,33,0,0,0,0,0,0,0,0,0,0,0,0,0,0,0,0
8255,4,2,8,6,45,0,0,0,-1,0,132501,7,0,30,0,0,0,0,0,0,0,74,0,0,0,0,0,0,0,0,0,0,0,0,0,0,0,0
8256,4,2,8,8,47,0,0,0,-1,0,132535,7,0,45,0,0,0,0,0,0,0,94,0,0,0,0,0,0,0,0,0,0,0,0,0,0,0,0
8257,4,2,8,9,45,0,0,0,-1,0,132602,7,0,30,0,0,0,0,0,0,0,58,0,0,0,0,0,0,0,0,0,0,0,0,0,0,0,0
8258,4,2,8,5,51,0,0,0,-1,0,132717,7,0,85,0,0,0,0,0,0,0,146,0,0,0,0,0,0,0,0,0,0,0,0,0,0,0,0
8259,4,1,7,16,45,0,0,0,-1,0,133769,7,0,0,0,0,0,0,0,0,0,33,0,0,0,0,0,0,0,0,0,0,0,0,0,0,0,0
8260,4,2,8,10,47,0,0,0,-1,0,132949,7,0,30,0,0,0,0,0,0,0,86,0,0,0,0,0,0,0,0,0,0,0,0,0,0,0,0
8261,4,2,8,1,49,0,0,0,-1,0,133076,7,0,50,0,0,0,0,0,0,0,115,0,0,0,0,0,0,0,0,0,0,0,0,0,0,0,0
8262,4,2,8,7,49,0,0,0,-1,0,134586,7,0,65,0,0,0,0,0,0,0,124,0,0,0,0,0,0,0,0,0,0,0,0,0,0,0,0
8263,4,2,8,3,48,0,0,0,-1,0,135054,7,0,50,0,0,0,0,0,0,0,104,0,0,0,0,0,0,0,0,0,0,0,0,0,0,0,0
8264,4,3,5,9,47,0,0,0,-1,0,132602,10,0,35,0,0,0,0,0,0,0,124,0,0,0,0,0,0,0,0,0,0,0,0,0,0,0,0
8265,4,3,5,5,51,0,0,0,-1,0,132639,10,0,100,0,0,0,0,0,0,0,303,0,0,0,0,0,0,0,0,0,0,0,0,0,0,0,0
8266,4,1,7,16,46,0,0,0,-1,0,133757,7,0,0,0,0,0,0,0,0,0,33,0,0,0,0,0,0,0,0,0,0,0,0,0,0,0,0
8267,4,3,5,10,49,0,0,0,-1,0,132949,10,0,35,0,0,0,0,0,0,0,183,0,0,0,0,0,0,0,0,0,0,0,0,0,0,0,0
8268,4,3,5,6,49,0,0,0,-1,0,132515,10,0,35,0,0,0,0,0,0,0,165,0,0,0,0,0,0,0,0,0,0,0,0,0,0,0,0
8269,4,3,5,8,50,0,0,0,-1,0,132539,10,0,50,0,0,0,0,0,0,0,205,0,0,0,0,0,0,0,0,0,0,0,0,0,0,0,0
8270,4,3,5,1,50,0,0,0,-1,0,133074,10,0,60,0,0,0,0,0,0,0,242,0,0,0,0,0,0,0,0,0,0,0,0,0,0,0,0
8271,4,3,5,7,51,0,0,0,-1,0,134583,10,0,75,0,0,0,0,0,0,0,265,0,0,0,0,0,0,0,0,0,0,0,0,0,0,0,0
8272,4,3,5,3,49,0,0,0,-1,0,135058,10,0,60,0,0,0,0,0,0,0,220,0,0,0,0,0,0,0,0,0,0,0,0,0,0,0,0
8273,4,4,6,9,41,0,0,0,-1,0,132615,11,0,40,0,0,0,0,0,0,0,195,0,0,0,0,0,0,0,0,0,0,0,0,0,0,0,0
8274,4,4,6,5,46,0,0,0,-1,0,132646,11,0,115,0,0,0,0,0,0,0,489,0,0,0,0,0,0,0,0,0,0,0,0,0,0,0,0
8275,4,6,1,14,51,4,0,0,-1,0,134950,9,0,85,0,0,0,0,0,0,0,1720,0,0,0,0,0,0,0,0,0,0,0,0,0,0,0,0
8276,4,4,6,10,42,0,0,0,-1,0,132963,11,0,40,0,0,0,0,0,0,0,284,0,0,0,0,0,0,0,0,0,0,0,0,0,0,0,0
8277,4,4,6,6,41,0,0,0,-1,0,132508,11,0,40,0,0,0,0,0,0,0,251,0,0,0,0,0,0,0,0,0,0,0,0,0,0,0,0
8278,4,4,6,8,42,0,0,0,-1,0,132589,11,0,55,0,0,0,0,0,0,0,312,0,0,0,0,0,0,0,0,0,0,0,0,0,0,0,0
8279,4,4,6,1,43,0,0,0,-1,0,133124,11,0,70,0,0,0,0,0,0,0,376,0,0,0,0,0,0,0,0,0,0,0,0,0,0,0,0
8280,4,4,6,7,44,0,0,0,-1,0,134592,11,0,85,0,0,0,0,0,0,0,413,0,0,0,0,0,0,0,0,0,0,0,0,0,0,0,0
8281,4,4,6,3,43,0,0,0,-1,0,135059,11,0,70,0,0,0,0,0,0,0,347,0,0,0,0,0,0,0,0,0,0,0,0,0,0,0,0
8286,4,1,7,16,50,0,0,0,-1,0,133768,7,0,0,0,0,0,0,0,0,0,36,0,0,0,0,0,0,0,0,0,0,0,0,0,0,0,0
8293,4,2,8,6,51,0,0,0,-1,0,132501,7,0,30,0,0,0,0,0,0,0,82,0,0,0,0,0,0,0,0,0,0,0,0,0,0,0,0
8294,4,2,8,8,52,0,0,0,-1,0,132535,7,0,45,0,0,0,0,0,0,0,102,0,0,0,0,0,0,0,0,0,0,0,0,0,0,0,0
8295,4,2,8,9,51,0,0,0,-1,0,132602,7,0,30,0,0,0,0,0,0,0,64,0,0,0,0,0,0,0,0,0,0,0,0,0,0,0,0
8296,4,2,8,5,56,0,0,0,-1,0,132720,7,0,85,0,0,0,0,0,0,0,156,0,0,0,0,0,0,0,0,0,0,0,0,0,0,0,0
8297,4,1,7,16,50,0,0,0,-1,0,133770,7,0,0,0,0,0,0,0,0,0,36,0,0,0,0,0,0,0,0,0,0,0,0,0,0,0,0
8298,4,2,8,10,52,0,0,0,-1,0,132949,7,0,30,0,0,0,0,0,0,0,92,0,0,0,0,0,0,0,0,0,0,0,0,0,0,0,0
8299,4,2,8,1,54,0,0,0,-1,0,133076,7,0,50,0,0,0,0,0,0,0,124,0,0,0,0,0,0,0,0,0,0,0,0,0,0,0,0
8300,4,2,8,7,55,0,0,0,-1,0,134586,7,0,65,0,0,0,0,0,0,0,135,0,0,0,0,0,0,0,0,0,0,0,0,0,0,0,0
8301,4,2,8,3,54,0,0,0,-1,0,135054,7,0,50,0,0,0,0,0,0,0,114,0,0,0,0,0,0,0,0,0,0,0,0,0,0,0,0
8302,4,3,5,9,53,0,0,0,-1,0,132616,10,0,35,0,0,0,0,0,0,0,137,0,0,0,0,0,0,0,0,0,0,0,0,0,0,0,0
8303,4,3,5,5,57,0,0,0,-1,0,132749,10,0,100,0,0,0,0,0,0,0,332,0,0,0,0,0,0,0,0,0,0,0,0,0,0,0,0
8304,4,1,7,16,52,0,0,0,-1,0,133754,7,0,0,0,0,0,0,0,0,0,37,0,0,0,0,0,0,0,0,0,0,0,0,0,0,0,0
8305,4,3,5,10,54,0,0,0,-1,0,132943,10,0,35,0,0,0,0,0,0,0,198,0,0,0,0,0,0,0,0,0,0,0,0,0,0,0,0
8306,4,3,5,6,54,0,0,0,-1,0,132519,10,0,35,0,0,0,0,0,0,0,179,0,0,0,0,0,0,0,0,0,0,0,0,0,0,0,0
8307,4,3,5,8,55,0,0,0,-1,0,132589,10,0,50,0,0,0,0,0,0,0,221,0,0,0,0,0,0,0,0,0,0,0,0,0,0,0,0
8308,4,3,5,1,55,0,0,0,-1,0,132767,10,0,60,0,0,0,0,0,0,0,262,0,0,0,0,0,0,0,0,0,0,0,0,0,0,0,0
8309,4,3,5,7,56,0,0,0,-1,0,134583,10,0,75,0,0,0,0,0,0,0,286,0,0,0,0,0,0,0,0,0,0,0,0,0,0,0,0
8310,4,3,5,3,55,0,0,0,-1,0,135054,10,0,60,0,0,0,0,0,0,0,242,0,0,0,0,0,0,0,0,0,0,0,0,0,0,0,0
8311,4,4,6,9,48,0,0,0,-1,0,132615,11,0,40,0,0,0,0,0,0,0,222,0,0,0,0,0,0,0,0,0,0,0,0,0,0,0,0
8312,4,4,6,5,52,0,0,0,-1,0,132627,11,0,115,0,0,0,0,0,0,0,543,0,0,0,0,0,0,0,0,0,0,0,0,0,0,0,0
8313,4,6,1,14,57,4,0,0,-1,0,134953,9,0,85,0,0,0,0,0,0,0,1890,0,0,0,0,0,0,0,0,0,0,0,0,0,0,0,0
8314,4,4,6,10,48,0,0,0,-1,0,132960,11,0,40,0,0,0,0,0,0,0,317,0,0,0,0,0,0,0,0,0,0,0,0,0,0,0,0
8315,4,4,6,6,47,0,0,0,-1,0,132507,11,0,40,0,0,0,0,0,0,0,280,0,0,0,0,0,0,0,0,0,0,0,0,0,0,0,0
8316,4,4,6,8,48,0,0,0,-1,0,132587,11,0,55,0,0,0,0,0,0,0,348,0,0,0,0,0,0,0,0,0,0,0,0,0,0,0,0
8317,4,4,6,1,49,0,0,0,-1,0,133118,11,0,70,0,0,0,0,0,0,0,419,0,0,0,0,0,0,0,0,0,0,0,0,0,0,0,0
8318,4,4,6,7,51,0,0,0,-1,0,134581,11,0,85,0,0,0,0,0,0,0,467,0,0,0,0,0,0,0,0,0,0,0,0,0,0,0,0
8319,4,4,6,3,50,0,0,0,-1,0,135060,11,0,70,0,0,0,0,0,0,0,393,0,0,0,0,0,0,0,0,0,0,0,0,0,0,0,0
8320,4,6,1,14,52,4,0,0,-1,0,134950,9,0,85,0,0,0,0,0,0,0,1748,0,0,0,0,0,0,0,0,0,0,0,0,0,0,0,0
8345,4,2,8,1,40,0,0,0,-1,0,133072,7,0,60,0,0,0,0,0,0,0,109,0,0,0,0,0,0,0,0,0,0,0,0,0,0,0,0
8346,4,2,8,10,41,0,0,0,-1,0,132964,7,0,35,0,0,0,0,0,0,0,85,0,0,0,0,0,0,0,0,0,0,0,0,0,0,0,0
8347,4,3,5,10,40,0,0,0,-1,0,132944,10,0,40,0,0,0,0,0,0,0,171,0,0,0,0,0,0,0,0,0,0,0,0,0,0,0,0
8348,4,2,8,1,45,0,0,0,-1,0,133076,7,0,60,0,0,0,0,0,0,0,118,0,5,0,0,0,0,0,0,0,0,0,0,0,0,0,0
8349,4,2,8,5,45,0,0,0,-1,0,132721,7,0,100,0,0,0,0,0,0,0,146,0,0,0,0,0,0,0,0,0,0,0,0,0,0,0,0
8367,4,3,5,5,46,0,0,0,-1,0,132629,10,0,120,0,0,0,0,0,0,0,306,0,13,0,13,12,0,0,0,0,0,0,0,0,0,0,0
8708,2,4,2,21,40,3,0,0,-1,0,133061,8,0,105,0,0,0,0,0,0,0,0,0,0,0,0,0,0,54,0,0,0,0,101,0,0,0,0
9243,4,0,8,2,40,0,0,0,-1,0,134338,16,0,0,0,0,0,0,0,0,0,0,0,0,0,0,0,0,0,0,0,0,0,0,0,0,0,0
9285,4,4,6,9,40,0,1115,0,-1,0,132616,11,0,40,0,0,0,0,0,0,0,131,0,0,0,0,0,0,0,0,0,0,0,0,0,0,0,0
9286,4,4,6,5,40,0,528,0,-1,0,132749,11,0,115,0,0,0,0,0,0,0,428,0,0,0,0,0,0,0,0,0,0,0,0,0,0,0,0
9287,4,4,6,10,40,0,779,0,-1,0,132938,11,0,40,0,0,0,0,0,0,0,188,0,0,0,0,0,0,0,0,0,0,0,0,0,0,0,0
9288,4,4,6,6,40,0,947,0,-1,0,132492,11,0,40,0,0,0,0,0,0,0,169,0,0,0,0,0,0,0,0,0,0,0,0,0,0,0,0
9289,4,4,6,8,40,0,863,0,-1,0,132535,11,0,55,0,0,0,0,0,0,0,206,0,0,0,0,0,0,0,0,0,0,0,0,0,0,0,0
9290,4,4,6,1,40,0,695,0,-1,0,133124,11,0,70,0,0,0,0,0,0,0,276,0,0,0,0,0,0,0,0,0,0,0,0,0,0,0,0
9291,4,4,6,7,40,0,612,0,-1,0,134583,11,0,85,0,0,0,0,0,0,0,334,0,0,0,0,0,0,0,0,0,0,0,0,0,0,0,0
9292,4,4,6,3,40,0,1199,0,-1,0,135040,11,0,70,0,0,0,0,0,0,0,255,0,0,0,0,0,0,0,0,0,0,0,0,0,0,0,0
9359,2,4,2,13,40,3,0,0,-1,0,133942,8,0,90,0,0,0,0,0,0,0,0,0,0,0,0,0,0,49,0,0,0,0,91,0,0,0,0
9362,4,0,0,11,0,0,0,0,-1,0,133345,14,0,0,0,0,0,0,0,0,0,0,0,0,0,0,0,0,0,0,0,0,0,0,0,0,0,0
9366,4,3,5,10,36,0,0,0,-1,0,132963,10,0,35,0,0,0,0,0,0,0,146,0,0,0,0,0,0,0,0,0,0,0,0,0,0,0,0
9372,2,8,1,17,50,1,0,0,-1,0,135350,9,0,120,0,0,0,0,0,0,0,0,0,0,0,0,0,0,108,0,0,0,0,163,0,0,0,0
9375,4,2,8,1,33,0,0,0,-1,0,133120,7,0,60,0,0,0,0,0,0,0,95,0,0,0,0,0,0,0,0,0,0,0,0,0,0,0,0
9378,2,0,1,13,33,3,0,0,-1,0,134708,8,0,90,0,0,0,0,0,0,0,0,0,0,0,0,0,0,50,0,0,0,0,94,0,0,0,0
9379,2,7,1,13,44,3,0,0,-1,0,135355,8,0,90,0,0,0,0,0,0,0,0,0,0,0,0,0,0,34,0,0,0,0,65,0,0,0,0
9381,2,19,2,26,33,0,0,0,-1,0,135154,21,0,65,0,0,3,0,0,0,0,0,0,0,0,0,0,0,42,0,0,0,0,79,0,0,0,0
9382,4,2,8,8,33,0,0,0,-1,0,132542,7,0,45,0,0,0,0,0,0,0,73,0,0,0,0,0,0,0,0,0,0,0,0,0,0,0,0
9383,2,1,1,17,35,1,0,0,-1,0,132405,9,0,100,0,0,0,0,0,0,0,0,0,0,0,0,0,0,94,0,0,0,0,141,0,0,0,0
9384,2,15,1,13,31,3,0,0,-1,0,135654,8,0,65,0,0,0,0,0,0,0,0,0,0,0,0,0,0,25,0,0,0,0,47,0,0,0,0
9385,2,8,1,17,31,1,0,0,-1,0,135351,9,0,100,0,0,0,0,0,0,0,100,0,0,0,0,0,0,77,0,0,0,0,117,0,0,0,0
9386,2,4,2,13,31,7,0,0,-1,0,135432,8,0,90,0,0,0,0,0,0,0,0,0,0,0,0,0,0,43,0,0,0,0,82,0,0,0,0
9387,4,4,6,8,40,0,863,0,-1,0,132587,11,0,55,0,0,0,0,0,0,0,206,0,0,0,0,0,0,0,0,0,0,0,0,0,0,0,0
9388,4,3,5,9,35,0,1094,0,-1,0,132615,10,0,35,0,0,0,0,0,0,0,101,0,0,0,0,0,0,0,0,0,0,0,0,0,0,0,0
9389,4,2,8,3,36,0,1157,0,-1,0,135056,7,0,50,0,0,0,0,0,0,0,84,0,0,0,0,0,0,0,0,0,0,0,0,0,0,0,0
9391,2,5,2,17,32,1,0,0,-1,0,134436,9,0,100,0,0,0,0,0,0,0,0,0,0,0,0,0,0,88,0,0,0,0,133,0,0,0,0
9392,2,7,1,13,35,3,0,0,-1,0,135327,8,0,90,0,0,0,0,0,0,0,0,0,0,0,0,0,0,34,0,0,0,0,64,0,0,0,0
9393,4,0,0,23,33,7,0,0,-1,0,134249,8,0,0,0,0,0,0,0,0,0,0,0,0,0,0,0,0,0,0,0,0,0,0,0,0,0,0
9394,4,4,6,1,40,0,0,0,-1,0,133127,11,0,80,0,0,0,0,0,0,0,303,0,0,0,0,0,0,0,0,0,0,0,0,0,0,0,0
9396,4,3,5,7,34,0,0,0,-1,0,134590,10,0,90,0,0,0,0,0,0,0,218,0,0,0,0,0,0,0,0,0,0,0,0,0,0,0,0
9397,4,1,7,16,34,0,0,0,-1,0,133770,7,0,0,0,0,0,0,0,0,0,28,0,0,0,0,0,0,0,0,0,0,0,0,0,0,0,0
9398,4,2,8,8,35,0,0,0,-1,0,132536,7,0,45,0,0,0,0,0,0,0,76,0,0,0,0,0,0,0,0,0,0,0,0,0,0,0,0
9401,2,7,1,13,38,3,0,0,-1,0,135325,8,0,90,0,0,0,0,0,0,0,0,0,0,0,0,0,0,45,0,0,0,0,84,0,0,0,0
9402,4,2,8,7,55,0,0,0,-1,0,134592,7,0,75,0,0,0,0,0,0,0,148,0,0,0,0,0,0,0,0,0,0,0,0,0,0,0,0
9404,4,6,1,14,37,4,0,0,-1,0,134948,9,0,100,0,0,0,0,0,0,0,1287,0,0,0,0,0,0,0,0,0,0,0,0,0,0,0,0
9405,4,3,5,6,28,0,0,0,-1,0,132516,10,0,40,0,0,0,0,0,0,0,128,0,0,0,0,0,0,0,0,0,0,0,0,0,0,0,0
9406,4,2,8,5,30,0,0,0,-1,0,132723,7,0,100,0,0,0,0,0,0,0,112,0,0,0,0,0,0,0,0,0,0,0,0,0,0,0,0
9408,2,10,2,17,37,2,0,0,-1,0,135165,13,0,100,0,0,0,0,0,0,0,0,0,0,0,0,0,0,74,0,0,0,0,112,0,0,0,0
9409,4,3,5,9,37,0,1096,0,-1,0,132618,10,0,40,0,0,0,0,0,0,0,115,0,0,0,0,0,0,0,0,0,0,0,0,0,0,0,0
9410,4,4,6,10,40,0,782,0,-1,0,132946,11,0,45,0,0,0,0,0,0,0,300,0,0,0,0,0,0,0,0,0,0,0,0,0,0,0,0
9411,4,3,5,3,40,0,0,0,-1,0,135033,10,0,60,0,0,0,0,0,0,0,186,0,0,0,0,0,0,0,0,0,0,0,0,0,0,0,0
9412,2,3,1,26,42,0,0,0,-1,0,135616,8,0,75,3,0,0,0,0,0,0,0,0,0,0,0,0,0,44,0,0,0,0,84,0,0,0,0
9413,2,5,2,17,44,1,0,0,-1,0,133049,9,0,100,0,0,0,0,0,0,0,0,0,0,0,0,0,0,126,0,0,0,0,190,0,0,0,0
9414,4,2,8,7,41,0,0,0,-1,0,134586,7,0,65,0,0,0,0,0,0,0,108,0,0,0,0,0,0,0,0,0,0,0,0,0,0,0,0
9416,2,6,1,17,42,2,0,0,-1,0,135131,9,0,100,0,0,0,0,0,0,0,0,0,0,0,0,0,0,88,0,0,0,0,133,0,0,0,0
9418,2,8,1,17,44,1,0,0,-1,0,135357,9,0,100,0,0,0,0,0,0,0,0,0,0,0,0,0,0,133,0,0,0,0,200,0,0,0,0
9419,2,4,2,13,41,3,0,0,-1,0,133054,8,0,75,0,0,0,0,0,0,0,0,0,0,0,0,0,0,42,0,0,0,0,79,0,0,0,0
9420,4,2,8,1,32,0,0,0,-1,0,133117,7,0,60,0,0,0,0,0,0,0,94,0,0,0,0,0,0,0,0,0,0,0,0,0,0,0,0
9422,2,3,1,26,38,0,0,0,-1,0,134536,8,0,75,3,0,0,0,0,0,0,0,0,0,0,0,7,0,46,0,0,0,0,86,0,0,0,0
9423,2,5,2,17,40,1,0,0,-1,0,133044,9,0,100,0,0,0,0,0,0,0,0,0,0,0,0,0,0,79,0,0,0,0,119,0,0,0,0
9424,2,7,1,13,36,1,0,0,-1,0,135352,8,0,90,0,0,0,0,0,0,0,0,0,0,0,0,0,0,33,0,0,0,0,62,0,0,0,0
9425,2,1,1,17,39,1,0,0,-1,0,135578,9,0,100,0,0,0,0,0,0,0,0,0,0,0,0,0,0,124,0,0,0,0,187,0,0,0,0
9426,2,2,2,15,36,0,0,0,-1,0,135489,12,0,75,2,0,0,0,0,0,0,0,0,0,0,0,0,0,41,0,0,0,0,77,0,0,0,0
9427,2,4,2,13,37,3,0,0,-1,0,133718,8,0,90,0,0,0,0,0,0,0,0,0,0,0,0,0,0,54,0,0,0,0,101,0,0,0,0
9428,4,2,8,9,30,0,1073,0,-1,0,132605,7,0,35,0,0,0,0,0,0,0,49,0,0,0,0,0,0,0,0,0,0,0,0,0,0,0,0
9430,4,3,5,3,40,0,0,0,-1,0,135049,10,0,70,0,0,0,0,0,0,0,205,0,0,0,0,0,0,0,0,0,0,0,0,0,0,0,0
9432,4,4,6,9,40,0,0,0,-1,0,132613,11,0,45,0,0,0,0,0,0,0,163,0,0,0,0,0,0,0,0,0,0,0,0,0,0,0,0
9435,4,3,5,10,31,0,0,0,-1,0,132945,10,0,40,0,0,0,0,0,0,0,149,0,0,0,0,0,0,0,0,0,0,0,0,0,0,0,0
9445,4,3,5,10,29,0,0,0,-1,0,132951,10,0,40,0,0,0,0,0,0,0,144,0,0,0,0,0,0,0,0,0,0,0,0,0,0,0,0
9446,2,7,1,21,29,3,0,0,-1,0,135340,8,0,90,0,0,0,0,0,0,0,0,0,0,0,0,0,0,26,0,0,0,0,49,0,0,0,0
9447,4,0,5,11,29,1,0,0,-1,0,134066,14,0,0,0,0,0,0,0,0,0,0,0,0,0,0,0,0,0,0,0,0,0,0,0,0,0,0
9449,2,5,2,17,29,1,0,0,-1,0,133489,9,0,100,0,0,0,0,0,0,0,0,0,0,0,0,0,0,46,0,0,0,0,70,0,0,0,0
9450,4,2,8,8,28,0,0,0,-1,0,132537,7,0,45,0,0,0,0,0,0,0,68,0,0,0,0,0,0,0,0,0,0,0,0,0,0,0,0
9452,2,10,2,17,27,2,0,0,-1,0,135152,13,0,100,0,0,0,0,0,0,0,0,0,0,0,15,0,0,48,0,0,0,0,73,0,0,0,0
9453,2,15,1,13,27,3,0,0,-1,0,135638,8,0,65,0,0,0,0,0,0,0,0,0,0,0,0,0,0,27,0,0,0,0,51,0,0,0,0
9455,4,2,8,9,28,0,1072,0,-1,0,132608,7,0,35,0,0,0,0,0,0,0,47,0,0,0,0,0,5,0,0,0,0,0,0,0,0,0,0
9456,2,3,1,26,30,0,0,0,-1,0,135611,8,0,75,3,0,0,0,0,0,0,0,0,0,0,0,0,0,36,0,0,0,0,68,0,0,0,0
9457,2,4,2,13,30,3,0,0,-1,0,133483,8,0,90,0,0,0,0,0,0,0,0,0,0,0,0,0,0,37,0,0,0,0,69,0,0,0,0
9458,4,6,1,14,32,4,0,0,-1,0,134956,9,0,100,0,0,0,0,0,0,0,795,0,0,0,0,0,0,0,0,0,0,0,0,0,0,0,0
9459,2,1,1,17,32,1,0,0,-1,0,132394,9,0,100,0,0,0,0,0,0,0,0,0,0,0,0,0,0,70,0,0,0,0,106,0,0,0,0
9461,4,0,5,11,32,1,3481,0,-1,0,134063,14,0,0,0,0,0,0,0,0,0,0,0,0,5,0,0,5,0,0,0,0,0,0,0,0,0,0
9465,2,0,1,13,40,3,0,0,-1,0,134707,8,0,90,0,0,0,0,0,0,0,0,0,0,0,0,0,0,38,0,0,0,0,71,0,0,0,0
9467,2,15,1,13,42,3,0,0,-1,0,134298,8,0,55,0,0,0,0,0,0,0,0,0,0,0,0,0,0,35,0,0,0,0,66,0,0,0,0
9469,4,3,5,5,43,0,0,0,-1,0,132628,10,0,120,0,0,0,0,0,0,0,290,0,0,0,0,0,0,0,0,0,0,0,0,0,0,0,0
9473,4,2,8,5,44,0,0,0,-1,0,132720,7,0,100,0,0,0,0,0,0,0,144,0,0,0,0,0,0,0,0,0,0,0,0,0,0,0,0
9474,4,2,8,7,44,0,0,0,-1,0,134585,7,0,75,0,0,0,0,0,0,0,126,0,0,0,0,0,0,0,0,0,0,0,0,0,0,0,0
9475,2,6,1,17,44,2,0,0,-1,0,135124,9,0,100,0,0,0,0,0,0,0,0,0,0,0,0,0,0,99,0,0,0,0,149,0,0,0,0
9476,4,4,6,3,45,0,0,0,-1,0,135032,11,0,80,0,0,0,0,0,0,0,396,0,0,0,0,0,0,0,0,0,0,0,0,0,0,0,0
9477,2,10,2,17,45,2,0,0,-1,0,135225,13,0,100,0,0,0,0,0,0,0,0,0,0,0,0,0,0,118,0,0,0,0,178,0,0,0,0
9478,2,0,1,21,45,3,0,0,-1,0,132398,8,0,90,0,0,0,0,0,0,0,0,0,0,0,0,0,0,63,0,0,0,0,117,0,0,0,0
9479,4,2,8,1,45,0,0,0,-1,0,132266,7,0,60,0,0,0,0,0,0,0,118,0,0,0,0,0,0,0,0,0,0,0,0,0,0,0,0
9480,2,6,1,17,43,2,0,0,-1,0,135128,9,0,100,0,0,0,0,0,0,0,0,0,0,0,0,0,0,100,0,0,0,0,151,0,0,0,0
9481,2,1,1,17,44,1,0,0,-1,0,132394,9,0,100,0,0,0,0,0,0,0,0,0,0,0,0,0,0,109,0,0,0,0,164,0,0,0,0
9482,2,10,2,17,42,2,0,0,-1,0,135168,13,0,100,0,0,0,0,0,0,0,0,0,0,0,0,0,0,75,0,0,0,0,114,0,0,0,0
9483,2,19,2,26,44,0,0,0,-1,0,135432,21,0,65,0,0,2,0,0,0,0,0,0,8,0,0,0,0,59,0,0,0,0,111,0,0,0,0
9485,2,0,1,13,25,3,0,0,-1,0,132405,8,0,90,0,0,0,0,0,0,0,0,0,0,0,0,0,0,21,0,0,0,0,40,0,0,0,0
9486,2,1,1,17,23,1,0,0,-1,0,132415,9,0,95,0,0,0,0,0,0,0,0,0,0,0,0,0,0,51,0,0,0,0,78,0,0,0,0
9487,2,3,1,26,24,0,0,0,-1,0,135615,8,0,75,3,0,0,0,0,0,0,0,0,0,0,0,0,0,23,0,0,0,0,43,0,0,0,0
9488,2,4,2,13,23,3,0,0,-1,0,133045,8,0,80,0,0,0,0,0,0,0,0,0,0,0,0,0,0,24,0,0,0,0,46,0,0,0,0
9489,2,19,2,26,26,0,0,0,-1,0,135467,21,0,55,0,0,4,0,0,0,0,0,0,0,0,5,0,0,24,0,0,0,0,46,0,0,0,0
9490,2,8,1,17,24,1,0,0,-1,0,135347,9,0,100,0,0,0,0,0,0,0,0,0,0,0,0,0,0,61,0,0,0,0,92,0,0,0,0
9509,4,2,8,7,25,0,0,0,-1,0,134588,7,0,75,0,0,0,0,0,0,0,90,0,-10,0,0,0,0,0,0,0,0,0,0,0,0,0,0
9510,4,3,5,8,27,0,0,0,-1,0,132535,10,0,60,0,0,0,0,0,0,0,154,0,0,0,0,0,0,0,0,0,0,0,0,0,0,0,0
9511,2,7,1,13,41,3,0,0,-1,0,135350,8,0,90,0,0,0,0,0,0,0,0,0,0,0,0,0,0,39,0,0,0,0,73,0,0,0,0
9512,4,1,7,16,41,0,0,0,-1,0,133757,7,0,0,0,0,0,0,0,0,0,33,0,0,0,0,0,0,0,0,0,0,0,0,0,0,0,0
9514,2,10,2,17,0,2,0,0,-1,0,135147,13,0,45,0,0,0,0,0,0,0,0,0,0,0,0,0,0,16,0,0,0,0,25,0,0,0,0
9517,2,10,2,17,0,2,0,0,-1,0,135151,13,0,100,0,0,0,0,0,0,0,0,0,0,0,0,0,0,85,0,0,0,0,129,0,0,0,0
9518,4,2,8,10,0,0,0,0,-1,0,132959,7,0,30,0,0,0,0,0,0,0,64,0,0,0,0,0,0,0,0,0,0,0,0,0,0,0,0
9520,2,15,1,13,0,3,0,0,-1,0,135654,8,0,55,0,0,0,0,0,0,0,0,0,0,0,0,0,0,29,0,0,0,0,54,0,0,0,0
9521,2,1,1,17,0,1,0,0,-1,0,132397,9,0,85,0,0,0,0,0,0,0,0,0,0,0,0,0,0,70,0,0,0,0,105,0,0,0,0
9522,4,6,1,14,0,4,0,0,-1,0,134956,9,0,85,0,0,0,0,0,0,0,678,0,0,0,0,0,0,0,0,0,0,0,0,0,0,0,0
9527,2,10,2,17,0,2,0,0,-1,0,135473,13,0,85,0,0,0,0,0,0,0,0,0,0,0,0,0,0,77,0,0,0,0,116,0,0,0,0
9531,4,4,6,3,0,0,0,0,-1,0,135054,11,0,70,0,0,0,0,0,0,0,334,0,0,0,0,0,0,0,0,0,0,0,0,0,0,0,0
9533,4,0,5,11,0,1,0,0,-1,0,133345,14,0,0,0,0,0,0,0,0,0,0,0,0,0,0,0,0,0,0,0,0,0,0,0,0,0,0
9534,4,2,8,1,0,0,0,0,-1,0,133135,7,0,60,0,0,0,0,0,0,0,113,0,0,0,0,0,0,0,0,0,0,0,0,0,0,0,0
9535,4,3,5,9,0,0,0,0,-1,0,132601,10,0,35,0,0,0,0,0,0,0,87,0,0,0,0,0,0,0,0,0,0,0,0,0,0,0,0
9599,4,3,5,7,0,0,0,0,-1,0,134583,10,0,50,0,0,0,0,0,0,0,94,0,0,0,0,0,0,0,0,0,0,0,0,0,0,0,0
9604,2,5,2,17,0,1,0,0,-1,0,133479,9,0,85,0,0,0,0,0,0,0,0,0,0,0,0,0,0,45,0,0,0,0,69,0,0,0,0
9607,4,6,1,14,0,4,0,0,-1,0,134952,9,0,75,0,0,0,0,0,0,0,495,0,0,0,0,0,0,0,0,0,0,0,0,0,0,0,0
9608,2,0,1,22,0,3,0,0,-1,0,134520,8,0,75,0,0,0,0,0,0,0,0,0,0,0,0,0,0,21,0,0,0,0,40,0,0,0,0
9622,4,0,0,11,0,0,0,0,-1,0,132522,14,0,0,0,0,0,0,0,0,0,0,0,0,0,0,0,0,0,0,0,0,0,0,0,0,0,0
9624,4,2,8,7,0,0,0,0,-1,0,134588,7,0,75,0,0,0,0,0,0,0,101,0,0,0,0,0,0,0,0,0,0,0,0,0,0,0,0
9625,4,3,5,7,0,0,0,0,-1,0,134583,10,0,90,0,0,0,0,0,0,0,211,0,0,0,0,0,0,0,0,0,0,0,0,0,0,0,0
9626,2,1,1,17,0,1,0,0,-1,0,132400,9,0,85,0,0,0,0,0,0,0,0,0,0,0,0,0,0,72,0,0,0,0,109,0,0,0,0
9627,4,0,3,23,0,7,0,0,-1,0,134249,8,0,0,0,0,0,0,0,0,0,0,0,0,0,0,0,0,0,0,0,0,0,0,0,0,0,0
9630,4,2,8,8,0,0,0,0,-1,0,132541,7,0,45,0,0,0,0,0,0,0,84,0,0,0,0,0,0,0,0,0,0,0,0,0,0,0,0
9631,4,2,8,10,0,0,0,0,-1,0,132957,7,0,30,0,0,0,0,0,0,0,76,0,0,0,0,0,0,0,0,0,0,0,0,0,0,0,0
9633,4,2,8,8,0,0,0,0,-1,0,132539,7,0,45,0,0,0,0,0,0,0,84,0,0,0,0,0,0,0,0,0,0,0,0,0,0,0,0
9635,4,1,7,16,0,0,0,0,-1,0,133763,7,0,0,0,0,0,0,0,0,0,30,0,0,0,0,0,0,0,0,0,0,0,0,0,0,0,0
9637,4,4,6,8,0,0,0,0,-1,0,132588,11,0,55,0,0,0,0,0,0,0,300,0,0,0,0,0,0,0,0,0,0,0,0,0,0,0,0
9638,4,3,5,9,0,0,0,0,-1,0,132605,10,0,35,0,0,0,0,0,0,0,119,0,0,0,0,0,0,0,0,0,0,0,0,0,0,0,0
9639,2,4,2,21,43,3,0,0,-1,0,133486,8,0,90,0,0,0,0,0,0,0,0,0,0,0,0,0,0,61,0,0,0,0,113,0,0,0,0
9640,4,4,6,10,43,0,783,0,-1,0,132960,11,0,45,0,0,0,0,0,0,0,318,0,0,0,0,0,0,0,0,0,0,0,0,0,0,0,0
9641,4,0,3,2,43,0,0,0,-1,0,133289,14,0,0,0,0,0,0,0,0,0,0,0,0,0,0,0,0,0,0,0,0,0,0,0,0,0,0
9642,4,0,5,11,0,1,0,0,-1,0,133352,14,0,0,0,0,0,0,0,0,0,120,0,0,0,0,0,0,0,0,0,0,0,0,0,0,0,0
9643,4,6,1,14,0,4,0,0,-1,0,134948,9,0,85,0,0,0,0,0,0,0,1578,0,0,0,0,0,0,0,0,0,0,0,0,0,0,0,0
9644,4,0,3,23,0,7,0,0,-1,0,133711,12,0,0,0,0,0,0,0,0,0,0,0,0,0,0,0,0,0,0,0,0,0,0,0,0,0,0
9646,4,4,6,8,0,0,0,0,-1,0,132588,11,0,55,0,0,0,0,0,0,0,324,0,0,0,0,0,0,0,0,0,0,0,0,0,0,0,0
9647,4,2,8,3,0,0,0,0,-1,0,135056,7,0,50,0,0,0,0,0,0,0,96,0,0,0,0,0,0,0,0,0,0,0,0,0,0,0,0
9648,4,1,7,16,0,0,0,0,-1,0,133757,7,0,0,0,0,0,0,0,0,0,31,0,0,0,0,0,0,0,0,0,0,0,0,0,0,0,0
9650,4,3,5,5,0,0,0,0,-1,0,132751,10,0,100,0,0,0,0,0,0,0,298,0,0,0,0,0,0,0,0,0,0,0,0,0,0,0,0
9651,2,4,2,21,0,3,0,0,-1,0,133038,8,0,75,0,0,0,0,0,0,0,0,0,0,0,0,0,0,59,0,0,0,0,111,0,0,0,0
9652,4,2,8,7,0,0,0,0,-1,0,134593,7,0,65,0,0,0,0,0,0,0,122,0,0,0,0,0,0,0,0,0,0,0,0,0,0,0,0
9654,2,19,2,26,0,0,0,0,-1,0,135469,21,0,55,0,0,6,0,0,0,0,0,0,0,0,0,0,0,52,0,0,0,0,97,0,0,0,0
9655,4,0,5,11,0,1,0,0,-1,0,133354,14,0,0,0,0,0,0,0,0,0,0,0,0,0,0,0,0,0,0,0,0,0,0,0,0,0,0
9656,4,4,6,10,0,0,0,0,-1,0,132963,11,0,40,0,0,0,0,0,0,0,295,0,0,0,0,0,0,0,0,0,0,0,0,0,0,0,0
9657,4,2,8,6,0,0,0,0,-1,0,132506,7,0,30,0,0,0,0,0,0,0,74,0,0,0,0,0,0,0,0,0,0,0,0,0,0,0,0
9660,4,1,7,16,0,0,0,0,-1,0,133760,7,0,0,0,0,0,0,0,0,0,28,0,0,0,0,0,0,0,0,0,0,0,0,0,0,0,0
9661,4,6,1,14,0,4,0,0,-1,0,134959,9,0,85,0,0,0,0,0,0,0,1257,0,0,0,0,0,0,0,0,0,0,0,0,0,0,0,0
9662,4,4,6,8,0,0,0,0,-1,0,132582,11,0,55,0,0,0,0,0,0,0,262,0,0,0,0,0,0,0,0,0,0,0,0,0,0,0,0
9664,4,4,6,1,0,0,0,0,-1,0,133121,11,0,70,0,0,0,0,0,0,0,355,0,0,0,0,0,0,0,0,0,0,0,0,0,0,0,0
9666,4,3,5,6,0,0,0,0,-1,0,132515,10,0,35,0,0,0,0,0,0,0,154,0,0,0,0,0,0,0,0,0,0,0,0,0,0,0,0
9678,2,5,2,17,0,1,0,0,-1,0,133480,9,0,85,0,0,0,0,0,0,0,0,0,0,0,0,0,0,72,0,0,0,0,109,0,0,0,0
9679,2,1,1,17,0,1,0,0,-1,0,135562,9,0,85,0,0,0,0,0,0,0,0,0,0,0,0,0,0,83,0,0,0,0,125,0,0,0,0
9680,2,15,1,13,0,3,0,0,-1,0,135654,8,0,55,0,0,0,0,0,0,0,0,0,0,0,0,0,0,28,0,0,0,0,52,0,0,0,0
9682,4,2,8,6,0,0,0,0,-1,0,132494,7,0,30,0,0,0,0,0,0,0,67,0,0,0,0,0,0,0,0,0,0,0,0,0,0,0,0
9683,2,10,2,17,0,2,0,0,-1,0,135162,13,0,85,0,0,0,0,0,0,0,0,0,0,0,0,0,0,115,0,0,0,0,173,0,0,0,0
9684,2,0,1,21,0,3,0,0,-1,0,132403,8,0,75,0,0,0,0,0,0,0,0,0,0,0,0,0,0,51,0,0,0,0,95,0,0,0,0
9686,2,4,2,21,0,3,0,0,-1,0,133060,8,0,75,0,0,0,0,0,0,0,0,0,0,0,0,0,0,55,0,0,0,0,103,0,0,0,0
9687,4,2,8,6,0,0,0,0,-1,0,132506,7,0,30,0,0,0,0,0,0,0,55,0,0,0,0,0,0,0,0,0,0,0,0,0,0,0,0
9703,4,1,7,16,0,0,0,0,-1,0,133774,7,0,0,0,0,0,0,0,0,0,28,0,0,0,0,0,0,0,0,0,0,0,0,0,0,0,0
9704,4,2,8,10,0,0,0,0,-1,0,132957,7,0,30,0,0,0,0,0,0,0,73,0,0,0,0,0,0,0,0,0,0,0,0,0,0,0,0
9705,4,2,8,6,0,0,0,0,-1,0,132491,7,0,30,0,0,0,0,0,0,0,66,0,0,0,0,0,0,0,0,0,0,0,0,0,0,0,0
9706,4,6,1,14,0,4,0,0,-1,0,134961,9,0,85,0,0,0,0,0,0,0,1257,0,0,0,0,0,0,0,0,0,0,0,0,0,0,0,0
9718,2,7,1,13,33,3,0,0,-1,0,135280,8,0,90,0,0,0,2,0,0,0,0,0,0,0,0,0,0,31,5,0,0,0,59,10,0,0,0
9769,4,0,0,23,22,7,2014,0,-1,0,135153,12,0,0,0,0,0,0,0,0,0,0,0,0,0,0,0,0,0,0,0,0,0,0,0,0,0,0
9770,4,1,7,16,15,0,961,0,-1,0,133769,7,0,0,0,0,0,0,0,0,0,17,0,0,0,0,0,0,0,0,0,0,0,0,0,0,0,0
9776,4,2,8,8,15,0,814,0,-1,0,132539,7,0,35,0,0,0,0,0,0,0,53,0,0,0,0,0,0,0,0,0,0,0,0,0,0,0,0
9778,4,6,1,14,15,4,2004,0,-1,0,134955,9,0,65,0,0,0,0,0,0,0,411,0,0,0,0,0,0,0,0,0,0,0,0,0,0,0,0
9780,4,2,8,10,15,0,730,0,-1,0,132949,7,0,25,0,0,0,0,0,0,0,48,0,0,0,0,0,0,0,0,0,0,0,0,0,0,0,0
9781,4,2,8,7,17,0,563,0,-1,0,134586,7,0,55,0,0,0,0,0,0,0,71,0,0,0,0,0,0,0,0,0,0,0,0,0,0,0,0
9782,4,2,8,5,18,0,479,0,-1,0,135015,7,0,75,0,0,0,0,0,0,0,82,0,0,0,0,0,0,0,0,0,0,0,0,0,0,0,0
9783,4,3,5,5,15,0,499,0,-1,0,132629,10,0,80,0,0,0,0,0,0,0,168,0,0,0,0,0,0,0,0,0,0,0,0,0,0,0,0
9794,4,1,7,16,20,0,963,0,-1,0,133767,7,0,0,0,0,0,0,0,0,0,19,0,0,0,0,0,0,0,0,0,0,0,0,0,0,0,0
9800,4,0,0,23,24,7,2020,0,-1,0,134333,21,0,0,0,0,0,0,0,0,0,0,0,0,0,0,0,0,0,0,0,0,0,0,0,0,0,0
9801,4,2,8,6,20,0,900,0,-1,0,132491,7,0,30,0,0,0,0,0,0,0,48,0,0,0,0,0,0,0,0,0,0,0,0,0,0,0,0
9802,4,2,8,8,21,0,816,0,-1,0,132537,7,0,40,0,0,0,0,0,0,0,60,0,0,0,0,0,0,0,0,0,0,0,0,0,0,0,0
9803,4,2,8,9,21,0,1068,0,-1,0,132601,7,0,30,0,0,0,0,0,0,0,38,0,0,0,0,0,0,0,0,0,0,0,0,0,0,0,0
9804,4,6,1,14,21,4,2016,0,-1,0,134955,9,0,80,0,0,0,0,0,0,0,511,0,0,0,0,0,0,0,0,0,0,0,0,0,0,0,0
9805,4,1,7,16,19,0,983,0,-1,0,133762,7,0,0,0,0,0,0,0,0,0,19,0,0,0,0,0,0,0,0,0,0,0,0,0,0,0,0
9806,4,2,8,10,22,0,732,0,-1,0,132939,7,0,30,0,0,0,0,0,0,0,55,0,0,0,0,0,0,0,0,0,0,0,0,0,0,0,0
9807,4,2,8,3,22,0,1152,0,-1,0,135039,7,0,50,0,0,0,0,0,0,0,67,0,0,0,0,0,0,0,0,0,0,0,0,0,0,0,0
9808,4,2,8,7,23,0,565,0,-1,0,134582,7,0,65,0,0,0,0,0,0,0,79,0,0,0,0,0,0,0,0,0,0,0,0,0,0,0,0
9809,4,2,8,5,23,0,481,0,-1,0,132725,7,0,85,0,0,0,0,0,0,0,90,0,0,0,0,0,0,0,0,0,0,0,0,0,0,0,0
9810,4,3,5,8,20,0,837,0,-1,0,132535,10,0,45,0,0,0,0,0,0,0,126,0,0,0,0,0,0,0,0,0,0,0,0,0,0,0,0
9811,4,3,5,9,19,0,1088,0,-1,0,132602,10,0,30,0,0,0,0,0,0,0,79,0,0,0,0,0,0,0,0,0,0,0,0,0,0,0,0
9812,4,1,7,16,17,0,1004,0,-1,0,133766,7,0,0,0,0,0,0,0,0,0,18,0,0,0,0,0,0,0,0,0,0,0,0,0,0,0,0
9813,4,3,5,10,20,0,753,0,-1,0,132955,10,0,30,0,0,0,0,0,0,0,114,0,0,0,0,0,0,0,0,0,0,0,0,0,0,0,0
9814,4,3,5,6,19,0,920,0,-1,0,132493,10,0,30,0,0,0,0,0,0,0,101,0,0,0,0,0,0,0,0,0,0,0,0,0,0,0,0
9815,4,3,5,7,20,0,585,0,-1,0,134583,10,0,70,0,0,0,0,0,0,0,160,0,0,0,0,0,0,0,0,0,0,0,0,0,0,0,0
9816,4,6,1,14,20,4,2016,0,-1,0,134953,9,0,75,0,0,0,0,0,0,0,495,0,0,0,0,0,0,0,0,0,0,0,0,0,0,0,0
9817,4,3,5,3,21,0,1173,0,-1,0,135038,10,0,55,0,0,0,0,0,0,0,139,0,0,0,0,0,0,0,0,0,0,0,0,0,0,0,0
9818,4,3,5,5,20,0,501,0,-1,0,132624,10,0,90,0,0,0,0,0,0,0,183,0,0,0,0,0,0,0,0,0,0,0,0,0,0,0,0
9822,4,1,7,16,24,0,964,0,-1,0,133762,7,0,0,0,0,0,0,0,0,0,21,0,0,0,0,0,0,0,0,0,0,0,0,0,0,0,0
9827,4,2,8,6,25,0,901,0,-1,0,132498,7,0,30,0,0,0,0,0,0,0,53,0,0,0,0,0,0,0,0,0,0,0,0,0,0,0,0
9828,4,2,8,8,26,0,818,0,-1,0,132537,7,0,45,0,0,0,0,0,0,0,65,0,0,0,0,0,0,0,0,0,0,0,0,0,0,0,0
9829,4,2,8,9,24,0,1069,0,-1,0,132602,7,0,30,0,0,0,0,0,0,0,40,0,0,0,0,0,0,0,0,0,0,0,0,0,0,0,0
9830,4,6,1,14,27,4,2026,0,-1,0,134956,9,0,85,0,0,0,0,0,0,0,611,0,0,0,0,0,0,0,0,0,0,0,0,0,0,0,0
9831,4,1,7,16,24,0,985,0,-1,0,133759,7,0,0,0,0,0,0,0,0,0,21,0,0,0,0,0,0,0,0,0,0,0,0,0,0,0,0
9832,4,2,8,10,26,0,734,0,-1,0,132958,7,0,30,0,0,0,0,0,0,0,59,0,0,0,0,0,0,0,0,0,0,0,0,0,0,0,0
9833,4,2,8,7,28,0,566,0,-1,0,134582,7,0,65,0,0,0,0,0,0,0,86,0,0,0,0,0,0,0,0,0,0,0,0,0,0,0,0
9834,4,2,8,3,27,0,1154,0,-1,0,135039,7,0,50,0,0,0,0,0,0,0,73,0,0,0,0,0,0,0,0,0,0,0,0,0,0,0,0
9835,4,2,8,5,28,0,482,0,-1,0,132725,7,0,85,0,0,0,0,0,0,0,98,0,0,0,0,0,0,0,0,0,0,0,0,0,0,0,0
9836,4,3,5,5,28,0,503,0,-1,0,132739,10,0,100,0,0,0,0,0,0,0,207,0,0,0,0,0,0,0,0,0,0,0,0,0,0,0,0
9837,4,3,5,9,25,0,1090,0,-1,0,132602,10,0,35,0,0,0,0,0,0,0,87,0,0,0,0,0,0,0,0,0,0,0,0,0,0,0,0
9838,4,1,7,16,24,0,1006,0,-1,0,133758,7,0,0,0,0,0,0,0,0,0,21,0,0,0,0,0,0,0,0,0,0,0,0,0,0,0,0
9839,4,3,5,10,26,0,755,0,-1,0,132945,10,0,35,0,0,0,0,0,0,0,126,0,0,0,0,0,0,0,0,0,0,0,0,0,0,0,0
9840,4,3,5,6,26,0,923,0,-1,0,132495,10,0,35,0,0,0,0,0,0,0,113,0,0,0,0,0,0,0,0,0,0,0,0,0,0,0,0
9841,4,3,5,7,27,0,587,0,-1,0,134583,10,0,75,0,0,0,0,0,0,0,179,0,0,0,0,0,0,0,0,0,0,0,0,0,0,0,0
9842,4,3,5,3,27,0,1175,0,-1,0,135046,10,0,60,0,0,0,0,0,0,0,153,0,0,0,0,0,0,0,0,0,0,0,0,0,0,0,0
9847,4,1,7,16,28,0,965,0,-1,0,133769,7,0,0,0,0,0,0,0,0,0,23,0,0,0,0,0,0,0,0,0,0,0,0,0,0,0,0
9854,4,2,8,5,33,0,484,0,-1,0,132723,7,0,85,0,0,0,0,0,0,0,106,0,0,0,0,0,0,0,0,0,0,0,0,0,0,0,0
9855,4,2,8,6,30,0,903,0,-1,0,132492,7,0,30,0,0,0,0,0,0,0,57,0,0,0,0,0,0,0,0,0,0,0,0,0,0,0,0
9856,4,2,8,8,31,0,819,0,-1,0,132542,7,0,45,0,0,0,0,0,0,0,71,0,0,0,0,0,0,0,0,0,0,0,0,0,0,0,0
9857,4,2,8,9,29,0,1071,0,-1,0,132611,7,0,30,0,0,0,0,0,0,0,44,0,0,0,0,0,0,0,0,0,0,0,0,0,0,0,0
9858,4,6,1,14,31,4,2034,0,-1,0,134955,9,0,85,0,0,0,0,0,0,0,678,0,0,0,0,0,0,0,0,0,0,0,0,0,0,0,0
9859,4,2,8,1,31,0,651,0,-1,0,133117,7,0,50,0,0,0,0,0,0,0,84,0,0,0,0,0,0,0,0,0,0,0,0,0,0,0,0
9860,4,1,7,16,29,0,987,0,-1,0,133755,7,0,0,0,0,0,0,0,0,0,23,0,0,0,0,0,0,0,0,0,0,0,0,0,0,0,0
9861,4,2,8,10,30,0,735,0,-1,0,132956,7,0,30,0,0,0,0,0,0,0,63,0,0,0,0,0,0,0,0,0,0,0,0,0,0,0,0
9862,4,2,8,7,32,0,568,0,-1,0,134587,7,0,65,0,0,0,0,0,0,0,92,0,0,0,0,0,0,0,0,0,0,0,0,0,0,0,0
9863,4,2,8,3,32,0,1156,0,-1,0,135039,7,0,50,0,0,0,0,0,0,0,79,0,0,0,0,0,0,0,0,0,0,0,0,0,0,0,0
9864,4,3,5,8,31,0,840,0,-1,0,132539,10,0,50,0,0,0,0,0,0,0,149,0,0,0,0,0,0,0,0,0,0,0,0,0,0,0,0
9865,4,3,5,9,29,0,1092,0,-1,0,132606,10,0,35,0,0,0,0,0,0,0,92,0,0,0,0,0,0,0,0,0,0,0,0,0,0,0,0
9866,4,3,5,5,33,0,505,0,-1,0,132634,10,0,100,0,0,0,0,0,0,0,223,0,0,0,0,0,0,0,0,0,0,0,0,0,0,0,0
9867,4,1,7,16,28,0,1007,0,-1,0,133757,7,0,0,0,0,0,0,0,0,0,23,0,0,0,0,0,0,0,0,0,0,0,0,0,0,0,0
9868,4,3,5,10,30,0,756,0,-1,0,132962,10,0,35,0,0,0,0,0,0,0,133,0,0,0,0,0,0,0,0,0,0,0,0,0,0,0,0
9869,4,3,5,6,30,0,924,0,-1,0,132515,10,0,35,0,0,0,0,0,0,0,120,0,0,0,0,0,0,0,0,0,0,0,0,0,0,0,0
9870,4,3,5,1,31,0,672,0,-1,0,132768,10,0,60,0,0,0,0,0,0,0,176,0,0,0,0,0,0,0,0,0,0,0,0,0,0,0,0
9871,4,3,5,7,32,0,589,0,-1,0,134583,10,0,75,0,0,0,0,0,0,0,192,0,0,0,0,0,0,0,0,0,0,0,0,0,0,0,0
9872,4,3,5,3,32,0,1177,0,-1,0,135040,10,0,60,0,0,0,0,0,0,0,164,0,0,0,0,0,0,0,0,0,0,0,0,0,0,0,0
9873,4,6,1,14,32,4,2040,0,-1,0,134953,9,0,85,0,0,0,0,0,0,0,695,0,0,0,0,0,0,0,0,0,0,0,0,0,0,0,0
9877,4,1,7,16,33,0,967,0,-1,0,133765,7,0,0,0,0,0,0,0,0,0,25,0,0,0,0,0,0,0,0,0,0,0,0,0,0,0,0
9882,4,0,0,23,38,7,2050,0,-1,0,134333,21,0,0,0,0,0,0,0,0,0,0,0,0,0,0,0,0,0,0,0,0,0,0,0,0,0,0
9885,4,2,8,8,35,0,821,0,-1,0,132541,7,0,45,0,0,0,0,0,0,0,76,0,0,0,0,0,0,0,0,0,0,0,0,0,0,0,0
9886,4,2,8,9,34,0,1072,0,-1,0,132605,7,0,30,0,0,0,0,0,0,0,48,0,0,0,0,0,0,0,0,0,0,0,0,0,0,0,0
9887,4,2,8,5,38,0,486,0,-1,0,132722,7,0,85,0,0,0,0,0,0,0,117,0,0,0,0,0,0,0,0,0,0,0,0,0,0,0,0
9889,4,2,8,1,35,0,653,0,-1,0,132514,7,0,50,0,0,0,0,0,0,0,90,0,0,0,0,0,0,0,0,0,0,0,0,0,0,0,0
9890,4,1,7,16,33,0,988,0,-1,0,133761,7,0,0,0,0,0,0,0,0,0,25,0,0,0,0,0,0,0,0,0,0,0,0,0,0,0,0
9891,4,2,8,6,34,0,904,0,-1,0,132506,7,0,30,0,0,0,0,0,0,0,61,0,0,0,0,0,0,0,0,0,0,0,0,0,0,0,0
9892,4,2,8,10,35,0,737,0,-1,0,132949,7,0,30,0,0,0,0,0,0,0,69,0,0,0,0,0,0,0,0,0,0,0,0,0,0,0,0
9893,4,2,8,7,37,0,569,0,-1,0,134594,7,0,65,0,0,0,0,0,0,0,101,0,0,0,0,0,0,0,0,0,0,0,0,0,0,0,0
9894,4,2,8,3,36,0,1157,0,-1,0,135039,7,0,50,0,0,0,0,0,0,0,84,0,0,0,0,0,0,0,0,0,0,0,0,0,0,0,0
9895,4,3,5,8,35,0,842,0,-1,0,132589,10,0,50,0,0,0,0,0,0,0,159,0,0,0,0,0,0,0,0,0,0,0,0,0,0,0,0
9896,4,3,5,9,34,0,1093,0,-1,0,132616,10,0,35,0,0,0,0,0,0,0,99,0,0,0,0,0,0,0,0,0,0,0,0,0,0,0,0
9897,4,3,5,5,37,0,506,0,-1,0,132631,10,0,100,0,0,0,0,0,0,0,238,0,0,0,0,0,0,0,0,0,0,0,0,0,0,0,0
9898,4,1,7,16,33,0,1009,0,-1,0,133759,7,0,0,0,0,0,0,0,0,0,25,0,0,0,0,0,0,0,0,0,0,0,0,0,0,0,0
9899,4,6,1,14,37,4,2046,0,-1,0,134951,9,0,85,0,0,0,0,0,0,0,1148,0,0,0,0,0,0,0,0,0,0,0,0,0,0,0,0
9900,4,3,5,10,35,0,758,0,-1,0,132946,10,0,35,0,0,0,0,0,0,0,144,0,0,0,0,0,0,0,0,0,0,0,0,0,0,0,0
9901,4,3,5,6,35,0,926,0,-1,0,132516,10,0,35,0,0,0,0,0,0,0,130,0,0,0,0,0,0,0,0,0,0,0,0,0,0,0,0
9902,4,3,5,1,36,0,674,0,-1,0,133139,10,0,60,0,0,0,0,0,0,0,190,0,0,0,0,0,0,0,0,0,0,0,0,0,0,0,0
9903,4,3,5,7,37,0,590,0,-1,0,134583,10,0,75,0,0,0,0,0,0,0,208,0,0,0,0,0,0,0,0,0,0,0,0,0,0,0,0
9904,4,3,5,3,36,0,1178,0,-1,0,135057,10,0,60,0,0,0,0,0,0,0,176,0,0,0,0,0,0,0,0,0,0,0,0,0,0,0,0
9908,4,1,7,16,38,0,969,0,-1,0,133754,7,0,0,0,0,0,0,0,0,0,28,0,0,0,0,0,0,0,0,0,0,0,0,0,0,0,0
9914,4,0,0,23,43,7,2056,0,-1,0,133483,12,0,0,0,0,0,0,0,0,0,0,0,0,0,0,0,0,0,0,0,0,0,0,0,0,0,0
9916,4,2,8,6,39,0,906,0,-1,0,132506,7,0,30,0,0,0,0,0,0,0,67,0,0,0,0,0,0,0,0,0,0,0,0,0,0,0,0
9917,4,2,8,8,39,0,822,0,-1,0,132542,7,0,45,0,0,0,0,0,0,0,82,0,0,0,0,0,0,0,0,0,0,0,0,0,0,0,0
9918,4,6,1,14,40,4,2052,0,-1,0,134949,9,0,85,0,0,0,0,0,0,0,1408,0,0,0,0,0,0,0,0,0,0,0,0,0,0,0,0
9919,4,1,7,16,38,0,990,0,-1,0,133753,7,0,0,0,0,0,0,0,0,0,28,0,0,0,0,0,0,0,0,0,0,0,0,0,0,0,0
9920,4,2,8,10,39,0,738,0,-1,0,132959,7,0,30,0,0,0,0,0,0,0,75,0,0,0,0,0,0,0,0,0,0,0,0,0,0,0,0
9921,4,2,8,1,40,0,654,0,-1,0,133119,7,0,50,0,0,0,0,0,0,0,99,0,0,0,0,0,0,0,0,0,0,0,0,0,0,0,0
9922,4,2,8,7,41,0,571,0,-1,0,134594,7,0,65,0,0,0,0,0,0,0,108,0,0,0,0,0,0,0,0,0,0,0,0,0,0,0,0
9923,4,2,8,3,40,0,1158,0,-1,0,135049,7,0,50,0,0,0,0,0,0,0,91,0,0,0,0,0,0,0,0,0,0,0,0,0,0,0,0
9924,4,2,8,5,43,0,487,0,-1,0,132723,7,0,85,0,0,0,0,0,0,0,129,0,0,0,0,0,0,0,0,0,0,0,0,0,0,0,0
9925,4,2,8,9,39,0,1074,0,-1,0,132608,7,0,30,0,0,0,0,0,0,0,52,0,0,0,0,0,0,0,0,0,0,0,0,0,0,0,0
9926,4,3,5,8,38,0,843,0,-1,0,132589,10,0,50,0,0,0,0,0,0,0,166,0,0,0,0,0,0,0,0,0,0,0,0,0,0,0,0
9927,4,3,5,9,37,0,1094,0,-1,0,132612,10,0,35,0,0,0,0,0,0,0,104,0,0,0,0,0,0,0,0,0,0,0,0,0,0,0,0
9928,4,3,5,5,40,0,507,0,-1,0,132750,10,0,100,0,0,0,0,0,0,0,248,0,0,0,0,0,0,0,0,0,0,0,0,0,0,0,0
9929,4,1,7,16,36,0,1010,0,-1,0,133770,7,0,0,0,0,0,0,0,0,0,27,0,0,0,0,0,0,0,0,0,0,0,0,0,0,0,0
9930,4,3,5,10,38,0,759,0,-1,0,132960,10,0,35,0,0,0,0,0,0,0,151,0,0,0,0,0,0,0,0,0,0,0,0,0,0,0,0
9931,4,3,5,6,38,0,927,0,-1,0,132500,10,0,35,0,0,0,0,0,0,0,136,0,0,0,0,0,0,0,0,0,0,0,0,0,0,0,0
9932,4,3,5,1,39,0,675,0,-1,0,133090,10,0,60,0,0,0,0,0,0,0,199,0,0,0,0,0,0,0,0,0,0,0,0,0,0,0,0
9933,4,3,5,7,40,0,591,0,-1,0,134584,10,0,75,0,0,0,0,0,0,0,217,0,0,0,0,0,0,0,0,0,0,0,0,0,0,0,0
9934,4,3,5,3,39,0,1179,0,-1,0,135054,10,0,60,0,0,0,0,0,0,0,184,0,0,0,0,0,0,0,0,0,0,0,0,0,0,0,0
9935,4,6,1,14,40,4,2052,0,-1,0,134951,9,0,85,0,0,0,0,0,0,0,1408,0,0,0,0,0,0,0,0,0,0,0,0,0,0,0,0
9938,4,1,7,16,43,0,970,0,-1,0,133768,7,0,0,0,0,0,0,0,0,0,31,0,0,0,0,0,0,0,0,0,0,0,0,0,0,0,0
9944,4,0,2,23,48,7,2068,0,-1,0,134125,21,0,0,0,0,0,0,0,0,0,0,0,0,0,0,0,0,0,0,0,0,0,0,0,0,0,0
9947,4,2,8,6,43,0,907,0,-1,0,132501,7,0,30,0,0,0,0,0,0,0,72,0,0,0,0,0,0,0,0,0,0,0,0,0,0,0,0
9948,4,2,8,8,44,0,824,0,-1,0,132535,7,0,45,0,0,0,0,0,0,0,90,0,0,0,0,0,0,0,0,0,0,0,0,0,0,0,0
9949,4,2,8,9,43,0,1075,0,-1,0,132615,7,0,30,0,0,0,0,0,0,0,56,0,0,0,0,0,0,0,0,0,0,0,0,0,0,0,0
9950,4,2,8,5,48,0,489,0,-1,0,132720,7,0,85,0,0,0,0,0,0,0,139,0,0,0,0,0,0,0,0,0,0,0,0,0,0,0,0
9951,4,1,7,16,42,0,991,0,-1,0,133770,7,0,0,0,0,0,0,0,0,0,31,0,0,0,0,0,0,0,0,0,0,0,0,0,0,0,0
9952,4,2,8,10,44,0,740,0,-1,0,132956,7,0,30,0,0,0,0,0,0,0,82,0,0,0,0,0,0,0,0,0,0,0,0,0,0,0,0
9953,4,2,8,1,45,0,656,0,-1,0,133126,7,0,50,0,0,0,0,0,0,0,107,0,0,0,0,0,0,0,0,0,0,0,0,0,0,0,0
9954,4,2,8,7,46,0,572,0,-1,0,134592,7,0,65,0,0,0,0,0,0,0,118,0,0,0,0,0,0,0,0,0,0,0,0,0,0,0,0
9955,4,2,8,3,45,0,1160,0,-1,0,135032,7,0,50,0,0,0,0,0,0,0,99,0,0,0,0,0,0,0,0,0,0,0,0,0,0,0,0
9956,4,3,5,9,41,0,1096,0,-1,0,132600,10,0,35,0,0,0,0,0,0,0,111,0,0,0,0,0,0,0,0,0,0,0,0,0,0,0,0
9957,4,3,5,5,45,0,509,0,-1,0,132759,10,0,100,0,0,0,0,0,0,0,273,0,0,0,0,0,0,0,0,0,0,0,0,0,0,0,0
9958,4,6,1,14,45,4,2064,0,-1,0,134948,9,0,85,0,0,0,0,0,0,0,1550,0,0,0,0,0,0,0,0,0,0,0,0,0,0,0,0
9959,4,1,7,16,40,0,1011,0,-1,0,133772,7,0,0,0,0,0,0,0,0,0,30,0,0,0,0,0,0,0,0,0,0,0,0,0,0,0,0
9960,4,3,5,10,42,0,760,0,-1,0,132960,10,0,35,0,0,0,0,0,0,0,162,0,0,0,0,0,0,0,0,0,0,0,0,0,0,0,0
9961,4,3,5,6,42,0,928,0,-1,0,132497,10,0,35,0,0,0,0,0,0,0,145,0,0,0,0,0,0,0,0,0,0,0,0,0,0,0,0
9962,4,3,5,8,43,0,844,0,-1,0,132589,10,0,50,0,0,0,0,0,0,0,181,0,0,0,0,0,0,0,0,0,0,0,0,0,0,0,0
9963,4,3,5,1,43,0,676,0,-1,0,132767,10,0,60,0,0,0,0,0,0,0,214,0,0,0,0,0,0,0,0,0,0,0,0,0,0,0,0
9964,4,3,5,7,44,0,593,0,-1,0,134586,10,0,75,0,0,0,0,0,0,0,235,0,0,0,0,0,0,0,0,0,0,0,0,0,0,0,0
9965,4,3,5,3,44,0,1181,0,-1,0,135036,10,0,60,0,0,0,0,0,0,0,201,0,0,0,0,0,0,0,0,0,0,0,0,0,0,0,0
9966,4,4,6,5,40,0,528,0,-1,0,132722,11,0,115,0,0,0,0,0,0,0,437,0,0,0,0,0,0,0,0,0,0,0,0,0,0,0,0
9967,4,4,6,10,40,0,780,0,-1,0,132957,11,0,40,0,0,0,0,0,0,0,239,0,0,0,0,0,0,0,0,0,0,0,0,0,0,0,0
9968,4,4,6,6,40,0,947,0,-1,0,132500,11,0,40,0,0,0,0,0,0,0,191,0,0,0,0,0,0,0,0,0,0,0,0,0,0,0,0
9969,4,4,6,1,40,0,696,0,-1,0,133127,11,0,70,0,0,0,0,0,0,0,310,0,0,0,0,0,0,0,0,0,0,0,0,0,0,0,0
9970,4,4,6,7,40,0,612,0,-1,0,134586,11,0,85,0,0,0,0,0,0,0,375,0,0,0,0,0,0,0,0,0,0,0,0,0,0,0,0
9971,4,4,6,3,40,0,1200,0,-1,0,135054,11,0,70,0,0,0,0,0,0,0,286,0,0,0,0,0,0,0,0,0,0,0,0,0,0,0,0
9972,4,4,6,9,40,0,1115,0,-1,0,132602,11,0,40,0,0,0,0,0,0,0,148,0,0,0,0,0,0,0,0,0,0,0,0,0,0,0,0
9973,4,4,6,8,40,0,863,0,-1,0,132588,11,0,55,0,0,0,0,0,0,0,233,0,0,0,0,0,0,0,0,0,0,0,0,0,0,0,0
9974,4,6,1,14,47,4,2070,0,-1,0,135971,9,0,85,0,0,0,0,0,0,0,1606,0,0,0,0,0,0,0,0,0,0,0,0,0,0,0,0
10060,4,1,7,16,44,0,971,0,-1,0,133772,7,0,0,0,0,0,0,0,0,0,32,0,0,0,0,0,0,0,0,0,0,0,0,0,0,0,0
10067,4,2,8,6,44,0,908,0,-1,0,132505,7,0,30,0,0,0,0,0,0,0,74,0,0,0,0,0,0,0,0,0,0,0,0,0,0,0,0
10068,4,2,8,8,46,0,824,0,-1,0,132535,7,0,45,0,0,0,0,0,0,0,93,0,0,0,0,0,0,0,0,0,0,0,0,0,0,0,0
10069,4,2,8,9,44,0,1076,0,-1,0,132613,7,0,30,0,0,0,0,0,0,0,57,0,0,0,0,0,0,0,0,0,0,0,0,0,0,0,0
10070,4,2,8,5,50,0,490,0,-1,0,132632,7,0,85,0,0,0,0,0,0,0,144,0,0,0,0,0,0,0,0,0,0,0,0,0,0,0,0
10071,4,1,7,16,44,0,992,0,-1,0,133758,7,0,0,0,0,0,0,0,0,0,32,0,0,0,0,0,0,0,0,0,0,0,0,0,0,0,0
10072,4,2,8,10,46,0,740,0,-1,0,132946,7,0,30,0,0,0,0,0,0,0,84,0,0,0,0,0,0,0,0,0,0,0,0,0,0,0,0
10073,4,2,8,1,47,0,657,0,-1,0,133111,7,0,50,0,0,0,0,0,0,0,111,0,0,0,0,0,0,0,0,0,0,0,0,0,0,0,0
10074,4,2,8,7,48,0,573,0,-1,0,134591,7,0,65,0,0,0,0,0,0,0,122,0,0,0,0,0,0,0,0,0,0,0,0,0,0,0,0
10075,4,2,8,3,46,0,1160,0,-1,0,135044,7,0,50,0,0,0,0,0,0,0,101,0,0,0,0,0,0,0,0,0,0,0,0,0,0,0,0
10076,4,3,5,9,44,0,1097,0,-1,0,132613,10,0,35,0,0,0,0,0,0,0,117,0,0,0,0,0,0,0,0,0,0,0,0,0,0,0,0
10077,4,3,5,5,48,0,510,0,-1,0,132750,10,0,100,0,0,0,0,0,0,0,288,0,0,0,0,0,0,0,0,0,0,0,0,0,0,0,0
10078,4,6,1,14,48,4,2070,0,-1,0,135964,9,0,85,0,0,0,0,0,0,0,1635,0,0,0,0,0,0,0,0,0,0,0,0,0,0,0,0
10079,4,1,7,16,43,0,1012,0,-1,0,133754,7,0,0,0,0,0,0,0,0,0,31,0,0,0,0,0,0,0,0,0,0,0,0,0,0,0,0
10080,4,3,5,10,45,0,761,0,-1,0,132963,10,0,35,0,0,0,0,0,0,0,171,0,0,0,0,0,0,0,0,0,0,0,0,0,0,0,0
10081,4,3,5,6,45,0,929,0,-1,0,132524,10,0,35,0,0,0,0,0,0,0,154,0,0,0,0,0,0,0,0,0,0,0,0,0,0,0,0
10082,4,3,5,8,46,0,845,0,-1,0,132587,10,0,50,0,0,0,0,0,0,0,191,0,0,0,0,0,0,0,0,0,0,0,0,0,0,0,0
10083,4,3,5,1,46,0,677,0,-1,0,132767,10,0,60,0,0,0,0,0,0,0,226,0,0,0,0,0,0,0,0,0,0,0,0,0,0,0,0
10084,4,3,5,7,47,0,594,0,-1,0,134584,10,0,75,0,0,0,0,0,0,0,248,0,0,0,0,0,0,0,0,0,0,0,0,0,0,0,0
10085,4,3,5,3,47,0,1182,0,-1,0,135061,10,0,60,0,0,0,0,0,0,0,212,0,0,0,0,0,0,0,0,0,0,0,0,0,0,0,0
10086,4,4,6,5,44,0,530,0,-1,0,132722,11,0,115,0,0,0,0,0,0,0,471,0,0,0,0,0,0,0,0,0,0,0,0,0,0,0,0
10087,4,4,6,10,41,0,781,0,-1,0,132955,11,0,40,0,0,0,0,0,0,0,278,0,0,0,0,0,0,0,0,0,0,0,0,0,0,0,0
10088,4,4,6,6,40,0,948,0,-1,0,132502,11,0,40,0,0,0,0,0,0,0,246,0,0,0,0,0,0,0,0,0,0,0,0,0,0,0,0
10089,4,4,6,8,40,0,864,0,-1,0,132542,11,0,55,0,0,0,0,0,0,0,300,0,0,0,0,0,0,0,0,0,0,0,0,0,0,0,0
10090,4,4,6,1,41,0,697,0,-1,0,133078,11,0,70,0,0,0,0,0,0,0,362,0,0,0,0,0,0,0,0,0,0,0,0,0,0,0,0
10091,4,4,6,7,42,0,613,0,-1,0,134589,11,0,85,0,0,0,0,0,0,0,397,0,0,0,0,0,0,0,0,0,0,0,0,0,0,0,0
10092,4,4,6,3,42,0,1201,0,-1,0,135039,11,0,70,0,0,0,0,0,0,0,341,0,0,0,0,0,0,0,0,0,0,0,0,0,0,0,0
10093,4,6,1,14,49,4,2070,0,-1,0,134952,9,0,85,0,0,0,0,0,0,0,1663,0,0,0,0,0,0,0,0,0,0,0,0,0,0,0,0
10094,4,4,6,9,40,0,1116,0,-1,0,132607,11,0,40,0,0,0,0,0,0,0,191,0,0,0,0,0,0,0,0,0,0,0,0,0,0,0,0
10098,4,1,7,16,48,0,972,0,-1,0,133769,7,0,0,0,0,0,0,0,0,0,34,0,0,0,0,0,0,0,0,0,0,0,0,0,0,0,0
10105,4,2,8,5,55,0,491,0,-1,0,132725,7,0,85,0,0,0,0,0,0,0,154,0,0,0,0,0,0,0,0,0,0,0,0,0,0,0,0
10106,4,2,8,8,51,0,826,0,-1,0,132541,7,0,45,0,0,0,0,0,0,0,100,0,0,0,0,0,0,0,0,0,0,0,0,0,0,0,0
10107,4,2,8,9,49,0,1077,0,-1,0,132604,7,0,30,0,0,0,0,0,0,0,62,0,0,0,0,0,0,0,0,0,0,0,0,0,0,0,0
10108,4,1,7,16,48,0,993,0,-1,0,133762,7,0,0,0,0,0,0,0,0,0,34,0,0,0,0,0,0,0,0,0,0,0,0,0,0,0,0
10109,4,2,8,6,49,0,909,0,-1,0,132500,7,0,30,0,0,0,0,0,0,0,80,0,0,0,0,0,0,0,0,0,0,0,0,0,0,0,0
10110,4,2,8,10,50,0,742,0,-1,0,132958,7,0,30,0,0,0,0,0,0,0,90,0,0,0,0,0,0,0,0,0,0,0,0,0,0,0,0
10111,4,2,8,1,52,0,658,0,-1,0,133152,7,0,50,0,0,0,0,0,0,0,120,0,0,0,0,0,0,0,0,0,0,0,0,0,0,0,0
10112,4,2,8,7,53,0,575,0,-1,0,134586,7,0,65,0,0,0,0,0,0,0,131,0,0,0,0,0,0,0,0,0,0,0,0,0,0,0,0
10113,4,2,8,3,52,0,1162,0,-1,0,135039,7,0,50,0,0,0,0,0,0,0,111,0,0,0,0,0,0,0,0,0,0,0,0,0,0,0,0
10118,4,3,5,5,53,0,512,0,-1,0,132632,10,0,100,0,0,0,0,0,0,0,313,0,0,0,0,0,0,0,0,0,0,0,0,0,0,0,0
10119,4,3,5,8,52,0,847,0,-1,0,132586,10,0,50,0,0,0,0,0,0,0,211,0,0,0,0,0,0,0,0,0,0,0,0,0,0,0,0
10120,4,1,7,16,48,0,1014,0,-1,0,133758,7,0,0,0,0,0,0,0,0,0,34,0,0,0,0,0,0,0,0,0,0,0,0,0,0,0,0
10121,4,3,5,10,51,0,763,0,-1,0,132944,10,0,35,0,0,0,0,0,0,0,189,0,0,0,0,0,0,0,0,0,0,0,0,0,0,0,0
10122,4,3,5,6,50,0,931,0,-1,0,132496,10,0,35,0,0,0,0,0,0,0,167,0,0,0,0,0,0,0,0,0,0,0,0,0,0,0,0
10123,4,3,5,1,52,0,679,0,-1,0,132768,10,0,60,0,0,0,0,0,0,0,250,0,0,0,0,0,0,0,0,0,0,0,0,0,0,0,0
10124,4,3,5,7,52,0,595,0,-1,0,134584,10,0,75,0,0,0,0,0,0,0,269,0,0,0,0,0,0,0,0,0,0,0,0,0,0,0,0
10125,4,3,5,3,51,0,1183,0,-1,0,135033,10,0,60,0,0,0,0,0,0,0,227,0,0,0,0,0,0,0,0,0,0,0,0,0,0,0,0
10126,4,3,5,9,49,0,1098,0,-1,0,132613,10,0,35,0,0,0,0,0,0,0,128,0,0,0,0,0,0,0,0,0,0,0,0,0,0,0,0
10127,4,4,6,9,44,0,1118,0,-1,0,132615,11,0,40,0,0,0,0,0,0,0,206,0,0,0,0,0,0,0,0,0,0,0,0,0,0,0,0
10128,4,4,6,5,49,0,531,0,-1,0,132746,11,0,115,0,0,0,0,0,0,0,515,0,0,0,0,0,0,0,0,0,0,0,0,0,0,0,0
10129,4,4,6,10,45,0,782,0,-1,0,132965,11,0,40,0,0,0,0,0,0,0,300,0,0,0,0,0,0,0,0,0,0,0,0,0,0,0,0
10130,4,4,6,6,45,0,950,0,-1,0,132519,11,0,40,0,0,0,0,0,0,0,270,0,0,0,0,0,0,0,0,0,0,0,0,0,0,0,0
10131,4,4,6,8,45,0,866,0,-1,0,132583,11,0,55,0,0,0,0,0,0,0,330,0,0,0,0,0,0,0,0,0,0,0,0,0,0,0,0
10132,4,4,6,1,46,0,698,0,-1,0,133071,11,0,70,0,0,0,0,0,0,0,397,0,0,0,0,0,0,0,0,0,0,0,0,0,0,0,0
10133,4,4,6,7,47,0,615,0,-1,0,134583,11,0,85,0,0,0,0,0,0,0,435,0,0,0,0,0,0,0,0,0,0,0,0,0,0,0,0
10134,4,4,6,3,46,0,1202,0,-1,0,135045,11,0,70,0,0,0,0,0,0,0,366,0,0,0,0,0,0,0,0,0,0,0,0,0,0,0,0
10138,4,1,7,16,54,0,974,0,-1,0,133768,7,0,0,0,0,0,0,0,0,0,38,0,0,0,0,0,0,0,0,0,0,0,0,0,0,0,0
10145,4,2,8,6,54,0,911,0,-1,0,132501,7,0,30,0,0,0,0,0,0,0,86,0,0,0,0,0,0,0,0,0,0,0,0,0,0,0,0
10146,4,2,8,8,56,0,828,0,-1,0,132541,7,0,45,0,0,0,0,0,0,0,107,0,0,0,0,0,0,0,0,0,0,0,0,0,0,0,0
10147,4,2,8,9,55,0,1079,0,-1,0,132617,7,0,30,0,0,0,0,0,0,0,67,0,0,0,0,0,0,0,0,0,0,0,0,0,0,0,0
10148,4,1,7,16,53,0,995,0,-1,0,133762,7,0,0,0,0,0,0,0,0,0,38,0,0,0,0,0,0,0,0,0,0,0,0,0,0,0,0
10149,4,2,8,10,56,0,744,0,-1,0,132957,7,0,30,0,0,0,0,0,0,0,97,0,0,0,0,0,0,0,0,0,0,0,0,0,0,0,0
10150,4,2,8,1,57,0,660,0,-1,0,133156,7,0,50,0,0,0,0,0,0,0,129,0,0,0,0,0,0,0,0,0,0,0,0,0,0,0,0
10151,4,2,8,5,59,0,493,0,-1,0,132646,7,0,85,0,0,0,0,0,0,0,163,0,0,0,0,0,0,0,0,0,0,0,0,0,0,0,0
10152,4,2,8,7,58,0,576,0,-1,0,134586,7,0,65,0,0,0,0,0,0,0,140,0,0,0,0,0,0,0,0,0,0,0,0,0,0,0,0
10153,4,2,8,3,57,0,1164,0,-1,0,135055,7,0,50,0,0,0,0,0,0,0,119,0,0,0,0,0,0,0,0,0,0,0,0,0,0,0,0
10154,4,3,5,6,56,0,933,0,-1,0,132500,10,0,35,0,0,0,0,0,0,0,184,0,0,0,0,0,0,0,0,0,0,0,0,0,0,0,0
10155,4,3,5,8,56,0,849,0,-1,0,132536,10,0,50,0,0,0,0,0,0,0,225,0,0,0,0,0,0,0,0,0,0,0,0,0,0,0,0
10156,4,3,5,9,55,0,1100,0,-1,0,132617,10,0,35,0,0,0,0,0,0,0,141,0,0,0,0,0,0,0,0,0,0,0,0,0,0,0,0
10157,4,3,5,5,59,0,514,0,-1,0,132629,10,0,100,0,0,0,0,0,0,0,342,0,0,0,0,0,0,0,0,0,0,0,0,0,0,0,0
10158,4,6,1,14,59,4,2094,0,-1,0,134951,9,0,85,0,0,0,0,0,0,0,1946,0,0,0,0,0,0,0,0,0,0,0,0,0,0,0,0
10159,4,1,7,16,54,0,1016,0,-1,0,133770,7,0,0,0,0,0,0,0,0,0,38,0,0,0,0,0,0,0,0,0,0,0,0,0,0,0,0
10160,4,3,5,1,57,0,681,0,-1,0,132767,10,0,60,0,0,0,0,0,0,0,270,0,0,0,0,0,0,0,0,0,0,0,0,0,0,0,0
10161,4,3,5,10,56,0,765,0,-1,0,132960,10,0,35,0,0,0,0,0,0,0,204,0,0,0,0,0,0,0,0,0,0,0,0,0,0,0,0
10162,4,3,5,7,58,0,597,0,-1,0,134586,10,0,75,0,0,0,0,0,0,0,295,0,0,0,0,0,0,0,0,0,0,0,0,0,0,0,0
10163,4,3,5,3,57,0,1185,0,-1,0,135054,10,0,60,0,0,0,0,0,0,0,249,0,0,0,0,0,0,0,0,0,0,0,0,0,0,0,0
10164,4,4,6,5,53,0,533,0,-1,0,132751,11,0,115,0,0,0,0,0,0,0,552,0,0,0,0,0,0,0,0,0,0,0,0,0,0,0,0
10165,4,4,6,10,50,0,784,0,-1,0,132963,11,0,40,0,0,0,0,0,0,0,328,0,0,0,0,0,0,0,0,0,0,0,0,0,0,0,0
10166,4,4,6,6,49,0,951,0,-1,0,132521,11,0,40,0,0,0,0,0,0,0,290,0,0,0,0,0,0,0,0,0,0,0,0,0,0,0,0
10167,4,4,6,8,50,0,868,0,-1,0,132584,11,0,55,0,0,0,0,0,0,0,361,0,0,0,0,0,0,0,0,0,0,0,0,0,0,0,0
10168,4,4,6,1,51,0,700,0,-1,0,132767,11,0,70,0,0,0,0,0,0,0,434,0,0,0,0,0,0,0,0,0,0,0,0,0,0,0,0
10169,4,4,6,7,52,0,616,0,-1,0,134586,11,0,85,0,0,0,0,0,0,0,475,0,0,0,0,0,0,0,0,0,0,0,0,0,0,0,0
10170,4,4,6,3,51,0,1204,0,-1,0,135061,11,0,70,0,0,0,0,0,0,0,400,0,0,0,0,0,0,0,0,0,0,0,0,0,0,0,0
10171,4,4,6,9,49,0,1119,0,-1,0,132613,11,0,40,0,0,0,0,0,0,0,225,0,0,0,0,0,0,0,0,0,0,0,0,0,0,0,0
10174,4,1,7,16,47,0,972,0,-1,0,133754,7,0,0,0,0,0,0,0,0,0,34,0,0,0,0,0,0,0,0,0,0,0,0,0,0,0,0
10182,4,2,8,5,53,0,491,0,-1,0,132717,7,0,85,0,0,0,0,0,0,0,150,0,0,0,0,0,0,0,0,0,0,0,0,0,0,0,0
10183,4,2,8,8,49,0,825,0,-1,0,132542,7,0,45,0,0,0,0,0,0,0,97,0,0,0,0,0,0,0,0,0,0,0,0,0,0,0,0
10184,4,2,8,9,47,0,1077,0,-1,0,132602,7,0,30,0,0,0,0,0,0,0,60,0,0,0,0,0,0,0,0,0,0,0,0,0,0,0,0
10185,4,1,7,16,46,0,992,0,-1,0,133770,7,0,0,0,0,0,0,0,0,0,33,0,0,0,0,0,0,0,0,0,0,0,0,0,0,0,0
10186,4,2,8,10,48,0,741,0,-1,0,132937,7,0,30,0,0,0,0,0,0,0,87,0,0,0,0,0,0,0,0,0,0,0,0,0,0,0,0
10187,4,2,8,1,50,0,658,0,-1,0,133148,7,0,50,0,0,0,0,0,0,0,117,0,0,0,0,0,0,0,0,0,0,0,0,0,0,0,0
10188,4,2,8,7,51,0,574,0,-1,0,134586,7,0,65,0,0,0,0,0,0,0,127,0,0,0,0,0,0,0,0,0,0,0,0,0,0,0,0
10189,4,2,8,3,50,0,1162,0,-1,0,135054,7,0,50,0,0,0,0,0,0,0,108,0,0,0,0,0,0,0,0,0,0,0,0,0,0,0,0
10190,4,2,8,6,47,0,909,0,-1,0,132502,7,0,30,0,0,0,0,0,0,0,77,0,0,0,0,0,0,0,0,0,0,0,0,0,0,0,0
10191,4,3,5,9,46,0,1097,0,-1,0,132613,10,0,35,0,0,0,0,0,0,0,122,0,0,0,0,0,0,0,0,0,0,0,0,0,0,0,0
10192,4,3,5,8,48,0,846,0,-1,0,132588,10,0,50,0,0,0,0,0,0,0,198,0,0,0,0,0,0,0,0,0,0,0,0,0,0,0,0
10193,4,3,5,5,50,0,511,0,-1,0,132628,10,0,100,0,0,0,0,0,0,0,298,0,0,0,0,0,0,0,0,0,0,0,0,0,0,0,0
10194,4,1,7,16,45,0,1013,0,-1,0,133766,7,0,0,0,0,0,0,0,0,0,33,0,0,0,0,0,0,0,0,0,0,0,0,0,0,0,0
10195,4,6,1,14,50,4,2076,0,-1,0,134956,9,0,85,0,0,0,0,0,0,0,1691,0,0,0,0,0,0,0,0,0,0,0,0,0,0,0,0
10196,4,3,5,10,47,0,762,0,-1,0,132957,10,0,35,0,0,0,0,0,0,0,177,0,0,0,0,0,0,0,0,0,0,0,0,0,0,0,0
10197,4,3,5,6,47,0,930,0,-1,0,132493,10,0,35,0,0,0,0,0,0,0,159,0,0,0,0,0,0,0,0,0,0,0,0,0,0,0,0
10198,4,3,5,1,48,0,678,0,-1,0,133127,10,0,60,0,0,0,0,0,0,0,234,0,0,0,0,0,0,0,0,0,0,0,0,0,0,0,0
10199,4,3,5,7,49,0,594,0,-1,0,134583,10,0,75,0,0,0,0,0,0,0,256,0,0,0,0,0,0,0,0,0,0,0,0,0,0,0,0
10200,4,3,5,3,48,0,1182,0,-1,0,135059,10,0,60,0,0,0,0,0,0,0,216,0,0,0,0,0,0,0,0,0,0,0,0,0,0,0,0
10201,4,4,6,8,43,0,865,0,-1,0,132535,11,0,55,0,0,0,0,0,0,0,318,0,0,0,0,0,0,0,0,0,0,0,0,0,0,0,0
10202,4,4,6,9,43,0,1117,0,-1,0,132602,11,0,40,0,0,0,0,0,0,0,202,0,0,0,0,0,0,0,0,0,0,0,0,0,0,0,0
10203,4,4,6,5,47,0,531,0,-1,0,132739,11,0,115,0,0,0,0,0,0,0,497,0,0,0,0,0,0,0,0,0,0,0,0,0,0,0,0
10204,4,6,1,14,50,4,2076,0,-1,0,134955,9,0,85,0,0,0,0,0,0,0,1691,0,0,0,0,0,0,0,0,0,0,0,0,0,0,0,0
10205,4,4,6,10,44,0,782,0,-1,0,132938,11,0,40,0,0,0,0,0,0,0,295,0,0,0,0,0,0,0,0,0,0,0,0,0,0,0,0
10206,4,4,6,6,43,0,949,0,-1,0,132495,11,0,40,0,0,0,0,0,0,0,260,0,0,0,0,0,0,0,0,0,0,0,0,0,0,0,0
10207,4,4,6,1,44,0,698,0,-1,0,132767,11,0,70,0,0,0,0,0,0,0,383,0,0,0,0,0,0,0,0,0,0,0,0,0,0,0,0
10208,4,4,6,7,45,0,614,0,-1,0,134581,11,0,85,0,0,0,0,0,0,0,420,0,0,0,0,0,0,0,0,0,0,0,0,0,0,0,0
10209,4,4,6,3,45,0,1202,0,-1,0,135044,11,0,70,0,0,0,0,0,0,0,360,0,0,0,0,0,0,0,0,0,0,0,0,0,0,0,0
10212,4,1,7,16,52,0,973,0,-1,0,133758,7,0,0,0,0,0,0,0,0,0,37,0,0,0,0,0,0,0,0,0,0,0,0,0,0,0,0
10220,4,2,8,5,58,0,492,0,-1,0,132717,7,0,85,0,0,0,0,0,0,0,160,0,0,0,0,0,0,0,0,0,0,0,0,0,0,0,0
10221,4,2,8,6,53,0,911,0,-1,0,132501,7,0,30,0,0,0,0,0,0,0,84,0,0,0,0,0,0,0,0,0,0,0,0,0,0,0,0
10222,4,2,8,8,54,0,827,0,-1,0,132535,7,0,45,0,0,0,0,0,0,0,105,0,0,0,0,0,0,0,0,0,0,0,0,0,0,0,0
10223,4,2,8,9,53,0,1079,0,-1,0,132615,7,0,30,0,0,0,0,0,0,0,66,0,0,0,0,0,0,0,0,0,0,0,0,0,0,0,0
10224,4,1,7,16,52,0,994,0,-1,0,133754,7,0,0,0,0,0,0,0,0,0,37,0,0,0,0,0,0,0,0,0,0,0,0,0,0,0,0
10225,4,2,8,10,54,0,743,0,-1,0,132949,7,0,30,0,0,0,0,0,0,0,95,0,0,0,0,0,0,0,0,0,0,0,0,0,0,0,0
10226,4,2,8,1,56,0,660,0,-1,0,133076,7,0,50,0,0,0,0,0,0,0,127,0,0,0,0,0,0,0,0,0,0,0,0,0,0,0,0
10227,4,2,8,7,57,0,576,0,-1,0,134586,7,0,65,0,0,0,0,0,0,0,138,0,0,0,0,0,0,0,0,0,0,0,0,0,0,0,0
10228,4,2,8,3,55,0,1163,0,-1,0,135042,7,0,50,0,0,0,0,0,0,0,115,0,0,0,0,0,0,0,0,0,0,0,0,0,0,0,0
10229,4,3,5,9,51,0,1099,0,-1,0,132602,10,0,35,0,0,0,0,0,0,0,132,0,0,0,0,0,0,0,0,0,0,0,0,0,0,0,0
10230,4,3,5,5,55,0,512,0,-1,0,132751,10,0,100,0,0,0,0,0,0,0,322,0,0,0,0,0,0,0,0,0,0,0,0,0,0,0,0
10231,4,1,7,16,50,0,1015,0,-1,0,133770,7,0,0,0,0,0,0,0,0,0,36,0,0,0,0,0,0,0,0,0,0,0,0,0,0,0,0
10232,4,3,5,10,53,0,764,0,-1,0,132937,10,0,35,0,0,0,0,0,0,0,195,0,0,0,0,0,0,0,0,0,0,0,0,0,0,0,0
10233,4,3,5,6,52,0,931,0,-1,0,132500,10,0,35,0,0,0,0,0,0,0,173,0,0,0,0,0,0,0,0,0,0,0,0,0,0,0,0
10234,4,3,5,8,53,0,848,0,-1,0,132589,10,0,50,0,0,0,0,0,0,0,215,0,0,0,0,0,0,0,0,0,0,0,0,0,0,0,0
10235,4,3,5,1,54,0,680,0,-1,0,133076,10,0,60,0,0,0,0,0,0,0,258,0,0,0,0,0,0,0,0,0,0,0,0,0,0,0,0
10236,4,3,5,7,54,0,596,0,-1,0,134586,10,0,75,0,0,0,0,0,0,0,278,0,0,0,0,0,0,0,0,0,0,0,0,0,0,0,0
10237,4,3,5,3,53,0,1184,0,-1,0,135054,10,0,60,0,0,0,0,0,0,0,234,0,0,0,0,0,0,0,0,0,0,0,0,0,0,0,0
10238,4,4,6,8,47,0,867,0,-1,0,132535,11,0,55,0,0,0,0,0,0,0,342,0,0,0,0,0,0,0,0,0,0,0,0,0,0,0,0
10239,4,4,6,9,46,0,1118,0,-1,0,132602,11,0,40,0,0,0,0,0,0,0,214,0,0,0,0,0,0,0,0,0,0,0,0,0,0,0,0
10240,4,4,6,5,50,0,532,0,-1,0,132723,11,0,115,0,0,0,0,0,0,0,524,0,0,0,0,0,0,0,0,0,0,0,0,0,0,0,0
10241,4,4,6,1,48,0,699,0,-1,0,133123,11,0,70,0,0,0,0,0,0,0,411,0,0,0,0,0,0,0,0,0,0,0,0,0,0,0,0
10242,4,4,6,10,47,0,783,0,-1,0,132938,11,0,40,0,0,0,0,0,0,0,311,0,0,0,0,0,0,0,0,0,0,0,0,0,0,0,0
10243,4,4,6,6,46,0,950,0,-1,0,132499,11,0,40,0,0,0,0,0,0,0,275,0,0,0,0,0,0,0,0,0,0,0,0,0,0,0,0
10244,4,4,6,7,49,0,615,0,-1,0,134583,11,0,85,0,0,0,0,0,0,0,451,0,0,0,0,0,0,0,0,0,0,0,0,0,0,0,0
10245,4,4,6,3,48,0,1203,0,-1,0,135049,11,0,70,0,0,0,0,0,0,0,380,0,0,0,0,0,0,0,0,0,0,0,0,0,0,0,0
10249,4,1,7,16,56,0,975,0,-1,0,133772,7,0,0,0,0,0,0,0,0,0,39,0,0,0,0,0,0,0,0,0,0,0,0,0,0,0,0
10256,4,2,8,9,56,0,1080,0,-1,0,132612,7,0,30,0,0,0,0,0,0,0,68,0,0,0,0,0,0,0,0,0,0,0,0,0,0,0,0
10257,4,2,8,8,57,0,828,0,-1,0,132541,7,0,45,0,0,0,0,0,0,0,109,0,0,0,0,0,0,0,0,0,0,0,0,0,0,0,0
10258,4,1,7,16,55,0,995,0,-1,0,133760,7,0,0,0,0,0,0,0,0,0,39,0,0,0,0,0,0,0,0,0,0,0,0,0,0,0,0
10259,4,2,8,6,57,0,912,0,-1,0,132495,7,0,30,0,0,0,0,0,0,0,89,0,0,0,0,0,0,0,0,0,0,0,0,0,0,0,0
10260,4,2,8,10,58,0,744,0,-1,0,132959,7,0,30,0,0,0,0,0,0,0,100,0,0,0,0,0,0,0,0,0,0,0,0,0,0,0,0
10261,4,2,8,1,58,0,660,0,-1,0,133694,7,0,50,0,0,0,0,0,0,0,130,0,0,0,0,0,0,0,0,0,0,0,0,0,0,0,0
10262,4,2,8,7,59,0,577,0,-1,0,134586,7,0,65,0,0,0,0,0,0,0,142,0,0,0,0,0,0,0,0,0,0,0,0,0,0,0,0
10263,4,2,8,3,58,0,1164,0,-1,0,135046,7,0,50,0,0,0,0,0,0,0,120,0,0,0,0,0,0,0,0,0,0,0,0,0,0,0,0
10264,4,2,8,5,60,0,493,0,-1,0,132722,7,0,85,0,0,0,0,0,0,0,165,0,0,0,0,0,0,0,0,0,0,0,0,0,0,0,0
10265,4,3,5,9,57,0,1101,0,-1,0,132602,10,0,35,0,0,0,0,0,0,0,145,0,0,0,0,0,0,0,0,0,0,0,0,0,0,0,0
10266,4,3,5,5,60,0,514,0,-1,0,132751,10,0,100,0,0,0,0,0,0,0,347,0,0,0,0,0,0,0,0,0,0,0,0,0,0,0,0
10267,4,1,7,16,56,0,1017,0,-1,0,133766,7,0,0,0,0,0,0,0,0,0,39,0,0,0,0,0,0,0,0,0,0,0,0,0,0,0,0
10268,4,3,5,10,58,0,765,0,-1,0,132938,10,0,35,0,0,0,0,0,0,0,210,0,0,0,0,0,0,0,0,0,0,0,0,0,0,0,0
10269,4,3,5,6,57,0,933,0,-1,0,132500,10,0,35,0,0,0,0,0,0,0,187,0,0,0,0,0,0,0,0,0,0,0,0,0,0,0,0
10270,4,3,5,8,58,0,849,0,-1,0,132584,10,0,50,0,0,0,0,0,0,0,231,0,0,0,0,0,0,0,0,0,0,0,0,0,0,0,0
10271,4,6,1,14,60,4,2094,0,-1,0,134948,9,0,85,0,0,0,0,0,0,0,1975,0,0,0,0,0,0,0,0,0,0,0,0,0,0,0,0
10272,4,3,5,1,58,0,681,0,-1,0,133345,10,0,60,0,0,0,0,0,0,0,274,0,0,0,0,0,0,0,0,0,0,0,0,0,0,0,0
10273,4,3,5,7,59,0,598,0,-1,0,134586,10,0,75,0,0,0,0,0,0,0,299,0,0,0,0,0,0,0,0,0,0,0,0,0,0,0,0
10274,4,3,5,3,58,0,1185,0,-1,0,135054,10,0,60,0,0,0,0,0,0,0,253,0,0,0,0,0,0,0,0,0,0,0,0,0,0,0,0
10275,4,4,6,5,55,0,533,0,-1,0,132647,11,0,115,0,0,0,0,0,0,0,570,0,0,0,0,0,0,0,0,0,0,0,0,0,0,0,0
10276,4,4,6,8,51,0,868,0,-1,0,132535,11,0,55,0,0,0,0,0,0,0,367,0,0,0,0,0,0,0,0,0,0,0,0,0,0,0,0
10277,4,4,6,10,52,0,784,0,-1,0,132938,11,0,40,0,0,0,0,0,0,0,339,0,0,0,0,0,0,0,0,0,0,0,0,0,0,0,0
10278,4,4,6,6,50,0,952,0,-1,0,132493,11,0,40,0,0,0,0,0,0,0,295,0,0,0,0,0,0,0,0,0,0,0,0,0,0,0,0
10279,4,4,6,1,53,0,701,0,-1,0,133078,11,0,70,0,0,0,0,0,0,0,448,0,0,0,0,0,0,0,0,0,0,0,0,0,0,0,0
10280,4,4,6,7,54,0,617,0,-1,0,134583,11,0,85,0,0,0,0,0,0,0,491,0,0,0,0,0,0,0,0,0,0,0,0,0,0,0,0
10281,4,4,6,3,53,0,1205,0,-1,0,135033,11,0,70,0,0,0,0,0,0,0,414,0,0,0,0,0,0,0,0,0,0,0,0,0,0,0,0
10282,4,4,6,9,51,0,1120,0,-1,0,132602,11,0,40,0,0,0,0,0,0,0,234,0,0,0,0,0,0,0,0,0,0,0,0,0,0,0,0
10328,4,3,5,5,34,0,0,0,-1,0,132629,10,0,120,0,0,0,0,0,0,0,250,0,0,0,0,0,0,0,0,0,0,0,0,0,0,0,0
10329,4,3,5,6,32,0,0,0,-1,0,132495,10,0,35,0,0,0,0,0,0,0,123,0,0,0,0,0,0,0,0,0,0,0,0,0,0,0,0
10330,4,3,5,7,38,0,0,0,-1,0,134583,10,0,90,0,0,0,0,0,0,0,233,0,0,0,0,0,0,0,0,0,0,0,0,0,0,0,0
10331,4,3,5,10,33,0,0,0,-1,0,132953,10,0,35,0,0,0,0,0,0,0,139,0,0,0,0,0,0,0,0,0,0,0,0,0,0,0,0
10332,4,3,5,8,30,0,0,0,-1,0,132536,10,0,60,0,0,0,0,0,0,0,161,0,0,0,0,0,0,0,0,0,0,0,0,0,0,0,0
10333,4,3,5,9,31,0,0,0,-1,0,132602,10,0,35,0,0,0,0,0,0,0,95,0,0,0,0,0,0,0,0,0,0,0,0,0,0,0,0
10358,4,3,5,9,0,0,0,0,-1,0,132603,10,0,35,0,0,0,0,0,0,0,95,0,0,0,0,0,0,0,0,0,0,0,0,0,0,0,0
10362,4,6,1,14,53,4,2082,0,-1,0,135940,9,0,85,0,0,0,0,0,0,0,1776,0,0,0,0,0,0,0,0,0,0,0,0,0,0,0,0
10363,4,6,1,14,55,4,2082,0,-1,0,134949,9,0,85,0,0,0,0,0,0,0,1833,0,0,0,0,0,0,0,0,0,0,0,0,0,0,0,0
10364,4,6,1,14,53,4,2082,0,-1,0,134951,9,0,85,0,0,0,0,0,0,0,1776,0,0,0,0,0,0,0,0,0,0,0,0,0,0,0,0
10365,4,6,1,14,54,4,2082,0,-1,0,134950,9,0,85,0,0,0,0,0,0,0,1805,0,0,0,0,0,0,0,0,0,0,0,0,0,0,0,0
10366,4,6,1,14,58,4,2088,0,-1,0,136185,9,0,85,0,0,0,0,0,0,0,1918,0,0,0,0,0,0,0,0,0,0,0,0,0,0,0,0
10367,4,6,1,14,60,4,2094,0,-1,0,135940,9,0,85,0,0,0,0,0,0,0,1975,0,0,0,0,0,0,0,0,0,0,0,0,0,0,0,0
10368,4,4,6,5,57,0,0,0,-1,0,132744,11,0,115,0,0,0,0,0,0,0,588,0,0,0,0,0,0,0,0,0,0,0,0,0,0,0,0
10369,4,4,6,10,53,0,0,0,-1,0,132940,11,0,40,0,0,0,0,0,0,0,345,0,0,0,0,0,0,0,0,0,0,0,0,0,0,0,0
10370,4,4,6,6,52,0,0,0,-1,0,132501,11,0,40,0,0,0,0,0,0,0,305,0,0,0,0,0,0,0,0,0,0,0,0,0,0,0,0
10371,4,4,6,8,53,0,0,0,-1,0,132586,11,0,55,0,0,0,0,0,0,0,379,0,0,0,0,0,0,0,0,0,0,0,0,0,0,0,0
10372,4,4,6,1,54,0,0,0,-1,0,133074,11,0,70,0,0,0,0,0,0,0,456,0,0,0,0,0,0,0,0,0,0,0,0,0,0,0,0
10373,4,4,6,7,56,0,0,0,-1,0,134588,11,0,85,0,0,0,0,0,0,0,507,0,0,0,0,0,0,0,0,0,0,0,0,0,0,0,0
10374,4,4,6,3,54,0,0,0,-1,0,135033,11,0,70,0,0,0,0,0,0,0,421,0,0,0,0,0,0,0,0,0,0,0,0,0,0,0,0
10375,4,4,6,9,52,0,0,0,-1,0,132606,11,0,40,0,0,0,0,0,0,0,237,0,0,0,0,0,0,0,0,0,0,0,0,0,0,0,0
10376,4,4,6,8,55,0,869,0,-1,0,132589,11,0,55,0,0,0,0,0,0,0,392,0,0,0,0,0,0,0,0,0,0,0,0,0,0,0,0
10377,4,4,6,9,54,0,1121,0,-1,0,132612,11,0,40,0,0,0,0,0,0,0,245,0,0,0,0,0,0,0,0,0,0,0,0,0,0,0,0
10378,4,4,6,5,58,0,534,0,-1,0,132741,11,0,115,0,0,0,0,0,0,0,597,0,0,0,0,0,0,0,0,0,0,0,0,0,0,0,0
10379,4,4,6,1,56,0,702,0,-1,0,133069,11,0,70,0,0,0,0,0,0,0,471,0,0,0,0,0,0,0,0,0,0,0,0,0,0,0,0
10380,4,4,6,10,55,0,785,0,-1,0,132966,11,0,40,0,0,0,0,0,0,0,356,0,0,0,0,0,0,0,0,0,0,0,0,0,0,0,0
10381,4,4,6,6,54,0,953,0,-1,0,132502,11,0,40,0,0,0,0,0,0,0,315,0,0,0,0,0,0,0,0,0,0,0,0,0,0,0,0
10382,4,4,6,7,57,0,618,0,-1,0,134583,11,0,85,0,0,0,0,0,0,0,515,0,0,0,0,0,0,0,0,0,0,0,0,0,0,0,0
10383,4,4,6,3,56,0,1206,0,-1,0,135032,11,0,70,0,0,0,0,0,0,0,434,0,0,0,0,0,0,0,0,0,0,0,0,0,0,0,0
10384,4,4,6,5,60,0,535,0,-1,0,132751,11,0,115,0,0,0,0,0,0,0,615,0,0,0,0,0,0,0,0,0,0,0,0,0,0,0,0
10385,4,4,6,8,57,0,870,0,-1,0,132589,11,0,55,0,0,0,0,0,0,0,404,0,0,0,0,0,0,0,0,0,0,0,0,0,0,0,0
10386,4,4,6,10,57,0,786,0,-1,0,132937,11,0,40,0,0,0,0,0,0,0,368,0,0,0,0,0,0,0,0,0,0,0,0,0,0,0,0
10387,4,4,6,6,56,0,954,0,-1,0,132517,11,0,40,0,0,0,0,0,0,0,326,0,0,0,0,0,0,0,0,0,0,0,0,0,0,0,0
10388,4,4,6,1,58,0,702,0,-1,0,133101,11,0,70,0,0,0,0,0,0,0,485,0,0,0,0,0,0,0,0,0,0,0,0,0,0,0,0
10389,4,4,6,7,59,0,619,0,-1,0,134584,11,0,85,0,0,0,0,0,0,0,530,0,0,0,0,0,0,0,0,0,0,0,0,0,0,0,0
10390,4,4,6,3,58,0,1206,0,-1,0,135054,11,0,70,0,0,0,0,0,0,0,448,0,0,0,0,0,0,0,0,0,0,0,0,0,0,0,0
10391,4,4,6,9,55,0,1121,0,-1,0,132616,11,0,40,0,0,0,0,0,0,0,249,0,0,0,0,0,0,0,0,0,0,0,0,0,0,0,0
10399,4,2,8,5,19,0,0,0,-1,0,132723,7,0,90,0,0,0,0,0,0,0,92,0,0,0,0,0,0,0,0,0,0,0,0,0,0,0,0
10403,4,2,8,6,17,0,0,0,-1,0,132515,7,0,25,0,0,0,0,0,0,0,45,0,0,0,0,0,0,0,0,0,0,0,0,0,0,0,0
10406,4,2,8,1,27,0,650,0,-1,0,133681,7,0,50,0,0,0,0,0,0,0,79,0,0,0,0,0,0,0,0,0,0,0,0,0,0,0,0
10408,4,3,5,1,27,0,671,0,-1,0,133138,10,0,60,0,0,0,0,0,0,0,166,0,0,0,0,0,0,0,0,0,0,0,0,0,0,0,0
10409,4,3,5,8,27,0,839,0,-1,0,132535,10,0,50,0,0,0,0,0,0,0,140,0,0,0,0,0,0,0,0,0,0,0,0,0,0,0,0
10410,4,2,8,7,18,0,0,0,-1,0,134591,7,0,65,0,0,0,0,0,0,0,79,0,0,0,0,0,0,0,0,0,0,0,0,0,0,0,0
10411,4,2,8,8,18,0,0,0,-1,0,132538,7,0,40,0,0,0,0,0,0,0,57,0,0,0,0,0,0,0,0,0,0,0,0,0,0,0,0
10412,4,2,8,6,16,0,0,0,-1,0,132519,7,0,25,0,0,0,0,0,0,0,45,0,0,0,0,0,0,0,0,0,0,0,0,0,0,0,0
10423,4,3,5,7,26,0,0,0,-1,0,134584,10,0,75,0,0,0,0,0,0,0,176,0,0,0,0,0,0,0,0,0,0,0,0,0,0,0,0
10455,4,0,0,12,0,0,0,0,-1,0,135229,24,0,0,0,0,0,0,0,0,0,0,0,0,0,0,0,0,0,0,0,0,0,0,0,0,0,0
10508,2,3,1,26,36,0,0,0,-1,0,135616,8,0,65,3,0,0,0,0,0,0,0,0,0,0,0,0,0,36,0,0,0,0,68,0,0,0,0
10510,2,3,1,26,39,0,0,0,-1,0,135616,8,0,65,3,0,0,0,0,0,0,0,0,0,0,0,0,0,41,0,0,0,0,76,0,0,0,0
10542,4,3,5,1,0,0,0,0,-1,0,133127,10,0,60,0,0,0,0,0,0,0,190,0,0,0,0,0,0,0,0,0,0,0,0,0,0,0,0
10567,2,2,2,15,33,0,0,0,-1,0,135489,12,0,75,2,0,0,0,0,0,0,0,0,0,0,0,0,0,31,0,0,0,0,58,0,0,0,0
10570,2,1,1,17,34,1,0,0,-1,0,132395,9,0,100,0,0,0,0,0,0,0,0,0,0,0,0,0,0,88,0,0,0,0,133,0,0,0,0
10571,2,4,2,13,32,3,0,0,-1,0,133727,8,0,90,0,0,0,0,0,0,0,0,0,0,0,0,5,0,31,0,0,0,0,59,0,0,0,0
10572,2,19,2,26,34,0,0,0,-1,0,135463,21,0,65,0,0,4,0,0,0,0,0,0,0,0,0,0,0,32,0,0,0,0,61,0,0,0,0
10573,2,8,1,17,32,1,0,0,-1,0,135351,9,0,100,0,0,0,0,0,0,0,0,0,0,0,0,0,0,70,0,0,0,0,106,0,0,0,0
10582,4,2,8,8,31,0,0,0,-1,0,132542,7,0,50,0,0,0,0,0,0,0,78,0,0,0,0,0,0,0,0,0,0,0,0,0,0,0,0
10583,4,2,8,5,34,0,0,0,-1,0,132723,7,0,100,0,0,0,0,0,0,0,120,0,0,0,0,0,0,0,0,0,0,0,0,0,0,0,0
10623,2,0,1,21,43,3,0,0,-1,0,132398,8,0,90,0,0,0,0,0,0,0,0,0,0,0,0,0,0,47,0,0,0,0,88,0,0,0,0
10624,2,2,2,15,42,0,0,0,-1,0,135496,12,0,75,2,0,0,0,0,0,0,0,0,0,0,0,0,0,36,0,0,0,0,67,0,0,0,0
10625,2,15,1,13,44,3,0,0,-1,0,135351,8,0,65,0,0,0,0,0,0,0,0,0,0,0,0,0,0,32,0,0,0,0,60,0,0,0,0
10626,2,5,2,17,45,1,0,0,-1,0,133043,9,0,100,0,0,0,0,0,0,0,0,0,0,0,0,0,0,128,0,0,0,0,193,0,0,0,0
10627,2,10,2,17,42,2,0,0,-1,0,135165,13,0,100,0,0,0,0,0,0,0,0,0,0,0,0,0,0,112,0,0,0,0,168,0,0,0,0
10628,2,8,1,17,43,1,0,0,-1,0,135341,9,0,100,0,0,0,0,0,0,0,0,0,0,0,0,0,0,94,0,0,0,0,141,0,0,0,0
10631,4,3,5,10,41,0,0,0,-1,0,132945,10,0,40,0,0,0,0,0,0,0,174,0,0,0,0,0,0,0,0,0,0,0,0,0,0,0,0
10632,4,3,5,9,44,0,0,0,-1,0,133345,10,0,40,0,0,0,0,0,0,0,129,0,0,0,0,0,0,0,0,0,0,0,0,0,0,0,0
10633,4,4,6,7,46,0,0,0,-1,0,134584,11,0,100,0,0,0,0,0,0,0,470,0,0,0,0,0,0,0,0,0,0,0,0,0,0,0,0
10634,4,0,1,11,41,0,0,0,-1,0,133352,14,0,0,0,0,0,0,0,0,0,0,0,0,0,0,0,0,0,0,0,0,0,0,0,0,0,0
10638,4,1,7,16,0,0,0,0,-1,0,133770,7,0,0,0,0,0,0,0,0,0,14,0,0,0,0,0,0,0,0,0,0,0,0,0,0,0,0
10652,2,1,1,17,0,1,0,0,-1,0,135575,9,0,85,0,0,0,0,0,0,0,0,0,0,0,0,0,0,88,0,0,0,0,133,0,0,0,0
10658,4,3,5,8,0,0,0,0,-1,0,132541,10,0,45,0,0,0,0,0,0,0,126,0,0,0,0,0,0,0,0,0,0,0,0,0,0,0,0
10659,4,0,0,12,0,0,0,0,-1,0,134095,24,0,0,0,0,0,0,0,0,0,0,0,0,0,0,0,0,0,0,0,0,0,0,0,0,0,0
10686,4,6,1,14,0,4,0,0,-1,0,134948,9,0,85,0,0,0,0,0,0,0,1691,0,0,0,0,0,0,0,0,0,0,0,0,0,0,0,0
10696,2,7,1,21,0,3,0,0,-1,0,135662,8,0,75,0,0,0,0,0,0,0,0,0,0,0,0,0,0,50,0,0,0,0,93,0,0,0,0
10697,2,15,1,13,0,3,0,0,-1,0,135341,8,0,55,0,0,0,0,0,0,0,0,0,0,0,0,0,0,37,0,0,0,0,70,0,0,0,0
10698,2,10,2,17,0,2,0,0,-1,0,135150,13,0,85,0,0,0,0,0,0,0,0,0,0,0,0,0,0,104,0,0,0,0,157,0,0,0,0
10701,4,3,5,8,0,0,0,0,-1,0,132588,10,0,50,0,0,0,0,0,0,0,171,0,0,0,0,0,0,0,0,0,0,0,0,0,0,0,0
10702,4,2,8,8,0,0,0,0,-1,0,132592,7,0,45,0,0,0,0,0,0,0,81,0,0,0,0,0,0,0,0,0,0,0,0,0,0,0,0
10703,2,15,1,13,0,3,0,0,-1,0,135322,8,0,55,0,0,0,0,0,0,0,0,0,0,0,0,0,0,35,0,0,0,0,66,0,0,0,0
10704,2,19,2,26,0,0,0,0,-1,0,135463,21,0,55,0,0,4,0,0,0,0,0,0,0,0,0,0,0,36,0,0,0,0,68,0,0,0,0
10706,4,3,5,6,0,0,0,0,-1,0,132522,10,0,35,0,0,0,0,0,0,0,145,0,0,0,0,0,0,0,0,0,0,0,0,0,0,0,0
10707,4,4,6,8,0,0,0,0,-1,0,132582,11,0,55,0,0,0,0,0,0,0,342,0,0,0,0,0,0,0,0,0,0,0,0,0,0,0,0
10708,4,0,3,23,0,7,0,0,-1,0,133729,12,0,0,0,0,0,0,0,0,0,0,0,0,0,0,0,0,0,0,0,0,0,0,0,0,0,0
10709,4,0,3,23,0,7,0,0,-1,0,134337,21,0,0,0,0,0,0,0,0,0,0,0,0,0,0,0,0,0,0,0,0,0,0,0,0,0,0
10711,4,0,3,2,0,0,0,0,-1,0,133289,14,0,0,0,0,0,0,0,0,0,0,0,0,0,0,0,0,0,0,0,0,0,0,0,0,0,0
10721,4,2,8,6,0,0,0,0,-1,0,132495,7,0,30,0,0,0,0,0,0,0,66,0,0,0,0,0,0,0,0,0,0,0,0,0,0,0,0
10739,4,0,5,11,0,1,0,0,-1,0,133353,14,0,0,0,0,0,0,0,0,0,0,0,0,0,0,0,0,0,0,0,0,0,0,0,0,0,0
10740,4,4,6,7,0,0,0,0,-1,0,134584,11,0,85,0,0,0,0,0,0,0,443,0,0,0,0,0,0,0,0,0,0,0,0,0,0,0,0
10741,4,2,8,1,0,0,0,0,-1,0,133090,7,0,50,0,0,0,0,0,0,0,113,0,0,0,0,0,0,0,0,0,0,0,0,0,0,0,0
10743,4,3,5,1,0,0,0,0,-1,0,133119,10,0,60,0,0,0,0,0,0,0,226,0,0,0,0,0,0,0,0,0,0,0,0,0,0,0,0
10744,2,0,1,21,0,3,0,0,-1,0,132403,8,0,75,0,0,0,0,0,0,0,0,0,0,0,0,0,0,40,0,0,0,0,75,0,0,0,0
10745,4,2,8,3,0,0,0,0,-1,0,135049,7,0,50,0,0,0,0,0,0,0,99,0,0,0,0,0,0,0,0,0,0,0,0,0,0,0,0
10746,4,4,6,9,0,0,0,0,-1,0,132616,11,0,40,0,0,0,0,0,0,0,210,0,0,0,0,0,0,0,0,0,0,0,0,0,0,0,0
10749,4,4,6,1,0,0,0,0,-1,0,133124,11,0,80,0,0,0,0,0,0,0,461,0,0,0,0,0,0,0,0,0,0,0,0,0,0,0,0
10750,2,15,1,13,0,3,0,0,-1,0,135322,8,0,65,0,0,0,0,0,0,0,0,0,0,0,0,0,0,40,0,0,0,0,75,0,0,0,0
10758,2,8,1,17,35,1,0,0,-1,0,135355,9,0,100,0,0,0,0,0,0,0,0,0,0,0,0,0,0,98,0,0,0,0,148,0,0,0,0
10760,4,2,8,10,34,0,0,0,-1,0,132957,7,0,30,0,0,0,0,0,0,0,68,0,0,0,0,0,0,0,0,0,0,0,0,0,0,0,0
10761,2,15,1,13,39,3,0,0,-1,0,135344,8,0,65,0,0,0,0,0,0,0,0,0,0,0,0,0,0,31,0,0,0,0,58,0,0,0,0
10763,4,4,6,1,40,0,0,0,-1,0,133111,11,0,80,0,0,0,0,0,0,0,383,0,0,0,10,0,0,0,0,0,0,0,0,0,0,0,0
10764,4,3,5,5,39,0,0,0,-1,0,132747,10,0,120,0,0,0,0,0,0,0,270,0,0,0,0,0,0,0,0,0,0,0,0,0,0,0,0
10765,4,2,8,10,38,0,0,0,-1,0,132943,7,0,30,0,0,0,0,0,0,0,73,0,0,0,0,0,0,0,0,0,0,0,0,0,0,0,0
10766,2,19,2,26,35,0,0,0,-1,0,135465,21,0,65,0,0,3,0,0,0,0,0,0,0,0,0,7,0,41,0,0,0,0,78,0,0,0,0
10767,4,6,1,14,37,4,0,0,-1,0,134963,9,0,100,0,0,0,0,0,0,0,1287,0,0,0,0,0,0,0,0,0,0,0,0,0,0,0,0
10768,4,3,5,6,37,0,0,0,-1,0,132500,10,0,40,0,0,0,0,0,0,0,147,0,0,0,0,0,0,0,0,0,0,0,0,0,0,0,0
10769,4,0,3,2,36,0,0,0,-1,0,134335,14,0,0,0,0,0,0,0,0,0,0,0,0,0,0,0,0,0,0,0,0,0,0,0,0,0,0
10770,4,0,0,23,36,7,0,0,-1,0,133729,12,0,0,0,0,0,0,0,0,0,0,0,0,0,0,0,0,0,0,0,0,0,0,0,0,0,0
10772,2,0,1,13,36,3,0,0,-1,0,132417,8,0,75,0,0,0,0,0,0,0,0,0,0,0,0,0,0,32,0,0,0,0,60,0,0,0,0
10774,4,2,8,3,37,0,0,0,-1,0,135059,7,0,60,0,0,0,0,0,0,0,95,0,0,0,0,0,0,0,0,0,0,0,0,0,0,0,0
10775,4,4,6,5,40,0,0,0,-1,0,132743,11,0,135,0,0,0,0,0,0,0,373,0,0,0,0,0,0,0,0,0,0,0,0,0,0,0,0
10776,4,1,7,16,35,0,0,0,-1,0,133769,7,0,0,0,0,0,0,0,0,0,30,0,0,0,0,0,0,0,0,0,0,0,0,0,0,0,0
10777,4,2,8,10,37,0,739,0,-1,0,132966,7,0,35,0,0,0,0,0,0,0,79,0,0,10,0,0,0,0,0,0,0,0,0,0,0,0,0
10778,4,0,3,2,0,0,0,0,-1,0,133280,14,0,0,0,0,0,0,0,0,0,0,0,10,0,0,10,0,0,0,0,0,0,0,0,0,0,0
10779,4,0,4,12,0,0,0,0,-1,0,136168,17,0,0,0,0,0,0,0,0,0,0,0,0,0,0,0,0,0,0,0,0,0,0,0,0,0,0
10780,4,0,5,11,0,1,0,0,-1,0,133347,14,0,0,0,0,0,0,0,0,0,0,0,0,0,0,0,0,0,0,0,0,0,0,0,0,0,0
10781,4,2,8,5,0,0,0,0,-1,0,132717,7,0,85,0,0,0,0,0,0,0,144,0,0,0,0,0,0,0,0,0,0,0,0,0,0,0,0
10783,4,2,8,3,47,0,1163,0,-1,0,135049,7,0,60,0,0,0,0,0,0,0,113,0,0,0,0,0,0,0,0,0,0,0,0,0,0,0,0
10784,4,3,5,5,47,0,512,0,-1,0,132627,10,0,120,0,0,0,0,0,0,0,311,0,0,0,0,0,0,0,0,0,0,0,0,0,0,0,0
10785,4,2,8,7,47,0,573,0,-1,0,134587,7,0,65,0,0,0,0,0,0,0,120,0,0,0,0,0,0,0,0,0,0,0,0,0,0,0,0
10786,4,3,5,8,47,0,846,0,-1,0,132535,10,0,50,0,0,0,0,0,0,0,195,0,0,0,0,0,0,0,0,0,0,0,0,0,0,0,0
10788,4,4,6,6,47,0,951,0,-1,0,132504,11,0,40,0,0,0,0,0,0,0,280,0,0,0,0,0,0,0,0,0,0,0,0,0,0,0,0
10795,4,0,5,11,49,1,3486,0,-1,0,133346,14,0,0,0,0,0,0,0,0,0,0,0,0,0,0,0,0,0,0,0,0,0,0,0,0,0,0
10796,4,0,3,23,49,7,2080,0,-1,0,134335,21,0,0,0,0,0,0,0,0,0,0,0,0,0,0,0,0,0,0,0,0,0,0,0,0,0,0
10797,2,7,1,13,48,3,0,0,-1,0,135279,8,0,90,0,0,0,0,0,0,0,0,0,0,0,0,0,0,54,0,0,0,0,101,0,0,0,0
10798,4,4,5,6,46,0,0,0,-1,0,132504,11,0,45,0,0,0,0,0,0,0,302,0,0,0,0,0,0,0,0,0,0,0,0,0,0,0,0
10799,2,6,1,17,46,2,0,0,-1,0,135129,9,0,100,0,0,0,0,0,0,0,0,0,0,0,0,0,0,106,0,0,0,0,159,0,0,0,0
10800,4,2,8,9,47,0,1079,0,-1,0,132607,7,0,35,0,0,0,0,0,0,0,66,0,0,0,0,7,0,0,0,0,0,0,0,0,0,0,0
10801,4,2,8,8,47,0,0,0,-1,0,132541,7,0,50,0,0,0,0,0,0,0,104,0,0,0,0,0,0,0,0,0,0,0,0,0,0,0,0
10802,4,1,7,16,47,0,0,0,-1,0,133754,7,0,0,0,0,0,0,0,0,0,34,0,0,0,0,0,0,0,0,0,0,0,0,0,0,0,0
10803,2,7,1,21,49,3,0,0,-1,0,135348,8,0,75,0,0,0,0,0,0,0,0,0,0,0,0,0,0,47,0,0,0,0,88,0,0,0,0
10804,2,4,2,13,49,3,0,0,-1,0,133048,8,0,75,0,0,0,0,0,0,0,0,0,0,0,0,0,0,42,0,0,0,0,80,0,0,0,0
10805,2,0,1,21,49,3,0,0,-1,0,132403,8,0,75,0,0,0,0,0,0,0,0,0,0,0,0,0,0,49,0,0,0,0,92,0,0,0,0
10821,4,1,7,16,0,0,0,0,-1,0,133762,7,0,0,0,0,0,0,0,0,0,14,0,0,0,0,0,0,0,0,0,0,0,0,0,0,0,0
10823,2,7,1,13,0,3,0,0,-1,0,135345,8,0,90,0,0,0,0,0,0,0,0,0,0,0,0,0,0,46,0,0,0,0,86,0,0,0,0
10824,4,0,3,2,0,0,0,0,-1,0,133294,14,0,0,0,0,0,0,0,0,0,0,0,0,0,0,0,0,0,0,0,0,0,0,0,0,0,0
10826,2,10,2,17,0,2,0,0,-1,0,135164,13,0,85,0,0,0,0,0,0,0,0,0,0,0,0,0,0,92,0,0,0,0,139,0,0,0,0
10827,4,2,8,5,0,0,0,0,-1,0,132720,7,0,85,0,0,0,0,0,0,0,129,0,0,0,0,0,0,0,0,0,0,0,0,0,0,0,0
10828,2,15,1,13,51,3,5315,0,-1,0,135652,8,0,65,0,0,0,0,0,0,0,0,0,0,0,0,5,0,38,0,0,0,0,72,0,0,0,0
10829,4,0,3,2,51,0,0,0,-1,0,133279,14,0,0,0,0,0,0,0,0,0,0,0,0,0,0,0,0,0,0,0,0,0,0,0,0,0,0
10833,4,3,5,1,51,0,0,0,-1,0,133127,10,0,70,0,0,0,0,0,0,0,271,0,0,0,0,0,0,0,0,0,0,0,0,0,0,0,0
10835,4,6,1,14,51,4,0,0,-1,0,134950,9,0,100,0,0,0,0,0,0,0,1930,0,0,0,0,0,0,0,0,0,0,0,0,0,0,0,0
10836,2,19,2,26,51,0,0,0,-1,0,135466,21,0,65,0,0,3,0,0,0,0,0,0,0,10,0,0,0,50,0,0,0,0,93,0,0,0,0
10837,2,0,1,21,51,3,0,0,-1,0,132398,8,0,90,0,0,0,0,0,0,0,0,0,0,0,0,0,0,62,0,0,0,0,116,0,0,0,0
10838,2,4,2,21,49,3,0,0,-1,0,133486,8,0,90,0,0,0,0,0,0,0,0,0,0,0,0,0,0,60,0,0,0,0,112,0,0,0,0
10842,4,2,8,7,49,0,0,0,-1,0,134594,7,0,75,0,0,0,0,0,0,0,136,0,0,0,0,0,0,0,0,0,0,0,0,0,0,0,0
10843,4,1,7,16,49,0,0,0,-1,0,133757,7,0,0,0,0,0,0,0,0,0,39,0,0,0,0,0,0,0,0,0,0,0,0,0,0,0,0
10844,2,10,2,17,49,2,0,0,-1,0,135169,13,0,100,0,0,0,0,0,0,0,0,0,0,0,0,0,0,126,0,0,0,0,190,0,0,0,0
10845,4,4,6,5,49,0,0,0,-1,0,132743,11,0,135,0,0,0,0,0,0,0,567,0,0,0,0,0,0,0,0,0,0,0,0,0,0,0,0
10846,4,3,5,8,49,0,0,0,-1,0,132535,10,0,60,0,0,0,0,0,0,0,221,0,0,0,0,0,0,0,0,0,0,0,0,0,0,0,0
10847,2,7,1,13,52,3,0,0,-1,0,135348,8,0,105,0,0,0,0,0,0,0,0,0,0,0,0,0,0,72,0,0,0,0,135,0,0,0,0
11086,2,7,1,21,45,3,0,0,-1,0,135353,8,0,90,0,0,0,0,0,0,0,0,0,0,0,0,0,0,44,0,0,0,0,83,0,0,0,0
11118,4,0,3,11,42,0,3484,0,-1,0,135241,24,0,0,0,0,0,0,0,0,0,50,0,0,0,0,0,0,0,0,0,0,0,0,0,0,0,0
11120,2,4,2,21,0,3,0,0,-1,0,133047,8,0,75,0,0,0,0,0,0,0,0,0,0,0,0,0,0,64,0,0,0,0,120,0,0,0,0
11121,2,7,1,21,21,3,0,0,-1,0,135346,8,0,70,0,0,0,0,0,0,0,0,0,0,0,0,0,0,20,0,0,0,0,39,0,0,0,0
11122,4,0,4,12,0,0,0,0,-1,0,134010,16,0,0,0,0,0,0,0,0,0,0,0,0,0,0,0,0,0,0,0,0,0,0,0,0,0,0
11124,4,3,5,1,0,0,0,0,-1,0,133123,10,0,70,0,0,0,0,0,0,0,266,0,0,0,0,0,0,0,0,0,0,0,0,0,0,0,0
11193,4,2,8,5,0,0,0,0,-1,0,132717,7,0,85,0,0,0,0,0,0,0,148,0,0,0,0,0,0,0,0,0,0,0,0,0,0,0,0
11194,4,3,5,5,0,0,0,0,-1,0,132629,10,0,100,0,0,0,0,0,0,0,307,0,0,0,0,0,0,0,0,0,0,0,0,0,0,0,0
11195,4,4,6,5,0,0,0,0,-1,0,132638,11,0,115,0,0,0,0,0,0,0,543,0,0,0,0,0,0,0,0,0,0,0,0,0,0,0,0
11229,4,3,5,6,0,0,0,0,-1,0,132495,10,0,35,0,0,0,0,0,0,0,115,0,0,0,0,0,0,0,0,0,0,0,0,0,0,0,0
11263,2,19,2,26,0,0,0,0,-1,0,135469,21,0,65,0,0,6,0,0,0,0,0,0,0,0,0,0,0,39,0,0,0,0,73,0,0,0,0
11265,2,5,2,17,0,1,0,0,-1,0,133053,9,0,85,0,0,0,0,0,0,0,0,0,0,0,0,0,0,70,0,0,0,0,105,0,0,0,0
11289,2,19,2,26,26,0,0,0,-1,0,135139,21,0,55,0,0,6,0,0,0,0,0,0,0,0,0,0,0,23,0,0,0,0,43,0,0,0,0
11290,2,19,2,26,30,0,0,0,-1,0,135469,21,0,55,0,0,6,0,0,0,0,0,0,0,0,0,0,0,40,0,0,0,0,76,0,0,0,0
11302,4,0,5,12,47,0,0,0,-1,0,133439,14,0,0,0,0,0,0,0,0,0,0,0,0,0,0,0,0,0,0,0,0,0,0,0,0,0,0
11305,2,2,2,15,30,0,0,0,-1,0,135495,12,0,65,2,0,0,0,0,0,0,0,0,0,0,0,0,0,19,0,0,0,0,35,0,0,0,0
11306,2,2,2,15,27,0,0,0,-1,0,135495,12,0,65,2,0,0,0,0,0,0,0,0,0,0,0,0,0,20,0,0,0,0,37,0,0,0,0
11307,2,2,2,15,42,0,0,0,-1,0,135489,12,0,65,2,0,0,0,0,0,0,0,0,0,0,0,0,0,43,0,0,0,0,80,0,0,0,0
11308,2,2,2,15,44,0,0,0,-1,0,135495,12,0,65,2,0,0,0,0,0,0,0,0,0,0,0,0,0,32,0,0,0,0,59,0,0,0,0
11311,4,1,7,16,41,0,0,0,-1,0,133760,7,0,0,0,0,0,0,0,0,0,30,0,0,0,0,0,0,0,0,0,0,0,0,0,0,0,0
11502,4,2,8,3,0,0,0,0,-1,0,135055,7,0,50,0,0,0,0,0,0,0,93,0,0,0,0,0,0,0,0,0,0,0,0,0,0,0,0
11603,2,13,1,21,46,7,0,0,-1,0,132369,8,0,65,0,0,0,0,0,0,0,0,0,0,0,0,0,0,33,0,0,0,0,62,0,0,0,0
11604,4,4,6,5,54,0,0,0,-1,0,132743,11,0,135,0,0,0,0,0,0,0,617,0,19,0,0,0,0,0,0,0,0,0,0,0,0,0,0
11605,4,4,6,3,53,0,0,0,-1,0,135040,11,0,70,0,0,0,0,0,0,0,414,0,10,0,0,0,0,0,0,0,0,0,0,0,0,0,0
11606,4,3,5,5,51,0,0,0,-1,0,132638,10,0,100,0,0,0,0,0,0,0,303,0,12,0,0,0,0,0,0,0,0,0,0,0,0,0,0
11607,2,1,1,17,52,1,0,0,-1,0,135572,9,0,100,0,0,0,0,0,0,0,0,0,0,0,0,0,0,101,0,0,0,0,153,0,0,0,0
11608,2,5,2,17,50,1,0,0,-1,0,133046,9,0,100,0,0,0,0,0,0,0,0,0,0,0,0,0,0,140,0,0,0,0,211,0,0,0,0
11623,4,1,7,16,47,0,0,0,-1,0,133772,7,0,0,0,0,0,0,0,0,0,37,0,0,0,0,0,0,0,0,0,0,0,0,0,0,0,0
11625,4,0,3,23,48,7,0,0,-1,0,134335,21,0,0,0,0,0,0,0,0,0,0,0,0,0,0,0,0,0,0,0,0,0,0,0,0,0,0
11626,4,1,7,16,48,0,0,0,-1,0,133770,7,0,0,0,0,0,0,0,0,0,38,0,0,0,0,0,0,0,0,0,0,0,0,0,0,0,0
11627,4,3,5,8,48,0,0,0,-1,0,132535,10,0,60,0,0,0,0,0,0,0,218,0,0,0,0,0,0,0,0,0,0,0,0,0,0,0,0
11628,2,2,2,15,48,0,0,0,-1,0,135492,12,0,75,2,0,0,0,0,0,0,0,0,0,0,0,0,0,34,0,0,0,0,64,0,0,0,0
11629,2,3,1,26,48,0,0,0,-1,0,135616,8,0,75,3,0,0,0,0,0,0,0,0,0,0,0,0,0,44,0,0,0,0,82,0,0,0,0
11631,4,6,1,14,47,4,0,0,-1,0,134948,9,0,100,0,0,0,0,0,0,0,1803,0,0,0,0,0,0,0,0,0,0,0,0,0,0,0,0
11632,4,4,6,3,47,0,0,0,-1,0,135057,11,0,80,0,0,0,0,0,0,0,410,0,0,0,0,0,0,0,0,0,0,0,0,0,0,0,0
11633,4,4,6,5,49,0,0,0,-1,0,132737,11,0,135,0,0,0,0,0,0,0,567,0,0,0,0,0,0,0,0,0,0,0,0,0,0,0,0
11635,2,15,1,13,49,3,0,0,-1,0,135646,8,0,65,0,0,0,0,0,0,0,0,0,0,0,0,0,0,35,0,0,0,0,65,0,0,0,0
11665,4,2,8,10,49,0,0,0,-1,0,132949,7,0,35,0,0,0,0,0,0,0,97,0,0,0,0,0,0,0,0,0,0,0,0,0,0,0,0
11669,4,0,5,11,54,0,0,0,-1,0,133347,14,0,0,0,0,0,0,0,0,0,0,0,0,0,0,0,0,0,0,0,0,0,0,0,0,0,0
11675,4,2,8,8,50,0,0,0,-1,0,132535,7,0,50,0,0,0,0,0,0,0,109,0,0,0,0,0,0,0,0,0,0,0,0,0,0,0,0
11677,4,1,7,16,50,0,0,0,-1,0,133771,7,0,0,0,0,0,0,0,0,0,39,0,0,0,0,0,0,0,0,0,0,0,0,0,0,0,0
11678,4,4,6,5,50,0,0,0,-1,0,132743,11,0,135,0,0,0,0,0,0,0,577,0,0,0,0,0,0,0,0,0,0,0,0,0,0,0,0
11679,4,3,5,9,50,0,0,0,-1,0,132612,10,0,40,0,0,0,0,0,0,0,143,0,0,0,0,0,0,0,0,0,0,0,0,0,0,0,0
11684,2,4,2,21,55,3,0,0,-1,0,135847,8,0,105,0,0,0,0,0,0,0,0,0,0,0,0,0,0,73,0,0,0,0,136,0,0,0,0
11685,4,2,8,3,50,0,0,0,-1,0,135044,7,0,60,0,0,0,0,0,0,0,118,0,0,0,0,0,0,0,0,0,0,0,0,0,0,0,0
11686,4,2,8,6,50,0,0,0,-1,0,132501,7,0,35,0,0,0,0,0,0,0,89,0,0,0,0,0,0,0,0,0,0,0,0,0,0,0,0
11702,2,0,1,21,50,3,0,0,-1,0,132403,8,0,90,0,0,0,0,0,0,0,0,0,0,0,0,0,0,61,0,0,0,0,114,0,0,0,0
11703,4,4,6,6,50,0,0,0,-1,0,132505,11,0,45,0,0,0,0,0,0,0,324,0,0,0,0,0,0,0,0,0,0,0,0,0,0,0,0
11722,4,3,5,3,50,0,0,0,-1,0,135061,10,0,70,0,0,0,0,0,0,0,246,0,0,0,0,0,0,0,0,0,0,0,0,0,0,0,0
11726,4,3,5,5,52,0,0,0,-1,0,132637,10,0,140,0,0,0,0,0,0,0,369,0,0,0,0,0,0,0,0,0,0,0,0,0,0,0,0
11728,4,3,5,7,52,0,0,0,-1,0,134583,10,0,90,0,0,0,0,0,0,0,296,0,0,0,0,0,0,0,0,0,0,0,0,0,0,0,0
11729,4,3,5,1,52,0,0,0,-1,0,133069,10,0,70,0,0,0,0,0,0,0,275,0,0,0,0,0,0,0,0,0,0,0,0,0,0,0,0
11730,4,3,5,10,52,0,0,0,-1,0,132938,10,0,40,0,0,0,0,0,0,0,211,0,0,0,0,0,0,0,0,0,0,0,0,0,0,0,0
11731,4,3,5,8,52,0,0,0,-1,0,132535,10,0,60,0,0,0,0,0,0,0,233,0,0,0,0,0,0,0,0,0,0,0,0,0,0,0,0
11735,4,2,8,1,52,0,0,0,-1,0,133148,7,0,60,0,0,0,0,0,0,0,132,0,0,0,0,0,0,0,0,0,0,0,0,0,0,0,0
11743,2,13,1,13,50,7,0,0,-1,0,132945,8,0,55,0,0,0,0,0,0,0,0,0,0,0,0,0,0,32,0,0,0,0,60,0,0,0,0
11744,2,13,1,13,51,7,0,0,-1,0,132945,8,0,65,0,0,0,0,0,0,0,0,0,0,0,0,0,0,38,0,0,0,0,72,0,0,0,0
11745,4,4,6,10,51,0,0,0,-1,0,132956,11,0,45,0,0,0,0,0,0,0,367,0,0,0,0,0,0,0,0,0,0,0,0,0,0,0,0
11746,4,4,6,1,51,0,0,0,-1,0,133125,11,0,80,0,0,0,0,0,0,0,477,0,0,0,0,0,0,0,0,0,0,0,0,0,0,0,0
11747,4,2,8,20,48,0,0,0,-1,0,132648,7,0,100,0,0,0,0,0,0,0,153,0,10,0,0,0,0,0,0,0,0,0,0,0,0,0,0
11748,2,19,2,26,48,0,0,0,-1,0,135150,21,0,65,0,0,2,0,0,0,0,0,0,0,0,0,0,0,66,0,0,0,0,123,0,0,0,0
11749,4,3,5,7,48,0,0,0,-1,0,134583,10,0,90,0,0,0,0,0,0,0,277,0,10,0,0,0,0,0,0,0,0,0,0,0,0,0,0
11750,2,10,2,17,48,2,0,0,-1,0,135155,13,0,100,0,0,0,0,0,0,0,0,0,10,0,0,0,0,106,0,0,0,0,160,0,0,0,0
11755,4,0,3,2,51,0,0,0,-1,0,133684,16,0,0,0,0,0,0,0,0,0,0,0,0,0,0,0,0,0,0,0,0,0,0,0,0,0,0
11764,4,2,8,9,52,0,1080,0,-1,0,132601,7,0,35,0,0,0,0,0,0,0,71,0,10,0,0,0,0,0,0,0,0,0,0,0,0,0,0
11765,4,3,5,9,52,0,1101,0,-1,0,132617,10,0,40,0,0,0,0,0,0,0,148,0,10,0,0,0,0,0,0,0,0,0,0,0,0,0,0
11767,4,4,6,9,52,0,1122,0,-1,0,132617,11,0,45,0,0,0,0,0,0,0,261,0,10,0,0,0,0,0,0,0,0,0,0,0,0,0,0
11783,4,3,5,6,52,0,0,0,-1,0,132522,10,0,40,0,0,0,0,0,0,0,190,0,0,0,10,0,0,0,0,0,0,0,0,0,0,0,0
11784,2,7,1,21,48,3,0,0,-1,0,135324,8,0,90,0,0,0,0,0,0,0,0,0,0,0,0,0,0,59,0,0,0,0,110,0,0,0,0
11785,4,6,1,14,53,4,0,0,-1,0,134952,9,0,100,0,0,0,0,0,0,0,1994,0,0,10,0,0,10,0,0,0,0,0,0,0,0,0,0
11786,2,8,1,17,51,1,0,0,-1,0,135357,9,0,100,0,0,0,0,0,0,0,280,0,0,0,0,0,0,123,0,0,0,0,185,0,0,0,0
11787,4,4,6,8,53,0,0,0,-1,0,132582,11,0,65,0,0,0,0,0,0,0,417,0,0,0,0,0,0,0,0,0,0,0,0,0,0,0,0
11802,4,4,6,7,53,0,0,0,-1,0,134584,11,0,100,0,0,0,0,0,0,0,531,0,0,0,0,0,0,0,0,0,0,0,0,0,0,0,0
11803,2,5,2,17,51,1,0,0,-1,0,133046,9,0,100,0,0,0,0,0,0,0,0,0,0,0,0,0,0,123,0,0,0,0,185,0,0,0,0
11805,2,4,2,21,51,3,0,0,-1,0,133046,8,0,90,0,0,0,0,0,0,0,120,0,0,0,0,0,0,51,0,0,0,0,96,0,0,0,0
11809,2,6,1,17,51,2,0,0,-1,0,135124,9,0,100,0,0,0,0,0,0,0,0,0,0,0,0,0,0,127,0,0,0,0,191,0,0,0,0
11810,4,0,0,12,55,0,0,0,-1,0,133276,24,0,0,0,0,0,0,0,0,0,0,0,0,0,0,0,0,0,0,0,0,0,0,0,0,0,0
11811,4,0,0,12,50,0,0,0,-1,0,134084,8,0,0,0,0,0,0,0,0,0,150,0,7,7,7,7,0,0,0,0,0,0,0,0,0,0,0
11812,4,1,7,16,53,0,0,0,-1,0,133770,7,0,0,0,0,0,0,0,0,0,41,0,12,0,0,0,0,0,0,0,0,0,0,0,0,0,0
11814,4,3,5,10,53,0,0,0,-1,0,132938,10,0,40,0,0,0,0,0,0,0,215,0,10,0,0,0,0,0,0,0,0,0,0,0,0,0,0
11815,4,0,0,12,53,0,0,0,-1,0,133434,24,0,0,0,0,0,0,0,0,0,0,0,0,0,0,0,0,0,0,0,0,0,0,0,0,0,0
11816,2,1,1,17,51,1,0,0,-1,0,135576,9,0,100,0,0,0,0,0,0,0,0,0,0,0,0,0,0,100,0,0,0,0,150,0,0,0,0
11817,2,7,1,21,51,3,0,0,-1,0,135326,8,0,90,0,0,0,0,0,0,0,0,0,0,0,0,0,0,67,0,0,0,0,125,0,0,0,0
11819,4,0,0,12,54,0,0,0,-1,0,133439,24,0,0,0,0,0,0,0,0,0,0,0,0,0,0,0,0,0,0,0,0,0,0,0,0,0,0
11820,4,3,5,5,53,0,0,0,-1,0,132739,10,0,120,0,0,0,0,0,0,0,344,0,0,0,0,0,0,0,0,0,0,0,0,0,0,0,0
11821,4,2,8,7,53,0,0,0,-1,0,134589,7,0,75,0,0,0,0,0,0,0,144,0,0,0,0,0,0,0,0,0,0,0,0,0,0,0,0
11823,4,2,8,7,54,0,0,0,-1,0,134593,7,0,75,0,0,0,0,0,0,0,147,0,0,0,0,0,0,0,0,0,0,0,0,0,0,0,0
11824,4,0,5,11,49,0,0,0,-1,0,133350,14,0,0,0,0,0,0,0,0,0,0,0,0,0,0,0,0,0,0,0,0,0,0,0,0,0,0
11832,4,0,0,12,53,0,0,0,-1,0,133282,24,0,0,0,0,0,0,0,0,0,0,0,0,0,0,0,0,0,0,0,0,0,0,0,0,0,0
11842,4,3,5,3,50,0,0,0,-1,0,135046,10,0,70,0,0,0,0,0,0,0,246,0,0,0,0,0,0,0,0,0,0,0,0,0,0,0,0
11853,4,2,8,8,0,0,0,0,-1,0,132537,7,0,35,0,0,0,0,0,0,0,51,0,0,0,0,0,0,0,0,0,0,0,0,0,0,0,0
11854,2,8,1,17,0,1,0,0,-1,0,135356,9,0,65,0,0,0,0,0,0,0,0,0,0,0,0,0,0,25,0,0,0,0,38,0,0,0,0
11855,4,0,0,23,0,3,0,0,-1,0,134520,8,0,0,0,0,0,0,0,0,0,30,0,0,0,0,0,0,0,0,0,0,0,0,0,0,0,0
11856,2,15,1,13,0,3,0,0,-1,0,135311,8,0,55,0,0,0,0,0,0,0,0,0,0,0,0,0,0,33,0,0,0,0,63,0,0,0,0
11857,2,10,2,17,0,2,0,0,-1,0,135148,13,0,85,0,0,0,0,0,0,0,0,0,0,0,0,0,0,88,0,0,0,0,133,0,0,0,0
11858,4,1,7,16,0,0,0,0,-1,0,133760,7,0,0,0,0,0,0,0,0,0,30,0,0,0,0,0,0,0,0,0,0,0,0,0,0,0,0
11859,4,0,3,23,0,7,0,0,-1,0,134104,24,0,0,0,0,0,0,0,0,0,0,0,0,0,0,0,0,0,0,0,0,0,0,0,0,0,0
11860,2,19,2,26,0,0,0,0,-1,0,135470,21,0,55,0,0,3,0,0,0,0,0,0,0,0,0,0,0,39,0,0,0,0,73,0,0,0,0
11861,4,3,5,6,0,0,0,0,-1,0,132516,10,0,35,0,0,0,0,0,0,0,143,0,0,0,0,0,0,0,0,0,0,0,0,0,0,0,0
11863,2,13,1,22,0,7,0,0,-1,0,132369,8,0,55,0,0,0,0,0,0,0,0,0,0,0,0,0,0,30,0,0,0,0,57,0,0,0,0
11864,2,6,1,17,0,2,0,0,-1,0,135128,9,0,85,0,0,0,0,0,0,0,0,0,0,0,0,0,0,87,0,0,0,0,131,0,0,0,0
11866,4,2,8,6,0,0,0,0,-1,0,132500,7,0,35,0,0,0,0,0,0,0,89,0,0,0,0,0,0,0,0,0,0,0,0,0,0,0,0
11867,4,3,5,10,0,0,0,0,-1,0,132960,10,0,35,0,0,0,0,0,0,0,180,0,0,0,0,0,0,0,0,0,0,0,0,0,0,0,0
11868,4,0,5,11,0,1,0,0,-1,0,133357,14,0,0,0,0,0,0,0,0,0,0,0,0,0,0,0,0,0,0,0,0,0,0,0,0,0,0
11870,4,0,3,23,0,7,0,0,-1,0,133731,12,0,0,0,0,0,0,0,0,0,0,0,0,0,0,0,0,0,0,0,0,0,0,0,0,0,0
11871,4,2,8,3,0,0,0,0,-1,0,135046,7,0,50,0,0,0,0,0,0,0,106,0,0,0,0,0,0,0,0,0,0,0,0,0,0,0,0
11872,4,4,6,8,0,0,0,0,-1,0,132582,11,0,55,0,0,0,0,0,0,0,354,0,0,0,0,0,0,0,0,0,0,0,0,0,0,0,0
11873,4,1,7,16,0,0,0,0,-1,0,133757,7,0,0,0,0,0,0,0,0,0,36,0,0,0,0,0,0,0,0,0,0,0,0,0,0,0,0
11874,4,2,8,3,0,0,0,0,-1,0,135061,7,0,50,0,0,0,0,0,0,0,109,0,0,0,0,0,0,0,0,0,0,0,0,0,0,0,0
11876,4,2,8,5,0,0,0,0,-1,0,132722,7,0,85,0,0,0,0,0,0,0,146,0,0,0,0,0,0,0,0,0,0,0,0,0,0,0,0
11882,4,3,5,7,0,0,0,0,-1,0,134583,10,0,75,0,0,0,0,0,0,0,265,0,0,0,0,0,0,0,0,0,0,0,0,0,0,0,0
11889,4,4,6,3,0,0,0,0,-1,0,135059,11,0,70,0,0,0,0,0,0,0,360,0,0,0,0,0,0,0,0,0,0,0,0,0,0,0,0
11902,2,7,1,21,0,3,0,0,-1,0,135349,8,0,75,0,0,0,0,0,0,0,0,0,0,0,0,0,0,42,0,0,0,0,78,0,0,0,0
11904,4,0,3,23,0,7,0,0,-1,0,134564,21,0,0,0,0,0,0,0,0,0,0,0,0,0,0,0,0,0,0,0,0,0,0,0,0,0,0
11905,4,0,2,12,0,0,0,0,-1,0,135646,12,0,0,0,0,0,0,0,0,0,0,0,0,0,0,0,0,0,0,0,0,0,0,0,0,0,0
11906,2,4,2,21,0,3,0,0,-1,0,133060,8,0,75,0,0,0,0,0,0,0,0,0,0,0,0,0,0,48,0,0,0,0,90,0,0,0,0
11907,2,1,1,17,0,1,0,0,-1,0,132401,9,0,85,0,0,0,0,0,0,0,0,0,0,0,0,0,0,112,0,0,0,0,169,0,0,0,0
11909,4,2,8,6,0,0,0,0,-1,0,132498,7,0,30,0,0,0,0,0,0,0,81,0,0,0,0,0,0,0,0,0,0,0,0,0,0,0,0
11910,4,4,6,7,0,0,0,0,-1,0,134584,11,0,85,0,0,0,0,0,0,0,459,0,0,0,0,0,0,0,0,0,0,0,0,0,0,0,0
11913,4,3,5,1,0,0,0,0,-1,0,133158,10,0,60,0,0,0,0,0,0,0,242,0,0,0,0,0,0,0,0,0,0,0,0,0,0,0,0
11915,4,6,1,14,0,4,0,0,-1,0,134953,9,0,85,0,0,0,0,0,0,0,1691,0,0,0,0,0,0,0,0,0,0,0,0,0,0,0,0
11916,4,2,8,3,0,0,0,0,-1,0,135056,7,0,50,0,0,0,0,0,0,0,108,0,0,0,0,0,0,0,0,0,0,0,0,0,0,0,0
11918,4,3,5,10,0,0,0,0,-1,0,132951,10,0,35,0,0,0,0,0,0,0,186,0,0,0,0,0,0,0,0,0,0,0,0,0,0,0,0
11919,4,4,6,8,0,0,0,0,-1,0,132589,11,0,55,0,0,0,0,0,0,0,361,0,0,0,0,0,0,0,0,0,0,0,0,0,0,0,0
11920,2,0,1,21,51,3,0,0,-1,0,132404,8,0,90,0,0,0,0,0,0,0,0,0,0,0,0,0,0,57,0,0,0,0,106,0,0,0,0
11921,2,5,2,17,52,1,0,0,-1,0,133045,9,0,100,0,0,0,0,0,0,0,30,0,0,0,0,0,0,105,0,0,0,0,159,0,0,0,0
11922,2,15,1,13,52,3,0,0,-1,0,135651,8,0,65,0,0,0,0,0,0,0,0,0,0,0,0,0,0,39,0,0,0,0,74,0,0,0,0
11923,2,4,2,21,52,3,0,0,-1,0,133044,8,0,90,0,0,0,0,0,0,0,0,0,0,0,0,0,0,71,0,0,0,0,132,0,0,0,0
11925,4,2,8,1,52,0,0,0,-1,0,133143,7,0,60,0,0,0,0,0,0,0,132,0,0,0,0,5,0,0,0,0,0,0,0,0,0,0,0
11926,4,3,5,5,52,0,0,0,-1,0,132629,10,0,120,0,0,0,0,0,0,0,338,0,0,0,0,0,0,0,0,0,0,0,0,0,0,0,0
11927,4,4,6,7,52,0,0,0,-1,0,134584,11,0,100,0,0,0,0,0,0,0,522,0,0,0,0,0,0,0,0,0,0,0,0,0,0,0,0
11928,4,0,3,23,55,3,0,0,-1,0,133488,8,0,0,0,0,0,0,0,0,0,0,0,0,0,0,0,0,0,0,0,0,0,0,0,0,0,0
11930,4,1,7,16,55,0,0,0,-1,0,133772,7,0,0,0,0,0,0,0,0,0,43,0,0,0,0,0,0,0,0,0,0,0,0,0,0,0,0
11931,2,1,1,17,54,1,0,0,-1,0,132416,9,0,100,0,0,0,0,0,0,0,0,0,0,0,0,0,0,149,0,0,0,0,225,0,0,0,0
11932,2,10,2,17,54,2,0,0,-1,0,135167,13,0,100,0,0,0,0,0,0,0,0,0,0,0,10,0,0,133,0,0,0,0,200,0,0,0,0
11933,4,0,3,2,55,0,0,0,-1,0,134131,14,0,0,0,0,0,0,0,0,0,0,0,0,0,0,0,0,0,0,0,0,0,0,0,0,0,0
11934,4,0,5,11,55,0,3256,0,-1,0,133366,14,0,0,0,0,0,0,0,0,0,0,0,0,0,6,0,6,0,0,0,0,0,0,0,0,0,0
11935,4,0,3,23,53,7,0,0,-1,0,134337,21,0,0,0,0,0,0,0,0,0,0,0,15,0,0,0,0,0,0,0,0,0,0,0,0,0,0
11945,4,0,5,11,48,0,3484,0,-1,0,133357,14,0,0,0,0,0,0,0,0,0,0,0,0,0,0,0,0,0,0,0,0,0,0,0,0,0,0
11946,4,0,3,2,47,0,3513,0,-1,0,133289,14,0,0,0,0,0,0,0,0,0,0,0,0,0,0,0,0,0,0,0,0,0,0,0,0,0,0
11963,4,2,8,3,0,0,0,0,-1,0,135056,7,0,50,0,0,0,0,0,0,0,104,0,0,0,0,0,0,0,0,0,0,0,0,0,0,0,0
11964,2,4,2,21,0,3,0,0,-1,0,133483,8,0,75,0,0,0,0,0,0,0,0,0,0,0,0,0,0,36,0,0,0,0,68,0,0,0,0
11965,4,0,0,11,15,0,3295,0,-1,0,133347,14,0,0,0,0,0,0,0,0,0,0,0,0,0,0,0,0,0,0,0,0,0,0,0,0,0,0
11967,4,0,0,11,18,0,3296,0,-1,0,133349,14,0,0,0,0,0,0,0,0,0,0,0,0,0,0,0,0,0,0,0,0,0,0,0,0,0,0
11968,4,0,0,11,21,0,3297,0,-1,0,133356,14,0,0,0,0,0,0,0,0,0,0,0,0,0,0,0,0,0,0,0,0,0,0,0,0,0,0
11969,4,0,0,11,24,0,3298,0,-1,0,133351,14,0,0,0,0,0,0,0,0,0,0,0,0,0,0,0,0,0,0,0,0,0,0,0,0,0,0
11970,4,0,0,11,29,0,3300,0,-1,0,133353,14,0,0,0,0,0,0,0,0,0,0,0,0,0,0,0,0,0,0,0,0,0,0,0,0,0,0
11971,4,0,0,11,32,0,3301,0,-1,0,133357,14,0,0,0,0,0,0,0,0,0,0,0,0,0,0,0,0,0,0,0,0,0,0,0,0,0,0
11972,4,0,0,11,35,0,3302,0,-1,0,133344,14,0,0,0,0,0,0,0,0,0,0,0,0,0,0,0,0,0,0,0,0,0,0,0,0,0,0
11973,4,0,0,11,38,0,3303,0,-1,0,133345,14,0,0,0,0,0,0,0,0,0,0,0,0,0,0,0,0,0,0,0,0,0,0,0,0,0,0
11974,4,0,0,11,41,0,3304,0,-1,0,133343,14,0,0,0,0,0,0,0,0,0,0,0,0,0,0,0,0,0,0,0,0,0,0,0,0,0,0
11975,4,0,0,11,44,0,3305,0,-1,0,133349,14,0,0,0,0,0,0,0,0,0,0,0,0,0,0,0,0,0,0,0,0,0,0,0,0,0,0
11976,4,0,0,11,47,0,3306,0,-1,0,133346,14,0,0,0,0,0,0,0,0,0,0,0,0,0,0,0,0,0,0,0,0,0,0,0,0,0,0
11977,4,0,0,11,50,0,3307,0,-1,0,133354,14,0,0,0,0,0,0,0,0,0,0,0,0,0,0,0,0,0,0,0,0,0,0,0,0,0,0
11978,4,0,0,11,53,0,3308,0,-1,0,133346,14,0,0,0,0,0,0,0,0,0,0,0,0,0,0,0,0,0,0,0,0,0,0,0,0,0,0
11979,4,0,0,11,56,0,3309,0,-1,0,133356,14,0,0,0,0,0,0,0,0,0,0,0,0,0,0,0,0,0,0,0,0,0,0,0,0,0,0
11980,4,0,0,11,59,0,3310,0,-1,0,133347,14,0,0,0,0,0,0,0,0,0,0,0,0,0,0,0,0,0,0,0,0,0,0,0,0,0,0
11981,4,0,0,11,15,0,3241,0,-1,0,133343,14,0,0,0,0,0,0,0,0,0,0,0,0,0,0,0,0,0,0,0,0,0,0,0,0,0,0
11982,4,0,0,11,18,0,3242,0,-1,0,133355,14,0,0,0,0,0,0,0,0,0,0,0,0,0,0,0,0,0,0,0,0,0,0,0,0,0,0
11983,4,0,0,11,21,0,3243,0,-1,0,133347,14,0,0,0,0,0,0,0,0,0,0,0,0,0,0,0,0,0,0,0,0,0,0,0,0,0,0
11984,4,0,0,11,24,0,3244,0,-1,0,133352,14,0,0,0,0,0,0,0,0,0,0,0,0,0,0,0,0,0,0,0,0,0,0,0,0,0,0
11985,4,0,0,11,30,0,3246,0,-1,0,133350,14,0,0,0,0,0,0,0,0,0,0,0,0,0,0,0,0,0,0,0,0,0,0,0,0,0,0
11986,4,0,0,11,34,0,3247,0,-1,0,133348,14,0,0,0,0,0,0,0,0,0,0,0,0,0,0,0,0,0,0,0,0,0,0,0,0,0,0
11987,4,0,0,11,38,0,3249,0,-1,0,133357,14,0,0,0,0,0,0,0,0,0,0,0,0,0,0,0,0,0,0,0,0,0,0,0,0,0,0
11988,4,0,0,11,42,0,3250,0,-1,0,133354,14,0,0,0,0,0,0,0,0,0,0,0,0,0,0,0,0,0,0,0,0,0,0,0,0,0,0
11989,4,0,0,11,46,0,3251,0,-1,0,133350,14,0,0,0,0,0,0,0,0,0,0,0,0,0,0,0,0,0,0,0,0,0,0,0,0,0,0
11990,4,0,0,11,50,0,3253,0,-1,0,133346,14,0,0,0,0,0,0,0,0,0,0,0,0,0,0,0,0,0,0,0,0,0,0,0,0,0,0
11991,4,0,0,11,54,0,3254,0,-1,0,133343,14,0,0,0,0,0,0,0,0,0,0,0,0,0,0,0,0,0,0,0,0,0,0,0,0,0,0
11992,4,0,0,11,58,0,3255,0,-1,0,133351,14,0,0,0,0,0,0,0,0,0,0,0,0,0,0,0,0,0,0,0,0,0,0,0,0,0,0
11993,4,0,0,11,17,0,3259,0,-1,0,133356,14,0,0,0,0,0,0,0,0,0,0,0,0,0,0,0,0,0,0,0,0,0,0,0,0,0,0
11994,4,0,0,11,20,0,3260,0,-1,0,133352,14,0,0,0,0,0,0,0,0,0,0,0,0,0,0,0,0,0,0,0,0,0,0,0,0,0,0
11995,4,0,0,11,23,0,3261,0,-1,0,133347,14,0,0,0,0,0,0,0,0,0,0,0,0,0,0,0,0,0,0,0,0,0,0,0,0,0,0
11996,4,0,0,11,29,0,3263,0,-1,0,133355,14,0,0,0,0,0,0,0,0,0,0,0,0,0,0,0,0,0,0,0,0,0,0,0,0,0,0
11997,4,0,0,11,33,0,3264,0,-1,0,133350,14,0,0,0,0,0,0,0,0,0,0,0,0,0,0,0,0,0,0,0,0,0,0,0,0,0,0
11998,4,0,0,11,37,0,3265,0,-1,0,133343,14,0,0,0,0,0,0,0,0,0,0,0,0,0,0,0,0,0,0,0,0,0,0,0,0,0,0
11999,4,0,0,11,41,0,3267,0,-1,0,133344,14,0,0,0,0,0,0,0,0,0,0,0,0,0,0,0,0,0,0,0,0,0,0,0,0,0,0
12000,2,1,1,17,0,1,0,0,-1,0,132393,9,0,85,0,0,0,0,0,0,0,0,0,0,0,0,0,0,82,0,0,0,0,123,0,0,0,0
12001,4,0,0,11,45,0,3268,0,-1,0,133343,14,0,0,0,0,0,0,0,0,0,0,0,0,0,0,0,0,0,0,0,0,0,0,0,0,0,0
12002,4,0,0,11,49,0,3269,0,-1,0,133346,14,0,0,0,0,0,0,0,0,0,0,0,0,0,0,0,0,0,0,0,0,0,0,0,0,0,0
12004,4,0,0,11,53,0,3271,0,-1,0,133343,14,0,0,0,0,0,0,0,0,0,0,0,0,0,0,0,0,0,0,0,0,0,0,0,0,0,0
12005,4,0,0,11,57,0,3272,0,-1,0,133343,14,0,0,0,0,0,0,0,0,0,0,0,0,0,0,0,0,0,0,0,0,0,0,0,0,0,0
12006,4,0,0,11,17,0,2123,0,-1,0,133354,14,0,0,0,0,0,0,0,0,0,0,0,0,0,0,0,0,0,0,0,0,0,0,0,0,0,0
12007,4,0,0,11,20,0,2124,0,-1,0,133344,14,0,0,0,0,0,0,0,0,0,0,0,0,0,0,0,0,0,0,0,0,0,0,0,0,0,0
12008,4,0,0,11,23,0,2125,0,-1,0,133345,14,0,0,0,0,0,0,0,0,0,0,0,0,0,0,0,0,0,0,0,0,0,0,0,0,0,0
12009,4,0,0,11,28,0,2126,0,-1,0,133347,14,0,0,0,0,0,0,0,0,0,0,0,0,0,0,0,0,0,0,0,0,0,0,0,0,0,0
12010,4,0,0,11,32,0,2128,0,-1,0,133346,14,0,0,0,0,0,0,0,0,0,0,0,0,0,0,0,0,0,0,0,0,0,0,0,0,0,0
12011,4,0,0,11,36,0,2129,0,-1,0,133354,14,0,0,0,0,0,0,0,0,0,0,0,0,0,0,0,0,0,0,0,0,0,0,0,0,0,0
12012,4,0,0,11,40,0,2130,0,-1,0,133350,14,0,0,0,0,0,0,0,0,0,0,0,0,0,0,0,0,0,0,0,0,0,0,0,0,0,0
12013,4,0,0,11,44,0,2132,0,-1,0,133356,14,0,0,0,0,0,0,0,0,0,0,0,0,0,0,0,0,0,0,0,0,0,0,0,0,0,0
12014,4,0,0,11,48,0,2133,0,-1,0,133349,14,0,0,0,0,0,0,0,0,0,0,0,0,0,0,0,0,0,0,0,0,0,0,0,0,0,0
12015,4,0,0,11,52,0,2134,0,-1,0,133354,14,0,0,0,0,0,0,0,0,0,0,0,0,0,0,0,0,0,0,0,0,0,0,0,0,0,0
12016,4,0,0,11,56,0,2136,0,-1,0,133350,14,0,0,0,0,0,0,0,0,0,0,0,0,0,0,0,0,0,0,0,0,0,0,0,0,0,0
12017,4,0,0,11,60,0,3461,0,-1,0,133351,14,0,0,0,0,0,0,0,0,0,0,0,0,0,0,0,0,0,0,0,0,0,0,0,0,0,0
12018,4,3,5,1,0,0,0,0,-1,0,133069,10,0,60,0,0,0,0,0,0,0,238,0,0,0,0,0,0,0,0,0,0,0,0,0,0,0,0
12019,4,0,3,2,27,0,2030,0,-1,0,133288,14,0,0,0,0,0,0,0,0,0,0,0,0,0,0,0,0,0,0,0,0,0,0,0,0,0,0
12020,4,0,3,2,31,0,2036,0,-1,0,133296,14,0,0,0,0,0,0,0,0,0,0,0,0,0,0,0,0,0,0,0,0,0,0,0,0,0,0
12022,4,0,3,2,36,0,2048,0,-1,0,133292,14,0,0,0,0,0,0,0,0,0,0,0,0,0,0,0,0,0,0,0,0,0,0,0,0,0,0
12023,4,0,3,2,40,0,2054,0,-1,0,133290,14,0,0,0,0,0,0,0,0,0,0,0,0,0,0,0,0,0,0,0,0,0,0,0,0,0,0
12024,4,0,3,2,45,0,2066,0,-1,0,133294,14,0,0,0,0,0,0,0,0,0,0,0,0,0,0,0,0,0,0,0,0,0,0,0,0,0,0
12025,4,0,3,2,49,0,2072,0,-1,0,133291,14,0,0,0,0,0,0,0,0,0,0,0,0,0,0,0,0,0,0,0,0,0,0,0,0,0,0
12026,4,0,3,2,54,0,2084,0,-1,0,133298,14,0,0,0,0,0,0,0,0,0,0,0,0,0,0,0,0,0,0,0,0,0,0,0,0,0,0
12027,4,0,3,2,58,0,2090,0,-1,0,133297,14,0,0,0,0,0,0,0,0,0,0,0,0,0,0,0,0,0,0,0,0,0,0,0,0,0,0
12028,4,0,3,2,27,0,3281,0,-1,0,133295,14,0,0,0,0,0,0,0,0,0,0,0,0,0,0,0,0,0,0,0,0,0,0,0,0,0,0
12029,4,0,3,2,30,0,3282,0,-1,0,133288,14,0,0,0,0,0,0,0,0,0,0,0,0,0,0,0,0,0,0,0,0,0,0,0,0,0,0
12030,4,0,3,2,34,0,3283,0,-1,0,133293,14,0,0,0,0,0,0,0,0,0,0,0,0,0,0,0,0,0,0,0,0,0,0,0,0,0,0
12031,4,0,3,2,39,0,3285,0,-1,0,133294,14,0,0,0,0,0,0,0,0,0,0,0,0,0,0,0,0,0,0,0,0,0,0,0,0,0,0
12032,4,0,3,2,43,0,3286,0,-1,0,133293,14,0,0,0,0,0,0,0,0,0,0,0,0,0,0,0,0,0,0,0,0,0,0,0,0,0,0
12034,4,0,3,2,48,0,3288,0,-1,0,133294,14,0,0,0,0,0,0,0,0,0,0,0,0,0,0,0,0,0,0,0,0,0,0,0,0,0,0
12035,4,0,3,2,52,0,3289,0,-1,0,133293,14,0,0,0,0,0,0,0,0,0,0,0,0,0,0,0,0,0,0,0,0,0,0,0,0,0,0
12036,4,0,3,2,57,0,3291,0,-1,0,133296,14,0,0,0,0,0,0,0,0,0,0,0,0,0,0,0,0,0,0,0,0,0,0,0,0,0,0
12038,4,0,5,11,0,0,0,0,-1,0,133345,14,0,0,0,0,0,0,0,0,0,0,0,0,0,0,0,0,0,0,0,0,0,0,0,0,0,0
12039,4,0,3,2,28,0,3539,0,-1,0,133298,14,0,0,0,0,0,0,0,0,0,0,0,0,0,0,0,0,0,0,0,0,0,0,0,0,0,0
12040,4,0,3,2,33,0,3541,0,-1,0,133288,14,0,0,0,0,0,0,0,0,0,0,0,0,0,0,0,0,0,0,0,0,0,0,0,0,0,0
12041,4,2,8,7,0,0,0,0,-1,0,134593,7,0,65,0,0,0,0,0,0,0,124,0,0,0,0,0,0,0,0,0,0,0,0,0,0,0,0
12042,4,0,3,2,37,0,3542,0,-1,0,133291,14,0,0,0,0,0,0,0,0,0,0,0,0,0,0,0,0,0,0,0,0,0,0,0,0,0,0
12043,4,0,3,2,42,0,3544,0,-1,0,133295,14,0,0,0,0,0,0,0,0,0,0,0,0,0,0,0,0,0,0,0,0,0,0,0,0,0,0
12044,4,0,3,2,46,0,3545,0,-1,0,133294,14,0,0,0,0,0,0,0,0,0,0,0,0,0,0,0,0,0,0,0,0,0,0,0,0,0,0
12045,4,0,3,2,51,0,3547,0,-1,0,133293,14,0,0,0,0,0,0,0,0,0,0,0,0,0,0,0,0,0,0,0,0,0,0,0,0,0,0
12046,4,0,3,2,55,0,3548,0,-1,0,133288,14,0,0,0,0,0,0,0,0,0,0,0,0,0,0,0,0,0,0,0,0,0,0,0,0,0,0
12047,4,0,3,2,25,0,3463,0,-1,0,133291,14,0,0,0,0,0,0,0,0,0,0,0,0,0,0,0,0,0,0,0,0,0,0,0,0,0,0
12048,4,0,3,2,60,0,3462,0,-1,0,133298,14,0,0,0,0,0,0,0,0,0,0,0,0,0,0,0,0,0,0,0,0,0,0,0,0,0,0
12049,4,3,5,5,0,0,0,0,-1,0,132638,10,0,100,0,0,0,0,0,0,0,288,0,0,0,0,0,0,0,0,0,0,0,0,0,0,0,0
12051,4,3,5,10,0,0,0,0,-1,0,132938,10,0,35,0,0,0,0,0,0,0,183,0,0,0,0,0,0,0,0,0,0,0,0,0,0,0,0
12052,4,0,5,11,16,0,0,0,-1,0,133347,14,0,0,0,0,0,0,0,0,0,0,0,0,0,0,0,0,0,0,0,0,0,0,0,0,0,0
12053,4,0,5,11,16,0,0,0,-1,0,133343,14,0,0,0,0,0,0,0,0,0,0,0,0,0,0,0,0,0,0,0,0,0,0,0,0,0,0
12055,4,0,5,11,47,0,0,0,-1,0,133357,14,0,0,0,0,0,0,0,0,0,0,0,0,0,0,0,0,0,0,0,0,0,0,0,0,0,0
12056,4,0,5,11,51,0,0,0,-1,0,133352,14,0,0,0,0,0,0,0,0,0,0,0,0,0,0,0,0,0,0,0,0,0,0,0,0,0,0
12057,4,0,5,11,55,0,0,0,-1,0,133356,14,0,0,0,0,0,0,0,0,0,0,0,0,0,0,0,0,0,0,0,0,0,0,0,0,0,0
12058,4,0,5,11,59,0,0,0,-1,0,133343,14,0,0,0,0,0,0,0,0,0,0,0,0,0,0,0,0,0,0,0,0,0,0,0,0,0,0
12061,2,7,1,13,0,3,0,0,-1,0,135327,8,0,75,0,0,0,0,0,0,0,0,0,0,0,0,0,0,60,0,0,0,0,112,0,0,0,0
12062,2,15,1,13,0,3,0,0,-1,0,135322,8,0,55,0,0,0,0,0,0,0,0,0,0,0,0,0,0,35,0,0,0,0,65,0,0,0,0
12065,4,0,2,12,0,0,0,0,-1,0,133435,21,0,0,0,0,0,0,0,0,0,0,0,8,8,8,8,8,0,0,0,0,0,0,0,0,0,0
12066,4,1,7,16,0,0,0,0,-1,0,133754,7,0,0,0,0,0,0,0,0,0,38,0,0,0,0,0,0,0,0,0,0,0,0,0,0,0,0
12082,4,2,8,3,0,0,0,0,-1,0,135047,7,0,50,0,0,0,0,0,0,0,113,0,0,0,0,0,0,0,0,0,0,0,0,0,0,0,0
12103,4,0,5,2,58,0,0,0,-1,0,133441,14,0,0,0,0,0,0,0,0,0,0,0,0,0,0,0,0,0,0,0,0,0,0,0,0,0,0
12104,4,2,8,5,0,0,0,0,-1,0,132717,7,0,85,0,0,0,0,0,0,0,154,0,0,0,0,0,0,0,0,0,0,0,0,0,0,0,0
12105,4,3,5,7,0,0,0,0,-1,0,134583,10,0,75,0,0,0,0,0,0,0,282,0,0,0,0,0,0,0,0,0,0,0,0,0,0,0,0
12106,4,4,6,5,0,0,0,0,-1,0,132723,11,0,115,0,0,0,0,0,0,0,570,0,0,0,0,0,0,0,0,0,0,0,0,0,0,0,0
12108,4,3,5,5,0,0,0,0,-1,0,132638,10,0,100,0,0,0,0,0,0,0,313,0,0,0,0,0,0,0,0,0,0,0,0,0,0,0,0
12110,4,1,7,16,0,0,0,0,-1,0,133768,7,0,0,0,0,0,0,0,0,0,38,0,0,0,0,0,0,0,0,0,0,0,0,0,0,0,0
12111,4,4,6,10,0,0,0,0,-1,0,132960,11,0,40,0,0,0,0,0,0,0,345,0,0,0,0,0,0,0,0,0,0,0,0,0,0,0,0
12112,4,3,5,9,0,0,0,0,-1,0,132616,10,0,35,0,0,0,0,0,0,0,132,0,0,0,0,0,0,0,0,0,0,0,0,0,0,0,0
12113,4,1,7,16,0,0,0,0,-1,0,133760,7,0,0,0,0,0,0,0,0,0,36,0,0,0,0,0,0,0,0,0,0,0,0,0,0,0,0
12114,4,2,8,10,0,0,0,0,-1,0,132951,7,0,30,0,0,0,0,0,0,0,91,0,0,0,0,0,0,0,0,0,0,0,0,0,0,0,0
12115,4,4,6,6,0,0,0,0,-1,0,132523,11,0,40,0,0,0,0,0,0,0,300,0,0,0,0,0,0,0,0,0,0,0,0,0,0,0,0
12243,2,6,1,17,49,2,0,0,-1,0,135574,9,0,100,0,0,0,0,0,0,0,0,0,10,0,0,0,0,108,0,0,0,0,162,0,0,0,0
12247,2,15,1,13,27,3,0,0,-1,0,135640,8,0,55,0,0,0,0,0,0,0,0,0,0,0,0,0,0,23,0,0,0,0,44,0,0,0,0
12248,2,15,1,13,29,3,0,0,-1,0,135651,8,0,55,0,0,0,0,0,0,0,0,0,0,0,0,0,0,19,0,0,0,0,37,0,0,0,0
12249,2,1,1,17,26,1,0,0,-1,0,132408,9,0,85,0,0,0,0,0,0,0,0,0,0,0,0,0,0,54,0,0,0,0,81,0,0,0,0
12250,2,1,1,17,29,1,0,0,-1,0,132408,9,0,85,0,0,0,0,0,0,0,0,0,0,0,0,0,0,49,0,0,0,0,75,0,0,0,0
12251,2,10,2,17,32,2,0,0,-1,0,135158,13,0,85,0,0,0,0,0,0,0,0,0,0,0,0,0,0,61,0,0,0,0,93,0,0,0,0
12252,2,10,2,17,34,2,0,0,-1,0,135144,13,0,85,0,0,0,0,0,0,0,100,0,6,6,6,6,6,66,0,0,0,0,100,0,0,0,0
12254,4,1,7,16,39,0,0,0,-1,0,133756,7,0,0,0,0,0,0,0,0,0,29,0,0,0,0,0,0,0,0,0,0,0,0,0,0,0,0
12257,4,3,5,6,37,0,0,0,-1,0,132523,10,0,35,0,0,0,0,0,0,0,134,0,0,0,0,0,0,0,0,0,0,0,0,0,0,0,0
12258,4,3,5,6,39,0,0,0,-1,0,132492,10,0,35,0,0,0,0,0,0,0,138,0,0,0,0,0,0,0,0,0,0,0,0,0,0,0,0
12259,2,15,1,13,31,3,0,0,-1,0,135641,8,0,55,0,0,0,0,0,0,0,0,0,0,0,0,0,0,19,0,0,0,0,37,0,0,0,0
12260,2,15,1,13,34,3,0,0,-1,0,135641,8,0,55,0,0,0,0,0,0,0,0,0,0,0,0,0,0,21,0,0,0,0,39,0,0,0,0
12296,2,19,2,26,0,0,0,0,-1,0,135139,21,0,35,0,0,6,0,0,0,0,0,0,0,0,0,0,0,16,0,0,0,0,30,0,0,0,0
12344,4,0,0,11,0,0,0,0,-1,0,133343,24,0,0,0,0,0,0,0,0,0,0,0,10,10,10,0,0,0,0,0,0,0,0,0,0,0,0
12405,4,4,6,5,45,0,0,0,-1,0,132743,11,0,115,0,0,0,0,0,0,0,480,0,8,8,8,8,8,0,0,0,0,0,0,0,0,0,0
12406,4,4,6,6,45,0,0,0,-1,0,132519,11,0,40,0,0,0,0,0,0,0,270,0,6,6,6,6,6,0,0,0,0,0,0,0,0,0,0
12408,4,4,6,9,46,0,0,0,-1,0,132612,11,0,40,0,0,0,0,0,0,0,214,0,5,5,5,5,5,0,0,0,0,0,0,0,0,0,0
12409,4,4,6,8,51,0,0,0,-1,0,132589,11,0,55,0,0,0,0,0,0,0,367,0,7,7,7,7,7,0,0,0,0,0,0,0,0,0,0
12410,4,4,6,1,51,0,0,0,-1,0,133125,11,0,70,0,0,0,0,0,0,0,434,0,10,10,10,10,10,0,0,0,0,0,0,0,0,0,0
12414,4,4,6,7,55,0,0,0,-1,0,134584,11,0,85,0,0,0,0,0,0,0,499,0,10,10,10,10,10,0,0,0,0,0,0,0,0,0,0
12415,4,3,5,5,49,0,0,0,-1,0,132751,10,0,100,0,0,0,0,0,0,0,293,0,0,0,16,16,0,0,0,0,0,0,0,0,0,0,0
12416,4,3,5,6,47,0,0,0,-1,0,132500,10,0,35,0,0,0,0,0,0,0,159,0,0,0,12,12,0,0,0,0,0,0,0,0,0,0,0
12417,4,3,5,1,54,0,0,0,-1,0,132767,10,0,60,0,0,0,0,0,0,0,258,0,0,0,18,18,0,0,0,0,0,0,0,0,0,0,0
12418,4,3,5,10,52,0,0,0,-1,0,132960,10,0,35,0,0,0,0,0,0,0,192,0,0,0,12,12,0,0,0,0,0,0,0,0,0,0,0
12419,4,3,5,8,53,0,0,0,-1,0,132584,10,0,50,0,0,0,0,0,0,0,215,0,0,0,15,15,0,0,0,0,0,0,0,0,0,0,0
12420,4,3,5,7,56,0,0,0,-1,0,134583,10,0,75,0,0,0,0,0,0,0,286,0,0,0,18,18,0,0,0,0,0,0,0,0,0,0,0
12422,4,4,6,5,55,0,0,0,-1,0,132745,11,0,115,0,0,0,0,0,0,0,570,0,0,0,0,0,0,0,0,0,0,0,0,0,0,0,0
12424,4,4,6,6,47,0,0,0,-1,0,132490,11,0,40,0,0,0,0,0,0,0,285,0,0,0,0,0,0,0,0,0,0,0,0,0,0,0,0
12425,4,4,6,9,49,0,0,0,-1,0,132618,11,0,40,0,0,0,0,0,0,0,225,0,0,0,0,0,0,0,0,0,0,0,0,0,0,0,0
12426,4,4,6,8,54,0,0,0,-1,0,132582,11,0,55,0,0,0,0,0,0,0,386,0,0,0,0,0,0,0,0,0,0,0,0,0,0,0,0
12427,4,4,6,1,54,0,0,0,-1,0,133124,11,0,70,0,0,0,0,0,0,0,456,0,0,0,0,0,0,0,0,0,0,0,0,0,0,0,0
12428,4,4,6,3,47,0,0,0,-1,0,135033,11,0,70,0,0,0,0,0,0,0,380,0,0,0,0,0,0,0,0,0,0,0,0,0,0,0,0
12429,4,4,6,7,56,0,0,0,-1,0,134584,11,0,85,0,0,0,0,0,0,0,507,0,0,0,0,0,0,0,0,0,0,0,0,0,0,0,0
12463,2,8,1,17,48,1,0,0,-1,0,135317,9,0,100,0,0,0,0,0,0,0,0,0,0,0,0,0,0,99,0,0,0,0,149,0,0,0,0
12464,4,2,8,10,48,0,0,0,-1,0,132953,7,0,35,0,0,0,0,0,0,0,96,0,10,0,0,0,0,0,0,0,0,0,0,0,0,0,0
12465,4,1,7,16,48,0,0,0,-1,0,133757,7,0,0,0,0,0,0,0,0,0,38,0,0,0,0,0,0,0,0,0,0,0,0,0,0,0,0
12469,2,8,1,17,42,1,0,0,-1,0,135272,9,0,100,0,0,0,0,0,0,0,0,0,0,0,0,0,0,82,0,0,0,0,124,0,0,0,0
12470,4,2,8,8,42,0,0,0,-1,0,132603,7,0,50,0,0,0,0,0,0,0,95,0,0,0,0,0,0,0,0,0,0,0,0,0,0,0,0
12471,4,0,0,23,42,2,0,0,-1,0,135158,13,0,0,0,0,0,0,0,0,0,0,0,0,0,0,0,0,0,0,0,0,0,0,0,0,0,0
12527,2,0,1,21,48,3,5304,0,-1,0,132404,8,0,90,0,0,0,0,0,0,0,0,0,0,0,0,0,0,66,0,0,0,0,124,0,0,0,0
12528,2,5,2,17,47,1,0,0,-1,0,133044,9,0,100,0,0,0,0,0,0,0,0,0,0,0,0,0,0,122,0,0,0,0,184,0,0,0,0
12531,2,15,1,13,46,3,0,0,-1,0,135639,8,0,65,0,0,0,0,0,0,0,0,0,0,0,0,0,0,42,0,0,0,0,80,0,0,0,0
12532,2,10,2,17,51,2,0,0,-1,0,135469,13,0,100,0,0,0,0,0,0,0,0,0,0,0,0,0,0,131,0,0,0,0,197,0,0,0,0
12535,2,7,1,13,49,3,0,0,-1,0,135351,8,0,90,0,0,0,0,0,0,0,0,0,0,0,0,0,0,47,0,0,0,0,89,0,0,0,0
12547,4,2,8,10,51,0,0,0,-1,0,132957,7,0,35,0,0,0,0,0,0,0,100,0,0,0,0,0,0,0,0,0,0,0,0,0,0,0,0
12549,4,3,5,1,47,0,0,0,-1,0,133078,10,0,70,0,0,0,0,0,0,0,253,0,0,0,0,0,0,0,0,0,0,0,0,0,0,0,0
12550,4,4,6,9,48,0,0,0,-1,0,132616,11,0,45,0,0,0,0,0,0,0,244,0,0,0,0,0,0,0,0,0,0,0,0,0,0,0,0
12551,4,1,7,16,51,0,0,0,-1,0,133773,7,0,0,0,0,0,0,0,0,0,40,0,0,0,0,0,0,0,0,0,0,0,0,0,0,0,0
12552,4,1,7,16,50,0,0,0,-1,0,133770,7,0,0,0,0,0,0,0,0,0,39,0,0,0,0,6,0,0,0,0,0,0,0,0,0,0,0
12553,4,2,8,8,54,0,0,0,-1,0,132536,7,0,50,0,0,0,0,0,0,0,115,0,0,0,0,0,0,0,0,0,0,0,0,0,0,0,0
12555,4,4,6,8,50,0,0,0,-1,0,132587,11,0,65,0,0,0,0,0,0,0,397,0,0,0,0,0,0,0,0,0,0,0,0,0,0,0,0
12557,4,4,6,3,54,0,0,0,-1,0,135056,11,0,80,0,0,0,0,0,0,0,463,0,0,0,0,0,0,0,0,0,0,0,0,0,0,0,0
12582,2,15,1,13,55,3,0,0,-1,0,135648,8,0,65,0,0,0,0,0,0,0,0,0,0,0,0,0,0,49,0,0,0,0,93,0,0,0,0
12583,2,6,1,17,58,1,0,0,-1,0,135574,9,0,100,0,0,0,0,0,0,0,0,0,0,0,0,0,0,151,0,0,0,0,227,0,0,0,0
12584,2,7,1,13,60,3,0,0,-1,0,135291,8,0,105,0,0,0,0,0,0,0,0,0,0,0,0,0,0,138,0,0,0,0,207,0,0,0,0
12587,4,2,8,1,58,0,0,0,-1,0,133148,7,0,60,0,0,0,0,0,0,0,143,0,0,0,0,0,0,0,0,0,0,0,0,0,0,0,0
12588,4,3,5,3,58,0,0,0,-1,0,135042,10,0,70,0,0,0,0,0,0,0,278,0,0,0,0,0,0,0,0,0,0,0,0,0,0,0,0
12590,2,15,1,13,58,3,0,0,-1,0,135661,8,0,75,0,0,0,0,0,0,0,0,0,0,0,0,0,0,54,0,0,0,0,101,0,0,0,0
12592,2,8,1,17,58,1,0,0,-1,0,135330,9,0,120,0,0,0,0,0,0,0,0,0,0,0,0,0,0,166,0,0,0,0,250,0,0,0,0
12602,4,6,1,14,58,4,0,0,-1,0,134966,9,0,100,0,0,0,0,0,0,0,2153,0,10,0,0,0,0,0,0,0,0,0,0,0,0,0,0
12603,4,2,8,5,56,0,0,0,-1,0,132741,7,0,100,0,0,0,0,0,0,0,172,0,10,0,0,10,0,0,0,0,0,0,0,0,0,0,0
12605,2,19,2,26,51,0,0,0,-1,0,133729,21,0,65,0,0,5,0,0,0,0,0,0,0,0,0,10,0,53,0,0,0,0,100,0,0,0,0
12606,4,2,8,6,56,0,0,0,-1,0,132499,7,0,35,0,0,0,0,0,0,0,97,0,0,0,0,0,0,0,0,0,0,0,0,0,0,0,0
12608,4,1,7,16,53,0,0,0,-1,0,133770,7,0,0,0,0,0,0,0,0,0,41,0,0,0,0,0,0,0,0,0,0,0,0,0,0,0,0
12610,4,4,6,3,55,0,0,0,-1,0,135054,10,0,70,0,0,0,0,0,0,0,427,0,10,10,0,0,0,0,0,0,0,0,0,0,0,0,0
12611,4,4,6,8,55,0,0,0,-1,0,132582,11,0,55,0,0,0,0,0,0,0,392,0,10,10,0,0,0,0,0,0,0,0,0,0,0,0,0
12612,4,4,6,1,56,0,0,0,-1,0,133071,11,0,70,0,0,0,0,0,0,0,471,0,13,13,0,0,0,0,0,0,0,0,0,0,0,0,0
12613,4,4,6,5,57,0,0,0,-1,0,132746,11,0,115,0,0,0,0,0,0,0,588,0,15,15,0,0,0,0,0,0,0,0,0,0,0,0,0
12614,4,4,6,7,57,0,0,0,-1,0,134584,11,0,85,0,0,0,0,0,0,0,515,0,14,14,0,0,0,0,0,0,0,0,0,0,0,0,0
12615,4,3,5,5,57,0,0,0,-1,0,132738,10,0,100,0,0,0,0,0,0,0,332,0,0,0,0,0,0,0,0,0,0,0,0,0,0,0,0
12616,4,3,5,8,58,0,0,0,-1,0,132582,10,0,50,0,0,0,0,0,0,0,231,0,0,0,0,0,0,0,0,0,0,0,0,0,0,0,0
12617,4,3,5,3,58,0,0,0,-1,0,135046,10,0,60,0,0,0,0,0,0,0,253,0,0,0,0,0,0,0,0,0,0,0,0,0,0,0,0
12618,4,4,6,5,58,0,0,0,-1,0,132745,11,0,135,0,0,0,0,0,0,0,657,0,0,0,0,0,0,0,0,0,0,0,0,0,0,0,0
12619,4,4,6,7,58,0,0,0,-1,0,134584,11,0,100,0,0,0,0,0,0,0,575,0,0,0,0,0,0,0,0,0,0,0,0,0,0,0,0
12620,4,4,6,1,57,0,0,0,-1,0,133070,11,0,80,0,0,0,0,0,0,0,526,0,0,0,0,0,0,0,0,0,0,0,0,0,0,0,0
12621,2,0,1,21,54,3,0,0,-1,0,135581,8,0,90,0,0,0,0,0,0,0,0,0,0,0,0,0,0,76,0,0,0,0,142,0,0,0,0
12624,4,3,5,5,49,0,0,0,-1,0,132634,10,0,120,0,0,0,0,0,0,0,322,0,0,0,0,0,0,0,0,0,0,0,0,0,0,0,0
12625,4,4,6,3,53,0,0,0,-1,0,135051,11,0,80,0,0,0,0,0,0,0,455,0,0,0,0,0,0,0,0,0,0,0,0,0,0,0,0
12628,4,4,6,5,52,0,0,0,-1,0,132741,11,0,135,0,0,0,0,0,0,0,597,0,0,0,0,0,0,0,0,0,0,0,0,0,0,0,0
12631,4,4,6,10,53,0,0,0,-1,0,132937,11,0,45,0,0,0,0,0,0,0,379,0,10,0,0,0,0,0,0,0,0,0,0,0,0,0,0
12632,4,3,5,10,54,0,0,0,-1,0,132964,10,0,40,0,0,0,0,0,0,0,218,0,10,0,0,0,0,0,0,0,0,0,0,0,0,0,0
12633,4,4,6,1,55,0,0,0,-1,0,133111,11,0,80,0,0,0,0,0,0,0,509,0,0,0,0,0,0,0,0,0,0,0,0,0,0,0,0
12634,4,3,5,6,55,0,0,0,-1,0,132502,10,0,40,0,0,0,0,0,0,0,199,0,0,0,0,0,0,0,0,0,0,0,0,0,0,0,0
12636,4,3,5,1,56,0,0,0,-1,0,133126,10,0,70,0,0,0,0,0,0,0,292,0,0,0,0,0,0,0,0,0,0,0,0,0,0,0,0
12637,4,4,6,10,55,0,0,0,-1,0,132960,11,0,45,0,0,0,0,0,0,0,392,0,0,0,0,0,0,0,0,0,0,0,0,0,0,0,0
12639,4,4,6,10,57,0,0,0,-1,0,132964,11,0,55,0,0,0,0,0,0,0,441,0,0,0,0,0,0,0,0,0,0,0,0,0,0,0,0
12640,4,4,6,1,56,0,0,0,-1,0,133138,11,0,100,0,0,0,0,0,0,0,565,0,0,0,0,0,0,0,0,0,0,0,0,0,0,0,0
12641,4,3,5,5,57,0,0,0,-1,0,132629,10,0,140,0,0,0,0,0,0,0,404,0,0,0,0,0,0,0,0,0,0,0,0,0,0,0,0
12651,2,18,2,26,54,0,0,0,-1,0,135533,12,0,75,2,0,0,0,0,0,0,0,0,0,0,0,0,0,77,0,0,0,0,117,0,0,0,0
12653,2,2,2,15,54,0,0,0,-1,0,135496,12,0,75,2,0,0,0,0,0,0,0,0,0,0,0,0,0,46,0,0,0,0,87,0,0,0,0
12709,2,15,1,21,58,3,0,0,-1,0,135343,8,0,65,0,0,0,0,0,0,0,0,0,0,0,0,0,0,37,0,0,0,0,70,0,0,0,0
12756,4,2,8,7,0,0,0,0,-1,0,134585,7,0,90,0,0,0,0,0,0,0,166,0,0,0,0,0,0,0,0,0,0,0,0,0,0,0,0
12757,4,2,8,5,0,0,0,0,-1,0,132635,7,0,120,0,0,0,0,0,0,0,190,0,0,0,0,0,0,0,0,0,0,0,0,0,0,0,0
12764,2,8,1,17,47,1,0,0,-1,0,135323,9,0,85,0,0,0,0,0,0,0,0,0,0,0,0,0,0,116,0,0,0,0,175,0,0,0,0
12769,2,1,1,17,49,1,0,0,-1,0,132418,9,0,100,0,0,0,0,0,0,0,0,0,0,0,0,0,0,100,0,0,0,0,151,0,0,0,0
12772,2,5,2,17,49,1,0,0,-1,0,133046,9,0,85,0,0,0,0,0,0,0,0,0,0,0,0,0,0,100,0,0,0,0,151,0,0,0,0
12773,2,0,1,21,50,3,0,0,-1,0,132403,8,0,75,0,0,0,0,0,0,0,0,0,0,0,0,0,0,43,0,0,0,0,81,0,0,0,0
12774,2,0,1,13,50,3,0,0,-1,0,132396,8,0,90,0,0,0,0,0,0,0,0,0,0,0,0,0,0,53,0,0,0,0,100,0,0,0,0
12775,2,1,1,17,51,1,0,0,-1,0,135581,9,0,85,0,0,0,0,0,0,0,0,0,0,0,0,0,0,114,0,0,0,0,172,0,0,0,0
12776,2,5,2,17,51,1,0,0,-1,0,133042,9,0,100,0,0,0,0,0,0,0,0,0,0,0,0,0,0,100,0,0,0,0,150,0,0,0,0
12777,2,7,1,13,51,3,0,0,-1,0,135340,8,0,90,0,0,0,0,0,0,0,0,0,0,0,0,0,0,44,0,0,0,0,82,0,0,0,0
12779,2,0,1,21,52,3,0,0,-1,0,132408,8,0,75,0,0,0,0,0,0,0,0,0,0,0,0,0,0,54,0,0,0,0,102,0,0,0,0
12781,2,4,2,21,52,3,0,0,-1,0,133477,8,0,90,0,0,0,0,0,0,0,0,0,0,0,0,0,0,52,0,0,0,0,98,0,0,0,0
12782,2,8,1,17,53,1,0,0,-1,0,135277,9,0,100,0,0,0,0,0,0,0,0,0,0,0,0,0,0,119,0,0,0,0,179,0,0,0,0
12783,2,15,1,13,58,3,0,0,-1,0,135315,8,0,65,0,0,0,0,0,0,0,0,0,0,0,0,0,0,49,0,0,0,0,92,0,0,0,0
12784,2,1,1,17,58,1,0,0,-1,0,132400,9,0,100,0,0,0,0,0,0,0,0,0,0,0,0,0,0,153,0,0,0,0,256,0,0,0,0
12790,2,8,1,17,58,1,0,0,-1,0,135349,9,0,100,0,0,0,0,0,0,0,0,0,0,0,0,0,0,129,0,0,0,0,194,0,0,0,0
12791,2,15,1,21,50,7,0,0,-1,0,132797,8,0,65,0,0,0,0,0,0,0,0,0,0,0,0,0,0,51,0,0,0,0,95,0,0,0,0
12792,2,4,2,21,53,3,0,0,-1,0,133043,8,0,75,0,0,0,0,0,0,0,0,0,0,0,0,0,0,60,0,0,0,0,113,0,0,0,0
12793,4,2,8,5,50,0,0,0,-1,0,132716,7,0,100,0,0,0,0,0,0,0,158,0,0,0,0,0,0,0,0,0,0,0,0,0,0,0,0
12794,2,4,2,21,57,3,0,0,-1,0,133041,8,0,90,0,0,0,0,0,0,0,0,0,0,0,0,0,0,58,0,0,0,0,108,0,0,0,0
12795,2,13,1,21,55,7,0,0,-1,0,135663,8,0,65,0,0,0,0,0,0,0,0,0,0,0,0,0,0,35,0,0,0,0,67,0,0,0,0
12796,2,5,2,17,58,1,0,0,-1,0,133046,9,0,100,0,0,0,0,0,0,0,0,0,0,0,0,0,0,163,0,0,0,0,246,0,0,0,0
12797,2,7,1,21,58,3,0,0,-1,0,135291,8,0,90,0,0,0,0,0,0,0,0,0,0,0,0,0,0,66,0,0,0,0,124,0,0,0,0
12798,2,0,1,21,58,3,0,0,-1,0,132403,8,0,90,0,0,0,0,0,0,0,0,0,0,0,0,0,0,49,0,0,0,0,92,0,0,0,0
12802,2,6,1,17,55,2,0,0,-1,0,135131,9,0,100,0,0,0,0,0,0,0,0,0,0,0,0,0,0,131,0,0,0,0,197,0,0,0,0
12805,4,0,0,12,0,0,0,0,-1,0,134337,21,0,0,0,0,0,0,0,0,0,0,0,0,0,0,0,0,0,0,0,0,0,0,0,0,0,0
12895,4,4,6,5,0,0,0,0,-1,0,132744,11,0,165,0,0,0,0,0,0,0,706,0,15,0,0,0,0,0,0,0,0,0,0,0,0,0,0
12903,4,3,5,7,0,0,0,0,-1,0,134583,10,0,105,0,0,0,0,0,0,0,349,0,5,5,5,5,5,0,0,0,0,0,0,0,0,0,0
12905,4,1,7,16,56,0,0,0,-1,0,132657,7,0,0,0,0,0,0,0,0,0,43,0,20,0,0,0,0,0,0,0,0,0,0,0,0,0,0
12926,4,0,5,11,56,0,3248,0,-1,0,135926,14,0,0,0,0,0,0,0,0,0,0,0,0,0,0,0,0,0,0,0,0,0,0,0,0,0,0
12927,4,2,8,3,56,0,0,0,-1,0,135041,7,0,60,0,0,0,0,0,0,0,129,0,0,0,0,0,0,0,0,0,0,0,0,0,0,0,0
12929,4,0,3,2,56,0,0,0,-1,0,133292,14,0,0,0,0,0,0,0,0,0,0,0,7,0,0,0,0,0,0,0,0,0,0,0,0,0,0
12930,4,0,0,12,55,0,0,0,-1,0,134413,12,0,0,0,0,0,0,0,0,0,0,0,0,0,0,0,0,0,0,0,0,0,0,0,0,0,0
12936,4,4,6,9,58,0,0,0,-1,0,132616,11,0,45,0,0,0,0,0,0,0,287,0,0,0,0,0,0,0,0,0,0,0,0,0,0,0,0
12939,2,7,1,22,58,3,0,0,-1,0,135350,8,0,90,0,0,0,0,0,0,0,100,0,0,0,0,0,0,52,0,0,0,0,97,0,0,0,0
12940,2,7,1,21,58,3,0,0,-1,0,135353,8,0,90,0,0,0,0,0,0,0,0,0,0,0,0,0,0,81,0,0,0,0,151,0,0,0,0
12952,4,4,6,1,55,0,3304,0,-1,0,133125,11,0,80,0,0,0,0,0,0,0,509,0,0,0,0,0,0,0,0,0,0,0,0,0,0,0,0
12953,4,3,5,1,55,0,3304,0,-1,0,133141,10,0,70,0,0,0,0,0,0,0,288,0,0,0,0,0,0,0,0,0,0,0,0,0,0,0,0
12960,4,2,8,1,55,0,3304,0,-1,0,133126,7,0,60,0,0,0,0,0,0,0,137,0,0,0,0,0,0,0,0,0,0,0,0,0,0,0,0
12963,4,2,8,7,58,0,0,0,-1,0,134586,7,0,75,0,0,0,0,0,0,0,154,0,0,0,0,0,0,0,0,0,0,0,0,0,0,0,0
12964,4,3,5,7,58,0,0,0,-1,0,134584,10,0,90,0,0,0,0,0,0,0,324,0,0,0,0,0,0,0,0,0,0,0,0,0,0,0,0
12966,4,2,8,9,58,0,0,0,-1,0,132606,7,0,35,0,0,0,0,0,0,0,77,0,0,0,0,10,0,0,0,0,0,0,0,0,0,0,0
12967,4,1,7,16,58,0,0,0,-1,0,133757,7,0,0,0,0,0,0,0,0,0,45,0,0,0,0,0,7,0,0,0,0,0,0,0,0,0,0
12968,4,1,7,16,58,0,0,0,-1,0,133770,7,0,0,0,0,0,0,0,0,0,45,0,0,0,10,0,0,0,0,0,0,0,0,0,0,0,0
12969,2,5,2,17,58,1,0,0,-1,0,133054,9,0,100,0,0,0,0,0,0,0,0,0,0,0,0,0,0,155,0,0,0,0,233,0,0,0,0
12974,2,7,1,21,26,3,0,0,-1,0,135311,8,0,90,0,0,0,0,0,0,0,0,0,0,0,0,0,0,26,0,0,0,0,49,0,0,0,0
12975,2,1,1,17,15,1,0,0,-1,0,132394,9,0,75,0,0,0,0,0,0,0,0,0,0,0,0,0,0,33,0,0,0,0,51,0,0,0,0
12978,4,3,5,6,15,0,0,0,-1,0,132504,10,0,35,0,0,0,0,0,0,0,104,0,0,0,0,0,0,0,0,0,0,0,0,0,0,0,0
12979,4,1,7,16,16,0,0,0,-1,0,133760,7,0,0,0,0,0,0,0,0,0,19,0,5,0,0,0,0,0,0,0,0,0,0,0,0,0,0
12982,4,3,5,8,16,0,0,0,-1,0,132535,10,0,45,0,0,0,0,0,0,0,129,0,0,0,0,0,0,0,0,0,0,0,0,0,0,0,0
12983,2,5,2,17,16,1,0,0,-1,0,133046,9,0,75,0,0,0,0,0,0,0,0,0,0,0,0,0,0,38,0,0,0,0,57,0,0,0,0
12984,2,19,2,26,16,0,0,0,-1,0,135464,21,0,45,0,0,6,0,0,0,0,0,0,0,0,0,0,0,24,0,0,0,0,45,0,0,0,0
12985,4,0,4,11,17,0,0,0,-1,0,133370,14,0,0,0,0,0,0,0,0,0,20,0,0,0,0,0,0,0,0,0,0,0,0,0,0,0,0
12988,4,2,8,5,17,0,0,0,-1,0,132725,7,0,90,0,0,0,0,0,0,0,89,0,0,0,0,0,0,0,0,0,0,0,0,0,0,0,0
12989,2,6,1,17,20,2,0,0,-1,0,135128,9,0,80,0,0,0,0,0,0,0,60,0,0,0,0,0,0,44,0,0,0,0,66,0,0,0,0
12990,2,0,1,13,18,3,0,0,-1,0,135578,8,0,75,0,0,0,0,0,0,0,0,0,0,0,0,0,0,25,0,0,0,0,48,0,0,0,0
12992,2,8,1,17,18,1,0,0,-1,0,135322,9,0,80,0,0,0,0,0,0,0,0,0,0,0,0,0,0,39,0,0,0,0,59,0,0,0,0
12994,4,3,5,10,18,0,0,0,-1,0,132945,10,0,35,0,0,0,0,0,0,0,122,0,0,0,0,0,0,0,0,0,0,0,0,0,0,0,0
12996,4,0,5,11,18,0,0,0,-1,0,133373,14,0,0,0,0,0,0,0,0,0,0,0,0,0,0,0,0,0,0,0,0,0,0,0,0,0,0
12997,4,6,1,14,19,4,0,0,-1,0,134948,9,0,90,0,0,0,0,0,0,0,547,0,0,0,0,0,0,0,0,0,0,0,0,0,0,0,0
12999,4,2,8,9,20,0,0,0,-1,0,132608,7,0,35,0,0,0,0,0,0,0,41,0,0,0,0,0,0,0,0,0,0,0,0,0,0,0,0
13000,2,10,2,17,57,2,0,0,-1,0,135160,13,0,100,0,0,0,0,0,0,0,0,0,0,0,0,0,0,140,0,0,0,0,210,0,0,0,0
13001,4,0,5,11,55,0,0,0,-1,0,133354,14,0,0,0,0,0,0,0,0,0,0,0,0,0,0,0,0,0,0,0,0,0,0,0,0,0,0
13002,4,0,3,2,54,0,0,0,-1,0,133278,14,0,0,0,0,0,0,0,0,0,0,0,0,0,0,0,0,0,0,0,0,0,0,0,0,0,0
13003,2,1,1,17,51,1,0,0,-1,0,135572,9,0,100,0,0,0,0,0,0,0,0,0,0,0,0,0,0,123,0,0,0,0,185,0,0,0,0
13004,2,19,2,26,53,0,0,0,-1,0,135473,21,0,65,0,0,2,0,0,0,0,0,0,10,0,0,0,0,55,0,0,0,0,104,0,0,0,0
13005,4,1,7,16,23,0,0,0,-1,0,133768,7,0,0,0,0,0,0,0,0,0,23,0,0,0,0,0,0,0,0,0,0,0,0,0,0,0,0
13006,2,4,2,21,57,3,0,0,-1,0,133054,8,0,90,0,0,0,0,0,0,0,0,0,0,0,0,0,0,80,0,0,0,0,149,0,0,0,0
13007,4,1,7,16,53,0,0,0,-1,0,133770,7,0,0,0,0,0,0,0,0,0,41,0,10,0,0,0,0,0,0,0,0,0,0,0,0,0,0
13009,4,2,8,5,46,0,0,0,-1,0,132721,7,0,100,0,0,0,0,0,0,0,148,0,10,10,10,10,10,0,0,0,0,0,0,0,0,0,0
13010,4,3,5,7,21,0,0,0,-1,0,134583,10,0,80,0,0,0,0,0,0,0,179,0,0,0,0,0,0,0,0,0,0,0,0,0,0,0,0
13011,4,2,8,6,22,0,0,0,-1,0,132511,7,0,35,0,0,0,0,0,0,0,55,0,0,0,0,0,0,0,0,0,0,0,0,0,0,0,0
13012,4,3,5,9,22,0,0,0,-1,0,132601,10,0,40,0,0,0,0,0,0,0,91,0,0,0,0,0,0,0,0,0,0,0,0,0,0,0,0
13014,2,0,1,13,48,3,0,0,-1,0,132415,8,0,90,0,0,0,0,0,0,0,0,0,0,0,0,0,0,46,0,0,0,0,87,0,0,0,0
13015,2,0,1,13,56,3,0,0,-1,0,132399,8,0,90,0,0,0,0,0,0,0,100,0,0,0,0,0,0,53,0,0,0,0,99,0,0,0,0
13016,2,1,1,17,21,1,0,0,-1,0,132401,9,0,95,0,0,0,0,0,0,0,0,0,0,0,0,0,0,55,0,0,0,0,84,0,0,0,0
13017,2,1,1,17,35,1,0,0,-1,0,132418,9,0,100,0,0,0,0,0,0,0,0,0,0,0,0,0,0,82,0,0,0,0,124,0,0,0,0
13018,2,1,1,17,43,1,0,0,-1,0,132418,9,0,100,0,0,0,0,0,0,0,0,0,0,0,0,0,0,127,0,0,0,0,191,0,0,0,0
13019,2,2,2,15,27,0,0,0,-1,0,135499,12,0,75,2,0,0,0,0,0,0,0,0,0,0,0,0,0,20,0,0,0,0,38,0,0,0,0
13020,2,2,2,15,34,0,0,0,-1,0,135499,12,0,75,2,0,0,0,0,0,0,0,0,0,0,0,0,0,30,0,0,0,0,57,0,0,0,0
13021,2,2,2,15,42,0,0,0,-1,0,135496,12,0,75,2,0,0,0,0,0,0,0,0,0,0,0,0,0,34,0,0,0,0,64,0,0,0,0
13022,2,2,2,15,50,0,0,0,-1,0,135499,12,0,75,2,0,0,0,0,0,0,0,0,0,0,0,0,0,53,0,0,0,0,100,0,0,0,0
13023,2,2,2,15,58,0,0,0,-1,0,135499,12,0,75,2,0,0,0,0,0,0,0,0,0,0,0,0,0,40,0,0,0,0,76,0,0,0,0
13024,2,4,2,21,24,3,0,0,-1,0,133041,8,0,90,0,0,0,0,0,0,0,0,0,0,0,0,0,0,32,0,0,0,0,60,0,0,0,0
13025,2,4,2,21,32,3,0,0,-1,0,133053,8,0,90,0,0,0,0,0,0,0,0,0,0,0,0,0,0,33,0,0,0,0,62,0,0,0,0
13026,2,4,2,21,40,3,0,0,-1,0,133041,8,0,90,0,0,0,0,0,0,0,0,0,0,0,0,0,0,57,0,0,0,0,107,0,0,0,0
13027,2,4,2,21,48,3,0,0,-1,0,133057,8,0,90,0,0,0,0,0,0,0,0,0,0,0,0,0,0,66,0,0,0,0,124,0,0,0,0
13028,2,4,2,21,56,3,0,0,-1,0,133056,8,0,90,0,0,0,0,0,0,0,0,0,0,0,0,0,0,59,0,0,0,0,110,0,0,0,0
13029,4,0,1,23,38,7,0,0,-1,0,134336,21,0,0,0,0,0,0,0,0,0,0,0,0,0,0,0,0,0,0,0,0,0,0,0,0,0,0
13030,4,0,1,23,46,7,0,0,-1,0,133727,8,0,0,0,0,0,0,0,0,0,0,0,6,6,6,6,6,0,0,0,0,0,0,0,0,0,0
13031,4,0,1,23,23,7,0,0,-1,0,134333,21,0,0,0,0,0,0,0,0,0,0,0,0,0,0,0,0,0,0,0,0,0,0,0,0,0,0
13032,2,7,1,13,22,3,0,0,-1,0,135327,8,0,80,0,0,0,0,0,0,0,0,0,0,0,0,0,0,25,0,0,0,0,47,0,0,0,0
13033,2,7,1,13,29,3,0,0,-1,0,135313,8,0,90,0,0,0,0,0,0,0,0,0,0,0,0,0,0,43,0,0,0,0,81,0,0,0,0
13034,2,7,1,13,36,3,0,0,-1,0,135340,8,0,90,0,0,0,0,0,0,0,0,0,0,0,0,0,0,35,0,0,0,0,66,0,0,0,0
13035,2,7,1,13,44,3,0,0,-1,0,135343,8,0,90,0,0,0,0,0,0,0,0,0,0,0,0,0,0,57,0,0,0,0,107,0,0,0,0
13036,2,7,1,13,52,3,0,0,-1,0,135352,8,0,90,0,0,0,0,0,0,0,0,0,0,0,0,0,0,71,0,0,0,0,132,0,0,0,0
13037,2,18,2,26,27,0,0,0,-1,0,135533,12,0,75,2,0,0,0,0,0,0,0,0,0,0,0,0,0,35,0,0,0,0,54,0,0,0,0
13038,2,18,2,26,35,0,0,0,-1,0,135533,12,0,75,2,0,0,0,0,0,0,0,0,0,0,0,0,0,34,0,0,0,0,51,0,0,0,0
13039,2,18,2,26,43,0,0,0,-1,0,135533,12,0,75,2,0,0,0,0,0,0,0,0,0,0,0,0,0,52,0,0,0,0,79,0,0,0,0
13040,2,18,2,26,51,0,0,0,-1,0,135533,12,0,75,2,0,0,0,0,0,0,0,0,0,0,0,0,0,71,0,0,0,0,108,0,0,0,0
13041,2,8,1,17,21,1,0,0,-1,0,135326,9,0,95,0,0,0,0,0,0,0,40,0,0,0,0,0,0,50,0,0,0,0,76,0,0,0,0
13042,2,8,1,17,36,1,0,0,-1,0,135351,9,0,100,0,0,0,0,0,0,0,0,0,0,0,0,0,0,96,0,0,0,0,145,0,0,0,0
13043,2,8,1,17,44,1,0,0,-1,0,135277,9,0,100,0,0,0,0,0,0,0,0,0,0,0,0,0,0,112,0,0,0,0,169,0,0,0,0
13044,2,8,1,17,52,1,0,0,-1,0,135273,9,0,100,0,0,0,0,0,0,0,0,0,0,0,0,0,0,121,0,0,0,0,182,0,0,0,0
13045,2,5,2,17,30,1,0,0,-1,0,133488,9,0,100,0,0,0,0,0,0,0,0,0,0,0,0,0,0,70,0,0,0,0,105,0,0,0,0
13046,2,5,2,17,45,1,0,0,-1,0,133041,9,0,100,0,0,0,0,0,0,0,0,0,5,0,0,0,0,107,0,0,0,0,162,0,0,0,0
13047,2,5,2,17,53,1,0,0,-1,0,133488,9,0,100,0,0,0,0,0,0,0,0,0,0,0,0,0,0,147,0,0,0,0,221,0,0,0,0
13048,2,4,2,21,26,3,0,0,-1,0,133041,8,0,90,0,0,0,0,0,0,0,0,0,0,0,0,0,0,33,0,0,0,0,62,0,0,0,0
13049,2,8,1,17,26,1,0,0,-1,0,135356,9,0,100,0,0,0,0,0,0,0,0,0,0,0,0,0,0,53,0,0,0,0,80,0,0,0,0
13051,2,8,1,17,39,1,0,0,-1,0,135345,9,0,100,0,0,0,0,0,0,0,0,0,0,0,0,0,0,87,0,0,0,0,131,0,0,0,0
13052,2,8,1,17,47,1,0,0,-1,0,135356,9,0,100,0,0,0,0,0,0,0,0,0,0,0,0,0,0,108,0,0,0,0,162,0,0,0,0
13053,2,8,1,17,55,1,0,0,-1,0,135271,9,0,100,0,0,0,0,0,0,0,0,0,0,0,0,0,0,115,0,0,0,0,173,0,0,0,0
13054,2,6,1,17,35,1,0,0,-1,0,135125,9,0,100,0,0,0,0,0,0,0,0,0,0,0,0,0,0,88,0,0,0,0,133,0,0,0,0
13055,2,6,1,17,43,1,0,0,-1,0,135129,9,0,100,0,0,0,0,0,0,0,0,0,0,0,0,0,0,94,0,0,0,0,141,0,0,0,0
13056,2,6,1,17,51,1,0,0,-1,0,135130,9,0,100,0,0,0,0,0,0,0,0,0,0,0,0,0,0,108,0,0,0,0,162,0,0,0,0
13057,2,6,1,17,23,2,0,0,-1,0,135125,9,0,95,0,0,0,0,0,0,0,0,0,0,0,0,0,0,59,0,0,0,0,89,0,0,0,0
13058,2,6,1,17,39,2,0,0,-1,0,135125,9,0,100,0,0,0,0,0,0,0,0,0,0,0,0,0,0,77,0,0,0,0,117,0,0,0,0
13059,2,6,1,17,47,2,0,0,-1,0,135130,9,0,100,0,0,0,0,0,0,0,0,0,0,0,0,0,0,118,0,0,0,0,178,0,0,0,0
13060,2,6,1,17,55,2,0,0,-1,0,135131,9,0,100,0,0,0,0,0,0,0,0,0,0,0,0,0,0,90,0,0,0,0,136,0,0,0,0
13062,2,19,2,26,22,0,0,0,-1,0,135139,21,0,60,0,0,3,0,0,0,0,0,0,0,0,0,0,0,36,0,0,0,0,67,0,0,0,0
13063,2,19,2,26,29,0,0,0,-1,0,135139,21,0,65,0,0,6,0,0,0,0,0,0,0,0,0,0,0,32,0,0,0,0,60,0,0,0,0
13064,2,19,2,26,37,0,0,0,-1,0,135471,21,0,65,0,0,2,0,0,0,0,0,0,0,0,0,0,0,44,0,0,0,0,82,0,0,0,0
13065,2,19,2,26,45,0,0,0,-1,0,135471,21,0,65,0,0,6,0,0,0,0,0,0,0,0,0,0,9,64,0,0,0,0,120,0,0,0,0
13066,4,4,6,3,46,0,0,0,-1,0,135055,11,0,80,0,0,0,0,0,0,0,403,0,0,0,0,0,0,0,0,0,0,0,0,0,0,0,0
13067,4,4,6,5,49,0,0,0,-1,0,132741,11,0,135,0,0,0,0,0,0,0,567,0,10,0,0,0,0,0,0,0,0,0,0,0,0,0,0
13068,4,4,6,8,40,0,0,0,-1,0,132590,11,0,65,0,0,0,0,0,0,0,257,0,0,0,0,0,0,0,0,0,0,0,0,0,0,0,0
13070,4,4,6,8,53,0,0,0,-1,0,132586,11,0,65,0,0,0,0,0,0,0,417,0,0,0,0,0,0,0,0,0,0,0,0,0,0,0,0
13071,4,4,6,10,40,0,0,0,-1,0,132944,11,0,45,0,0,0,0,0,0,0,300,0,0,0,0,0,0,0,0,0,0,0,0,0,0,0,0
13072,4,4,6,10,55,0,0,0,-1,0,132937,11,0,45,0,0,0,0,0,0,0,392,0,0,0,0,0,0,0,0,0,0,0,0,0,0,0,0
13073,4,4,6,1,47,0,0,0,-1,0,133127,11,0,80,0,0,0,0,0,0,0,445,0,0,0,0,0,0,0,0,0,0,0,0,0,0,0,0
13074,4,4,6,7,41,0,0,0,-1,0,134584,11,0,100,0,0,0,0,0,0,0,429,0,0,0,0,0,0,0,0,0,0,0,0,0,0,0,0
13076,4,4,6,9,43,0,0,0,-1,0,132616,11,0,45,0,0,0,0,0,0,0,223,0,0,0,0,0,0,0,0,0,0,0,0,0,0,0,0
13077,4,4,6,6,52,0,0,0,-1,0,132521,11,0,45,0,0,0,0,0,0,0,336,0,0,0,0,0,0,0,0,0,0,0,0,0,0,0,0
13079,4,6,1,14,25,4,0,0,-1,0,134956,9,0,100,0,0,0,0,0,0,0,661,0,0,0,0,0,0,0,0,0,0,0,0,0,0,0,0
13081,4,6,1,14,33,4,0,0,-1,0,134948,9,0,100,0,0,0,0,0,0,0,814,0,0,0,0,0,0,0,0,0,0,0,0,0,0,0,0
13082,4,6,1,14,41,4,0,0,-1,0,134961,9,0,100,0,0,0,0,0,0,0,1612,0,0,0,0,0,0,0,0,0,0,0,0,0,0,0,0
13083,4,6,1,14,57,4,0,0,-1,0,134951,9,0,100,0,0,0,0,0,0,0,2121,0,0,0,0,0,0,0,0,0,0,0,0,0,0,0,0
13084,4,0,3,2,30,0,0,0,-1,0,133282,14,0,0,0,0,0,0,0,0,0,0,0,0,0,0,0,0,0,0,0,0,0,0,0,0,0,0
13085,4,0,3,2,46,0,0,0,-1,0,133298,14,0,0,0,0,0,0,0,0,0,0,0,0,0,0,0,0,0,0,0,0,0,0,0,0,0,0
13087,4,0,3,2,28,0,0,0,-1,0,133296,14,0,0,0,0,0,0,0,0,0,0,0,0,0,0,0,0,0,0,0,0,0,0,0,0,0,0
13088,4,0,3,2,36,0,0,0,-1,0,133276,14,0,0,0,0,0,0,0,0,0,0,0,0,0,0,0,0,0,0,0,0,0,0,0,0,0,0
13089,4,0,3,2,44,0,0,0,-1,0,133282,14,0,0,0,0,0,0,0,0,0,0,0,0,0,0,0,0,0,0,0,0,0,0,0,0,0,0
13090,4,3,5,5,58,0,0,0,-1,0,132638,10,0,120,0,0,0,0,0,0,0,370,0,0,0,0,0,0,0,0,0,0,0,0,0,0,0,0
13091,4,0,3,2,52,0,0,0,-1,0,133441,14,0,0,0,0,0,0,0,0,0,0,0,0,0,0,0,0,0,0,0,0,0,0,0,0,0,0
13093,4,0,1,11,32,0,0,0,-1,0,133367,14,0,0,0,0,0,0,0,0,0,0,0,0,0,0,0,0,0,0,0,0,0,0,0,0,0,0
13094,4,0,1,11,25,0,0,0,-1,0,133368,14,0,0,0,0,0,0,0,0,0,0,0,0,0,0,0,0,0,0,0,0,0,0,0,0,0,0
13095,4,0,0,11,39,0,0,0,-1,0,133346,14,0,0,0,0,0,0,0,0,0,0,0,0,0,0,0,0,0,0,0,0,0,0,0,0,0,0
13096,4,0,0,11,55,0,0,0,-1,0,133359,14,0,0,0,0,0,0,0,0,0,0,0,0,0,0,0,0,0,0,0,0,0,0,0,0,0,0
13097,4,0,0,11,24,0,0,0,-1,0,133351,14,0,0,0,0,0,0,0,0,0,0,0,0,0,0,0,0,0,0,0,0,0,0,0,0,0,0
13098,4,0,5,11,58,0,0,0,-1,0,133360,14,0,0,0,0,0,0,0,0,0,0,0,0,0,0,0,0,0,0,0,0,0,0,0,0,0,0
13108,4,1,7,16,29,0,0,0,-1,0,134348,7,0,0,0,0,0,0,0,0,0,25,0,0,0,0,0,0,0,0,0,0,0,0,0,0,0,0
13109,4,1,7,16,44,0,0,0,-1,0,133772,7,0,0,0,0,0,0,0,0,0,35,0,5,0,0,5,0,0,0,0,0,0,0,0,0,0,0
13110,4,2,8,5,31,0,0,0,-1,0,132719,7,0,100,0,0,0,0,0,0,0,113,0,0,0,0,0,0,0,0,0,0,0,0,0,0,0,0
13111,4,2,8,8,49,0,0,0,-1,0,132579,7,0,50,0,0,0,0,0,0,0,107,0,0,0,0,0,0,0,0,0,0,0,0,0,0,0,0
13112,4,2,8,1,43,0,0,0,-1,0,133121,7,0,60,0,0,0,0,0,0,0,115,0,0,0,0,0,0,0,0,0,0,0,0,0,0,0,0
13113,4,2,8,1,58,0,0,0,-1,0,133072,7,0,60,0,0,0,0,0,0,0,143,0,0,0,0,0,0,0,0,0,0,0,0,0,0,0,0
13114,4,2,8,7,25,0,0,0,-1,0,134586,7,0,75,0,0,0,0,0,0,0,90,0,0,0,0,0,0,0,0,0,0,0,0,0,0,0,0
13115,4,2,8,3,40,0,0,0,-1,0,135050,7,0,60,0,0,0,0,0,0,0,100,0,0,0,0,0,0,0,0,0,0,0,0,0,0,0,0
13116,4,2,8,3,56,0,0,0,-1,0,135049,7,0,60,0,0,0,0,0,0,0,129,0,0,0,0,0,0,0,0,0,0,0,0,0,0,0,0
13117,4,2,8,6,37,0,0,0,-1,0,132504,7,0,35,0,0,0,0,0,0,0,71,0,0,0,0,0,0,0,0,0,0,0,0,0,0,0,0
13118,4,2,8,6,52,0,0,0,-1,0,132514,7,0,35,0,0,0,0,0,0,0,92,0,0,0,0,0,0,0,0,0,0,0,0,0,0,0,0
13119,4,2,8,9,34,0,0,0,-1,0,132608,7,0,35,0,0,0,0,0,0,0,52,0,0,0,0,0,0,0,0,0,0,0,0,0,0,0,0
13120,4,2,8,9,50,0,0,0,-1,0,132606,7,0,35,0,0,0,0,0,0,0,69,0,0,0,0,0,0,0,0,0,0,0,0,0,0,0,0
13121,4,1,7,16,33,0,0,0,-1,0,133756,7,0,0,0,0,0,0,0,0,0,28,0,0,0,0,0,0,0,0,0,0,0,0,0,0,0,0
13122,4,1,7,16,50,0,0,0,-1,0,133773,7,0,0,0,0,0,0,0,0,0,39,0,0,0,0,0,0,0,0,0,0,0,0,0,0,0,0
13123,4,3,5,5,57,0,0,0,-1,0,132628,10,0,120,0,0,0,0,0,0,0,365,0,0,0,0,0,0,0,0,0,0,0,0,0,0,0,0
13124,4,3,5,8,30,0,0,0,-1,0,132535,10,0,60,0,0,0,0,0,0,0,161,0,0,0,0,0,0,0,0,0,0,0,0,0,0,0,0
13125,4,3,5,8,45,0,0,0,-1,0,132535,10,0,60,0,0,0,0,0,0,0,206,0,0,0,0,0,0,0,0,0,0,0,0,0,0,0,0
13126,4,3,5,10,48,0,0,0,-1,0,132944,10,0,40,0,0,0,0,0,0,0,198,0,0,0,0,0,0,0,0,0,0,0,0,0,0,0,0
13127,4,3,5,1,27,0,0,0,-1,0,133126,10,0,70,0,0,0,0,0,0,0,182,0,0,0,0,0,0,0,0,0,0,0,0,0,0,0,0
13128,4,3,5,1,42,0,0,0,-1,0,133120,10,0,70,0,0,0,0,0,0,0,231,0,0,0,0,0,0,0,0,0,0,0,0,0,0,0,0
13129,4,3,5,7,34,0,0,0,-1,0,134583,10,0,90,0,0,0,0,0,0,0,218,0,10,0,0,0,0,0,0,0,0,0,0,0,0,0,0
13130,4,3,5,7,51,0,0,0,-1,0,134583,10,0,90,0,0,0,0,0,0,0,291,0,0,0,0,0,0,0,0,0,0,0,0,0,0,0,0
13131,4,3,5,3,24,0,0,0,-1,0,135049,10,0,70,0,0,0,0,0,0,0,161,0,0,0,0,0,0,0,0,0,0,0,0,0,0,0,0
13132,4,3,5,3,38,0,0,0,-1,0,135042,10,0,70,0,0,0,0,0,0,0,199,0,0,0,0,0,0,0,0,0,0,0,0,0,0,0,0
13133,4,3,5,3,56,0,0,0,-1,0,135054,10,0,70,0,0,0,0,0,0,0,270,0,10,0,0,0,0,0,0,0,0,0,0,0,0,0,0
13134,4,3,5,6,44,0,0,0,-1,0,132512,10,0,40,0,0,0,0,0,0,0,166,0,0,0,0,0,0,0,0,0,0,0,0,0,0,0,0
13135,4,3,5,9,54,0,0,0,-1,0,132616,10,0,40,0,0,0,0,0,0,0,153,0,0,0,0,0,0,0,0,0,0,0,0,0,0,0,0
13136,2,3,1,26,16,0,0,0,-1,0,135617,8,0,60,3,0,0,0,0,0,0,0,0,0,0,0,0,0,20,0,0,0,0,37,0,0,0,0
13137,2,3,1,26,29,0,0,0,-1,0,135617,8,0,75,3,0,0,0,0,0,0,0,0,0,0,0,0,0,31,0,0,0,0,59,0,0,0,0
13138,2,3,1,26,37,0,0,0,-1,0,135617,8,0,75,3,0,0,0,0,0,0,0,0,0,0,0,0,0,43,0,0,0,0,82,0,0,0,0
13139,2,3,1,26,45,0,0,0,-1,0,135617,8,0,75,3,0,0,0,0,0,0,0,0,0,0,0,0,0,49,0,0,0,0,92,0,0,0,0
13141,4,0,3,2,58,0,0,0,-1,0,133296,14,0,0,0,0,0,0,0,0,0,0,0,0,0,0,0,0,0,0,0,0,0,0,0,0,0,0
13142,4,4,6,6,58,0,0,0,-1,0,132522,11,0,45,0,0,0,0,0,0,0,369,0,0,0,0,0,0,0,0,0,0,0,0,0,0,0,0
13143,4,0,1,11,56,0,0,0,-1,0,133359,14,0,0,0,0,0,0,0,0,0,0,0,0,0,0,0,0,0,0,0,0,0,0,0,0,0,0
13145,4,4,6,6,40,0,0,0,-1,0,132516,11,0,45,0,0,0,0,0,0,0,164,0,0,0,0,0,0,0,0,0,0,0,0,0,0,0,0
13146,2,3,1,26,53,0,0,0,-1,0,135617,8,0,75,3,0,0,0,0,0,0,0,0,0,0,0,0,0,48,0,0,0,0,89,0,0,0,0
13148,2,6,1,17,56,2,0,0,-1,0,135128,9,0,100,0,0,0,0,0,0,0,0,0,0,0,0,0,0,117,0,0,0,0,176,0,0,0,0
13161,2,10,2,17,56,2,0,0,-1,0,135166,13,0,100,0,0,0,0,0,0,0,0,0,0,0,0,0,0,87,0,0,0,0,132,0,0,0,0
13162,4,4,6,10,56,0,0,0,-1,0,132963,11,0,45,0,0,0,0,0,0,0,398,0,0,0,0,0,0,0,0,0,0,0,0,0,0,0,0
13163,2,8,1,17,57,1,0,0,-1,0,135316,9,0,100,0,0,0,0,0,0,0,0,0,0,0,0,0,0,140,0,0,0,0,210,0,0,0,0
13164,4,0,0,12,56,0,0,0,-1,0,134084,24,0,0,0,0,0,0,0,0,0,0,0,0,0,0,0,0,0,0,0,0,0,0,0,0,0,0
13166,4,4,6,3,55,0,0,0,-1,0,135054,11,0,80,0,0,0,0,0,0,0,470,0,0,0,0,0,0,0,0,0,0,0,0,0,0,0,0
13167,2,5,2,17,55,1,0,0,-1,0,133041,9,0,100,0,0,0,0,0,0,0,0,0,0,0,0,0,0,135,0,0,0,0,204,0,0,0,0
13168,4,4,6,5,55,0,0,0,-1,0,132748,11,0,135,0,0,0,0,0,0,0,627,0,0,0,0,0,0,0,0,0,0,0,0,0,0,0,0
13169,4,2,8,7,55,0,0,0,-1,0,134589,7,0,75,0,0,0,0,0,0,0,148,0,0,0,0,0,0,0,0,0,0,0,0,0,0,0,0
13171,4,0,8,12,0,0,0,0,-1,0,135825,21,0,0,0,0,0,0,0,0,0,0,0,0,0,0,0,0,0,0,0,0,0,0,0,0,0,0
13173,2,16,1,25,55,0,0,0,-1,0,135424,8,0,0,4,0,0,0,0,0,0,0,0,0,0,0,0,0,54,0,0,0,0,102,0,0,0,0
13175,2,2,2,15,55,0,0,0,-1,0,135498,12,0,65,2,0,0,0,0,0,0,0,0,0,0,0,0,0,31,0,0,0,0,58,0,0,0,0
13177,4,0,3,2,55,0,0,0,-1,0,133279,14,0,0,0,0,0,0,0,0,0,0,0,0,0,0,0,0,0,0,0,0,0,0,0,0,0,0
13178,4,0,5,11,55,0,0,0,-1,0,133364,14,0,0,0,0,0,0,0,0,0,0,0,0,0,0,0,0,0,0,0,0,0,0,0,0,0,0
13179,4,3,5,9,55,0,0,0,-1,0,132608,10,0,40,0,0,0,0,0,0,0,155,0,0,0,0,0,0,0,0,0,0,0,0,0,0,0,0
13182,2,7,1,13,52,3,0,0,-1,0,135346,8,0,90,0,0,0,0,0,0,0,0,0,0,0,0,0,0,55,0,0,0,0,103,0,0,0,0
13183,2,4,2,13,55,3,0,0,-1,0,135472,8,0,90,0,0,0,0,0,0,0,0,0,0,0,0,0,0,52,0,0,0,0,98,0,0,0,0
13184,4,2,8,10,56,0,0,0,-1,0,132947,7,0,35,0,0,0,0,0,0,0,107,0,0,0,0,0,0,0,0,0,0,0,0,0,0,0,0
13198,2,13,1,13,55,7,0,0,-1,0,132945,8,0,65,0,0,0,0,0,0,0,0,0,0,0,0,0,0,49,0,0,0,0,93,0,0,0,0
13199,4,3,5,9,36,0,0,0,-1,0,132618,10,0,40,0,0,0,0,0,0,0,113,0,0,0,0,0,0,0,0,0,0,0,0,0,0,0,0
13203,4,1,7,16,55,0,0,0,-1,0,133771,7,0,0,0,0,0,0,0,0,0,43,0,0,0,0,0,0,0,0,0,0,0,0,0,0,0,0
13204,2,4,2,13,55,3,0,0,-1,0,133490,8,0,90,0,0,0,0,0,0,0,0,0,0,0,0,0,0,49,0,0,0,0,93,0,0,0,0
13205,4,6,1,14,56,4,0,0,-1,0,134960,9,0,100,0,0,0,0,0,0,0,2089,0,0,0,0,0,0,0,0,0,0,0,0,0,0,0,0
13208,4,2,8,9,56,0,0,0,-1,0,132606,7,0,35,0,0,0,0,0,0,0,75,0,0,0,0,0,0,0,0,0,0,0,0,0,0,0,0
13209,4,0,0,12,0,0,0,0,-1,0,133612,8,0,0,0,0,0,0,0,0,0,0,0,0,0,0,0,0,0,0,0,0,0,0,0,0,0,0
13210,4,2,8,8,55,0,0,0,-1,0,132592,7,0,50,0,0,0,0,0,0,0,116,0,0,0,0,0,0,0,0,0,0,0,0,0,0,0,0
13211,4,3,5,9,55,0,0,0,-1,0,132606,10,0,40,0,0,0,0,0,0,0,155,0,0,0,0,0,0,0,0,0,0,0,0,0,0,0,0
13212,4,0,3,2,55,0,0,0,-1,0,132503,14,0,0,0,0,0,0,0,0,0,0,0,0,0,0,0,0,0,0,0,0,0,0,0,0,0,0
13213,4,0,0,12,55,0,0,0,-1,0,134120,24,0,0,0,0,0,0,0,0,0,0,0,0,0,0,0,0,0,0,0,0,0,0,0,0,0,0
13217,4,0,0,11,0,0,0,0,-1,0,133372,14,0,0,0,0,0,0,0,0,0,0,0,0,0,0,0,0,0,0,0,0,0,0,0,0,0,0
13218,2,15,1,13,56,3,0,0,-1,0,135652,8,0,65,0,0,0,0,0,0,0,0,0,0,0,0,0,0,45,0,0,0,0,84,0,0,0,0
13243,4,6,1,14,0,4,0,0,-1,0,134951,9,0,100,0,0,0,0,0,0,0,2121,0,0,0,0,0,0,0,0,0,0,0,0,0,0,0,0
13244,4,3,5,10,55,0,0,0,-1,0,132963,10,0,40,0,0,0,0,0,0,0,221,0,0,0,0,0,0,0,0,0,0,0,0,0,0,0,0
13245,4,6,1,14,15,4,0,0,-1,0,134964,9,0,75,0,0,0,0,0,0,0,471,0,0,0,0,0,0,0,0,0,0,0,0,0,0,0,0
13246,2,7,1,13,0,3,0,0,-1,0,135275,8,0,90,0,0,0,0,0,0,0,0,0,0,0,0,0,0,71,0,0,0,0,108,0,0,0,0
13248,2,3,1,26,51,0,0,0,-1,0,135615,8,0,75,3,0,0,0,0,0,0,0,0,0,0,0,0,0,52,0,0,0,0,98,0,0,0,0
13249,2,10,2,17,0,2,0,0,-1,0,135150,13,0,100,0,0,0,0,0,0,0,0,0,0,0,0,0,0,127,0,0,0,0,191,0,0,0,0
13252,4,2,8,6,55,0,0,0,-1,0,132499,7,0,35,0,0,0,0,0,0,0,95,0,0,0,0,0,0,0,0,0,0,0,0,0,0,0,0
13254,4,6,1,14,51,4,4313,0,-1,0,134958,9,0,100,0,0,0,0,0,0,0,1930,0,0,0,0,0,0,0,0,0,0,0,0,0,0,0,0
13255,4,3,5,10,54,0,0,0,-1,0,132964,10,0,40,0,0,0,0,0,0,0,218,0,0,0,0,0,0,0,0,0,0,0,0,0,0,0,0
13257,4,2,8,3,54,0,0,0,-1,0,135038,7,0,60,0,0,0,0,0,0,0,126,0,0,0,0,0,0,0,0,0,0,0,0,0,0,0,0
13258,4,2,8,10,56,0,745,0,-1,0,132956,7,0,35,0,0,0,0,0,0,0,107,0,0,0,0,0,0,0,0,0,0,0,0,0,0,0,0
13259,4,4,6,8,56,0,0,0,-1,0,132589,11,0,65,0,0,0,0,0,0,0,438,0,0,0,0,0,0,0,0,0,0,0,0,0,0,0,0
13260,4,3,5,8,56,0,0,0,-1,0,132535,10,0,60,0,0,0,0,0,0,0,247,0,0,0,0,0,0,0,0,0,0,0,0,0,0,0,0
13261,4,0,3,23,54,7,0,0,-1,0,135471,21,0,0,0,0,0,0,0,0,0,0,0,0,0,0,7,0,0,0,0,0,0,0,0,0,0,0
13283,4,0,5,11,54,0,0,0,-1,0,135926,14,0,0,0,0,0,0,0,0,0,0,0,0,0,0,0,0,0,0,0,0,0,0,0,0,0,0
13284,4,3,5,8,53,0,0,0,-1,0,132535,10,0,60,0,0,0,0,0,0,0,236,0,0,0,0,0,0,0,0,0,0,0,0,0,0,0,0
13285,2,1,1,17,53,1,0,0,-1,0,135581,9,0,100,0,0,0,0,0,0,0,0,0,0,0,0,0,0,159,0,0,0,0,239,0,0,0,0
13286,2,0,1,13,53,3,0,0,-1,0,134710,8,0,90,0,0,0,0,0,0,0,0,0,0,0,0,0,0,77,0,0,0,0,144,0,0,0,0
13340,4,1,7,16,58,0,0,0,-1,0,133772,7,0,0,0,0,0,0,0,0,0,45,0,0,0,0,0,0,0,0,0,0,0,0,0,0,0,0
13344,4,3,5,10,58,0,0,0,-1,0,132965,10,0,40,0,0,0,0,0,0,0,231,0,0,0,0,0,0,0,0,0,0,0,0,0,0,0,0
13345,4,0,5,11,58,0,0,0,-1,0,133358,14,0,0,0,0,0,0,0,0,0,0,0,0,0,0,0,0,0,0,0,0,0,0,0,0,0,0
13348,2,8,1,17,58,1,0,0,-1,0,135312,9,0,100,0,0,0,0,0,0,0,0,0,0,0,0,0,0,163,0,0,0,0,246,0,0,0,0
13349,2,4,2,21,58,3,0,0,-1,0,133482,8,0,90,0,0,0,0,0,0,0,0,0,0,0,0,0,0,69,0,0,0,0,129,0,0,0,0
13353,4,0,3,23,58,7,0,0,-1,0,133738,19,0,0,0,0,0,0,0,0,0,0,0,0,0,0,0,0,0,0,0,0,0,0,0,0,0,0
13358,4,2,8,3,58,0,0,0,-1,0,135055,7,0,60,0,0,0,0,0,0,0,132,0,0,0,0,0,0,0,0,0,0,0,0,0,0,0,0
13359,4,3,5,1,58,0,0,0,-1,0,133071,10,0,70,0,0,0,0,0,0,0,301,0,0,0,0,0,0,0,0,0,0,0,0,0,0,0,0
13360,2,15,1,13,58,3,0,0,-1,0,135651,8,0,65,0,0,0,0,0,0,0,0,0,0,0,0,0,0,43,0,0,0,0,81,0,0,0,0
13361,2,7,1,13,58,1,0,0,-1,0,135302,8,0,90,0,0,0,0,0,0,0,0,0,0,0,0,0,0,72,0,0,0,0,135,0,0,0,0
13368,2,15,1,13,57,3,0,0,-1,0,135648,8,0,65,0,0,0,0,0,0,0,0,0,0,0,0,0,0,40,0,0,0,0,74,0,0,0,0
13371,4,0,0,23,0,7,0,0,-1,0,134337,21,0,0,0,0,0,0,0,0,0,0,0,10,0,0,0,0,0,0,0,0,0,0,0,0,0,0
13372,2,10,2,17,55,2,0,0,-1,0,135145,13,0,100,0,0,0,0,0,0,0,0,0,0,0,0,0,0,160,0,0,0,0,241,0,0,0,0
13373,4,0,5,11,55,0,0,0,-1,0,133721,16,0,0,0,0,0,0,0,0,0,0,0,0,0,0,0,0,0,0,0,0,0,0,0,0,0,0
13375,4,6,1,14,55,4,0,0,-1,0,134965,9,0,100,0,0,0,0,0,0,0,2057,0,0,0,0,0,0,0,0,0,0,0,0,0,0,0,0
13376,4,1,7,16,54,0,0,0,-1,0,133766,7,0,0,0,0,0,0,0,0,0,42,0,0,0,0,0,0,0,0,0,0,0,0,0,0,0,0
13378,4,2,8,5,53,0,0,0,-1,0,132679,7,0,100,0,0,0,0,0,0,0,165,0,0,0,0,0,0,0,0,0,0,0,0,0,0,0,0
13379,4,0,0,12,53,0,0,0,-1,0,133942,12,0,0,0,0,0,0,0,0,0,0,0,0,0,0,0,0,0,0,0,0,0,0,0,0,0,0
13380,2,3,1,26,56,0,0,0,-1,0,135616,8,0,75,3,0,0,0,0,0,0,0,0,0,0,0,0,0,63,0,0,0,0,118,0,0,0,0
13381,4,4,6,8,56,0,0,0,-1,0,132590,11,0,65,0,0,0,0,0,0,0,438,0,0,0,0,0,0,0,0,0,0,0,0,0,0,0,0
13382,4,0,0,12,56,0,0,0,-1,0,133712,8,0,0,0,0,0,0,0,0,0,0,0,0,0,0,0,0,0,0,0,0,0,0,0,0,0,0
13383,4,3,5,7,53,0,0,0,-1,0,134594,10,0,90,0,0,0,0,0,0,0,301,0,0,0,0,0,0,0,0,0,0,0,0,0,0,0,0
13384,4,4,6,6,53,0,0,0,-1,0,132519,11,0,45,0,0,0,0,0,0,0,341,0,0,0,0,0,0,0,0,0,0,0,0,0,0,0,0
13385,4,0,3,23,56,7,0,0,-1,0,133737,19,0,0,0,0,0,0,0,0,0,0,0,0,0,0,0,0,0,0,0,0,0,0,0,0,0,0
13386,4,1,7,16,56,0,975,0,-1,0,133771,7,0,0,0,0,0,0,0,0,0,43,0,0,0,0,0,0,0,0,0,0,0,0,0,0,0,0
13387,4,3,5,6,56,0,933,0,-1,0,132510,10,0,40,0,0,0,0,0,0,0,202,0,0,0,0,0,0,0,0,0,0,0,0,0,0,0,0
13392,4,0,5,11,56,0,0,0,-1,0,133365,14,0,0,0,0,0,0,0,0,0,0,0,0,0,0,0,0,0,0,0,0,0,0,0,0,0,0
13393,2,5,2,17,56,1,0,0,-1,0,133476,9,0,100,0,0,0,0,0,0,0,0,0,0,0,0,0,0,158,0,0,0,0,238,0,0,0,0
13394,4,4,6,5,54,0,0,0,-1,0,132637,11,0,135,0,0,0,0,0,0,0,617,0,0,0,10,0,0,0,0,0,0,0,0,0,0,0,0
13395,4,2,8,10,54,0,0,0,-1,0,132961,7,0,35,0,0,0,0,0,0,0,105,0,0,0,0,0,0,0,0,0,0,0,0,0,0,0,0
13396,2,19,2,26,52,0,0,0,-1,0,133729,21,0,65,0,0,5,0,0,0,0,0,0,0,0,0,0,0,70,0,0,0,0,131,0,0,0,0
13397,4,1,7,16,56,0,0,0,-1,0,133771,7,0,0,0,0,0,0,0,0,0,43,0,0,0,0,0,0,0,0,0,0,0,0,0,0,0,0
13398,4,2,8,8,57,0,0,0,-1,0,132542,7,0,50,0,0,0,0,0,0,0,120,0,0,0,0,10,0,0,0,0,0,0,0,0,0,0,0
13399,2,13,1,22,54,7,0,0,-1,0,132945,8,0,65,0,0,0,0,0,0,0,0,0,0,0,0,0,0,49,0,0,0,0,91,0,0,0,0
13400,4,4,6,9,54,0,0,0,-1,0,132616,11,0,45,0,0,0,0,0,0,0,270,0,0,0,0,0,0,0,0,0,0,0,0,0,0,0,0
13401,2,4,2,13,56,3,0,0,-1,0,133729,8,0,90,0,0,0,0,0,0,0,0,0,0,0,0,0,0,50,0,0,0,0,94,0,0,0,0
13402,4,3,5,8,54,0,0,0,-1,0,132535,10,0,60,0,0,0,0,0,0,0,240,0,0,0,0,0,0,0,0,0,0,0,0,0,0,0,0
13404,4,2,8,1,52,0,0,0,-1,0,133693,7,0,60,0,0,0,0,0,0,0,132,0,0,0,0,0,0,0,0,0,0,0,0,0,0,0,0
13405,4,4,6,3,52,0,0,0,-1,0,135056,11,0,80,0,0,0,0,0,0,0,448,0,0,0,0,10,0,0,0,0,0,0,0,0,0,0,0
13408,2,0,1,21,52,3,0,0,-1,0,135575,8,0,90,0,0,0,0,0,0,0,0,0,0,0,0,0,0,42,0,0,0,0,78,0,0,0,0
13473,4,0,3,2,0,0,0,0,-1,0,133444,14,0,0,0,0,0,0,0,0,0,0,0,0,0,0,13,0,0,0,0,0,0,0,0,0,0,0
13474,2,3,1,26,0,0,0,0,-1,0,135613,8,0,65,3,0,0,0,0,0,0,0,0,0,0,0,0,0,34,0,0,0,0,64,0,0,0,0
13498,4,4,6,7,55,0,0,0,-1,0,134584,11,0,100,0,0,0,0,0,0,0,548,0,0,0,0,0,0,0,0,0,0,0,0,0,0,0,0
13502,4,4,6,6,58,0,0,0,-1,0,132512,11,0,45,0,0,0,0,0,0,0,369,0,0,0,0,0,0,0,0,0,0,0,0,0,0,0,0
13505,2,8,1,17,58,1,0,0,-1,0,135315,9,0,120,0,0,0,0,0,0,0,0,0,0,0,0,0,0,171,0,0,0,0,257,0,0,0,0
13515,4,0,0,12,55,0,0,0,-1,0,134068,8,0,0,0,0,0,0,0,0,0,0,0,0,0,0,0,0,0,0,0,0,0,0,0,0,0,0
13524,4,0,3,23,57,7,0,0,-1,0,133730,12,0,0,0,0,0,0,0,0,0,0,0,15,0,0,10,0,0,0,0,0,0,0,0,0,0,0
13526,4,2,8,6,57,0,0,0,-1,0,132498,7,0,30,0,0,0,0,0,0,0,89,0,20,0,0,0,0,0,0,0,0,0,0,0,0,0,0
13527,4,4,6,8,57,0,0,0,-1,0,132590,11,0,55,0,0,0,0,0,0,0,404,0,20,0,0,0,0,0,0,0,0,0,0,0,0,0,0
13528,4,3,5,9,57,0,0,0,-1,0,132615,10,0,35,0,0,0,0,0,0,0,145,0,0,0,0,15,0,0,0,0,0,0,0,0,0,0,0
13529,4,6,1,14,56,4,0,0,-1,0,134948,9,0,100,0,0,0,0,0,0,0,2089,0,0,15,0,0,0,0,0,0,0,0,0,0,0,0,0
13531,4,2,8,7,56,0,0,0,-1,0,134589,7,0,65,0,0,0,0,0,0,0,136,0,0,18,0,18,0,0,0,0,0,0,0,0,0,0,0
13532,4,3,5,10,56,0,0,0,-1,0,132965,10,0,35,0,0,0,0,0,0,0,204,0,0,13,0,13,0,0,0,0,0,0,0,0,0,0,0
13533,4,4,6,3,56,0,0,0,-1,0,135049,11,0,70,0,0,0,0,0,0,0,434,0,0,20,0,0,0,0,0,0,0,0,0,0,0,0,0
13534,2,19,2,26,55,0,0,0,-1,0,135654,21,0,65,0,0,4,0,0,0,0,0,0,0,0,10,0,0,79,0,0,0,0,148,0,0,0,0
13537,4,2,8,9,55,0,0,0,-1,0,132606,7,0,30,0,0,0,0,0,0,0,67,0,0,0,15,0,0,0,0,0,0,0,0,0,0,0,0
13538,4,3,5,3,55,0,0,0,-1,0,135044,10,0,60,0,0,0,0,0,0,0,242,0,0,0,0,0,20,0,0,0,0,0,0,0,0,0,0
13539,4,4,6,10,55,0,0,0,-1,0,132963,11,0,40,0,0,0,0,0,0,0,356,0,0,0,13,0,13,0,0,0,0,0,0,0,0,0,0
13544,4,0,0,12,0,0,0,0,-1,0,134337,24,0,0,0,0,0,0,0,0,0,0,0,0,0,0,0,0,0,0,0,0,0,0,0,0,0,0
13811,4,0,0,2,0,0,0,0,-1,0,133438,14,0,0,0,0,0,0,0,0,0,0,0,0,0,0,0,0,0,0,0,0,0,0,0,0,0,0
13812,4,0,0,11,0,0,0,0,-1,0,133375,14,0,0,0,0,0,0,0,0,0,0,0,0,0,0,0,0,0,0,0,0,0,0,0,0,0,0
13860,4,1,7,16,48,0,0,0,-1,0,133762,7,0,0,0,0,0,0,0,0,0,34,0,0,0,0,0,0,0,0,0,0,0,0,0,0,0,0
13937,2,10,2,17,57,2,0,0,-1,0,133445,13,0,120,0,0,0,0,0,0,0,0,0,0,0,0,0,0,135,0,0,0,0,204,0,0,0,0
13938,2,19,2,26,57,0,0,0,-1,0,133732,21,0,65,0,0,6,0,0,0,0,0,0,0,0,0,0,0,83,0,0,0,0,155,0,0,0,0
13944,4,2,8,5,57,0,0,0,-1,0,132639,7,0,100,0,0,0,0,0,0,0,174,0,0,0,0,0,0,0,0,0,0,0,0,0,0,0,0
13950,4,3,5,6,57,0,0,0,-1,0,132498,10,0,40,0,0,0,0,0,0,0,205,0,0,0,0,0,0,0,0,0,0,0,0,0,0,0,0
13951,4,4,6,9,57,0,0,0,-1,0,132617,11,0,45,0,0,0,0,0,0,0,283,0,0,0,0,0,0,0,0,0,0,0,0,0,0,0,0
13952,2,0,1,21,57,3,0,0,-1,0,132394,8,0,90,0,0,0,4,0,0,0,0,0,0,0,0,0,0,57,1,0,0,0,106,5,0,0,0
13953,2,7,1,21,57,3,0,0,-1,0,135351,8,0,90,0,0,0,0,0,0,0,0,0,0,0,0,0,0,45,0,0,0,0,85,0,0,0,0
13954,4,2,8,8,56,0,0,0,-1,0,132542,7,0,50,0,0,0,0,0,0,0,118,0,0,0,0,0,0,0,0,0,0,0,0,0,0,0,0
13955,4,4,6,3,56,0,0,0,-1,0,135056,11,0,80,0,0,0,0,0,0,0,478,0,0,0,0,0,0,0,0,0,0,0,0,0,0,0,0
13957,4,2,8,10,56,0,0,0,-1,0,132943,7,0,35,0,0,0,0,0,0,0,107,0,0,0,0,0,0,0,0,0,0,0,0,0,0,0,0
13959,4,4,6,6,0,0,0,0,-1,0,132502,11,0,45,0,0,0,0,0,0,0,353,0,0,0,0,0,0,0,0,0,0,0,0,0,0,0,0
13960,4,0,5,2,56,0,0,0,-1,0,134335,14,0,0,0,0,0,0,0,0,0,0,0,0,0,0,0,0,0,0,0,0,0,0,0,0,0,0
13961,4,2,8,3,0,0,0,0,-1,0,135055,7,0,60,0,0,0,0,0,0,0,127,0,0,0,0,0,10,0,0,0,0,0,0,0,0,0,0
13962,4,2,8,6,0,0,0,0,-1,0,132504,7,0,35,0,0,0,0,0,0,0,95,0,0,0,0,0,0,0,0,0,0,0,0,0,0,0,0
13963,4,3,5,10,0,0,0,0,-1,0,132949,10,0,40,0,0,0,0,0,0,0,221,0,0,0,0,0,0,0,0,0,0,0,0,0,0,0,0
13964,2,15,1,13,57,3,0,0,-1,0,135661,8,0,65,0,0,0,0,0,0,0,0,0,0,0,0,0,0,45,0,0,0,0,85,0,0,0,0
13965,4,0,0,12,0,0,0,0,-1,0,133604,8,0,0,0,0,0,0,0,0,0,0,0,0,0,0,0,0,0,0,0,0,0,0,0,0,0,0
13966,4,0,0,12,0,0,0,0,-1,0,133442,8,0,0,0,0,0,0,0,0,0,180,0,0,0,0,0,10,0,0,0,0,0,0,0,0,0,0
13967,4,3,5,8,56,0,0,0,-1,0,132585,10,0,60,0,0,0,0,0,0,0,247,0,0,0,0,0,0,0,0,0,0,0,0,0,0,0,0
13968,4,0,0,12,0,0,0,0,-1,0,133441,8,0,0,0,0,0,0,0,0,0,0,0,0,0,0,0,0,0,0,0,0,0,0,0,0,0,0
13969,4,3,5,9,56,0,0,0,-1,0,132615,10,0,40,0,0,0,0,0,0,0,157,0,0,0,0,0,0,0,0,0,0,0,0,0,0,0,0
13982,2,8,1,17,0,1,0,0,-1,0,135349,9,0,100,0,0,0,4,0,0,0,0,0,0,0,0,0,0,142,1,0,0,0,214,22,0,0,0
13983,2,1,1,17,57,1,0,0,-1,0,135579,9,0,100,0,0,0,0,0,0,0,0,0,0,0,0,0,0,144,0,0,0,0,217,0,0,0,0
13984,2,15,1,13,0,3,0,0,-1,0,135657,8,0,65,0,0,0,0,0,0,0,0,0,0,0,0,0,0,43,0,0,0,0,81,0,0,0,0
14002,4,6,1,14,0,4,0,0,-1,0,134951,9,0,100,0,0,0,0,0,0,0,2153,0,0,10,10,0,0,0,0,0,0,0,0,0,0,0,0
14022,4,0,0,12,0,0,0,0,-1,0,133706,21,0,0,0,0,0,0,0,0,0,0,0,0,0,0,0,0,0,0,0,0,0,0,0,0,0,0
14024,2,15,1,13,56,3,0,0,-1,0,135652,8,0,65,0,0,0,0,0,0,0,0,0,0,0,0,0,0,39,0,0,0,0,73,0,0,0,0
14103,4,1,7,16,50,0,0,0,-1,0,133763,7,0,0,0,0,0,0,0,0,0,36,0,0,0,7,7,0,0,0,0,0,0,0,0,0,0,0
14134,4,1,7,16,50,0,0,0,-1,0,133770,7,0,0,0,0,0,0,0,0,0,39,0,6,0,0,0,0,0,0,0,0,0,0,0,0,0,0
14179,4,1,7,16,19,0,962,0,-1,0,133767,7,0,0,0,0,0,0,0,0,0,19,0,0,0,0,0,0,0,0,0,0,0,0,0,0,0,0
14188,4,1,7,16,22,0,963,0,-1,0,133768,7,0,0,0,0,0,0,0,0,0,20,0,0,0,0,0,0,0,0,0,0,0,0,0,0,0,0
14198,4,1,7,16,26,0,965,0,-1,0,133754,7,0,0,0,0,0,0,0,0,0,22,0,0,0,0,0,0,0,0,0,0,0,0,0,0,0,0
14210,4,1,7,16,27,0,965,0,-1,0,133767,7,0,0,0,0,0,0,0,0,0,22,0,0,0,0,0,0,0,0,0,0,0,0,0,0,0,0
14219,4,1,7,16,29,0,966,0,-1,0,133759,7,0,0,0,0,0,0,0,0,0,23,0,0,0,0,0,0,0,0,0,0,0,0,0,0,0,0
14229,4,1,7,16,31,0,966,0,-1,0,133760,7,0,0,0,0,0,0,0,0,0,24,0,0,0,0,0,0,0,0,0,0,0,0,0,0,0,0
14239,4,1,7,16,34,0,967,0,-1,0,133756,7,0,0,0,0,0,0,0,0,0,26,0,0,0,0,0,0,0,0,0,0,0,0,0,0,0,0
14261,4,1,7,16,38,0,969,0,-1,0,133760,7,0,0,0,0,0,0,0,0,0,28,0,0,0,0,0,0,0,0,0,0,0,0,0,0,0,0
14270,4,1,7,16,40,0,969,0,-1,0,132655,7,0,0,0,0,0,0,0,0,0,30,0,0,0,0,0,0,0,0,0,0,0,0,0,0,0,0
14280,4,1,7,16,43,0,970,0,-1,0,133772,7,0,0,0,0,0,0,0,0,0,31,0,0,0,0,0,0,0,0,0,0,0,0,0,0,0,0
14292,4,1,7,16,44,0,971,0,-1,0,132656,7,0,0,0,0,0,0,0,0,0,32,0,0,0,0,0,0,0,0,0,0,0,0,0,0,0,0
14313,4,1,7,16,49,0,972,0,-1,0,133757,7,0,0,0,0,0,0,0,0,0,35,0,0,0,0,0,0,0,0,0,0,0,0,0,0,0,0
14321,4,1,7,16,50,0,973,0,-1,0,133760,7,0,0,0,0,0,0,0,0,0,36,0,0,0,0,0,0,0,0,0,0,0,0,0,0,0,0
14331,4,1,7,16,53,0,974,0,-1,0,133756,7,0,0,0,0,0,0,0,0,0,38,0,0,0,0,0,0,0,0,0,0,0,0,0,0,0,0
14376,4,1,7,16,17,0,0,0,-1,0,133770,7,0,0,0,0,0,0,0,0,0,18,0,0,0,0,0,0,0,0,0,0,0,0,0,0,0,0
14400,4,1,7,16,24,0,0,0,-1,0,133766,7,0,0,0,0,0,0,0,0,0,21,0,0,0,0,0,0,0,0,0,0,0,0,0,0,0,0
14409,4,1,7,16,28,0,0,0,-1,0,133763,7,0,0,0,0,0,0,0,0,0,23,0,0,0,0,0,0,0,0,0,0,0,0,0,0,0,0
14420,4,1,7,16,33,0,0,0,-1,0,133756,7,0,0,0,0,0,0,0,0,0,25,0,0,0,0,0,0,0,0,0,0,0,0,0,0,0,0
14430,4,1,7,16,37,0,0,0,-1,0,133765,7,0,0,0,0,0,0,0,0,0,28,0,0,0,0,0,0,0,0,0,0,0,0,0,0,0,0
14440,4,1,7,16,41,0,0,0,-1,0,133761,7,0,0,0,0,0,0,0,0,0,30,0,0,4,0,0,0,0,0,0,0,0,0,0,0,0,0
14450,4,1,7,16,46,0,0,0,-1,0,132655,7,0,0,0,0,0,0,0,0,0,33,0,0,0,0,0,0,0,0,0,0,0,0,0,0,0,0
14459,4,1,7,16,52,0,0,0,-1,0,133761,7,0,0,0,0,0,0,0,0,0,37,0,0,0,0,0,0,0,0,0,0,0,0,0,0,0,0
14487,2,4,2,13,57,3,0,0,-1,0,133050,8,0,90,0,0,0,0,0,0,0,0,0,0,0,0,0,0,68,0,0,0,0,127,0,0,0,0
14502,4,2,8,6,57,0,0,0,-1,0,132499,7,0,35,0,0,0,0,0,0,0,98,0,0,0,10,0,0,0,0,0,0,0,0,0,0,0,0
14503,4,2,8,3,57,0,0,0,-1,0,135056,7,0,60,0,0,0,0,0,0,0,131,0,0,0,0,0,0,0,0,0,0,0,0,0,0,0,0
14522,4,3,5,7,57,0,0,0,-1,0,134584,10,0,90,0,0,0,0,0,0,0,320,0,0,0,0,0,0,0,0,0,0,0,0,0,0,0,0
14525,4,4,6,10,57,0,0,0,-1,0,132963,11,0,45,0,0,0,0,0,0,0,404,0,0,0,0,0,0,0,0,0,0,0,0,0,0,0,0
14528,4,6,1,14,57,4,0,0,-1,0,134948,9,0,100,0,0,0,0,0,0,0,2121,0,0,0,0,7,0,0,0,0,0,0,0,0,0,0,0
14531,2,5,2,17,54,1,0,0,-1,0,133050,9,0,100,0,0,0,0,0,0,0,0,0,0,0,0,0,0,137,0,0,0,0,206,0,0,0,0
14536,4,3,5,5,56,0,0,0,-1,0,132636,10,0,120,0,0,0,0,0,0,0,360,0,0,0,0,0,0,0,0,0,0,0,0,0,0,0,0
14537,4,4,6,8,57,0,0,0,-1,0,132590,11,0,65,0,0,0,0,0,0,0,445,0,0,0,0,10,0,0,0,0,0,0,0,0,0,0,0
14539,4,2,8,1,57,0,0,0,-1,0,133116,7,0,60,0,0,0,0,0,0,0,141,0,0,0,0,0,0,0,0,0,0,0,0,0,0,0,0
14541,2,8,1,17,56,1,0,0,-1,0,135273,9,0,100,0,0,0,0,0,0,0,0,0,0,0,0,0,0,87,0,0,0,0,132,0,0,0,0
14545,4,2,8,7,57,0,0,0,-1,0,134591,7,0,75,0,0,0,0,0,0,0,152,0,0,0,0,0,0,0,0,0,0,0,0,0,0,0,0
14548,4,3,5,3,57,0,0,0,-1,0,135042,10,0,70,0,0,0,0,0,0,0,274,0,0,0,0,0,0,0,0,0,0,0,0,0,0,0,0
14549,4,4,6,8,40,0,0,0,-1,0,132586,11,0,75,0,0,0,0,0,0,0,360,0,0,0,0,0,0,0,0,0,0,0,0,0,0,0,0
14550,4,2,8,9,44,0,0,0,-1,0,132608,7,0,40,0,0,0,0,0,0,0,69,0,0,0,0,0,0,0,0,0,0,0,0,0,0,0,0
14551,4,3,5,10,44,0,0,0,-1,0,132964,10,0,50,0,0,0,0,0,0,0,201,0,0,0,0,0,0,0,0,0,0,0,0,0,0,0,0
14552,4,4,6,3,50,0,0,0,-1,0,135051,11,0,100,0,0,0,0,0,0,0,472,0,0,0,0,0,0,0,0,0,0,0,0,0,0,0,0
14553,4,2,8,6,56,0,0,0,-1,0,132498,7,0,40,0,0,0,0,0,0,0,105,0,0,0,0,0,0,0,0,0,0,0,0,0,0,0,0
14554,4,4,6,7,57,0,0,0,-1,0,134584,11,0,120,0,0,0,0,0,0,0,617,0,0,0,0,0,0,0,0,0,0,0,0,0,0,0,0
14555,2,15,1,13,58,3,0,0,-1,0,135344,8,0,75,0,0,0,0,0,0,0,0,0,10,0,0,0,0,41,0,0,0,0,77,0,0,0,0
14557,4,0,4,12,58,0,0,0,-1,0,134229,12,0,0,0,0,0,0,0,0,0,0,0,0,0,0,0,0,0,0,0,0,0,0,0,0,0,0
14558,4,0,0,2,59,0,0,0,-1,0,133295,14,0,0,0,0,0,0,0,0,0,0,0,0,0,0,0,0,0,0,0,0,0,0,0,0,0,0
14562,4,2,8,5,18,0,0,0,-1,0,132724,7,0,75,0,0,0,0,0,0,0,82,0,0,0,0,0,0,0,0,0,0,0,0,0,0,0,0
14568,4,2,8,8,18,0,0,0,-1,0,132542,7,0,40,0,0,0,0,0,0,0,57,0,0,0,0,0,0,0,0,0,0,0,0,0,0,0,0
14569,4,2,8,9,17,0,0,0,-1,0,132607,7,0,25,0,0,0,0,0,0,0,35,0,0,0,0,0,0,0,0,0,0,0,0,0,0,0,0
14570,4,2,8,5,23,0,0,0,-1,0,132723,7,0,85,0,0,0,0,0,0,0,90,0,0,0,0,0,0,0,0,0,0,0,0,0,0,0,0
14571,4,1,7,16,16,0,0,0,-1,0,133761,7,0,0,0,0,0,0,0,0,0,17,0,0,0,0,0,0,0,0,0,0,0,0,0,0,0,0
14572,4,2,8,10,19,0,0,0,-1,0,132955,7,0,25,0,0,0,0,0,0,0,52,0,0,0,0,0,0,0,0,0,0,0,0,0,0,0,0
14576,2,7,1,21,54,3,0,0,-1,0,135313,8,0,90,0,0,0,0,0,0,0,0,0,0,0,0,0,0,73,0,0,0,0,137,0,0,0,0
14579,4,2,8,8,26,0,0,0,-1,0,132543,7,0,45,0,0,0,0,0,0,0,65,0,0,0,0,0,0,0,0,0,0,0,0,0,0,0,0
14580,4,2,8,9,22,0,0,0,-1,0,132612,7,0,30,0,0,0,0,0,0,0,39,0,0,0,0,0,0,0,0,0,0,0,0,0,0,0,0
14581,4,2,8,5,28,0,0,0,-1,0,132716,7,0,85,0,0,0,0,0,0,0,98,0,0,0,0,0,0,0,0,0,0,0,0,0,0,0,0
14583,4,2,8,10,27,0,0,0,-1,0,132958,7,0,30,0,0,0,0,0,0,0,60,0,0,0,0,0,0,0,0,0,0,0,0,0,0,0,0
14585,4,2,8,7,27,0,0,0,-1,0,134586,7,0,65,0,0,0,0,0,0,0,85,0,0,0,0,0,0,0,0,0,0,0,0,0,0,0,0
14587,4,2,8,3,27,0,0,0,-1,0,135039,7,0,50,0,0,0,0,0,0,0,73,0,0,0,0,0,0,0,0,0,0,0,0,0,0,0,0
14588,4,2,8,6,31,0,0,0,-1,0,132498,7,0,30,0,0,0,0,0,0,0,58,0,0,0,0,0,0,0,0,0,0,0,0,0,0,0,0
14589,4,2,8,8,32,0,0,0,-1,0,132541,7,0,45,0,0,0,0,0,0,0,72,0,0,0,0,0,0,0,0,0,0,0,0,0,0,0,0
14590,4,2,8,9,30,0,0,0,-1,0,132603,7,0,30,0,0,0,0,0,0,0,44,0,0,0,0,0,0,0,0,0,0,0,0,0,0,0,0
14592,4,2,8,5,35,0,0,0,-1,0,132721,7,0,85,0,0,0,0,0,0,0,110,0,0,0,0,0,0,0,0,0,0,0,0,0,0,0,0
14593,4,1,7,16,30,0,0,0,-1,0,133755,7,0,0,0,0,0,0,0,0,0,23,0,0,0,0,0,0,0,0,0,0,0,0,0,0,0,0
14594,4,2,8,10,32,0,0,0,-1,0,132955,7,0,30,0,0,0,0,0,0,0,65,0,0,0,0,0,0,0,0,0,0,0,0,0,0,0,0
14595,4,2,8,7,33,0,0,0,-1,0,134589,7,0,65,0,0,0,0,0,0,0,93,0,0,0,0,0,0,0,0,0,0,0,0,0,0,0,0
14596,4,2,8,3,33,0,0,0,-1,0,135038,7,0,50,0,0,0,0,0,0,0,80,0,0,0,0,0,0,0,0,0,0,0,0,0,0,0,0
14598,4,2,8,6,35,0,0,0,-1,0,132504,7,0,30,0,0,0,0,0,0,0,62,0,0,0,0,0,0,0,0,0,0,0,0,0,0,0,0
14599,4,2,8,8,37,0,0,0,-1,0,132542,7,0,45,0,0,0,0,0,0,0,79,0,0,0,0,0,0,0,0,0,0,0,0,0,0,0,0
14600,4,2,8,9,35,0,0,0,-1,0,132608,7,0,30,0,0,0,0,0,0,0,48,0,0,0,0,0,0,0,0,0,0,0,0,0,0,0,0
14601,4,2,8,5,39,0,0,0,-1,0,132719,7,0,85,0,0,0,0,0,0,0,120,0,0,0,0,0,0,0,0,0,0,0,0,0,0,0,0
14602,4,1,7,16,34,0,0,0,-1,0,133774,7,0,0,0,0,0,0,0,0,0,26,0,0,0,0,0,0,0,0,0,0,0,0,0,0,0,0
14603,4,2,8,3,36,0,0,0,-1,0,135056,7,0,50,0,0,0,0,0,0,0,84,0,0,0,0,0,0,0,0,0,0,0,0,0,0,0,0
14604,4,2,8,1,40,0,0,0,-1,0,133111,7,0,50,0,0,0,0,0,0,0,99,0,0,0,0,0,0,0,0,0,0,0,0,0,0,0,0
14605,4,2,8,7,38,0,0,0,-1,0,134586,7,0,65,0,0,0,0,0,0,0,103,0,0,0,0,0,0,0,0,0,0,0,0,0,0,0,0
14606,4,2,8,10,36,0,0,0,-1,0,132939,7,0,30,0,0,0,0,0,0,0,70,0,0,0,0,0,0,0,0,0,0,0,0,0,0,0,0
14607,4,6,1,14,32,4,0,0,-1,0,134956,9,0,85,0,0,0,0,0,0,0,695,0,0,0,0,0,0,0,0,0,0,0,0,0,0,0,0
14608,4,6,1,14,26,4,0,0,-1,0,134955,9,0,85,0,0,0,0,0,0,0,595,0,0,0,0,0,0,0,0,0,0,0,0,0,0,0,0
14611,4,3,5,5,56,0,0,0,-1,0,132720,10,0,120,0,0,0,0,0,0,0,360,0,0,0,0,0,0,0,0,0,0,0,0,0,0,0,0
14612,4,3,5,7,56,0,0,0,-1,0,134586,10,0,90,0,0,0,0,0,0,0,315,0,0,0,0,0,0,0,0,0,0,0,0,0,0,0,0
14614,4,3,5,6,56,0,0,0,-1,0,132512,10,0,40,0,0,0,0,0,0,0,202,0,0,0,0,0,0,0,0,0,0,0,0,0,0,0,0
14615,4,3,5,10,56,0,0,0,-1,0,132960,10,0,40,0,0,0,0,0,0,0,225,0,0,0,0,0,0,0,0,0,0,0,0,0,0,0,0
14620,4,4,6,6,56,0,0,0,-1,0,132501,11,0,45,0,0,0,0,0,0,0,358,0,0,0,0,0,0,0,0,0,0,0,0,0,0,0,0
14621,4,4,6,8,56,0,0,0,-1,0,132535,11,0,65,0,0,0,0,0,0,0,438,0,0,0,0,0,0,0,0,0,0,0,0,0,0,0,0
14622,4,4,6,10,56,0,0,0,-1,0,132962,11,0,45,0,0,0,0,0,0,0,398,0,0,0,0,0,0,0,0,0,0,0,0,0,0,0,0
14623,4,4,6,7,56,0,0,0,-1,0,134584,11,0,100,0,0,0,0,0,0,0,557,0,0,0,0,0,0,0,0,0,0,0,0,0,0,0,0
14624,4,4,6,5,56,0,0,0,-1,0,132637,11,0,135,0,0,0,0,0,0,0,637,0,0,0,0,0,0,0,0,0,0,0,0,0,0,0,0
14636,4,2,8,6,56,0,0,0,-1,0,132505,7,0,35,0,0,0,0,0,0,0,97,0,0,0,0,0,0,0,0,0,0,0,0,0,0,0,0
14637,4,2,8,5,56,0,0,0,-1,0,132718,7,0,100,0,0,0,0,0,0,0,172,0,0,0,0,0,0,0,0,0,0,0,0,0,0,0,0
14638,4,2,8,7,56,0,0,0,-1,0,134587,7,0,75,0,0,0,0,0,0,0,150,0,0,0,0,0,0,0,0,0,0,0,0,0,0,0,0
14640,4,2,8,10,56,0,0,0,-1,0,132949,7,0,35,0,0,0,0,0,0,0,107,0,0,0,0,0,0,0,0,0,0,0,0,0,0,0,0
14641,4,2,8,8,56,0,0,0,-1,0,132539,7,0,50,0,0,0,0,0,0,0,118,0,0,0,0,0,0,0,0,0,0,0,0,0,0,0,0
14652,4,2,8,6,40,0,0,0,-1,0,132501,7,0,30,0,0,0,0,0,0,0,68,0,0,0,0,0,0,0,0,0,0,0,0,0,0,0,0
14653,4,2,8,8,41,0,0,0,-1,0,132535,7,0,45,0,0,0,0,0,0,0,85,0,0,0,0,0,0,0,0,0,0,0,0,0,0,0,0
14654,4,2,8,9,39,0,0,0,-1,0,132602,7,0,30,0,0,0,0,0,0,0,52,0,0,0,0,0,0,0,0,0,0,0,0,0,0,0,0
14655,4,2,8,5,44,0,0,0,-1,0,132722,7,0,85,0,0,0,0,0,0,0,131,0,0,0,0,0,0,0,0,0,0,0,0,0,0,0,0
14656,4,1,7,16,39,0,0,0,-1,0,133762,7,0,0,0,0,0,0,0,0,0,29,0,0,0,0,0,0,0,0,0,0,0,0,0,0,0,0
14657,4,2,8,10,41,0,0,0,-1,0,132959,7,0,30,0,0,0,0,0,0,0,77,0,0,0,0,0,0,0,0,0,0,0,0,0,0,0,0
14658,4,2,8,1,44,0,0,0,-1,0,133118,7,0,50,0,0,0,0,0,0,0,106,0,0,0,0,0,0,0,0,0,0,0,0,0,0,0,0
14659,4,2,8,7,42,0,0,0,-1,0,134587,7,0,65,0,0,0,0,0,0,0,110,0,0,0,0,0,0,0,0,0,0,0,0,0,0,0,0
14660,4,2,8,3,42,0,0,0,-1,0,135036,7,0,50,0,0,0,0,0,0,0,95,0,0,0,0,0,0,0,0,0,0,0,0,0,0,0,0
14661,4,2,8,6,44,0,0,0,-1,0,132501,7,0,30,0,0,0,0,0,0,0,74,0,0,0,0,0,0,0,0,0,0,0,0,0,0,0,0
14662,4,2,8,8,46,0,0,0,-1,0,132535,7,0,45,0,0,0,0,0,0,0,93,0,0,0,0,0,0,0,0,0,0,0,0,0,0,0,0
14663,4,2,8,9,43,0,0,0,-1,0,132602,7,0,30,0,0,0,0,0,0,0,56,0,0,0,0,0,0,0,0,0,0,0,0,0,0,0,0
14664,4,2,8,5,49,0,0,0,-1,0,132717,7,0,85,0,0,0,0,0,0,0,142,0,0,0,0,0,0,0,0,0,0,0,0,0,0,0,0
14665,4,1,7,16,43,0,0,0,-1,0,133769,7,0,0,0,0,0,0,0,0,0,31,0,0,0,0,0,0,0,0,0,0,0,0,0,0,0,0
14666,4,2,8,10,46,0,0,0,-1,0,132949,7,0,30,0,0,0,0,0,0,0,84,0,0,0,0,0,0,0,0,0,0,0,0,0,0,0,0
14667,4,2,8,1,48,0,0,0,-1,0,133127,7,0,50,0,0,0,0,0,0,0,113,0,0,0,0,0,0,0,0,0,0,0,0,0,0,0,0
14668,4,2,8,7,47,0,0,0,-1,0,134586,7,0,65,0,0,0,0,0,0,0,120,0,0,0,0,0,0,0,0,0,0,0,0,0,0,0,0
14669,4,2,8,3,46,0,0,0,-1,0,135049,7,0,50,0,0,0,0,0,0,0,101,0,0,0,0,0,0,0,0,0,0,0,0,0,0,0,0
14670,4,2,8,5,54,0,0,0,-1,0,132717,7,0,85,0,0,0,0,0,0,0,152,0,0,0,0,0,0,0,0,0,0,0,0,0,0,0,0
14671,4,2,8,8,51,0,0,0,-1,0,132535,7,0,45,0,0,0,0,0,0,0,100,0,0,0,0,0,0,0,0,0,0,0,0,0,0,0,0
14672,4,2,8,9,48,0,0,0,-1,0,132602,7,0,30,0,0,0,0,0,0,0,61,0,0,0,0,0,0,0,0,0,0,0,0,0,0,0,0
14673,4,1,7,16,47,0,0,0,-1,0,133762,7,0,0,0,0,0,0,0,0,0,34,0,0,0,0,0,0,0,0,0,0,0,0,0,0,0,0
14674,4,2,8,6,50,0,0,0,-1,0,132501,7,0,30,0,0,0,0,0,0,0,81,0,0,0,0,0,0,0,0,0,0,0,0,0,0,0,0
14675,4,2,8,10,51,0,0,0,-1,0,132949,7,0,30,0,0,0,0,0,0,0,91,0,0,0,0,0,0,0,0,0,0,0,0,0,0,0,0
14676,4,2,8,1,53,0,0,0,-1,0,133076,7,0,50,0,0,0,0,0,0,0,122,0,0,0,0,0,0,0,0,0,0,0,0,0,0,0,0
14677,4,2,8,7,53,0,0,0,-1,0,134586,7,0,65,0,0,0,0,0,0,0,131,0,0,0,0,0,0,0,0,0,0,0,0,0,0,0,0
14678,4,2,8,3,52,0,0,0,-1,0,135054,7,0,50,0,0,0,0,0,0,0,111,0,0,0,0,0,0,0,0,0,0,0,0,0,0,0,0
14680,4,2,8,5,59,0,0,0,-1,0,132717,7,0,85,0,0,0,0,0,0,0,163,0,0,0,0,0,0,0,0,0,0,0,0,0,0,0,0
14681,4,2,8,8,57,0,0,0,-1,0,132535,7,0,45,0,0,0,0,0,0,0,109,0,0,0,0,0,0,0,0,0,0,0,0,0,0,0,0
14682,4,2,8,9,54,0,0,0,-1,0,132602,7,0,30,0,0,0,0,0,0,0,67,0,0,0,0,0,0,0,0,0,0,0,0,0,0,0,0
14683,4,1,7,16,54,0,0,0,-1,0,133769,7,0,0,0,0,0,0,0,0,0,38,0,0,0,0,0,0,0,0,0,0,0,0,0,0,0,0
14684,4,2,8,6,55,0,0,0,-1,0,132501,7,0,30,0,0,0,0,0,0,0,87,0,0,0,0,0,0,0,0,0,0,0,0,0,0,0,0
14685,4,2,8,10,57,0,0,0,-1,0,132949,7,0,30,0,0,0,0,0,0,0,99,0,0,0,0,0,0,0,0,0,0,0,0,0,0,0,0
14686,4,2,8,1,58,0,0,0,-1,0,133076,7,0,50,0,0,0,0,0,0,0,130,0,0,0,0,0,0,0,0,0,0,0,0,0,0,0,0
14687,4,2,8,7,57,0,0,0,-1,0,134586,7,0,65,0,0,0,0,0,0,0,138,0,0,0,0,0,0,0,0,0,0,0,0,0,0,0,0
14688,4,2,8,3,56,0,0,0,-1,0,135054,7,0,50,0,0,0,0,0,0,0,117,0,0,0,0,0,0,0,0,0,0,0,0,0,0,0,0
14729,4,6,1,14,15,4,0,0,-1,0,134964,9,0,65,0,0,0,0,0,0,0,411,0,0,0,0,0,0,0,0,0,0,0,0,0,0,0,0
14730,4,3,5,5,18,0,0,0,-1,0,132624,10,0,90,0,0,0,0,0,0,0,177,0,0,0,0,0,0,0,0,0,0,0,0,0,0,0,0
14742,4,3,5,8,19,0,0,0,-1,0,132541,10,0,45,0,0,0,0,0,0,0,124,0,0,0,0,0,0,0,0,0,0,0,0,0,0,0,0
14743,4,3,5,9,17,0,0,0,-1,0,132608,10,0,30,0,0,0,0,0,0,0,76,0,0,0,0,0,0,0,0,0,0,0,0,0,0,0,0
14744,4,3,5,5,23,0,0,0,-1,0,132637,10,0,100,0,0,0,0,0,0,0,192,0,0,0,0,0,0,0,0,0,0,0,0,0,0,0,0
14745,4,1,7,16,15,0,0,0,-1,0,133772,7,0,0,0,0,0,0,0,0,0,17,0,0,0,0,0,0,0,0,0,0,0,0,0,0,0,0
14746,4,3,5,6,17,0,0,0,-1,0,132511,10,0,30,0,0,0,0,0,0,0,98,0,0,0,0,0,0,0,0,0,0,0,0,0,0,0,0
14747,4,3,5,10,18,0,0,0,-1,0,132939,10,0,30,0,0,0,0,0,0,0,110,0,0,0,0,0,0,0,0,0,0,0,0,0,0,0,0
14748,4,3,5,7,20,0,0,0,-1,0,134583,10,0,70,0,0,0,0,0,0,0,160,0,0,0,0,0,0,0,0,0,0,0,0,0,0,0,0
14749,4,3,5,3,21,0,0,0,-1,0,135038,10,0,55,0,0,0,0,0,0,0,139,0,0,0,0,0,0,0,0,0,0,0,0,0,0,0,0
14750,4,3,5,9,23,0,0,0,-1,0,132610,10,0,35,0,0,0,0,0,0,0,84,0,0,0,0,0,0,0,0,0,0,0,0,0,0,0,0
14751,4,3,5,5,28,0,0,0,-1,0,132629,10,0,100,0,0,0,0,0,0,0,207,0,0,0,0,0,0,0,0,0,0,0,0,0,0,0,0
14753,4,3,5,1,28,0,0,0,-1,0,133161,10,0,60,0,0,0,0,0,0,0,168,0,0,0,0,0,0,0,0,0,0,0,0,0,0,0,0
14754,4,3,5,10,24,0,0,0,-1,0,132938,10,0,35,0,0,0,0,0,0,0,122,0,0,0,0,0,0,0,0,0,0,0,0,0,0,0,0
14755,4,3,5,6,23,0,0,0,-1,0,132502,10,0,35,0,0,0,0,0,0,0,108,0,0,0,0,0,0,0,0,0,0,0,0,0,0,0,0
14757,4,3,5,7,27,0,0,0,-1,0,134583,10,0,75,0,0,0,0,0,0,0,179,0,0,0,0,0,0,0,0,0,0,0,0,0,0,0,0
14758,4,3,5,3,26,0,0,0,-1,0,135054,10,0,60,0,0,0,0,0,0,0,151,0,0,0,0,0,0,0,0,0,0,0,0,0,0,0,0
14759,4,3,5,9,29,0,0,0,-1,0,132606,10,0,35,0,0,0,0,0,0,0,92,0,0,0,0,0,0,0,0,0,0,0,0,0,0,0,0
14760,4,3,5,5,34,0,0,0,-1,0,132637,10,0,100,0,0,0,0,0,0,0,227,0,0,0,0,0,0,0,0,0,0,0,0,0,0,0,0
14761,4,3,5,6,29,0,0,0,-1,0,132518,10,0,35,0,0,0,0,0,0,0,118,0,0,0,0,0,0,0,0,0,0,0,0,0,0,0,0
14762,4,3,5,8,32,0,0,0,-1,0,132539,10,0,50,0,0,0,0,0,0,0,151,0,0,0,0,0,0,0,0,0,0,0,0,0,0,0,0
14763,4,1,7,16,27,0,0,0,-1,0,133754,7,0,0,0,0,0,0,0,0,0,22,0,0,0,0,0,0,0,0,0,0,0,0,0,0,0,0
14764,4,3,5,10,30,0,0,0,-1,0,132943,10,0,35,0,0,0,0,0,0,0,133,0,0,0,0,0,0,0,0,0,0,0,0,0,0,0,0
14765,4,3,5,1,33,0,0,0,-1,0,132768,10,0,60,0,0,0,0,0,0,0,181,0,0,0,0,0,0,0,0,0,0,0,0,0,0,0,0
14766,4,3,5,7,32,0,0,0,-1,0,134583,10,0,75,0,0,0,0,0,0,0,192,0,0,0,0,0,0,0,0,0,0,0,0,0,0,0,0
14767,4,3,5,3,33,0,0,0,-1,0,135052,10,0,60,0,0,0,0,0,0,0,167,0,0,0,0,0,0,0,0,0,0,0,0,0,0,0,0
14768,4,3,5,5,39,0,0,0,-1,0,132629,10,0,100,0,0,0,0,0,0,0,245,0,0,0,0,0,0,0,0,0,0,0,0,0,0,0,0
14769,4,3,5,8,37,0,0,0,-1,0,132579,10,0,50,0,0,0,0,0,0,0,164,0,0,0,0,0,0,0,0,0,0,0,0,0,0,0,0
14770,4,3,5,9,35,0,0,0,-1,0,132601,10,0,35,0,0,0,0,0,0,0,101,0,0,0,0,0,0,0,0,0,0,0,0,0,0,0,0
14771,4,1,7,16,34,0,0,0,-1,0,133770,7,0,0,0,0,0,0,0,0,0,26,0,0,0,0,0,0,0,0,0,0,0,0,0,0,0,0
14772,4,3,5,10,35,0,0,0,-1,0,132938,10,0,35,0,0,0,0,0,0,0,144,0,0,0,0,0,0,0,0,0,0,0,0,0,0,0,0
14773,4,3,5,6,34,0,0,0,-1,0,132498,10,0,35,0,0,0,0,0,0,0,128,0,0,0,0,0,0,0,0,0,0,0,0,0,0,0,0
14774,4,3,5,1,38,0,0,0,-1,0,133121,10,0,60,0,0,0,0,0,0,0,196,0,0,0,0,0,0,0,0,0,0,0,0,0,0,0,0
14775,4,3,5,7,38,0,0,0,-1,0,134586,10,0,75,0,0,0,0,0,0,0,211,0,0,0,0,0,0,0,0,0,0,0,0,0,0,0,0
14776,4,3,5,3,38,0,0,0,-1,0,135054,10,0,60,0,0,0,0,0,0,0,181,0,0,0,0,0,0,0,0,0,0,0,0,0,0,0,0
14777,4,6,1,14,39,4,0,0,-1,0,134948,9,0,85,0,0,0,0,0,0,0,1380,0,0,0,0,0,0,0,0,0,0,0,0,0,0,0,0
14778,4,3,5,9,40,0,0,0,-1,0,132602,10,0,35,0,0,0,0,0,0,0,109,0,0,0,0,0,0,0,0,0,0,0,0,0,0,0,0
14779,4,3,5,5,44,0,0,0,-1,0,132643,10,0,100,0,0,0,0,0,0,0,268,0,0,0,0,0,0,0,0,0,0,0,0,0,0,0,0
14780,4,6,1,14,44,4,0,0,-1,0,134951,9,0,85,0,0,0,0,0,0,0,1521,0,0,0,0,0,0,0,0,0,0,0,0,0,0,0,0
14781,4,1,7,16,39,0,0,0,-1,0,133760,7,0,0,0,0,0,0,0,0,0,29,0,0,0,0,0,0,0,0,0,0,0,0,0,0,0,0
14782,4,3,5,10,40,0,0,0,-1,0,132953,10,0,35,0,0,0,0,0,0,0,155,0,0,0,0,0,0,0,0,0,0,0,0,0,0,0,0
14783,4,3,5,6,41,0,0,0,-1,0,132500,10,0,35,0,0,0,0,0,0,0,143,0,0,0,0,0,0,0,0,0,0,0,0,0,0,0,0
14784,4,3,5,8,41,0,0,0,-1,0,132535,10,0,50,0,0,0,0,0,0,0,174,0,0,0,0,0,0,0,0,0,0,0,0,0,0,0,0
14785,4,3,5,1,43,0,0,0,-1,0,133101,10,0,60,0,0,0,0,0,0,0,214,0,0,0,0,0,0,0,0,0,0,0,0,0,0,0,0
14786,4,3,5,7,42,0,0,0,-1,0,134586,10,0,75,0,0,0,0,0,0,0,226,0,0,0,0,0,0,0,0,0,0,0,0,0,0,0,0
14787,4,3,5,3,42,0,0,0,-1,0,135054,10,0,60,0,0,0,0,0,0,0,194,0,0,0,0,0,0,0,0,0,0,0,0,0,0,0,0
14788,4,3,5,9,44,0,0,0,-1,0,132602,10,0,35,0,0,0,0,0,0,0,117,0,0,0,0,0,0,0,0,0,0,0,0,0,0,0,0
14789,4,3,5,5,49,0,0,0,-1,0,132723,10,0,100,0,0,0,0,0,0,0,293,0,0,0,0,0,0,0,0,0,0,0,0,0,0,0,0
14790,4,6,1,14,49,4,0,0,-1,0,134948,9,0,85,0,0,0,0,0,0,0,1663,0,0,0,0,0,0,0,0,0,0,0,0,0,0,0,0
14791,4,1,7,16,43,0,0,0,-1,0,133757,7,0,0,0,0,0,0,0,0,0,31,0,0,0,0,0,0,0,0,0,0,0,0,0,0,0,0
14792,4,3,5,10,45,0,0,0,-1,0,132938,10,0,35,0,0,0,0,0,0,0,171,0,0,0,0,0,0,0,0,0,0,0,0,0,0,0,0
14793,4,3,5,6,45,0,0,0,-1,0,132492,10,0,35,0,0,0,0,0,0,0,154,0,0,0,0,0,0,0,0,0,0,0,0,0,0,0,0
14794,4,3,5,8,45,0,0,0,-1,0,132543,10,0,50,0,0,0,0,0,0,0,188,0,0,0,0,0,0,0,0,0,0,0,0,0,0,0,0
14795,4,3,5,1,48,0,0,0,-1,0,133078,10,0,60,0,0,0,0,0,0,0,234,0,0,0,0,0,0,0,0,0,0,0,0,0,0,0,0
14796,4,3,5,7,48,0,0,0,-1,0,134583,10,0,75,0,0,0,0,0,0,0,252,0,0,0,0,0,0,0,0,0,0,0,0,0,0,0,0
14797,4,3,5,3,46,0,0,0,-1,0,135060,10,0,60,0,0,0,0,0,0,0,209,0,0,0,0,0,0,0,0,0,0,0,0,0,0,0,0
14798,4,3,5,5,54,0,0,0,-1,0,132629,10,0,100,0,0,0,0,0,0,0,317,0,0,0,0,0,0,0,0,0,0,0,0,0,0,0,0
14799,4,3,5,8,53,0,0,0,-1,0,132535,10,0,50,0,0,0,0,0,0,0,215,0,0,0,0,0,0,0,0,0,0,0,0,0,0,0,0
14800,4,6,1,14,54,4,0,0,-1,0,134955,9,0,85,0,0,0,0,0,0,0,1805,0,0,0,0,0,0,0,0,0,0,0,0,0,0,0,0
14801,4,1,7,16,47,0,0,0,-1,0,133770,7,0,0,0,0,0,0,0,0,0,34,0,0,0,0,0,0,0,0,0,0,0,0,0,0,0,0
14802,4,3,5,10,50,0,0,0,-1,0,132953,10,0,35,0,0,0,0,0,0,0,186,0,0,0,0,0,0,0,0,0,0,0,0,0,0,0,0
14803,4,3,5,6,50,0,0,0,-1,0,132502,10,0,35,0,0,0,0,0,0,0,167,0,0,0,0,0,0,0,0,0,0,0,0,0,0,0,0
14804,4,3,5,1,53,0,0,0,-1,0,133076,10,0,60,0,0,0,0,0,0,0,254,0,0,0,0,0,0,0,0,0,0,0,0,0,0,0,0
14805,4,3,5,7,52,0,0,0,-1,0,134583,10,0,75,0,0,0,0,0,0,0,269,0,0,0,0,0,0,0,0,0,0,0,0,0,0,0,0
14806,4,3,5,3,52,0,0,0,-1,0,135054,10,0,60,0,0,0,0,0,0,0,231,0,0,0,0,0,0,0,0,0,0,0,0,0,0,0,0
14807,4,3,5,9,48,0,0,0,-1,0,132602,10,0,35,0,0,0,0,0,0,0,126,0,0,0,0,0,0,0,0,0,0,0,0,0,0,0,0
14808,4,3,5,6,54,0,0,0,-1,0,132505,10,0,35,0,0,0,0,0,0,0,179,0,0,0,0,0,0,0,0,0,0,0,0,0,0,0,0
14809,4,3,5,8,57,0,0,0,-1,0,132541,10,0,50,0,0,0,0,0,0,0,228,0,0,0,0,0,0,0,0,0,0,0,0,0,0,0,0
14810,4,3,5,9,54,0,0,0,-1,0,132603,10,0,35,0,0,0,0,0,0,0,139,0,0,0,0,0,0,0,0,0,0,0,0,0,0,0,0
14811,4,3,5,5,59,0,0,0,-1,0,132627,10,0,100,0,0,0,0,0,0,0,342,0,0,0,0,0,0,0,0,0,0,0,0,0,0,0,0
14812,4,6,1,14,59,4,0,0,-1,0,134966,9,0,85,0,0,0,0,0,0,0,1946,0,0,0,0,0,0,0,0,0,0,0,0,0,0,0,0
14813,4,1,7,16,52,0,0,0,-1,0,133753,7,0,0,0,0,0,0,0,0,0,37,0,0,0,0,0,0,0,0,0,0,0,0,0,0,0,0
14814,4,3,5,1,58,0,0,0,-1,0,133078,10,0,60,0,0,0,0,0,0,0,274,0,0,0,0,0,0,0,0,0,0,0,0,0,0,0,0
14815,4,3,5,10,57,0,0,0,-1,0,132938,10,0,35,0,0,0,0,0,0,0,207,0,0,0,0,0,0,0,0,0,0,0,0,0,0,0,0
14816,4,3,5,7,57,0,0,0,-1,0,134583,10,0,75,0,0,0,0,0,0,0,290,0,0,0,0,0,0,0,0,0,0,0,0,0,0,0,0
14817,4,3,5,3,57,0,0,0,-1,0,135033,10,0,60,0,0,0,0,0,0,0,249,0,0,0,0,0,0,0,0,0,0,0,0,0,0,0,0
14821,4,4,6,5,40,0,0,0,-1,0,132746,11,0,115,0,0,0,0,0,0,0,382,0,0,0,0,0,0,0,0,0,0,0,0,0,0,0,0
14825,4,6,1,14,38,4,0,0,-1,0,134961,9,0,85,0,0,0,0,0,0,0,1257,0,0,0,0,0,0,0,0,0,0,0,0,0,0,0,0
14826,4,4,6,10,40,0,0,0,-1,0,132949,11,0,40,0,0,0,0,0,0,0,188,0,0,0,0,0,0,0,0,0,0,0,0,0,0,0,0
14827,4,4,6,6,40,0,0,0,-1,0,132520,11,0,40,0,0,0,0,0,0,0,169,0,0,0,0,0,0,0,0,0,0,0,0,0,0,0,0
14828,4,4,6,8,40,0,0,0,-1,0,132539,11,0,55,0,0,0,0,0,0,0,233,0,0,0,0,0,0,0,0,0,0,0,0,0,0,0,0
14829,4,4,6,7,40,0,0,0,-1,0,134593,11,0,85,0,0,0,0,0,0,0,297,0,0,0,0,0,0,0,0,0,0,0,0,0,0,0,0
14830,4,4,6,3,40,0,0,0,-1,0,135042,11,0,70,0,0,0,0,0,0,0,255,0,0,0,0,0,0,0,0,0,0,0,0,0,0,0,0
14831,4,4,6,1,40,0,0,0,-1,0,132768,11,0,70,0,0,0,0,0,0,0,310,0,0,0,0,0,0,0,0,0,0,0,0,0,0,0,0
14832,4,4,6,9,40,0,0,0,-1,0,132606,11,0,40,0,0,0,0,0,0,0,131,0,0,0,0,0,0,0,0,0,0,0,0,0,0,0,0
14833,4,4,6,10,40,0,0,0,-1,0,132953,11,0,40,0,0,0,0,0,0,0,268,0,0,0,0,0,0,0,0,0,0,0,0,0,0,0,0
14834,4,4,6,9,40,0,0,0,-1,0,132612,11,0,40,0,0,0,0,0,0,0,167,0,0,0,0,0,0,0,0,0,0,0,0,0,0,0,0
14835,4,4,6,5,43,0,0,0,-1,0,132743,11,0,115,0,0,0,0,0,0,0,463,0,0,0,0,0,0,0,0,0,0,0,0,0,0,0,0
14838,4,4,6,6,40,0,0,0,-1,0,132513,11,0,40,0,0,0,0,0,0,0,215,0,0,0,0,0,0,0,0,0,0,0,0,0,0,0,0
14839,4,4,6,8,40,0,0,0,-1,0,132587,11,0,55,0,0,0,0,0,0,0,294,0,0,0,0,0,0,0,0,0,0,0,0,0,0,0,0
14840,4,4,6,7,42,0,0,0,-1,0,134586,11,0,85,0,0,0,0,0,0,0,397,0,0,0,0,0,0,0,0,0,0,0,0,0,0,0,0
14841,4,4,6,3,40,0,0,0,-1,0,135054,11,0,70,0,0,0,0,0,0,0,321,0,0,0,0,0,0,0,0,0,0,0,0,0,0,0,0
14842,4,6,1,14,43,4,0,0,-1,0,134963,9,0,85,0,0,0,0,0,0,0,1493,0,0,0,0,0,0,0,0,0,0,0,0,0,0,0,0
14843,4,4,6,1,41,0,0,0,-1,0,133101,11,0,70,0,0,0,0,0,0,0,362,0,0,0,0,0,0,0,0,0,0,0,0,0,0,0,0
14844,4,4,6,5,49,0,0,0,-1,0,132751,11,0,115,0,0,0,0,0,0,0,515,0,0,0,0,0,0,0,0,0,0,0,0,0,0,0,0
14846,4,4,6,10,45,0,0,0,-1,0,132938,11,0,40,0,0,0,0,0,0,0,300,0,0,0,0,0,0,0,0,0,0,0,0,0,0,0,0
14847,4,4,6,6,44,0,0,0,-1,0,132508,11,0,40,0,0,0,0,0,0,0,265,0,0,0,0,0,0,0,0,0,0,0,0,0,0,0,0
14848,4,4,6,8,45,0,0,0,-1,0,132541,11,0,55,0,0,0,0,0,0,0,330,0,0,0,0,0,0,0,0,0,0,0,0,0,0,0,0
14849,4,4,6,1,48,0,0,0,-1,0,133124,11,0,70,0,0,0,0,0,0,0,411,0,0,0,0,0,0,0,0,0,0,0,0,0,0,0,0
14850,4,4,6,7,47,0,0,0,-1,0,134582,11,0,85,0,0,0,0,0,0,0,435,0,0,0,0,0,0,0,0,0,0,0,0,0,0,0,0
14851,4,4,6,3,46,0,0,0,-1,0,135051,11,0,70,0,0,0,0,0,0,0,366,0,0,0,0,0,0,0,0,0,0,0,0,0,0,0,0
14853,4,4,6,9,43,0,0,0,-1,0,132608,11,0,40,0,0,0,0,0,0,0,202,0,0,0,0,0,0,0,0,0,0,0,0,0,0,0,0
14854,4,4,6,5,54,0,0,0,-1,0,132744,11,0,115,0,0,0,0,0,0,0,561,0,0,0,0,0,0,0,0,0,0,0,0,0,0,0,0
14855,4,4,6,10,50,0,0,0,-1,0,132951,11,0,40,0,0,0,0,0,0,0,328,0,0,0,0,0,0,0,0,0,0,0,0,0,0,0,0
14856,4,4,6,6,49,0,0,0,-1,0,132511,11,0,40,0,0,0,0,0,0,0,290,0,0,0,0,0,0,0,0,0,0,0,0,0,0,0,0
14857,4,4,6,8,49,0,0,0,-1,0,132586,11,0,55,0,0,0,0,0,0,0,354,0,0,0,0,0,0,0,0,0,0,0,0,0,0,0,0
14858,4,4,6,1,53,0,0,0,-1,0,133121,11,0,70,0,0,0,0,0,0,0,448,0,0,0,0,0,0,0,0,0,0,0,0,0,0,0,0
14859,4,4,6,7,52,0,0,0,-1,0,134583,11,0,85,0,0,0,0,0,0,0,475,0,0,0,0,0,0,0,0,0,0,0,0,0,0,0,0
14860,4,4,6,3,51,0,0,0,-1,0,135058,11,0,70,0,0,0,0,0,0,0,400,0,0,0,0,0,0,0,0,0,0,0,0,0,0,0,0
14861,4,4,6,9,47,0,0,0,-1,0,132615,11,0,40,0,0,0,0,0,0,0,218,0,0,0,0,0,0,0,0,0,0,0,0,0,0,0,0
14862,4,4,6,5,58,0,0,0,-1,0,132744,11,0,115,0,0,0,0,0,0,0,597,0,0,0,0,0,0,0,0,0,0,0,0,0,0,0,0
14863,4,4,6,10,55,0,0,0,-1,0,132962,11,0,40,0,0,0,0,0,0,0,356,0,0,0,0,0,0,0,0,0,0,0,0,0,0,0,0
14864,4,4,6,6,54,0,0,0,-1,0,132511,11,0,40,0,0,0,0,0,0,0,315,0,0,0,0,0,0,0,0,0,0,0,0,0,0,0,0
14865,4,4,6,8,55,0,0,0,-1,0,132539,11,0,55,0,0,0,0,0,0,0,392,0,0,0,0,0,0,0,0,0,0,0,0,0,0,0,0
14866,4,4,6,1,57,0,0,0,-1,0,133121,11,0,70,0,0,0,0,0,0,0,478,0,0,0,0,0,0,0,0,0,0,0,0,0,0,0,0
14867,4,4,6,7,57,0,0,0,-1,0,134583,11,0,85,0,0,0,0,0,0,0,515,0,0,0,0,0,0,0,0,0,0,0,0,0,0,0,0
14868,4,4,6,3,56,0,0,0,-1,0,135033,11,0,70,0,0,0,0,0,0,0,434,0,0,0,0,0,0,0,0,0,0,0,0,0,0,0,0
14869,4,4,6,9,53,0,0,0,-1,0,132606,11,0,40,0,0,0,0,0,0,0,241,0,0,0,0,0,0,0,0,0,0,0,0,0,0,0,0
14895,4,4,6,5,40,0,527,0,-1,0,132743,11,0,115,0,0,0,0,0,0,0,300,0,0,0,0,0,0,0,0,0,0,0,0,0,0,0,0
14896,4,4,6,8,40,0,863,0,-1,0,132589,11,0,55,0,0,0,0,0,0,0,182,0,0,0,0,0,0,0,0,0,0,0,0,0,0,0,0
14897,4,4,6,10,40,0,779,0,-1,0,132956,11,0,40,0,0,0,0,0,0,0,166,0,0,0,0,0,0,0,0,0,0,0,0,0,0,0,0
14898,4,4,6,6,40,0,947,0,-1,0,132502,11,0,40,0,0,0,0,0,0,0,149,0,0,0,0,0,0,0,0,0,0,0,0,0,0,0,0
14899,4,4,6,1,40,0,695,0,-1,0,133122,11,0,70,0,0,0,0,0,0,0,244,0,0,0,0,0,0,0,0,0,0,0,0,0,0,0,0
14900,4,4,6,7,40,0,611,0,-1,0,134587,11,0,85,0,0,0,0,0,0,0,232,0,0,0,0,0,0,0,0,0,0,0,0,0,0,0,0
14901,4,4,6,3,40,0,1199,0,-1,0,135036,11,0,70,0,0,0,0,0,0,0,225,0,0,0,0,0,0,0,0,0,0,0,0,0,0,0,0
14902,4,6,1,14,36,4,2046,0,-1,0,134958,9,0,85,0,0,0,0,0,0,0,1051,0,0,0,0,0,0,0,0,0,0,0,0,0,0,0,0
14903,4,4,6,9,40,0,1115,0,-1,0,132603,11,0,40,0,0,0,0,0,0,0,116,0,0,0,0,0,0,0,0,0,0,0,0,0,0,0,0
14904,4,4,6,5,45,0,530,0,-1,0,132626,11,0,115,0,0,0,0,0,0,0,480,0,0,0,0,0,0,0,0,0,0,0,0,0,0,0,0
14905,4,4,6,10,40,0,780,0,-1,0,132962,11,0,40,0,0,0,0,0,0,0,273,0,0,0,0,0,0,0,0,0,0,0,0,0,0,0,0
14906,4,4,6,6,40,0,948,0,-1,0,132513,11,0,40,0,0,0,0,0,0,0,241,0,0,0,0,0,0,0,0,0,0,0,0,0,0,0,0
14907,4,4,6,1,43,0,697,0,-1,0,133127,11,0,70,0,0,0,0,0,0,0,376,0,0,0,0,0,0,0,0,0,0,0,0,0,0,0,0
14908,4,4,6,7,43,0,613,0,-1,0,134584,11,0,85,0,0,0,0,0,0,0,405,0,0,0,0,0,0,0,0,0,0,0,0,0,0,0,0
14909,4,4,6,3,40,0,1200,0,-1,0,135042,11,0,70,0,0,0,0,0,0,0,327,0,0,0,0,0,0,0,0,0,0,0,0,0,0,0,0
14910,4,4,6,9,40,0,1116,0,-1,0,132612,11,0,40,0,0,0,0,0,0,0,187,0,0,0,0,0,0,0,0,0,0,0,0,0,0,0,0
14911,4,4,6,8,41,0,865,0,-1,0,132587,11,0,55,0,0,0,0,0,0,0,306,0,0,0,0,0,0,0,0,0,0,0,0,0,0,0,0
14913,4,4,6,8,44,0,866,0,-1,0,132586,11,0,55,0,0,0,0,0,0,0,324,0,0,0,0,0,0,0,0,0,0,0,0,0,0,0,0
14914,4,4,6,9,41,0,1117,0,-1,0,132611,11,0,40,0,0,0,0,0,0,0,195,0,0,0,0,0,0,0,0,0,0,0,0,0,0,0,0
14915,4,4,6,5,48,0,531,0,-1,0,132742,11,0,115,0,0,0,0,0,0,0,506,0,0,0,0,0,0,0,0,0,0,0,0,0,0,0,0
14916,4,6,1,14,48,4,2070,0,-1,0,134967,9,0,85,0,0,0,0,0,0,0,1635,0,0,0,0,0,0,0,0,0,0,0,0,0,0,0,0
14917,4,4,6,10,43,0,781,0,-1,0,132964,11,0,40,0,0,0,0,0,0,0,289,0,0,0,0,0,0,0,0,0,0,0,0,0,0,0,0
14918,4,4,6,6,42,0,949,0,-1,0,132506,11,0,40,0,0,0,0,0,0,0,255,0,0,0,0,0,0,0,0,0,0,0,0,0,0,0,0
14919,4,4,6,1,47,0,699,0,-1,0,132514,11,0,70,0,0,0,0,0,0,0,404,0,0,0,0,0,0,0,0,0,0,0,0,0,0,0,0
14920,4,4,6,7,46,0,614,0,-1,0,134585,11,0,85,0,0,0,0,0,0,0,427,0,0,0,0,0,0,0,0,0,0,0,0,0,0,0,0
14921,4,4,6,3,44,0,1202,0,-1,0,135047,11,0,70,0,0,0,0,0,0,0,354,0,0,0,0,0,0,0,0,0,0,0,0,0,0,0,0
14922,4,4,6,8,48,0,867,0,-1,0,132592,11,0,55,0,0,0,0,0,0,0,348,0,0,0,0,0,0,0,0,0,0,0,0,0,0,0,0
14923,4,4,6,9,45,0,1118,0,-1,0,132613,11,0,40,0,0,0,0,0,0,0,210,0,0,0,0,0,0,0,0,0,0,0,0,0,0,0,0
14924,4,4,6,5,52,0,532,0,-1,0,132760,11,0,115,0,0,0,0,0,0,0,543,0,0,0,0,0,0,0,0,0,0,0,0,0,0,0,0
14925,4,4,6,1,52,0,700,0,-1,0,133078,11,0,70,0,0,0,0,0,0,0,441,0,0,0,0,0,0,0,0,0,0,0,0,0,0,0,0
14926,4,4,6,10,48,0,783,0,-1,0,132963,11,0,40,0,0,0,0,0,0,0,317,0,0,0,0,0,0,0,0,0,0,0,0,0,0,0,0
14927,4,4,6,6,47,0,951,0,-1,0,132521,11,0,40,0,0,0,0,0,0,0,280,0,0,0,0,0,0,0,0,0,0,0,0,0,0,0,0
14928,4,4,6,7,50,0,616,0,-1,0,134584,11,0,85,0,0,0,0,0,0,0,459,0,0,0,0,0,0,0,0,0,0,0,0,0,0,0,0
14929,4,4,6,3,49,0,1203,0,-1,0,135059,11,0,70,0,0,0,0,0,0,0,387,0,0,0,0,0,0,0,0,0,0,0,0,0,0,0,0
14930,4,6,1,14,52,4,2076,0,-1,0,134963,9,0,85,0,0,0,0,0,0,0,1748,0,0,0,0,0,0,0,0,0,0,0,0,0,0,0,0
14931,4,4,6,5,57,0,534,0,-1,0,132632,11,0,115,0,0,0,0,0,0,0,588,0,0,0,0,0,0,0,0,0,0,0,0,0,0,0,0
14932,4,4,6,8,53,0,869,0,-1,0,132587,11,0,55,0,0,0,0,0,0,0,379,0,0,0,0,0,0,0,0,0,0,0,0,0,0,0,0
14933,4,4,6,10,53,0,785,0,-1,0,132965,11,0,40,0,0,0,0,0,0,0,345,0,0,0,0,0,0,0,0,0,0,0,0,0,0,0,0
14934,4,4,6,6,52,0,952,0,-1,0,132501,11,0,40,0,0,0,0,0,0,0,305,0,0,0,0,0,0,0,0,0,0,0,0,0,0,0,0
14935,4,4,6,1,55,0,701,0,-1,0,133122,11,0,70,0,0,0,0,0,0,0,463,0,0,0,0,0,0,0,0,0,0,0,0,0,0,0,0
14936,4,4,6,7,56,0,618,0,-1,0,134584,11,0,85,0,0,0,0,0,0,0,507,0,0,0,0,0,0,0,0,0,0,0,0,0,0,0,0
14937,4,4,6,3,54,0,1205,0,-1,0,135047,11,0,70,0,0,0,0,0,0,0,421,0,0,0,0,0,0,0,0,0,0,0,0,0,0,0,0
14938,4,4,6,9,51,0,1120,0,-1,0,132613,11,0,40,0,0,0,0,0,0,0,234,0,0,0,0,0,0,0,0,0,0,0,0,0,0,0,0
14939,4,4,6,5,41,0,529,0,-1,0,132725,11,0,115,0,0,0,0,0,0,0,446,0,0,0,0,0,0,0,0,0,0,0,0,0,0,0,0
14940,4,4,6,8,40,0,864,0,-1,0,132590,11,0,55,0,0,0,0,0,0,0,262,0,0,0,0,0,0,0,0,0,0,0,0,0,0,0,0
14941,4,4,6,9,40,0,1115,0,-1,0,132618,11,0,40,0,0,0,0,0,0,0,148,0,0,0,0,0,0,0,0,0,0,0,0,0,0,0,0
14942,4,4,6,10,40,0,779,0,-1,0,132961,11,0,40,0,0,0,0,0,0,0,212,0,0,0,0,0,0,0,0,0,0,0,0,0,0,0,0
14943,4,4,6,6,40,0,947,0,-1,0,132503,11,0,40,0,0,0,0,0,0,0,191,0,0,0,0,0,0,0,0,0,0,0,0,0,0,0,0
14944,4,4,6,1,40,0,696,0,-1,0,132517,11,0,70,0,0,0,0,0,0,0,355,0,0,0,0,0,0,0,0,0,0,0,0,0,0,0,0
14945,4,4,6,7,40,0,612,0,-1,0,134584,11,0,85,0,0,0,0,0,0,0,382,0,0,0,0,0,0,0,0,0,0,0,0,0,0,0,0
14946,4,4,6,3,40,0,1200,0,-1,0,135053,11,0,70,0,0,0,0,0,0,0,286,0,0,0,0,0,0,0,0,0,0,0,0,0,0,0,0
14947,4,6,1,14,41,4,2058,0,-1,0,134965,9,0,85,0,0,0,0,0,0,0,1436,0,0,0,0,0,0,0,0,0,0,0,0,0,0,0,0
14948,4,4,6,5,46,0,530,0,-1,0,132629,11,0,115,0,0,0,0,0,0,0,489,0,0,0,0,0,0,0,0,0,0,0,0,0,0,0,0
14949,4,4,6,10,42,0,781,0,-1,0,132953,11,0,40,0,0,0,0,0,0,0,284,0,0,0,0,0,0,0,0,0,0,0,0,0,0,0,0
14950,4,4,6,6,41,0,949,0,-1,0,132502,11,0,40,0,0,0,0,0,0,0,251,0,0,0,0,0,0,0,0,0,0,0,0,0,0,0,0
14951,4,4,6,8,42,0,865,0,-1,0,132536,11,0,55,0,0,0,0,0,0,0,312,0,0,0,0,0,0,0,0,0,0,0,0,0,0,0,0
14952,4,4,6,1,45,0,698,0,-1,0,133101,11,0,70,0,0,0,0,0,0,0,390,0,0,0,0,0,0,0,0,0,0,0,0,0,0,0,0
14953,4,4,6,7,44,0,614,0,-1,0,134586,11,0,85,0,0,0,0,0,0,0,413,0,0,0,0,0,0,0,0,0,0,0,0,0,0,0,0
14954,4,6,1,14,46,4,2064,0,-1,0,134951,9,0,85,0,0,0,0,0,0,0,1578,0,0,0,0,0,0,0,0,0,0,0,0,0,0,0,0
14955,4,4,6,3,42,0,1201,0,-1,0,135054,11,0,70,0,0,0,0,0,0,0,341,0,0,0,0,0,0,0,0,0,0,0,0,0,0,0,0
14956,4,4,6,9,40,0,1116,0,-1,0,132608,11,0,40,0,0,0,0,0,0,0,191,0,0,0,0,0,0,0,0,0,0,0,0,0,0,0,0
14957,4,4,6,8,46,0,866,0,-1,0,132539,11,0,55,0,0,0,0,0,0,0,336,0,0,0,0,0,0,0,0,0,0,0,0,0,0,0,0
14958,4,4,6,5,51,0,532,0,-1,0,132636,11,0,115,0,0,0,0,0,0,0,534,0,0,0,0,0,0,0,0,0,0,0,0,0,0,0,0
14959,4,4,6,10,47,0,783,0,-1,0,132940,11,0,40,0,0,0,0,0,0,0,311,0,0,0,0,0,0,0,0,0,0,0,0,0,0,0,0
14960,4,4,6,6,46,0,950,0,-1,0,132518,11,0,40,0,0,0,0,0,0,0,275,0,0,0,0,0,0,0,0,0,0,0,0,0,0,0,0
14961,4,4,6,1,50,0,700,0,-1,0,133125,11,0,70,0,0,0,0,0,0,0,426,0,0,0,0,0,0,0,0,0,0,0,0,0,0,0,0
14962,4,4,6,7,49,0,615,0,-1,0,134588,11,0,85,0,0,0,0,0,0,0,451,0,0,0,0,0,0,0,0,0,0,0,0,0,0,0,0
14963,4,4,6,3,48,0,1203,0,-1,0,135036,11,0,70,0,0,0,0,0,0,0,380,0,0,0,0,0,0,0,0,0,0,0,0,0,0,0,0
14964,4,6,1,14,51,4,2076,0,-1,0,134966,9,0,85,0,0,0,0,0,0,0,1720,0,0,0,0,0,0,0,0,0,0,0,0,0,0,0,0
14965,4,4,6,9,44,0,1118,0,-1,0,132612,11,0,40,0,0,0,0,0,0,0,206,0,0,0,0,0,0,0,0,0,0,0,0,0,0,0,0
14966,4,4,6,5,56,0,534,0,-1,0,132738,11,0,115,0,0,0,0,0,0,0,579,0,0,0,0,0,0,0,0,0,0,0,0,0,0,0,0
14967,4,4,6,10,51,0,784,0,-1,0,132944,11,0,40,0,0,0,0,0,0,0,334,0,0,0,0,0,0,0,0,0,0,0,0,0,0,0,0
14968,4,4,6,6,50,0,952,0,-1,0,132500,11,0,40,0,0,0,0,0,0,0,295,0,0,0,0,0,0,0,0,0,0,0,0,0,0,0,0
14969,4,4,6,1,54,0,701,0,-1,0,133073,11,0,70,0,0,0,0,0,0,0,456,0,0,0,0,0,0,0,0,0,0,0,0,0,0,0,0
14970,4,4,6,7,53,0,617,0,-1,0,134582,11,0,85,0,0,0,0,0,0,0,483,0,0,0,0,0,0,0,0,0,0,0,0,0,0,0,0
14971,4,4,6,3,52,0,1204,0,-1,0,135051,11,0,70,0,0,0,0,0,0,0,407,0,0,0,0,0,0,0,0,0,0,0,0,0,0,0,0
14972,4,4,6,8,51,0,868,0,-1,0,132584,11,0,55,0,0,0,0,0,0,0,367,0,0,0,0,0,0,0,0,0,0,0,0,0,0,0,0
14973,4,6,1,14,55,4,2082,0,-1,0,134961,9,0,85,0,0,0,0,0,0,0,1833,0,0,0,0,0,0,0,0,0,0,0,0,0,0,0,0
14974,4,4,6,9,50,0,1120,0,-1,0,132618,11,0,40,0,0,0,0,0,0,0,229,0,0,0,0,0,0,0,0,0,0,0,0,0,0,0,0
14975,4,4,6,5,60,0,535,0,-1,0,132745,11,0,115,0,0,0,0,0,0,0,615,0,0,0,0,0,0,0,0,0,0,0,0,0,0,0,0
14976,4,4,6,10,56,0,786,0,-1,0,132938,11,0,40,0,0,0,0,0,0,0,362,0,0,0,0,0,0,0,0,0,0,0,0,0,0,0,0
14977,4,4,6,6,55,0,953,0,-1,0,132513,11,0,40,0,0,0,0,0,0,0,320,0,0,0,0,0,0,0,0,0,0,0,0,0,0,0,0
14978,4,4,6,8,58,0,870,0,-1,0,132592,11,0,55,0,0,0,0,0,0,0,410,0,0,0,0,0,0,0,0,0,0,0,0,0,0,0,0
14979,4,4,6,1,59,0,703,0,-1,0,133078,11,0,70,0,0,0,0,0,0,0,492,0,0,0,0,0,0,0,0,0,0,0,0,0,0,0,0
14980,4,4,6,7,58,0,618,0,-1,0,134592,11,0,85,0,0,0,0,0,0,0,522,0,0,0,0,0,0,0,0,0,0,0,0,0,0,0,0
14981,4,4,6,3,57,0,1206,0,-1,0,135044,11,0,70,0,0,0,0,0,0,0,441,0,0,0,0,0,0,0,0,0,0,0,0,0,0,0,0
14983,4,4,6,9,54,0,1121,0,-1,0,132608,11,0,40,0,0,0,0,0,0,0,245,0,0,0,0,0,0,0,0,0,0,0,0,0,0,0,0
15018,4,2,8,5,15,0,478,0,-1,0,132715,7,0,70,0,0,0,0,0,0,0,78,0,0,0,0,0,0,0,0,0,0,0,0,0,0,0,0
15045,4,3,5,5,47,0,0,0,-1,0,132628,10,0,120,0,0,0,0,0,0,0,311,0,0,11,0,0,0,0,0,0,0,0,0,0,0,0,0
15046,4,3,5,7,49,0,0,0,-1,0,134585,10,0,90,0,0,0,0,0,0,0,282,0,0,11,0,0,0,0,0,0,0,0,0,0,0,0,0
15047,4,3,5,5,56,0,0,0,-1,0,132628,10,0,120,0,0,0,0,0,0,0,360,0,12,0,0,0,0,0,0,0,0,0,0,0,0,0,0
15048,4,3,5,5,52,0,0,0,-1,0,132626,10,0,120,0,0,0,0,0,0,0,338,0,0,0,0,0,8,0,0,0,0,0,0,0,0,0,0
15049,4,3,5,3,54,0,0,0,-1,0,135049,10,0,70,0,0,0,0,0,0,0,262,0,0,0,0,0,6,0,0,0,0,0,0,0,0,0,0
15050,4,3,5,5,53,0,0,0,-1,0,132741,10,0,120,0,0,0,0,0,0,0,344,0,12,0,0,0,0,0,0,0,0,0,0,0,0,0,0
15051,4,3,5,3,55,0,0,0,-1,0,135032,10,0,70,0,0,0,0,0,0,0,266,0,6,0,0,0,0,0,0,0,0,0,0,0,0,0,0
15052,4,3,5,7,57,0,0,0,-1,0,134583,10,0,90,0,0,0,0,0,0,0,320,0,13,0,0,0,0,0,0,0,0,0,0,0,0,0,0
15053,4,2,8,5,52,0,0,0,-1,0,132722,7,0,85,0,0,0,0,0,0,0,148,0,20,0,0,0,0,0,0,0,0,0,0,0,0,0,0
15054,4,2,8,7,49,0,0,0,-1,0,134586,7,0,65,0,0,0,0,0,0,0,124,0,20,0,0,0,0,0,0,0,0,0,0,0,0,0,0
15055,4,2,8,3,56,0,0,0,-1,0,135044,7,0,50,0,0,0,0,0,0,0,117,0,18,0,0,0,0,0,0,0,0,0,0,0,0,0,0
15056,4,2,8,5,52,0,0,0,-1,0,132723,7,0,100,0,0,0,0,0,0,0,163,0,0,0,0,0,0,0,0,0,0,0,0,0,0,0,0
15057,4,2,8,7,50,0,0,0,-1,0,134589,7,0,75,0,0,0,0,0,0,0,138,0,0,0,0,0,0,0,0,0,0,0,0,0,0,0,0
15058,4,2,8,3,54,0,0,0,-1,0,135036,7,0,60,0,0,0,0,0,0,0,126,0,0,0,0,0,0,0,0,0,0,0,0,0,0,0,0
15059,4,2,8,5,55,0,0,0,-1,0,132742,7,0,100,0,0,0,0,0,0,0,169,0,0,5,0,0,0,0,0,0,0,0,0,0,0,0,0
15060,4,2,8,7,52,0,0,0,-1,0,134585,7,0,75,0,0,0,0,0,0,0,142,0,0,5,0,0,0,0,0,0,0,0,0,0,0,0,0
15061,4,2,8,3,49,0,0,0,-1,0,135049,7,0,60,0,0,0,0,0,0,0,117,0,0,3,0,0,0,0,0,0,0,0,0,0,0,0,0
15062,4,2,8,7,55,0,0,0,-1,0,134706,7,0,75,0,0,0,0,0,0,0,148,0,0,0,0,0,0,0,0,0,0,0,0,0,0,0,0
15063,4,2,8,10,53,0,0,0,-1,0,132960,7,0,35,0,0,0,0,0,0,0,103,0,0,0,0,0,0,0,0,0,0,0,0,0,0,0,0
15064,4,2,8,5,50,0,0,0,-1,0,132719,7,0,100,0,0,0,0,0,0,0,158,0,0,0,0,0,0,0,0,0,0,0,0,0,0,0,0
15065,4,2,8,7,52,0,0,0,-1,0,134706,7,0,75,0,0,0,0,0,0,0,142,0,0,0,0,0,0,0,0,0,0,0,0,0,0,0,0
15066,4,2,8,5,53,0,0,0,-1,0,132721,7,0,100,0,0,0,0,0,0,0,165,0,0,0,0,0,0,0,0,0,0,0,0,0,0,0,0
15067,4,2,8,3,49,0,0,0,-1,0,135037,7,0,60,0,0,0,0,0,0,0,117,0,0,0,0,0,0,0,0,0,0,0,0,0,0,0,0
15068,4,2,8,5,57,0,0,0,-1,0,132632,7,0,85,0,0,0,0,0,0,0,158,0,0,0,18,18,0,0,0,0,0,0,0,0,0,0,0
15069,4,2,8,7,52,0,0,0,-1,0,134581,7,0,65,0,0,0,0,0,0,0,129,0,0,0,17,16,0,0,0,0,0,0,0,0,0,0,0
15070,4,2,8,10,54,0,0,0,-1,0,132950,7,0,30,0,0,0,0,0,0,0,95,0,0,0,13,12,0,0,0,0,0,0,0,0,0,0,0
15071,4,2,8,8,50,0,0,0,-1,0,132539,7,0,45,0,0,0,0,0,0,0,99,0,0,0,12,12,0,0,0,0,0,0,0,0,0,0,0
15072,4,2,8,7,51,0,0,0,-1,0,134582,7,0,65,0,0,0,0,0,0,0,127,0,0,16,0,0,16,0,0,0,0,0,0,0,0,0,0
15073,4,2,8,8,50,0,0,0,-1,0,132541,7,0,45,0,0,0,0,0,0,0,99,0,0,12,0,0,12,0,0,0,0,0,0,0,0,0,0
15074,4,2,8,10,48,0,0,0,-1,0,132957,7,0,30,0,0,0,0,0,0,0,87,0,0,12,0,0,11,0,0,0,0,0,0,0,0,0,0
15075,4,2,8,5,53,0,0,0,-1,0,132722,7,0,85,0,0,0,0,0,0,0,150,0,0,17,0,0,16,0,0,0,0,0,0,0,0,0,0
15076,4,3,5,5,48,0,0,0,-1,0,132637,10,0,100,0,0,0,0,0,0,0,288,0,0,0,0,0,0,0,0,0,0,0,0,0,0,0,0
15077,4,3,5,9,46,0,0,0,-1,0,132608,10,0,35,0,0,0,0,0,0,0,122,0,0,0,0,0,0,0,0,0,0,0,0,0,0,0,0
15078,4,3,5,10,50,0,0,0,-1,0,132958,10,0,35,0,0,0,0,0,0,0,186,0,0,0,0,0,0,0,0,0,0,0,0,0,0,0,0
15079,4,3,5,7,52,0,0,0,-1,0,134592,10,0,75,0,0,0,0,0,0,0,269,0,0,0,0,0,0,0,0,0,0,0,0,0,0,0,0
15080,4,3,5,1,54,0,0,0,-1,0,133122,10,0,60,0,0,0,0,0,0,0,258,0,0,0,0,0,0,0,0,0,0,0,0,0,0,0,0
15081,4,3,5,3,56,0,0,0,-1,0,135038,10,0,60,0,0,0,0,0,0,0,245,0,0,0,0,0,0,0,0,0,0,0,0,0,0,0,0
15082,4,3,5,6,51,0,0,0,-1,0,132492,10,0,35,0,0,0,0,0,0,0,170,0,0,0,0,0,0,0,0,0,0,0,0,0,0,0,0
15083,4,2,8,10,47,0,0,0,-1,0,132965,7,0,30,0,0,0,0,0,0,0,86,0,0,0,0,0,0,0,0,0,0,0,0,0,0,0,0
15084,4,2,8,9,48,0,0,0,-1,0,132606,7,0,30,0,0,0,0,0,0,0,61,0,0,0,0,0,0,0,0,0,0,0,0,0,0,0,0
15085,4,2,8,5,56,0,0,0,-1,0,132741,7,0,85,0,0,0,0,0,0,0,156,0,0,0,0,0,0,0,0,0,0,0,0,0,0,0,0
15086,4,2,8,1,51,0,0,0,-1,0,133683,7,0,50,0,0,0,0,0,0,0,118,0,0,0,0,0,0,0,0,0,0,0,0,0,0,0,0
15087,4,2,8,7,53,0,0,0,-1,0,134592,7,0,65,0,0,0,0,0,0,0,131,0,0,0,0,0,0,0,0,0,0,0,0,0,0,0,0
15088,4,2,8,6,55,0,0,0,-1,0,132492,7,0,30,0,0,0,0,0,0,0,87,0,0,0,0,0,0,0,0,0,0,0,0,0,0,0,0
15090,4,2,8,5,57,0,0,0,-1,0,132722,7,0,85,0,0,0,0,0,0,0,158,0,0,0,0,0,0,0,0,0,0,0,0,0,0,0,0
15091,4,2,8,10,49,0,0,0,-1,0,132965,7,0,30,0,0,0,0,0,0,0,88,0,0,0,0,0,0,0,0,0,0,0,0,0,0,0,0
15092,4,2,8,9,50,0,0,0,-1,0,132610,7,0,30,0,0,0,0,0,0,0,63,0,0,0,0,0,0,0,0,0,0,0,0,0,0,0,0
15093,4,2,8,6,51,0,0,0,-1,0,132512,7,0,30,0,0,0,0,0,0,0,82,0,0,0,0,0,0,0,0,0,0,0,0,0,0,0,0
15094,4,2,8,1,53,0,0,0,-1,0,133681,7,0,50,0,0,0,0,0,0,0,122,0,0,0,0,0,0,0,0,0,0,0,0,0,0,0,0
15095,4,2,8,7,55,0,0,0,-1,0,134582,7,0,65,0,0,0,0,0,0,0,135,0,0,0,0,0,0,0,0,0,0,0,0,0,0,0,0
15096,4,2,8,3,57,0,0,0,-1,0,135046,7,0,50,0,0,0,0,0,0,0,119,0,0,0,0,0,0,0,0,0,0,0,0,0,0,0,0
15105,2,10,2,17,0,2,0,0,-1,0,135151,13,0,85,0,0,0,0,0,0,0,0,0,0,0,0,0,0,62,0,0,0,0,94,0,0,0,0
15106,2,10,2,17,0,2,0,0,-1,0,135149,13,0,85,0,0,0,0,0,0,0,0,0,0,0,0,0,0,62,0,0,0,0,94,0,0,0,0
15109,2,10,2,17,0,2,0,0,-1,0,135146,13,0,75,0,0,0,0,0,0,0,0,0,0,0,0,0,0,39,0,0,0,0,59,0,0,0,0
15110,4,2,8,6,15,0,898,0,-1,0,132494,7,0,25,0,0,0,0,0,0,0,44,0,0,0,0,0,0,0,0,0,0,0,0,0,0,0,0
15111,4,2,8,8,16,0,814,0,-1,0,132537,7,0,35,0,0,0,0,0,0,0,54,0,0,0,0,0,0,0,0,0,0,0,0,0,0,0,0
15112,4,2,8,9,15,0,1066,0,-1,0,132600,7,0,25,0,0,0,0,0,0,0,34,0,0,0,0,0,0,0,0,0,0,0,0,0,0,0,0
15113,4,6,1,14,18,4,2010,0,-1,0,134955,9,0,70,0,0,0,0,0,0,0,461,0,0,0,0,0,0,0,0,0,0,0,0,0,0,0,0
15115,4,2,8,10,17,0,731,0,-1,0,132958,7,0,25,0,0,0,0,0,0,0,50,0,0,0,0,0,0,0,0,0,0,0,0,0,0,0,0
15116,4,2,8,3,21,0,1152,0,-1,0,135039,7,0,50,0,0,0,0,0,0,0,65,0,0,0,0,0,0,0,0,0,0,0,0,0,0,0,0
15118,4,2,8,5,21,0,480,0,-1,0,132725,7,0,80,0,0,0,0,0,0,0,87,0,0,0,0,0,0,0,0,0,0,0,0,0,0,0,0
15120,4,2,8,6,21,0,900,0,-1,0,132495,7,0,30,0,0,0,0,0,0,0,49,0,0,0,0,0,0,0,0,0,0,0,0,0,0,0,0
15122,4,2,8,9,20,0,1068,0,-1,0,132611,7,0,30,0,0,0,0,0,0,0,37,0,0,0,0,0,0,0,0,0,0,0,0,0,0,0,0
15123,4,6,1,14,23,4,2020,0,-1,0,134956,9,0,80,0,0,0,0,0,0,0,545,0,0,0,0,0,0,0,0,0,0,0,0,0,0,0,0
15124,4,1,7,16,20,0,984,0,-1,0,133755,7,0,0,0,0,0,0,0,0,0,19,0,0,0,0,0,0,0,0,0,0,0,0,0,0,0,0
15125,4,2,8,10,24,0,733,0,-1,0,132958,7,0,30,0,0,0,0,0,0,0,57,0,0,0,0,0,0,0,0,0,0,0,0,0,0,0,0
15126,4,2,8,7,24,0,565,0,-1,0,134587,7,0,65,0,0,0,0,0,0,0,80,0,0,0,0,0,0,0,0,0,0,0,0,0,0,0,0
15127,4,2,8,3,25,0,1153,0,-1,0,135039,7,0,50,0,0,0,0,0,0,0,70,0,0,0,0,0,0,0,0,0,0,0,0,0,0,0,0
15128,4,2,8,5,26,0,482,0,-1,0,132646,7,0,85,0,0,0,0,0,0,0,95,0,0,0,0,0,0,0,0,0,0,0,0,0,0,0,0
15129,4,2,8,1,26,0,650,0,-1,0,133117,7,0,50,0,0,0,0,0,0,0,77,0,0,0,0,0,0,0,0,0,0,0,0,0,0,0,0
15130,4,2,8,5,29,0,483,0,-1,0,132719,7,0,85,0,0,0,0,0,0,0,100,0,0,0,0,0,0,0,0,0,0,0,0,0,0,0,0
15131,4,2,8,8,27,0,818,0,-1,0,132539,7,0,45,0,0,0,0,0,0,0,67,0,0,0,0,0,0,0,0,0,0,0,0,0,0,0,0
15132,4,2,8,9,24,0,1069,0,-1,0,132609,7,0,30,0,0,0,0,0,0,0,40,0,0,0,0,0,0,0,0,0,0,0,0,0,0,0,0
15133,4,6,1,14,28,4,2026,0,-1,0,134955,9,0,85,0,0,0,0,0,0,0,628,0,0,0,0,0,0,0,0,0,0,0,0,0,0,0,0
15134,4,2,8,1,32,0,652,0,-1,0,133117,7,0,50,0,0,0,0,0,0,0,85,0,0,0,0,0,0,0,0,0,0,0,0,0,0,0,0
15135,4,1,7,16,25,0,985,0,-1,0,133760,7,0,0,0,0,0,0,0,0,0,21,0,0,0,0,0,0,0,0,0,0,0,0,0,0,0,0
15136,4,2,8,6,26,0,902,0,-1,0,132500,7,0,30,0,0,0,0,0,0,0,54,0,0,0,0,0,0,0,0,0,0,0,0,0,0,0,0
15137,4,2,8,10,28,0,734,0,-1,0,132956,7,0,30,0,0,0,0,0,0,0,61,0,0,0,0,0,0,0,0,0,0,0,0,0,0,0,0
15138,4,1,7,16,55,0,0,0,-1,0,133757,7,0,0,0,0,0,0,0,0,0,43,0,16,0,0,0,0,0,0,0,0,0,0,0,0,0,0
15139,4,2,8,7,28,0,566,0,-1,0,134587,7,0,65,0,0,0,0,0,0,0,86,0,0,0,0,0,0,0,0,0,0,0,0,0,0,0,0
15140,4,2,8,3,29,0,1155,0,-1,0,135042,7,0,50,0,0,0,0,0,0,0,75,0,0,0,0,0,0,0,0,0,0,0,0,0,0,0,0
15142,4,2,8,8,30,0,819,0,-1,0,132592,7,0,45,0,0,0,0,0,0,0,70,0,0,0,0,0,0,0,0,0,0,0,0,0,0,0,0
15143,4,2,8,9,28,0,1070,0,-1,0,132607,7,0,30,0,0,0,0,0,0,0,43,0,0,0,0,0,0,0,0,0,0,0,0,0,0,0,0
15144,4,2,8,5,32,0,484,0,-1,0,132736,7,0,85,0,0,0,0,0,0,0,105,0,0,0,0,0,0,0,0,0,0,0,0,0,0,0,0
15145,4,6,1,14,31,4,2032,0,-1,0,134956,9,0,85,0,0,0,0,0,0,0,678,0,0,0,0,0,0,0,0,0,0,0,0,0,0,0,0
15146,4,2,8,1,34,0,652,0,-1,0,133117,7,0,50,0,0,0,0,0,0,0,88,0,0,0,0,0,0,0,0,0,0,0,0,0,0,0,0
15147,4,1,7,16,28,0,986,0,-1,0,133758,7,0,0,0,0,0,0,0,0,0,23,0,0,0,0,0,0,0,0,0,0,0,0,0,0,0,0
15148,4,2,8,6,29,0,903,0,-1,0,132493,7,0,30,0,0,0,0,0,0,0,56,0,0,0,0,0,0,0,0,0,0,0,0,0,0,0,0
15149,4,2,8,10,31,0,735,0,-1,0,132939,7,0,30,0,0,0,0,0,0,0,64,0,0,0,0,0,0,0,0,0,0,0,0,0,0,0,0
15150,4,2,8,3,31,0,1155,0,-1,0,135039,7,0,50,0,0,0,0,0,0,0,77,0,0,0,0,0,0,0,0,0,0,0,0,0,0,0,0
15151,4,2,8,7,31,0,567,0,-1,0,134706,7,0,65,0,0,0,0,0,0,0,90,0,0,0,0,0,0,0,0,0,0,0,0,0,0,0,0
15152,4,2,8,8,36,0,821,0,-1,0,132542,7,0,45,0,0,0,0,0,0,0,77,0,0,0,0,0,0,0,0,0,0,0,0,0,0,0,0
15153,4,1,7,16,32,0,988,0,-1,0,133754,7,0,0,0,0,0,0,0,0,0,24,0,0,0,0,0,0,0,0,0,0,0,0,0,0,0,0
15154,4,2,8,6,33,0,904,0,-1,0,132504,7,0,30,0,0,0,0,0,0,0,60,0,0,0,0,0,0,0,0,0,0,0,0,0,0,0,0
15155,4,2,8,10,34,0,736,0,-1,0,132959,7,0,30,0,0,0,0,0,0,0,68,0,0,0,0,0,0,0,0,0,0,0,0,0,0,0,0
15156,4,2,8,1,38,0,654,0,-1,0,133111,7,0,50,0,0,0,0,0,0,0,95,0,0,0,0,0,0,0,0,0,0,0,0,0,0,0,0
15157,4,2,8,7,36,0,569,0,-1,0,134583,7,0,65,0,0,0,0,0,0,0,99,0,0,0,0,0,0,0,0,0,0,0,0,0,0,0,0
15158,4,2,8,3,35,0,1157,0,-1,0,135053,7,0,50,0,0,0,0,0,0,0,83,0,0,0,0,0,0,0,0,0,0,0,0,0,0,0,0
15159,4,2,8,5,37,0,485,0,-1,0,132720,7,0,85,0,0,0,0,0,0,0,115,0,0,0,0,0,0,0,0,0,0,0,0,0,0,0,0
15160,4,2,8,9,34,0,1072,0,-1,0,132608,7,0,30,0,0,0,0,0,0,0,48,0,0,0,0,0,0,0,0,0,0,0,0,0,0,0,0
15161,4,2,8,6,38,0,906,0,-1,0,132501,7,0,30,0,0,0,0,0,0,0,66,0,0,0,0,0,0,0,0,0,0,0,0,0,0,0,0
15162,4,2,8,8,40,0,822,0,-1,0,132536,7,0,45,0,0,0,0,0,0,0,84,0,0,0,0,0,0,0,0,0,0,0,0,0,0,0,0
15163,4,2,8,9,38,0,1074,0,-1,0,132615,7,0,30,0,0,0,0,0,0,0,51,0,0,0,0,0,0,0,0,0,0,0,0,0,0,0,0
15164,4,2,8,5,42,0,487,0,-1,0,132720,7,0,85,0,0,0,0,0,0,0,126,0,0,0,0,0,0,0,0,0,0,0,0,0,0,0,0
15165,4,1,7,16,37,0,989,0,-1,0,133770,7,0,0,0,0,0,0,0,0,0,28,0,0,0,0,0,0,0,0,0,0,0,0,0,0,0,0
15166,4,2,8,10,40,0,738,0,-1,0,132956,7,0,30,0,0,0,0,0,0,0,76,0,0,0,0,0,0,0,0,0,0,0,0,0,0,0,0
15167,4,2,8,1,43,0,655,0,-1,0,133694,7,0,50,0,0,0,0,0,0,0,104,0,0,0,0,0,0,0,0,0,0,0,0,0,0,0,0
15168,4,2,8,7,40,0,570,0,-1,0,134586,7,0,65,0,0,0,0,0,0,0,106,0,0,0,0,0,0,0,0,0,0,0,0,0,0,0,0
15169,4,2,8,3,39,0,1158,0,-1,0,135054,7,0,50,0,0,0,0,0,0,0,90,0,0,0,0,0,0,0,0,0,0,0,0,0,0,0,0
15170,4,2,8,5,47,0,489,0,-1,0,132635,7,0,85,0,0,0,0,0,0,0,137,0,0,0,0,0,0,0,0,0,0,0,0,0,0,0,0
15171,4,2,8,8,45,0,824,0,-1,0,132535,7,0,45,0,0,0,0,0,0,0,91,0,0,0,0,0,0,0,0,0,0,0,0,0,0,0,0
15172,4,2,8,9,42,0,1075,0,-1,0,132613,7,0,30,0,0,0,0,0,0,0,55,0,0,0,0,0,0,0,0,0,0,0,0,0,0,0,0
15173,4,1,7,16,41,0,991,0,-1,0,133758,7,0,0,0,0,0,0,0,0,0,30,0,0,0,0,0,0,0,0,0,0,0,0,0,0,0,0
15174,4,2,8,10,45,0,740,0,-1,0,132946,7,0,30,0,0,0,0,0,0,0,83,0,0,0,0,0,0,0,0,0,0,0,0,0,0,0,0
15175,4,2,8,1,46,0,656,0,-1,0,133111,7,0,50,0,0,0,0,0,0,0,109,0,0,0,0,0,0,0,0,0,0,0,0,0,0,0,0
15176,4,2,8,7,45,0,572,0,-1,0,134586,7,0,65,0,0,0,0,0,0,0,116,0,0,0,0,0,0,0,0,0,0,0,0,0,0,0,0
15177,4,2,8,3,44,0,1160,0,-1,0,135044,7,0,50,0,0,0,0,0,0,0,98,0,0,0,0,0,0,0,0,0,0,0,0,0,0,0,0
15178,4,2,8,6,42,0,907,0,-1,0,132505,7,0,30,0,0,0,0,0,0,0,71,0,0,0,0,0,0,0,0,0,0,0,0,0,0,0,0
15179,4,2,8,5,52,0,490,0,-1,0,132629,7,0,85,0,0,0,0,0,0,0,148,0,0,0,0,0,0,0,0,0,0,0,0,0,0,0,0
15180,4,2,8,6,48,0,909,0,-1,0,132500,7,0,30,0,0,0,0,0,0,0,78,0,0,0,0,0,0,0,0,0,0,0,0,0,0,0,0
15181,4,2,8,8,50,0,826,0,-1,0,132588,7,0,45,0,0,0,0,0,0,0,99,0,0,0,0,0,0,0,0,0,0,0,0,0,0,0,0
15182,4,2,8,9,46,0,1076,0,-1,0,132613,7,0,30,0,0,0,0,0,0,0,59,0,0,0,0,0,0,0,0,0,0,0,0,0,0,0,0
15183,4,1,7,16,45,0,992,0,-1,0,133770,7,0,0,0,0,0,0,0,0,0,33,0,0,0,0,0,0,0,0,0,0,0,0,0,0,0,0
15184,4,2,8,10,49,0,741,0,-1,0,132963,7,0,30,0,0,0,0,0,0,0,88,0,0,0,0,0,0,0,0,0,0,0,0,0,0,0,0
15185,4,2,8,1,52,0,658,0,-1,0,132500,7,0,50,0,0,0,0,0,0,0,120,0,0,0,0,0,0,0,0,0,0,0,0,0,0,0,0
15186,4,2,8,7,50,0,574,0,-1,0,134586,7,0,65,0,0,0,0,0,0,0,126,0,0,0,0,0,0,0,0,0,0,0,0,0,0,0,0
15187,4,2,8,3,49,0,1161,0,-1,0,135054,7,0,50,0,0,0,0,0,0,0,106,0,0,0,0,0,0,0,0,0,0,0,0,0,0,0,0
15188,4,2,8,9,52,0,1078,0,-1,0,132617,7,0,30,0,0,0,0,0,0,0,65,0,0,0,0,0,0,0,0,0,0,0,0,0,0,0,0
15189,4,2,8,8,55,0,827,0,-1,0,132541,7,0,45,0,0,0,0,0,0,0,106,0,0,0,0,0,0,0,0,0,0,0,0,0,0,0,0
15190,4,1,7,16,50,0,994,0,-1,0,133754,7,0,0,0,0,0,0,0,0,0,36,0,0,0,0,0,0,0,0,0,0,0,0,0,0,0,0
15191,4,2,8,6,52,0,910,0,-1,0,132501,7,0,30,0,0,0,0,0,0,0,83,0,0,0,0,0,0,0,0,0,0,0,0,0,0,0,0
15192,4,2,8,10,55,0,743,0,-1,0,132965,7,0,30,0,0,0,0,0,0,0,96,0,0,0,0,0,0,0,0,0,0,0,0,0,0,0,0
15193,4,2,8,1,57,0,660,0,-1,0,133074,7,0,50,0,0,0,0,0,0,0,129,0,0,0,0,0,0,0,0,0,0,0,0,0,0,0,0
15194,4,2,8,7,56,0,576,0,-1,0,134586,7,0,65,0,0,0,0,0,0,0,136,0,0,0,0,0,0,0,0,0,0,0,0,0,0,0,0
15195,4,2,8,5,57,0,492,0,-1,0,132720,7,0,85,0,0,0,0,0,0,0,158,0,0,0,0,0,0,0,0,0,0,0,0,0,0,0,0
15200,4,0,5,2,30,0,0,0,-1,0,134317,14,0,0,0,0,0,0,0,0,0,0,0,0,0,0,0,0,0,0,0,0,0,0,0,0,0,0
15203,4,3,5,7,0,0,0,0,-1,0,134588,10,0,60,0,0,0,0,0,0,0,141,0,0,0,0,0,0,0,0,0,0,0,0,0,0,0,0
15204,2,19,2,26,0,0,0,0,-1,0,135469,21,0,40,0,0,6,0,0,0,0,0,0,0,0,0,0,0,17,0,0,0,0,32,0,0,0,0
15205,2,3,1,26,0,0,0,0,-1,0,135613,8,0,50,3,0,0,0,0,0,0,0,0,0,0,0,0,0,14,0,0,0,0,27,0,0,0,0
15206,4,0,0,23,0,7,0,0,-1,0,135466,21,0,0,0,0,0,0,0,0,0,0,0,0,0,0,0,0,0,0,0,0,0,0,0,0,0,0
15207,4,6,1,14,0,4,0,0,-1,0,134957,9,0,65,0,0,0,0,0,0,0,411,0,0,0,0,0,0,0,0,0,0,0,0,0,0,0,0
15211,2,7,1,13,17,3,5195,0,-1,0,135321,8,0,60,0,0,0,0,0,0,0,0,0,0,0,0,0,0,19,0,0,0,0,36,0,0,0,0
15212,2,7,1,21,22,3,5204,0,-1,0,135356,8,0,70,0,0,0,0,0,0,0,0,0,0,0,0,0,0,27,0,0,0,0,51,0,0,0,0
15213,2,7,1,13,31,3,5231,0,-1,0,135346,8,0,75,0,0,0,0,0,0,0,0,0,0,0,0,0,0,31,0,0,0,0,59,0,0,0,0
15214,2,7,1,13,35,3,5249,0,-1,0,135321,8,0,75,0,0,0,0,0,0,0,0,0,0,0,0,0,0,32,0,0,0,0,61,0,0,0,0
15215,2,7,1,21,40,3,5258,0,-1,0,135314,8,0,75,0,0,0,0,0,0,0,0,0,0,0,0,0,0,46,0,0,0,0,87,0,0,0,0
15216,2,7,1,13,46,3,5276,0,-1,0,135351,8,0,75,0,0,0,0,0,0,0,0,0,0,0,0,0,0,34,0,0,0,0,63,0,0,0,0
15217,2,7,1,13,49,3,5285,0,-1,0,135351,8,0,75,0,0,0,0,0,0,0,0,0,0,0,0,0,0,45,0,0,0,0,84,0,0,0,0
15218,2,7,1,13,52,3,5294,0,-1,0,135349,8,0,75,0,0,0,0,0,0,0,0,0,0,0,0,0,0,54,0,0,0,0,102,0,0,0,0
15219,2,7,1,13,54,3,5303,0,-1,0,135324,8,0,75,0,0,0,0,0,0,0,0,0,0,0,0,0,0,39,0,0,0,0,73,0,0,0,0
15220,2,7,1,21,57,3,5312,0,-1,0,135346,8,0,75,0,0,0,0,0,0,0,0,0,0,0,0,0,0,57,0,0,0,0,106,0,0,0,0
15221,2,7,1,13,60,3,5321,0,-1,0,135276,8,0,75,0,0,0,0,0,0,0,0,0,0,0,0,0,0,59,0,0,0,0,111,0,0,0,0
15223,2,4,2,21,19,3,5197,0,-1,0,133045,8,0,65,0,0,0,0,0,0,0,0,0,0,0,0,0,0,24,0,0,0,0,45,0,0,0,0
15224,2,4,2,13,20,3,5206,0,-1,0,133045,8,0,65,0,0,0,0,0,0,0,0,0,0,0,0,0,0,24,0,0,0,0,45,0,0,0,0
15225,2,4,2,21,28,3,5224,0,-1,0,133045,8,0,75,0,0,0,0,0,0,0,0,0,0,0,0,0,0,32,0,0,0,0,60,0,0,0,0
15226,2,4,2,21,32,3,5242,0,-1,0,133053,8,0,75,0,0,0,0,0,0,0,0,0,0,0,0,0,0,26,0,0,0,0,49,0,0,0,0
15227,2,4,2,13,44,3,5278,0,-1,0,133490,8,0,75,0,0,0,0,0,0,0,0,0,0,0,0,0,0,49,0,0,0,0,91,0,0,0,0
15228,2,4,2,13,48,3,5287,0,-1,0,133729,8,0,75,0,0,0,0,0,0,0,0,0,0,0,0,0,0,62,0,0,0,0,115,0,0,0,0
15229,2,4,2,13,50,3,5296,0,-1,0,133039,8,0,75,0,0,0,0,0,0,0,0,0,0,0,0,0,0,48,0,0,0,0,90,0,0,0,0
15230,2,0,1,21,20,3,5205,0,-1,0,132415,8,0,65,0,0,0,0,0,0,0,0,0,0,0,0,0,0,19,0,0,0,0,37,0,0,0,0
15231,2,0,1,13,26,3,5223,0,-1,0,132405,8,0,75,0,0,0,0,0,0,0,0,0,0,0,0,0,0,20,0,0,0,0,38,0,0,0,0
15232,2,0,1,13,28,3,5223,0,-1,0,135649,8,0,75,0,0,0,0,0,0,0,0,0,0,0,0,0,0,22,0,0,0,0,43,0,0,0,0
15233,2,0,1,21,34,3,5241,0,-1,0,132399,8,0,75,0,0,0,0,0,0,0,0,0,0,0,0,0,0,42,0,0,0,0,78,0,0,0,0
15234,2,0,1,21,35,3,5250,0,-1,0,132394,8,0,75,0,0,0,0,0,0,0,0,0,0,0,0,0,0,43,0,0,0,0,81,0,0,0,0
15235,2,0,1,13,43,3,5268,0,-1,0,132407,8,0,75,0,0,0,0,0,0,0,0,0,0,0,0,0,0,42,0,0,0,0,78,0,0,0,0
15236,2,0,1,13,47,3,5286,0,-1,0,132407,8,0,75,0,0,0,0,0,0,0,0,0,0,0,0,0,0,47,0,0,0,0,89,0,0,0,0
15237,2,0,1,13,50,3,5295,0,-1,0,132407,8,0,75,0,0,0,0,0,0,0,0,0,0,0,0,0,0,59,0,0,0,0,111,0,0,0,0
15238,2,0,1,13,53,3,5304,0,-1,0,132407,8,0,75,0,0,0,0,0,0,0,0,0,0,0,0,0,0,55,0,0,0,0,104,0,0,0,0
15239,2,0,1,13,56,3,5313,0,-1,0,132401,8,0,75,0,0,0,0,0,0,0,0,0,0,0,0,0,0,51,0,0,0,0,95,0,0,0,0
15240,2,0,1,13,59,3,5322,0,-1,0,132407,8,0,75,0,0,0,0,0,0,0,0,0,0,0,0,0,0,61,0,0,0,0,115,0,0,0,0
15241,2,15,1,13,21,3,5207,0,-1,0,135637,8,0,50,0,0,0,0,0,0,0,0,0,0,0,0,0,0,15,0,0,0,0,28,0,0,0,0
15242,2,15,1,13,25,3,5216,0,-1,0,135637,8,0,55,0,0,0,0,0,0,0,0,0,0,0,0,0,0,15,0,0,0,0,29,0,0,0,0
15243,2,15,1,13,31,3,5234,0,-1,0,135637,8,0,55,0,0,0,0,0,0,0,0,0,0,0,0,0,0,18,0,0,0,0,35,0,0,0,0
15244,2,15,1,13,37,3,5252,0,-1,0,135637,8,0,55,0,0,0,0,0,0,0,0,0,0,0,0,0,0,28,0,0,0,0,53,0,0,0,0
15245,2,15,1,13,45,3,5279,0,-1,0,135639,8,0,55,0,0,0,0,0,0,0,0,0,0,0,0,0,0,33,0,0,0,0,62,0,0,0,0
15246,2,15,1,13,57,3,5315,0,-1,0,135639,8,0,55,0,0,0,0,0,0,0,0,0,0,0,0,0,0,46,0,0,0,0,87,0,0,0,0
15247,2,15,1,13,59,3,5324,0,-1,0,135639,8,0,55,0,0,0,0,0,0,0,0,0,0,0,0,0,0,45,0,0,0,0,85,0,0,0,0
15248,2,8,1,17,15,1,5191,0,-1,0,135324,9,0,65,0,0,0,0,0,0,0,0,0,0,0,0,0,0,30,0,0,0,0,46,0,0,0,0
15249,2,8,1,17,21,1,5209,0,-1,0,135324,9,0,80,0,0,0,0,0,0,0,0,0,0,0,0,0,0,50,0,0,0,0,76,0,0,0,0
15250,2,8,1,17,27,1,5227,0,-1,0,135321,9,0,85,0,0,0,0,0,0,0,0,0,0,0,0,0,0,55,0,0,0,0,84,0,0,0,0
15251,2,8,1,17,38,1,5263,0,-1,0,135352,9,0,85,0,0,0,0,0,0,0,0,0,0,0,0,0,0,62,0,0,0,0,94,0,0,0,0
15252,2,8,1,17,44,1,5281,0,-1,0,135355,9,0,85,0,0,0,0,0,0,0,0,0,0,0,0,0,0,112,0,0,0,0,169,0,0,0,0
15253,2,8,1,17,47,1,5290,0,-1,0,135330,9,0,85,0,0,0,0,0,0,0,0,0,0,0,0,0,0,113,0,0,0,0,170,0,0,0,0
15254,2,8,1,17,49,1,5290,0,-1,0,135327,9,0,85,0,0,0,0,0,0,0,0,0,0,0,0,0,0,110,0,0,0,0,166,0,0,0,0
15255,2,8,1,17,52,1,5299,0,-1,0,135278,9,0,85,0,0,0,0,0,0,0,0,0,0,0,0,0,0,120,0,0,0,0,181,0,0,0,0
15256,2,8,1,17,54,1,5308,0,-1,0,135327,9,0,85,0,0,0,0,0,0,0,0,0,0,0,0,0,0,139,0,0,0,0,209,0,0,0,0
15257,2,8,1,17,57,1,5317,0,-1,0,135280,9,0,85,0,0,0,0,0,0,0,0,0,0,0,0,0,0,84,0,0,0,0,127,0,0,0,0
15258,2,8,1,17,60,1,5326,0,-1,0,135327,9,0,85,0,0,0,0,0,0,0,0,0,0,0,0,0,0,109,0,0,0,0,164,0,0,0,0
15259,2,5,2,17,20,1,5211,0,-1,0,133053,9,0,75,0,0,0,0,0,0,0,0,0,0,0,0,0,0,43,0,0,0,0,65,0,0,0,0
15260,2,5,2,17,33,1,5247,0,-1,0,133054,9,0,85,0,0,0,0,0,0,0,0,0,0,0,0,0,0,64,0,0,0,0,96,0,0,0,0
15261,2,5,2,17,35,1,5256,0,-1,0,133053,9,0,85,0,0,0,0,0,0,0,0,0,0,0,0,0,0,88,0,0,0,0,132,0,0,0,0
15262,2,5,2,17,41,1,5274,0,-1,0,133056,9,0,85,0,0,0,0,0,0,0,0,0,0,0,0,0,0,97,0,0,0,0,146,0,0,0,0
15263,2,5,2,17,45,1,5283,0,-1,0,133048,9,0,85,0,0,0,0,0,0,0,0,0,0,0,0,0,0,83,0,0,0,0,126,0,0,0,0
15264,2,5,2,17,51,1,5301,0,-1,0,133053,9,0,85,0,0,0,0,0,0,0,0,0,0,0,0,0,0,107,0,0,0,0,162,0,0,0,0
15265,2,5,2,17,53,1,5310,0,-1,0,133047,9,0,85,0,0,0,0,0,0,0,0,0,0,0,0,0,0,100,0,0,0,0,151,0,0,0,0
15266,2,5,2,17,56,1,5319,0,-1,0,133045,9,0,85,0,0,0,0,0,0,0,0,0,0,0,0,0,0,125,0,0,0,0,188,0,0,0,0
15267,2,5,2,17,58,1,5319,0,-1,0,133047,9,0,85,0,0,0,0,0,0,0,0,0,0,0,0,0,0,133,0,0,0,0,200,0,0,0,0
15269,2,1,1,17,19,1,5201,0,-1,0,132415,9,0,75,0,0,0,0,0,0,0,0,0,0,0,0,0,0,42,0,0,0,0,64,0,0,0,0
15270,2,1,1,17,41,1,5273,0,-1,0,132408,9,0,85,0,0,0,0,0,0,0,0,0,0,0,0,0,0,91,0,0,0,0,137,0,0,0,0
15271,2,1,1,17,51,1,5300,0,-1,0,132403,9,0,85,0,0,0,0,0,0,0,0,0,0,0,0,0,0,132,0,0,0,0,198,0,0,0,0
15272,2,1,1,17,54,1,5309,0,-1,0,132408,9,0,85,0,0,0,0,0,0,0,0,0,0,0,0,0,0,91,0,0,0,0,138,0,0,0,0
15273,2,1,1,17,58,1,5318,0,-1,0,132409,9,0,85,0,0,0,0,0,0,0,0,0,0,0,0,0,0,109,0,0,0,0,165,0,0,0,0
15274,2,10,2,17,47,2,5293,0,-1,0,135163,13,0,85,0,0,0,0,0,0,0,0,0,0,0,0,0,0,84,0,0,0,0,126,0,0,0,0
15275,2,10,2,17,49,2,5293,0,-1,0,135140,13,0,85,0,0,0,0,0,0,0,0,0,0,0,0,0,0,120,0,0,0,0,181,0,0,0,0
15276,2,10,2,17,53,2,5311,0,-1,0,135151,13,0,85,0,0,0,0,0,0,0,0,0,0,0,0,0,0,122,0,0,0,0,184,0,0,0,0
15278,2,10,2,17,55,2,5311,0,-1,0,135140,13,0,85,0,0,0,0,0,0,0,0,0,0,0,0,0,0,97,0,0,0,0,146,0,0,0,0
15279,2,19,2,26,46,0,5280,0,-1,0,135469,21,0,55,0,0,6,0,0,0,0,0,0,0,0,0,0,0,41,0,0,0,0,77,0,0,0,0
15280,2,19,2,26,48,0,5289,0,-1,0,135468,21,0,55,0,0,6,0,0,0,0,0,0,0,0,0,0,0,56,0,0,0,0,104,0,0,0,0
15281,2,19,2,26,52,0,5298,0,-1,0,135147,21,0,55,0,0,6,0,0,0,0,0,0,0,0,0,0,0,52,0,0,0,0,98,0,0,0,0
15282,2,19,2,26,55,0,5307,0,-1,0,135468,21,0,55,0,0,2,0,0,0,0,0,0,0,0,0,0,0,52,0,0,0,0,97,0,0,0,0
15283,2,19,2,26,59,0,5850,0,-1,0,135143,21,0,55,0,0,6,0,0,0,0,0,0,0,0,0,0,0,67,0,0,0,0,126,0,0,0,0
15284,2,2,2,15,24,0,0,0,-1,0,135489,12,0,65,2,0,0,0,0,0,0,0,0,0,0,0,0,0,18,0,0,0,0,34,0,0,0,0
15285,2,2,2,15,27,0,0,0,-1,0,135491,12,0,65,2,0,0,0,0,0,0,0,0,0,0,0,0,0,23,0,0,0,0,44,0,0,0,0
15286,2,2,2,15,30,0,0,0,-1,0,135498,12,0,65,2,0,0,0,0,0,0,0,0,0,0,0,0,0,28,0,0,0,0,52,0,0,0,0
15287,2,2,2,15,40,0,5852,0,-1,0,135490,12,0,65,2,0,0,0,0,0,0,0,0,0,0,0,0,0,32,0,0,0,0,60,0,0,0,0
15288,2,2,2,15,56,0,5838,0,-1,0,135495,12,0,65,2,0,0,0,0,0,0,0,0,0,0,0,0,0,51,0,0,0,0,96,0,0,0,0
15289,2,2,2,15,60,0,5859,0,-1,0,135494,12,0,65,2,0,0,0,0,0,0,0,0,0,0,0,0,0,48,0,0,0,0,91,0,0,0,0
15291,2,2,2,15,46,0,5854,0,-1,0,135496,12,0,65,2,0,0,0,0,0,0,0,0,0,0,0,0,0,44,0,0,0,0,84,0,0,0,0
15294,2,2,2,15,48,0,5855,0,-1,0,135495,12,0,65,2,0,0,0,0,0,0,0,0,0,0,0,0,0,48,0,0,0,0,90,0,0,0,0
15295,2,2,2,15,50,0,5856,0,-1,0,135498,12,0,65,2,0,0,0,0,0,0,0,0,0,0,0,0,0,41,0,0,0,0,77,0,0,0,0
15296,2,2,2,15,58,0,5858,0,-1,0,135500,12,0,65,2,0,0,0,0,0,0,0,0,0,0,0,0,0,35,0,0,0,0,65,0,0,0,0
15311,4,2,8,5,17,0,479,0,-1,0,132719,7,0,75,0,0,0,0,0,0,0,81,0,0,0,0,0,0,0,0,0,0,0,0,0,0,0,0
15312,4,2,8,7,15,0,562,0,-1,0,134586,7,0,55,0,0,0,0,0,0,0,68,0,0,0,0,0,0,0,0,0,0,0,0,0,0,0,0
15322,2,3,1,26,34,0,0,0,-1,0,135610,8,0,65,3,0,0,0,0,0,0,0,0,0,0,0,0,0,29,0,0,0,0,54,0,0,0,0
15323,2,3,1,26,45,0,5854,0,-1,0,135610,8,0,65,3,0,0,0,0,0,0,0,0,0,0,0,0,0,37,0,0,0,0,70,0,0,0,0
15324,2,3,1,26,51,0,5856,0,-1,0,135610,8,0,65,3,0,0,0,0,0,0,0,0,0,0,0,0,0,45,0,0,0,0,85,0,0,0,0
15325,2,3,1,26,55,0,5857,0,-1,0,135615,8,0,65,3,0,0,0,0,0,0,0,0,0,0,0,0,0,43,0,0,0,0,80,0,0,0,0
15329,4,2,8,6,19,0,899,0,-1,0,132505,7,0,25,0,0,0,0,0,0,0,47,0,0,0,0,0,0,0,0,0,0,0,0,0,0,0,0
15330,4,2,8,8,20,0,816,0,-1,0,132539,7,0,40,0,0,0,0,0,0,0,59,0,0,0,0,0,0,0,0,0,0,0,0,0,0,0,0
15331,4,2,8,9,18,0,1067,0,-1,0,132605,7,0,25,0,0,0,0,0,0,0,36,0,0,0,0,0,0,0,0,0,0,0,0,0,0,0,0
15332,4,6,1,14,22,4,2014,0,-1,0,134948,9,0,80,0,0,0,0,0,0,0,528,0,0,0,0,0,0,0,0,0,0,0,0,0,0,0,0
15333,4,1,7,16,17,0,983,0,-1,0,133753,7,0,0,0,0,0,0,0,0,0,18,0,0,0,0,0,0,0,0,0,0,0,0,0,0,0,0
15334,4,2,8,10,22,0,732,0,-1,0,132961,7,0,30,0,0,0,0,0,0,0,55,0,0,0,0,0,0,0,0,0,0,0,0,0,0,0,0
15335,2,7,1,13,0,3,0,0,-1,0,135321,8,0,45,0,0,0,0,0,0,0,0,0,0,0,0,0,0,12,0,0,0,0,24,0,0,0,0
15336,4,2,8,7,22,0,564,0,-1,0,134582,7,0,60,0,0,0,0,0,0,0,78,0,0,0,0,0,0,0,0,0,0,0,0,0,0,0,0
15337,4,2,8,5,24,0,481,0,-1,0,132656,7,0,85,0,0,0,0,0,0,0,92,0,0,0,0,0,0,0,0,0,0,0,0,0,0,0,0
15338,4,2,8,3,23,0,1153,0,-1,0,135049,7,0,50,0,0,0,0,0,0,0,68,0,0,0,0,0,0,0,0,0,0,0,0,0,0,0,0
15339,4,2,8,1,29,0,651,0,-1,0,133117,7,0,50,0,0,0,0,0,0,0,81,0,0,0,0,0,0,0,0,0,0,0,0,0,0,0,0
15340,4,1,7,16,22,0,984,0,-1,0,133753,7,0,0,0,0,0,0,0,0,0,20,0,0,0,0,0,0,0,0,0,0,0,0,0,0,0,0
15341,4,2,8,8,25,0,817,0,-1,0,132539,7,0,45,0,0,0,0,0,0,0,64,0,0,0,0,0,0,0,0,0,0,0,0,0,0,0,0
15342,4,6,1,14,25,4,2020,0,-1,0,134967,9,0,85,0,0,0,0,0,0,0,578,0,0,0,0,0,0,0,0,0,0,0,0,0,0,0,0
15343,4,2,8,10,25,0,733,0,-1,0,132958,7,0,30,0,0,0,0,0,0,0,58,0,0,0,0,0,0,0,0,0,0,0,0,0,0,0,0
15344,4,2,8,7,26,0,566,0,-1,0,134587,7,0,65,0,0,0,0,0,0,0,83,0,0,0,0,0,0,0,0,0,0,0,0,0,0,0,0
15345,4,2,8,3,26,0,1154,0,-1,0,135039,7,0,50,0,0,0,0,0,0,0,71,0,0,0,0,0,0,0,0,0,0,0,0,0,0,0,0
15346,4,2,8,5,27,0,482,0,-1,0,132656,7,0,85,0,0,0,0,0,0,0,97,0,0,0,0,0,0,0,0,0,0,0,0,0,0,0,0
15347,4,2,8,6,23,0,901,0,-1,0,132514,7,0,30,0,0,0,0,0,0,0,51,0,0,0,0,0,0,0,0,0,0,0,0,0,0,0,0
15348,4,2,8,9,21,0,1068,0,-1,0,132611,7,0,30,0,0,0,0,0,0,0,38,0,0,0,0,0,0,0,0,0,0,0,0,0,0,0,0
15349,4,2,8,6,28,0,902,0,-1,0,132492,7,0,30,0,0,0,0,0,0,0,55,0,0,0,0,0,0,0,0,0,0,0,0,0,0,0,0
15350,4,2,8,8,29,0,819,0,-1,0,132539,7,0,45,0,0,0,0,0,0,0,69,0,0,0,0,0,0,0,0,0,0,0,0,0,0,0,0
15351,4,2,8,9,25,0,1069,0,-1,0,132612,7,0,30,0,0,0,0,0,0,0,41,0,0,0,0,0,0,0,0,0,0,0,0,0,0,0,0
15352,4,6,1,14,29,4,2032,0,-1,0,134967,9,0,85,0,0,0,0,0,0,0,645,0,0,0,0,0,0,0,0,0,0,0,0,0,0,0,0
15354,4,1,7,16,27,0,986,0,-1,0,133755,7,0,0,0,0,0,0,0,0,0,22,0,0,0,0,0,0,0,0,0,0,0,0,0,0,0,0
15355,4,2,8,10,29,0,735,0,-1,0,132956,7,0,30,0,0,0,0,0,0,0,62,0,0,0,0,0,0,0,0,0,0,0,0,0,0,0,0
15356,4,2,8,5,31,0,483,0,-1,0,132723,7,0,85,0,0,0,0,0,0,0,103,0,0,0,0,0,0,0,0,0,0,0,0,0,0,0,0
15357,4,2,8,3,30,0,1155,0,-1,0,135039,7,0,50,0,0,0,0,0,0,0,76,0,0,0,0,0,0,0,0,0,0,0,0,0,0,0,0
15358,4,2,8,7,30,0,567,0,-1,0,134587,7,0,65,0,0,0,0,0,0,0,89,0,0,0,0,0,0,0,0,0,0,0,0,0,0,0,0
15359,4,2,8,5,36,0,485,0,-1,0,132649,7,0,85,0,0,0,0,0,0,0,113,0,0,0,0,0,0,0,0,0,0,0,0,0,0,0,0
15360,4,2,8,9,33,0,1072,0,-1,0,132606,7,0,30,0,0,0,0,0,0,0,47,0,0,0,0,0,0,0,0,0,0,0,0,0,0,0,0
15361,4,2,8,6,32,0,904,0,-1,0,132498,7,0,30,0,0,0,0,0,0,0,59,0,0,0,0,0,0,0,0,0,0,0,0,0,0,0,0
15362,4,2,8,8,34,0,820,0,-1,0,132541,7,0,45,0,0,0,0,0,0,0,75,0,0,0,0,0,0,0,0,0,0,0,0,0,0,0,0
15363,4,2,8,1,37,0,653,0,-1,0,133121,7,0,50,0,0,0,0,0,0,0,93,0,0,0,0,0,0,0,0,0,0,0,0,0,0,0,0
15364,4,1,7,16,31,0,987,0,-1,0,133768,7,0,0,0,0,0,0,0,0,0,24,0,0,0,0,0,0,0,0,0,0,0,0,0,0,0,0
15365,4,2,8,10,33,0,736,0,-1,0,132949,7,0,30,0,0,0,0,0,0,0,66,0,0,0,0,0,0,0,0,0,0,0,0,0,0,0,0
15366,4,2,8,7,35,0,569,0,-1,0,134593,7,0,65,0,0,0,0,0,0,0,96,0,0,0,0,0,0,0,0,0,0,0,0,0,0,0,0
15367,4,6,1,14,34,4,2038,0,-1,0,134962,9,0,85,0,0,0,0,0,0,0,728,0,0,0,0,0,0,0,0,0,0,0,0,0,0,0,0
15368,4,2,8,3,34,0,1156,0,-1,0,135039,7,0,50,0,0,0,0,0,0,0,81,0,0,0,0,0,0,0,0,0,0,0,0,0,0,0,0
15369,4,2,8,6,37,0,905,0,-1,0,132491,7,0,30,0,0,0,0,0,0,0,65,0,0,0,0,0,0,0,0,0,0,0,0,0,0,0,0
15371,4,1,7,16,36,0,989,0,-1,0,133774,7,0,0,0,0,0,0,0,0,0,27,0,0,0,0,0,0,0,0,0,0,0,0,0,0,0,0
15372,4,2,8,10,38,0,738,0,-1,0,132959,7,0,30,0,0,0,0,0,0,0,73,0,0,0,0,0,0,0,0,0,0,0,0,0,0,0,0
15373,4,2,8,1,42,0,655,0,-1,0,133119,7,0,50,0,0,0,0,0,0,0,103,0,0,0,0,0,0,0,0,0,0,0,0,0,0,0,0
15374,4,2,8,7,39,0,570,0,-1,0,134586,7,0,65,0,0,0,0,0,0,0,105,0,0,0,0,0,0,0,0,0,0,0,0,0,0,0,0
15375,4,2,8,3,38,0,1158,0,-1,0,135054,7,0,50,0,0,0,0,0,0,0,88,0,0,0,0,0,0,0,0,0,0,0,0,0,0,0,0
15376,4,2,8,5,41,0,487,0,-1,0,132722,7,0,85,0,0,0,0,0,0,0,124,0,0,0,0,0,0,0,0,0,0,0,0,0,0,0,0
15377,4,2,8,9,37,0,1073,0,-1,0,132608,7,0,30,0,0,0,0,0,0,0,50,0,0,0,0,0,0,0,0,0,0,0,0,0,0,0,0
15379,4,2,8,8,43,0,823,0,-1,0,132535,7,0,45,0,0,0,0,0,0,0,88,0,0,0,0,0,0,0,0,0,0,0,0,0,0,0,0
15380,4,2,8,9,41,0,1075,0,-1,0,132615,7,0,30,0,0,0,0,0,0,0,54,0,0,0,0,0,0,0,0,0,0,0,0,0,0,0,0
15381,4,2,8,5,46,0,488,0,-1,0,132720,7,0,85,0,0,0,0,0,0,0,135,0,0,0,0,0,0,0,0,0,0,0,0,0,0,0,0
15382,4,1,7,16,40,0,990,0,-1,0,133770,7,0,0,0,0,0,0,0,0,0,30,0,0,0,0,0,0,0,0,0,0,0,0,0,0,0,0
15383,4,2,8,10,43,0,739,0,-1,0,132956,7,0,30,0,0,0,0,0,0,0,80,0,0,0,0,0,0,0,0,0,0,0,0,0,0,0,0
15385,4,2,8,7,44,0,572,0,-1,0,134592,7,0,65,0,0,0,0,0,0,0,114,0,0,0,0,0,0,0,0,0,0,0,0,0,0,0,0
15386,4,2,8,3,43,0,1159,0,-1,0,135032,7,0,50,0,0,0,0,0,0,0,96,0,0,0,0,0,0,0,0,0,0,0,0,0,0,0,0
15387,4,2,8,9,45,0,1076,0,-1,0,132605,7,0,30,0,0,0,0,0,0,0,58,0,0,0,0,0,0,0,0,0,0,0,0,0,0,0,0
15388,4,2,8,6,47,0,909,0,-1,0,132510,7,0,30,0,0,0,0,0,0,0,77,0,0,0,0,0,0,0,0,0,0,0,0,0,0,0,0
15389,4,2,8,8,48,0,825,0,-1,0,132542,7,0,45,0,0,0,0,0,0,0,96,0,0,0,0,0,0,0,0,0,0,0,0,0,0,0,0
15390,4,2,8,5,51,0,490,0,-1,0,132742,7,0,85,0,0,0,0,0,0,0,146,0,0,0,0,0,0,0,0,0,0,0,0,0,0,0,0
15391,4,2,8,1,51,0,658,0,-1,0,133142,7,0,50,0,0,0,0,0,0,0,118,0,0,0,0,0,0,0,0,0,0,0,0,0,0,0,0
15392,4,1,7,16,44,0,992,0,-1,0,133769,7,0,0,0,0,0,0,0,0,0,32,0,0,0,0,0,0,0,0,0,0,0,0,0,0,0,0
15393,4,2,8,10,47,0,741,0,-1,0,132945,7,0,30,0,0,0,0,0,0,0,86,0,0,0,0,0,0,0,0,0,0,0,0,0,0,0,0
15394,4,2,8,7,49,0,573,0,-1,0,134586,7,0,65,0,0,0,0,0,0,0,124,0,0,0,0,0,0,0,0,0,0,0,0,0,0,0,0
15395,4,2,8,3,48,0,1161,0,-1,0,135049,7,0,50,0,0,0,0,0,0,0,104,0,0,0,0,0,0,0,0,0,0,0,0,0,0,0,0
15396,2,15,1,13,0,3,0,0,-1,0,135641,8,0,35,0,0,0,0,0,0,0,0,0,0,0,0,0,0,7,0,0,0,0,14,0,0,0,0
15397,2,10,2,17,0,2,0,0,-1,0,135145,13,0,50,0,0,0,0,0,0,0,0,0,0,0,0,0,0,21,0,0,0,0,32,0,0,0,0
15399,4,2,8,6,0,0,0,0,-1,0,132495,7,0,20,0,0,0,0,0,0,0,38,0,0,0,0,0,0,0,0,0,0,0,0,0,0,0,0
15403,4,2,8,9,0,0,0,0,-1,0,132609,7,0,20,0,0,0,0,0,0,0,33,0,0,0,0,0,0,0,0,0,0,0,0,0,0,0,0
15404,4,3,5,6,0,0,0,0,-1,0,132499,10,0,25,0,0,0,0,0,0,0,91,0,0,0,0,0,0,0,0,0,0,0,0,0,0,0,0
15405,4,2,8,10,0,0,0,0,-1,0,132939,7,0,20,0,0,0,0,0,0,0,45,0,0,0,0,0,0,0,0,0,0,0,0,0,0,0,0
15406,4,3,5,8,0,0,0,0,-1,0,132535,10,0,40,0,0,0,0,0,0,0,109,0,0,0,0,0,0,0,0,0,0,0,0,0,0,0,0
15411,4,0,0,2,0,0,0,0,-1,0,133440,14,0,0,0,0,0,0,0,0,0,0,0,0,0,0,0,0,0,0,0,0,0,0,0,0,0,0
15413,4,4,6,5,0,0,0,0,-1,0,132744,11,0,135,0,0,0,0,0,0,0,657,0,0,0,0,0,0,0,0,0,0,0,0,0,0,0,0
15418,2,5,2,17,0,1,0,0,-1,0,133044,9,0,100,0,0,0,0,0,0,0,0,0,0,0,0,0,0,142,0,0,0,0,192,0,0,0,0
15421,4,1,7,16,0,0,0,0,-1,0,133759,7,0,0,0,0,0,0,0,0,0,45,0,0,0,0,0,0,0,0,0,0,0,0,0,0,0,0
15424,2,1,1,17,0,1,0,0,-1,0,132395,9,0,60,0,0,0,0,0,0,0,0,0,0,0,0,0,0,31,0,0,0,0,47,0,0,0,0
15425,4,2,8,9,50,0,1078,0,-1,0,132601,7,0,30,0,0,0,0,0,0,0,63,0,0,0,0,0,0,0,0,0,0,0,0,0,0,0,0
15426,4,2,8,8,53,0,827,0,-1,0,132542,7,0,45,0,0,0,0,0,0,0,103,0,0,0,0,0,0,0,0,0,0,0,0,0,0,0,0
15427,4,1,7,16,49,0,993,0,-1,0,133754,7,0,0,0,0,0,0,0,0,0,35,0,0,0,0,0,0,0,0,0,0,0,0,0,0,0,0
15428,4,2,8,6,51,0,910,0,-1,0,132501,7,0,30,0,0,0,0,0,0,0,82,0,0,0,0,0,0,0,0,0,0,0,0,0,0,0,0
15429,4,2,8,10,53,0,743,0,-1,0,132949,7,0,30,0,0,0,0,0,0,0,94,0,0,0,0,0,0,0,0,0,0,0,0,0,0,0,0
15430,4,2,8,1,55,0,659,0,-1,0,133689,7,0,50,0,0,0,0,0,0,0,125,0,0,0,0,0,0,0,0,0,0,0,0,0,0,0,0
15431,4,2,8,7,54,0,575,0,-1,0,134586,7,0,65,0,0,0,0,0,0,0,133,0,0,0,0,0,0,0,0,0,0,0,0,0,0,0,0
15432,4,2,8,3,53,0,1163,0,-1,0,135039,7,0,50,0,0,0,0,0,0,0,113,0,0,0,0,0,0,0,0,0,0,0,0,0,0,0,0
15433,4,2,8,5,56,0,492,0,-1,0,132717,7,0,85,0,0,0,0,0,0,0,156,0,0,0,0,0,0,0,0,0,0,0,0,0,0,0,0
15434,4,2,8,6,56,0,912,0,-1,0,132501,7,0,30,0,0,0,0,0,0,0,88,0,0,0,0,0,0,0,0,0,0,0,0,0,0,0,0
15435,4,2,8,8,58,0,828,0,-1,0,132589,7,0,45,0,0,0,0,0,0,0,110,0,0,0,0,0,0,0,0,0,0,0,0,0,0,0,0
15436,4,2,8,9,55,0,1079,0,-1,0,132614,7,0,30,0,0,0,0,0,0,0,67,0,0,0,0,0,0,0,0,0,0,0,0,0,0,0,0
15437,4,1,7,16,56,0,996,0,-1,0,133754,7,0,0,0,0,0,0,0,0,0,39,0,0,0,0,0,0,0,0,0,0,0,0,0,0,0,0
15438,4,2,8,10,58,0,744,0,-1,0,132960,7,0,30,0,0,0,0,0,0,0,100,0,0,0,0,0,0,0,0,0,0,0,0,0,0,0,0
15439,4,2,8,1,59,0,661,0,-1,0,132767,7,0,50,0,0,0,0,0,0,0,132,0,0,0,0,0,0,0,0,0,0,0,0,0,0,0,0
15441,4,2,8,3,58,0,1164,0,-1,0,135052,7,0,50,0,0,0,0,0,0,0,120,0,0,0,0,0,0,0,0,0,0,0,0,0,0,0,0
15442,4,2,8,5,60,0,493,0,-1,0,132741,7,0,85,0,0,0,0,0,0,0,165,0,0,0,0,0,0,0,0,0,0,0,0,0,0,0,0
15443,2,15,1,13,0,3,0,0,-1,0,135641,8,0,40,0,0,0,0,0,0,0,0,0,0,0,0,0,0,9,0,0,0,0,18,0,0,0,0
15444,2,10,2,17,0,2,0,0,-1,0,135225,13,0,60,0,0,0,0,0,0,0,0,0,0,0,0,0,0,31,0,0,0,0,47,0,0,0,0
15445,2,4,2,21,0,3,0,0,-1,0,133060,8,0,55,0,0,0,0,0,0,0,0,0,0,0,0,0,0,18,0,0,0,0,35,0,0,0,0
15450,4,2,8,7,0,0,0,0,-1,0,134587,7,0,50,0,0,0,0,0,0,0,65,0,0,0,0,0,0,0,0,0,0,0,0,0,0,0,0
15451,4,3,5,7,0,0,0,0,-1,0,134583,10,0,60,0,0,0,0,0,0,0,141,0,0,0,0,0,0,0,0,0,0,0,0,0,0,0,0
15453,4,2,8,9,0,0,0,0,-1,0,132606,7,0,20,0,0,0,0,0,0,0,33,0,0,0,0,0,0,0,0,0,0,0,0,0,0,0,0
15456,4,2,8,7,0,0,0,0,-1,0,134593,7,0,65,0,0,0,0,0,0,0,92,0,0,0,0,0,0,0,0,0,0,0,0,0,0,0,0
15458,4,2,8,8,0,0,0,0,-1,0,132537,7,0,40,0,0,0,0,0,0,0,62,0,0,0,0,0,0,0,0,0,0,0,0,0,0,0,0
15459,4,3,5,9,0,0,0,0,-1,0,132601,10,0,35,0,0,0,0,0,0,0,84,0,0,0,0,0,0,0,0,0,0,0,0,0,0,0,0
15462,4,2,8,9,0,0,0,0,-1,0,132606,7,0,30,0,0,0,0,0,0,0,37,0,0,0,0,0,0,0,0,0,0,0,0,0,0,0,0
15463,4,3,5,10,0,0,0,0,-1,0,132943,10,0,30,0,0,0,0,0,0,0,114,0,0,0,0,0,0,0,0,0,0,0,0,0,0,0,0
15464,2,5,2,17,0,1,0,0,-1,0,133053,9,0,80,0,0,0,0,0,0,0,0,0,0,0,0,0,0,50,0,0,0,0,76,0,0,0,0
15465,2,19,2,26,0,0,0,0,-1,0,135469,21,0,50,0,0,3,0,0,0,0,0,0,0,0,0,0,0,28,0,0,0,0,52,0,0,0,0
15466,4,6,1,14,0,4,0,0,-1,0,134967,9,0,80,0,0,0,0,0,0,0,545,0,0,0,0,0,0,0,0,0,0,0,0,0,0,0,0
15467,4,0,5,11,0,0,0,0,-1,0,133364,14,0,0,0,0,0,0,0,0,0,0,0,0,0,0,0,0,0,0,0,0,0,0,0,0,0,0
15468,4,1,7,16,0,0,0,0,-1,0,133757,7,0,0,0,0,0,0,0,0,0,21,0,0,0,0,0,0,0,0,0,0,0,0,0,0,0,0
15488,4,3,5,5,16,0,499,0,-1,0,132629,10,0,85,0,0,0,0,0,0,0,171,0,0,0,0,0,0,0,0,0,0,0,0,0,0,0,0
15498,4,3,5,8,15,0,835,0,-1,0,132539,10,0,40,0,0,0,0,0,0,0,115,0,0,0,0,0,0,0,0,0,0,0,0,0,0,0,0
15500,4,3,5,5,19,0,500,0,-1,0,132626,10,0,90,0,0,0,0,0,0,0,180,0,0,0,0,0,0,0,0,0,0,0,0,0,0,0,0
15502,4,3,5,10,15,0,751,0,-1,0,132951,10,0,30,0,0,0,0,0,0,0,105,0,0,0,0,0,0,0,0,0,0,0,0,0,0,0,0
15503,4,3,5,7,17,0,584,0,-1,0,134583,10,0,65,0,0,0,0,0,0,0,152,0,0,0,0,0,0,0,0,0,0,0,0,0,0,0,0
15504,4,6,1,14,17,4,2010,0,-1,0,134956,9,0,70,0,0,0,0,0,0,0,445,0,0,0,0,0,0,0,0,0,0,0,0,0,0,0,0
15506,4,3,5,8,16,0,835,0,-1,0,132542,10,0,40,0,0,0,0,0,0,0,117,0,0,0,0,0,0,0,0,0,0,0,0,0,0,0,0
15509,4,3,5,10,16,0,751,0,-1,0,132953,10,0,30,0,0,0,0,0,0,0,107,0,0,0,0,0,0,0,0,0,0,0,0,0,0,0,0
15510,4,3,5,6,15,0,919,0,-1,0,132504,10,0,30,0,0,0,0,0,0,0,94,0,0,0,0,0,0,0,0,0,0,0,0,0,0,0,0
15511,4,3,5,7,19,0,584,0,-1,0,134583,10,0,65,0,0,0,0,0,0,0,157,0,0,0,0,0,0,0,0,0,0,0,0,0,0,0,0
15512,4,6,1,14,19,4,2010,0,-1,0,134957,9,0,75,0,0,0,0,0,0,0,478,0,0,0,0,0,0,0,0,0,0,0,0,0,0,0,0
15513,4,3,5,3,20,0,1173,0,-1,0,135037,10,0,55,0,0,0,0,0,0,0,137,0,0,0,0,0,0,0,0,0,0,0,0,0,0,0,0
15514,4,3,5,5,21,0,501,0,-1,0,132624,10,0,95,0,0,0,0,0,0,0,186,0,0,0,0,0,0,0,0,0,0,0,0,0,0,0,0
15515,4,3,5,6,20,0,921,0,-1,0,132505,10,0,30,0,0,0,0,0,0,0,103,0,0,0,0,0,0,0,0,0,0,0,0,0,0,0,0
15516,4,3,5,8,22,0,837,0,-1,0,132579,10,0,50,0,0,0,0,0,0,0,130,0,0,0,0,0,0,0,0,0,0,0,0,0,0,0,0
15517,4,3,5,9,20,0,1089,0,-1,0,132615,10,0,30,0,0,0,0,0,0,0,80,0,0,0,0,0,0,0,0,0,0,0,0,0,0,0,0
15518,4,3,5,5,25,0,502,0,-1,0,132639,10,0,100,0,0,0,0,0,0,0,198,0,0,0,0,0,0,0,0,0,0,0,0,0,0,0,0
15519,4,1,7,16,18,0,1004,0,-1,0,133772,7,0,0,0,0,0,0,0,0,0,18,0,0,0,0,0,0,0,0,0,0,0,0,0,0,0,0
15520,4,3,5,10,21,0,753,0,-1,0,132956,10,0,35,0,0,0,0,0,0,0,116,0,0,0,0,0,0,0,0,0,0,0,0,0,0,0,0
15521,4,3,5,7,22,0,585,0,-1,0,134583,10,0,70,0,0,0,0,0,0,0,165,0,0,0,0,0,0,0,0,0,0,0,0,0,0,0,0
15522,4,6,1,14,24,4,2022,0,-1,0,134953,9,0,85,0,0,0,0,0,0,0,561,0,0,0,0,0,0,0,0,0,0,0,0,0,0,0,0
15523,4,3,5,3,22,0,1173,0,-1,0,135050,10,0,55,0,0,0,0,0,0,0,142,0,0,0,0,0,0,0,0,0,0,0,0,0,0,0,0
15524,4,3,5,5,26,0,503,0,-1,0,132719,10,0,100,0,0,0,0,0,0,0,201,0,0,0,0,0,0,0,0,0,0,0,0,0,0,0,0
15525,4,3,5,8,23,0,838,0,-1,0,132589,10,0,50,0,0,0,0,0,0,0,132,0,0,0,0,0,0,0,0,0,0,0,0,0,0,0,0
15526,4,1,7,16,19,0,1004,0,-1,0,133763,7,0,0,0,0,0,0,0,0,0,19,0,0,0,0,0,0,0,0,0,0,0,0,0,0,0,0
15527,4,3,5,10,22,0,753,0,-1,0,132956,10,0,35,0,0,0,0,0,0,0,118,0,0,0,0,0,0,0,0,0,0,0,0,0,0,0,0
15528,4,3,5,6,21,0,921,0,-1,0,132516,10,0,35,0,0,0,0,0,0,0,105,0,0,0,0,0,0,0,0,0,0,0,0,0,0,0,0
15529,4,3,5,7,24,0,586,0,-1,0,134706,10,0,75,0,0,0,0,0,0,0,171,0,0,0,0,0,0,0,0,0,0,0,0,0,0,0,0
15530,4,6,1,14,26,4,2028,0,-1,0,134955,9,0,85,0,0,0,0,0,0,0,595,0,0,0,0,0,0,0,0,0,0,0,0,0,0,0,0
15531,4,3,5,3,25,0,1174,0,-1,0,135040,10,0,60,0,0,0,0,0,0,0,149,0,0,0,0,0,0,0,0,0,0,0,0,0,0,0,0
15532,4,3,5,9,21,0,1089,0,-1,0,132615,10,0,35,0,0,0,0,0,0,0,81,0,0,0,0,0,0,0,0,0,0,0,0,0,0,0,0
15533,4,3,5,1,26,0,671,0,-1,0,132767,10,0,60,0,0,0,0,0,0,0,163,0,0,0,0,0,0,0,0,0,0,0,0,0,0,0,0
15534,4,3,5,8,26,0,839,0,-1,0,132541,10,0,50,0,0,0,0,0,0,0,138,0,0,0,0,0,0,0,0,0,0,0,0,0,0,0,0
15535,4,3,5,9,24,0,1090,0,-1,0,132606,10,0,35,0,0,0,0,0,0,0,85,0,0,0,0,0,0,0,0,0,0,0,0,0,0,0,0
15536,4,3,5,5,29,0,504,0,-1,0,132739,10,0,100,0,0,0,0,0,0,0,210,0,0,0,0,0,0,0,0,0,0,0,0,0,0,0,0
15537,4,1,7,16,23,0,1006,0,-1,0,133754,7,0,0,0,0,0,0,0,0,0,21,0,0,0,0,0,0,0,0,0,0,0,0,0,0,0,0
15538,4,3,5,10,25,0,754,0,-1,0,132949,10,0,35,0,0,0,0,0,0,0,124,0,0,0,0,0,0,0,0,0,0,0,0,0,0,0,0
15539,4,3,5,6,25,0,922,0,-1,0,132515,10,0,35,0,0,0,0,0,0,0,111,0,0,0,0,0,0,0,0,0,0,0,0,0,0,0,0
15540,4,3,5,1,29,0,672,0,-1,0,133077,10,0,60,0,0,0,0,0,0,0,171,0,0,0,0,0,0,0,0,0,0,0,0,0,0,0,0
15541,4,3,5,7,28,0,587,0,-1,0,134583,10,0,75,0,0,0,0,0,0,0,181,0,0,0,0,0,0,0,0,0,0,0,0,0,0,0,0
15542,4,3,5,3,27,0,1175,0,-1,0,135040,10,0,60,0,0,0,0,0,0,0,153,0,0,0,0,0,0,0,0,0,0,0,0,0,0,0,0
15543,4,6,1,14,29,4,2034,0,-1,0,134955,9,0,85,0,0,0,0,0,0,0,645,0,0,0,0,0,0,0,0,0,0,0,0,0,0,0,0
15544,4,3,5,8,27,0,839,0,-1,0,132539,10,0,50,0,0,0,0,0,0,0,140,0,0,0,0,0,0,0,0,0,0,0,0,0,0,0,0
15545,4,3,5,9,25,0,1090,0,-1,0,132605,10,0,35,0,0,0,0,0,0,0,87,0,0,0,0,0,0,0,0,0,0,0,0,0,0,0,0
15546,4,3,5,5,31,0,504,0,-1,0,132647,10,0,100,0,0,0,0,0,0,0,216,0,0,0,0,0,0,0,0,0,0,0,0,0,0,0,0
15547,4,1,7,16,24,0,1006,0,-1,0,133769,7,0,0,0,0,0,0,0,0,0,21,0,0,0,0,0,0,0,0,0,0,0,0,0,0,0,0
15548,4,3,5,10,27,0,755,0,-1,0,132945,10,0,35,0,0,0,0,0,0,0,128,0,0,0,0,0,0,0,0,0,0,0,0,0,0,0,0
15549,4,3,5,6,26,0,923,0,-1,0,132510,10,0,35,0,0,0,0,0,0,0,113,0,0,0,0,0,0,0,0,0,0,0,0,0,0,0,0
15550,4,3,5,1,30,0,672,0,-1,0,132767,10,0,60,0,0,0,0,0,0,0,173,0,0,0,0,0,0,0,0,0,0,0,0,0,0,0,0
15551,4,3,5,7,30,0,588,0,-1,0,134584,10,0,75,0,0,0,0,0,0,0,187,0,0,0,0,0,0,0,0,0,0,0,0,0,0,0,0
15552,4,6,1,14,31,4,2034,0,-1,0,134953,9,0,85,0,0,0,0,0,0,0,678,0,0,0,0,0,0,0,0,0,0,0,0,0,0,0,0
15553,4,3,5,3,29,0,1176,0,-1,0,135049,10,0,60,0,0,0,0,0,0,0,158,0,0,0,0,0,0,0,0,0,0,0,0,0,0,0,0
15554,4,3,5,6,28,0,923,0,-1,0,132513,10,0,35,0,0,0,0,0,0,0,117,0,0,0,0,0,0,0,0,0,0,0,0,0,0,0,0
15555,4,3,5,8,28,0,839,0,-1,0,132592,10,0,50,0,0,0,0,0,0,0,142,0,0,0,0,0,0,0,0,0,0,0,0,0,0,0,0
15556,4,3,5,9,27,0,1091,0,-1,0,132606,10,0,35,0,0,0,0,0,0,0,89,0,0,0,0,0,0,0,0,0,0,0,0,0,0,0,0
15557,4,3,5,5,32,0,505,0,-1,0,132634,10,0,100,0,0,0,0,0,0,0,219,0,0,0,0,0,0,0,0,0,0,0,0,0,0,0,0
15558,4,3,5,1,32,0,673,0,-1,0,132768,10,0,60,0,0,0,0,0,0,0,178,0,0,0,0,0,0,0,0,0,0,0,0,0,0,0,0
15559,4,1,7,16,26,0,1007,0,-1,0,133757,7,0,0,0,0,0,0,0,0,0,22,0,0,0,0,0,0,0,0,0,0,0,0,0,0,0,0
15560,4,3,5,10,29,0,756,0,-1,0,132945,10,0,35,0,0,0,0,0,0,0,131,0,0,0,0,0,0,0,0,0,0,0,0,0,0,0,0
15561,4,3,5,7,31,0,588,0,-1,0,134583,10,0,75,0,0,0,0,0,0,0,189,0,0,0,0,0,0,0,0,0,0,0,0,0,0,0,0
15562,4,3,5,3,31,0,1176,0,-1,0,135046,10,0,60,0,0,0,0,0,0,0,162,0,0,0,0,0,0,0,0,0,0,0,0,0,0,0,0
15565,4,3,5,8,33,0,841,0,-1,0,132535,10,0,50,0,0,0,0,0,0,0,153,0,0,0,0,0,0,0,0,0,0,0,0,0,0,0,0
15566,4,3,5,9,30,0,1092,0,-1,0,132615,10,0,35,0,0,0,0,0,0,0,93,0,0,0,0,0,0,0,0,0,0,0,0,0,0,0,0
15567,4,3,5,5,35,0,506,0,-1,0,132739,10,0,100,0,0,0,0,0,0,0,231,0,0,0,0,0,0,0,0,0,0,0,0,0,0,0,0
15568,4,1,7,16,28,0,1007,0,-1,0,133759,7,0,0,0,0,0,0,0,0,0,23,0,0,0,0,0,0,0,0,0,0,0,0,0,0,0,0
15569,4,6,1,14,35,4,2046,0,-1,0,134952,9,0,85,0,0,0,0,0,0,0,963,0,0,0,0,0,0,0,0,0,0,0,0,0,0,0,0
15570,4,3,5,10,31,0,756,0,-1,0,132958,10,0,35,0,0,0,0,0,0,0,135,0,0,0,0,0,0,0,0,0,0,0,0,0,0,0,0
15572,4,3,5,1,34,0,673,0,-1,0,132767,10,0,60,0,0,0,0,0,0,0,184,0,0,0,0,0,0,0,0,0,0,0,0,0,0,0,0
15573,4,3,5,7,33,0,589,0,-1,0,134589,10,0,75,0,0,0,0,0,0,0,195,0,0,0,0,0,0,0,0,0,0,0,0,0,0,0,0
15574,4,3,5,3,35,0,1178,0,-1,0,135058,10,0,60,0,0,0,0,0,0,0,173,0,0,0,0,0,0,0,0,0,0,0,0,0,0,0,0
15575,4,3,5,6,31,0,924,0,-1,0,132516,10,0,35,0,0,0,0,0,0,0,122,0,0,0,0,0,0,0,0,0,0,0,0,0,0,0,0
15576,4,3,5,8,34,0,841,0,-1,0,132584,10,0,50,0,0,0,0,0,0,0,156,0,0,0,0,0,0,0,0,0,0,0,0,0,0,0,0
15577,4,3,5,9,31,0,1092,0,-1,0,132609,10,0,35,0,0,0,0,0,0,0,95,0,0,0,0,0,0,0,0,0,0,0,0,0,0,0,0
15578,4,3,5,5,36,0,506,0,-1,0,132751,10,0,100,0,0,0,0,0,0,0,234,0,0,0,0,0,0,0,0,0,0,0,0,0,0,0,0
15579,4,1,7,16,30,0,1008,0,-1,0,133759,7,0,0,0,0,0,0,0,0,0,23,0,0,0,0,0,0,0,0,0,0,0,0,0,0,0,0
15580,4,3,5,1,35,0,674,0,-1,0,133141,10,0,60,0,0,0,0,0,0,0,187,0,0,0,0,0,0,0,0,0,0,0,0,0,0,0,0
15581,4,3,5,10,33,0,757,0,-1,0,132945,10,0,35,0,0,0,0,0,0,0,139,0,0,0,0,0,0,0,0,0,0,0,0,0,0,0,0
15582,4,3,5,7,35,0,590,0,-1,0,134589,10,0,75,0,0,0,0,0,0,0,202,0,0,0,0,0,0,0,0,0,0,0,0,0,0,0,0
15583,4,3,5,3,36,0,1178,0,-1,0,135041,10,0,60,0,0,0,0,0,0,0,176,0,0,0,0,0,0,0,0,0,0,0,0,0,0,0,0
15584,4,6,1,14,36,4,2044,0,-1,0,134951,9,0,85,0,0,0,0,0,0,0,1051,0,0,0,0,0,0,0,0,0,0,0,0,0,0,0,0
15587,4,2,8,6,0,0,0,0,-1,0,132523,7,0,30,0,0,0,0,0,0,0,57,0,0,0,0,0,0,0,0,0,0,0,0,0,0,0,0
15588,4,3,5,6,0,0,0,0,-1,0,132510,10,0,35,0,0,0,0,0,0,0,120,0,0,0,0,0,0,0,0,0,0,0,0,0,0,0,0
15589,4,3,5,8,36,0,842,0,-1,0,132535,10,0,50,0,0,0,0,0,0,0,161,0,0,0,0,0,0,0,0,0,0,0,0,0,0,0,0
15590,4,3,5,9,32,0,1093,0,-1,0,132612,10,0,35,0,0,0,0,0,0,0,96,0,0,0,0,0,0,0,0,0,0,0,0,0,0,0,0
15591,4,3,5,5,38,0,507,0,-1,0,132626,10,0,100,0,0,0,0,0,0,0,242,0,0,0,0,0,0,0,0,0,0,0,0,0,0,0,0
15592,4,6,1,14,38,4,2050,0,-1,0,134957,9,0,85,0,0,0,0,0,0,0,1257,0,0,0,0,0,0,0,0,0,0,0,0,0,0,0,0
15594,4,1,7,16,32,0,1009,0,-1,0,133754,7,0,0,0,0,0,0,0,0,0,24,0,0,0,0,0,0,0,0,0,0,0,0,0,0,0,0
15595,4,3,5,10,34,0,757,0,-1,0,132938,10,0,35,0,0,0,0,0,0,0,142,0,0,0,0,0,0,0,0,0,0,0,0,0,0,0,0
15596,4,3,5,7,36,0,590,0,-1,0,134588,10,0,75,0,0,0,0,0,0,0,205,0,0,0,0,0,0,0,0,0,0,0,0,0,0,0,0
15597,4,3,5,3,37,0,1178,0,-1,0,135052,10,0,60,0,0,0,0,0,0,0,179,0,0,0,0,0,0,0,0,0,0,0,0,0,0,0,0
15598,4,3,5,6,33,0,925,0,-1,0,132519,10,0,35,0,0,0,0,0,0,0,125,0,0,0,0,0,0,0,0,0,0,0,0,0,0,0,0
15599,4,3,5,8,39,0,843,0,-1,0,132585,10,0,50,0,0,0,0,0,0,0,168,0,0,0,0,0,0,0,0,0,0,0,0,0,0,0,0
15600,4,3,5,9,37,0,1094,0,-1,0,132614,10,0,35,0,0,0,0,0,0,0,104,0,0,0,0,0,0,0,0,0,0,0,0,0,0,0,0
15601,4,3,5,5,41,0,508,0,-1,0,132632,10,0,100,0,0,0,0,0,0,0,254,0,0,0,0,0,0,0,0,0,0,0,0,0,0,0,0
15602,4,3,5,1,40,0,675,0,-1,0,133090,10,0,60,0,0,0,0,0,0,0,202,0,0,0,0,0,0,0,0,0,0,0,0,0,0,0,0
15603,4,1,7,16,36,0,1010,0,-1,0,133763,7,0,0,0,0,0,0,0,0,0,27,0,0,0,0,0,0,0,0,0,0,0,0,0,0,0,0
15604,4,6,1,14,41,4,2056,0,-1,0,134949,9,0,85,0,0,0,0,0,0,0,1436,0,0,0,0,0,0,0,0,0,0,0,0,0,0,0,0
15605,4,3,5,10,37,0,758,0,-1,0,132950,10,0,35,0,0,0,0,0,0,0,149,0,0,0,0,0,0,0,0,0,0,0,0,0,0,0,0
15606,4,3,5,6,36,0,926,0,-1,0,132499,10,0,35,0,0,0,0,0,0,0,132,0,0,0,0,0,0,0,0,0,0,0,0,0,0,0,0
15607,4,3,5,7,39,0,591,0,-1,0,134584,10,0,75,0,0,0,0,0,0,0,214,0,0,0,0,0,0,0,0,0,0,0,0,0,0,0,0
15608,4,3,5,3,39,0,1179,0,-1,0,135040,10,0,60,0,0,0,0,0,0,0,184,0,0,0,0,0,0,0,0,0,0,0,0,0,0,0,0
15609,4,3,5,5,42,0,508,0,-1,0,132627,10,0,100,0,0,0,0,0,0,0,258,0,0,0,0,0,0,0,0,0,0,0,0,0,0,0,0
15610,4,3,5,9,38,0,1095,0,-1,0,132615,10,0,35,0,0,0,0,0,0,0,106,0,0,0,0,0,0,0,0,0,0,0,0,0,0,0,0
15611,4,1,7,16,38,0,1011,0,-1,0,133763,7,0,0,0,0,0,0,0,0,0,28,0,0,0,0,0,0,0,0,0,0,0,0,0,0,0,0
15612,4,3,5,10,39,0,759,0,-1,0,132963,10,0,35,0,0,0,0,0,0,0,153,0,0,0,0,0,0,0,0,0,0,0,0,0,0,0,0
15613,4,3,5,6,37,0,926,0,-1,0,132524,10,0,35,0,0,0,0,0,0,0,134,0,0,0,0,0,0,0,0,0,0,0,0,0,0,0,0
15614,4,3,5,8,40,0,843,0,-1,0,132590,10,0,50,0,0,0,0,0,0,0,171,0,0,0,0,0,0,0,0,0,0,0,0,0,0,0,0
15615,4,3,5,1,41,0,676,0,-1,0,133070,10,0,60,0,0,0,0,0,0,0,206,0,0,0,0,0,0,0,0,0,0,0,0,0,0,0,0
15616,4,3,5,7,41,0,592,0,-1,0,134581,10,0,75,0,0,0,0,0,0,0,222,0,0,0,0,0,0,0,0,0,0,0,0,0,0,0,0
15617,4,3,5,3,40,0,1179,0,-1,0,135053,10,0,60,0,0,0,0,0,0,0,186,0,0,0,0,0,0,0,0,0,0,0,0,0,0,0,0
15618,4,6,1,14,42,4,2056,0,-1,0,134949,9,0,85,0,0,0,0,0,0,0,1465,0,0,0,0,0,0,0,0,0,0,0,0,0,0,0,0
15619,4,3,5,6,43,0,928,0,-1,0,132518,10,0,35,0,0,0,0,0,0,0,148,0,0,0,0,0,0,0,0,0,0,0,0,0,0,0,0
15620,4,3,5,9,42,0,1096,0,-1,0,132612,10,0,35,0,0,0,0,0,0,0,113,0,0,0,0,0,0,0,0,0,0,0,0,0,0,0,0
15621,4,6,1,14,46,4,2062,0,-1,0,134948,9,0,85,0,0,0,0,0,0,0,1578,0,0,0,0,0,0,0,0,0,0,0,0,0,0,0,0
15622,4,3,5,5,46,0,509,0,-1,0,132741,10,0,100,0,0,0,0,0,0,0,278,0,0,0,0,0,0,0,0,0,0,0,0,0,0,0,0
15623,4,3,5,1,45,0,677,0,-1,0,132767,10,0,60,0,0,0,0,0,0,0,222,0,0,0,0,0,0,0,0,0,0,0,0,0,0,0,0
15624,4,1,7,16,40,0,1011,0,-1,0,133771,7,0,0,0,0,0,0,0,0,0,30,0,0,0,0,0,0,0,0,0,0,0,0,0,0,0,0
15625,4,3,5,10,42,0,760,0,-1,0,132944,10,0,35,0,0,0,0,0,0,0,162,0,0,0,0,0,0,0,0,0,0,0,0,0,0,0,0
15626,4,3,5,8,42,0,844,0,-1,0,132542,10,0,50,0,0,0,0,0,0,0,178,0,0,0,0,0,0,0,0,0,0,0,0,0,0,0,0
15627,4,3,5,7,45,0,593,0,-1,0,134586,10,0,75,0,0,0,0,0,0,0,239,0,0,0,0,0,0,0,0,0,0,0,0,0,0,0,0
15628,4,3,5,3,43,0,1180,0,-1,0,135032,10,0,60,0,0,0,0,0,0,0,197,0,0,0,0,0,0,0,0,0,0,0,0,0,0,0,0
15629,4,3,5,9,43,0,1096,0,-1,0,132606,10,0,35,0,0,0,0,0,0,0,115,0,0,0,0,0,0,0,0,0,0,0,0,0,0,0,0
15630,4,3,5,8,44,0,845,0,-1,0,132587,10,0,50,0,0,0,0,0,0,0,184,0,0,0,0,0,0,0,0,0,0,0,0,0,0,0,0
15631,4,3,5,5,47,0,510,0,-1,0,132632,10,0,100,0,0,0,0,0,0,0,283,0,0,0,0,0,0,0,0,0,0,0,0,0,0,0,0
15632,4,1,7,16,41,0,1012,0,-1,0,133754,7,0,0,0,0,0,0,0,0,0,30,0,0,0,0,0,0,0,0,0,0,0,0,0,0,0,0
15633,4,6,1,14,47,4,2068,0,-1,0,134950,9,0,85,0,0,0,0,0,0,0,1606,0,0,0,0,0,0,0,0,0,0,0,0,0,0,0,0
15634,4,3,5,1,47,0,678,0,-1,0,132767,10,0,60,0,0,0,0,0,0,0,230,0,0,0,0,0,0,0,0,0,0,0,0,0,0,0,0
15635,4,3,5,10,43,0,760,0,-1,0,132963,10,0,35,0,0,0,0,0,0,0,164,0,0,0,0,0,0,0,0,0,0,0,0,0,0,0,0
15636,4,3,5,6,44,0,929,0,-1,0,132524,10,0,35,0,0,0,0,0,0,0,151,0,0,0,0,0,0,0,0,0,0,0,0,0,0,0,0
15637,4,3,5,7,46,0,593,0,-1,0,134584,10,0,75,0,0,0,0,0,0,0,243,0,0,0,0,0,0,0,0,0,0,0,0,0,0,0,0
15638,4,3,5,3,44,0,1181,0,-1,0,135061,10,0,60,0,0,0,0,0,0,0,201,0,0,0,0,0,0,0,0,0,0,0,0,0,0,0,0
15639,4,3,5,9,45,0,1097,0,-1,0,132608,10,0,35,0,0,0,0,0,0,0,119,0,0,0,0,0,0,0,0,0,0,0,0,0,0,0,0
15640,4,3,5,5,51,0,511,0,-1,0,132743,10,0,100,0,0,0,0,0,0,0,303,0,0,0,0,0,0,0,0,0,0,0,0,0,0,0,0
15641,4,3,5,6,46,0,929,0,-1,0,132492,10,0,35,0,0,0,0,0,0,0,156,0,0,0,0,0,0,0,0,0,0,0,0,0,0,0,0
15642,4,3,5,8,47,0,846,0,-1,0,132536,10,0,50,0,0,0,0,0,0,0,195,0,0,0,0,0,0,0,0,0,0,0,0,0,0,0,0
15643,4,1,7,16,44,0,1013,0,-1,0,133774,7,0,0,0,0,0,0,0,0,0,32,0,0,0,0,0,0,0,0,0,0,0,0,0,0,0,0
15644,4,3,5,10,47,0,762,0,-1,0,132956,10,0,35,0,0,0,0,0,0,0,177,0,0,0,0,0,0,0,0,0,0,0,0,0,0,0,0
15645,4,3,5,1,50,0,679,0,-1,0,133076,10,0,60,0,0,0,0,0,0,0,242,0,0,0,0,0,0,0,0,0,0,0,0,0,0,0,0
15646,4,3,5,7,50,0,595,0,-1,0,134583,10,0,75,0,0,0,0,0,0,0,260,0,0,0,0,0,0,0,0,0,0,0,0,0,0,0,0
15647,4,3,5,3,48,0,1182,0,-1,0,135055,10,0,60,0,0,0,0,0,0,0,216,0,0,0,0,0,0,0,0,0,0,0,0,0,0,0,0
15648,4,6,1,14,51,4,2074,0,-1,0,134965,9,0,85,0,0,0,0,0,0,0,1720,0,0,0,0,0,0,0,0,0,0,0,0,0,0,0,0
15649,4,3,5,9,46,0,1097,0,-1,0,132609,10,0,35,0,0,0,0,0,0,0,122,0,0,0,0,0,0,0,0,0,0,0,0,0,0,0,0
15650,4,3,5,5,52,0,511,0,-1,0,132722,10,0,100,0,0,0,0,0,0,0,307,0,0,0,0,0,0,0,0,0,0,0,0,0,0,0,0
15651,4,3,5,1,51,0,679,0,-1,0,132768,10,0,60,0,0,0,0,0,0,0,246,0,0,0,0,0,0,0,0,0,0,0,0,0,0,0,0
15652,4,1,7,16,46,0,1013,0,-1,0,133760,7,0,0,0,0,0,0,0,0,0,33,0,0,0,0,0,0,0,0,0,0,0,0,0,0,0,0
15653,4,3,5,10,48,0,762,0,-1,0,132938,10,0,35,0,0,0,0,0,0,0,180,0,0,0,0,0,0,0,0,0,0,0,0,0,0,0,0
15654,4,3,5,6,49,0,930,0,-1,0,132496,10,0,35,0,0,0,0,0,0,0,165,0,0,0,0,0,0,0,0,0,0,0,0,0,0,0,0
15655,4,3,5,7,51,0,595,0,-1,0,134586,10,0,75,0,0,0,0,0,0,0,265,0,0,0,0,0,0,0,0,0,0,0,0,0,0,0,0
15656,4,3,5,3,49,0,1182,0,-1,0,135054,10,0,60,0,0,0,0,0,0,0,220,0,0,0,0,0,0,0,0,0,0,0,0,0,0,0,0
15657,4,6,1,14,52,4,2074,0,-1,0,134948,9,0,85,0,0,0,0,0,0,0,1748,0,0,0,0,0,0,0,0,0,0,0,0,0,0,0,0
15658,4,3,5,8,54,0,848,0,-1,0,132589,10,0,50,0,0,0,0,0,0,0,218,0,0,0,0,0,0,0,0,0,0,0,0,0,0,0,0
15659,4,3,5,9,50,0,1099,0,-1,0,132614,10,0,35,0,0,0,0,0,0,0,130,0,0,0,0,0,0,0,0,0,0,0,0,0,0,0,0
15660,4,3,5,5,56,0,513,0,-1,0,132736,10,0,100,0,0,0,0,0,0,0,327,0,0,0,0,0,0,0,0,0,0,0,0,0,0,0,0
15661,4,1,7,16,49,0,1014,0,-1,0,133763,7,0,0,0,0,0,0,0,0,0,35,0,0,0,0,0,0,0,0,0,0,0,0,0,0,0,0
15662,4,3,5,10,52,0,763,0,-1,0,132963,10,0,35,0,0,0,0,0,0,0,192,0,0,0,0,0,0,0,0,0,0,0,0,0,0,0,0
15663,4,3,5,6,51,0,931,0,-1,0,132507,10,0,35,0,0,0,0,0,0,0,170,0,0,0,0,0,0,0,0,0,0,0,0,0,0,0,0
15664,4,3,5,1,55,0,680,0,-1,0,133111,10,0,60,0,0,0,0,0,0,0,262,0,0,0,0,0,0,0,0,0,0,0,0,0,0,0,0
15665,4,3,5,7,55,0,596,0,-1,0,134581,10,0,75,0,0,0,0,0,0,0,282,0,0,0,0,0,0,0,0,0,0,0,0,0,0,0,0
15666,4,3,5,3,54,0,1184,0,-1,0,135044,10,0,60,0,0,0,0,0,0,0,238,0,0,0,0,0,0,0,0,0,0,0,0,0,0,0,0
15667,4,6,1,14,56,4,2086,0,-1,0,134949,9,0,85,0,0,0,0,0,0,0,1861,0,0,0,0,0,0,0,0,0,0,0,0,0,0,0,0
15668,4,3,5,9,53,0,1100,0,-1,0,132609,10,0,35,0,0,0,0,0,0,0,137,0,0,0,0,0,0,0,0,0,0,0,0,0,0,0,0
15669,4,3,5,5,57,0,513,0,-1,0,132629,10,0,100,0,0,0,0,0,0,0,332,0,0,0,0,0,0,0,0,0,0,0,0,0,0,0,0
15670,4,3,5,1,56,0,681,0,-1,0,133101,10,0,60,0,0,0,0,0,0,0,266,0,0,0,0,0,0,0,0,0,0,0,0,0,0,0,0
15671,4,1,7,16,51,0,1015,0,-1,0,133770,7,0,0,0,0,0,0,0,0,0,36,0,0,0,0,0,0,0,0,0,0,0,0,0,0,0,0
15672,4,3,5,10,55,0,764,0,-1,0,132953,10,0,35,0,0,0,0,0,0,0,201,0,0,0,0,0,0,0,0,0,0,0,0,0,0,0,0
15673,4,3,5,6,53,0,932,0,-1,0,132500,10,0,35,0,0,0,0,0,0,0,176,0,0,0,0,0,0,0,0,0,0,0,0,0,0,0,0
15674,4,3,5,8,55,0,848,0,-1,0,132536,10,0,50,0,0,0,0,0,0,0,221,0,0,0,0,0,0,0,0,0,0,0,0,0,0,0,0
15675,4,6,1,14,57,4,2086,0,-1,0,134951,9,0,85,0,0,0,0,0,0,0,1890,0,0,0,0,0,0,0,0,0,0,0,0,0,0,0,0
15676,4,3,5,7,56,0,597,0,-1,0,134586,10,0,75,0,0,0,0,0,0,0,286,0,0,0,0,0,0,0,0,0,0,0,0,0,0,0,0
15677,4,3,5,3,56,0,1185,0,-1,0,135054,10,0,60,0,0,0,0,0,0,0,245,0,0,0,0,0,0,0,0,0,0,0,0,0,0,0,0
15679,4,3,5,9,56,0,1101,0,-1,0,132602,10,0,35,0,0,0,0,0,0,0,143,0,0,0,0,0,0,0,0,0,0,0,0,0,0,0,0
15681,4,1,7,16,53,0,1016,0,-1,0,133766,7,0,0,0,0,0,0,0,0,0,38,0,0,0,0,0,0,0,0,0,0,0,0,0,0,0,0
15683,4,3,5,6,55,0,932,0,-1,0,132500,10,0,35,0,0,0,0,0,0,0,181,0,0,0,0,0,0,0,0,0,0,0,0,0,0,0,0
15684,4,3,5,1,59,0,682,0,-1,0,133101,10,0,60,0,0,0,0,0,0,0,278,0,0,0,0,0,0,0,0,0,0,0,0,0,0,0,0
15687,4,6,1,14,60,4,2092,0,-1,0,134948,9,0,85,0,0,0,0,0,0,0,1975,0,0,0,0,0,0,0,0,0,0,0,0,0,0,0,0
15689,4,0,1,11,0,0,0,0,-1,0,133369,14,0,0,0,0,0,0,0,0,0,0,0,0,0,0,0,0,0,0,0,0,0,0,0,0,0,0
15690,4,0,3,2,0,0,0,0,-1,0,133296,14,0,0,0,0,0,0,0,0,0,0,0,0,0,0,0,0,0,0,0,0,0,0,0,0,0,0
15691,2,3,1,26,0,0,0,0,-1,0,135613,8,0,65,3,0,0,0,0,0,0,0,0,0,0,0,0,0,32,0,0,0,0,61,0,0,0,0
15692,2,19,2,26,0,0,0,0,-1,0,135469,21,0,55,0,0,6,0,0,0,0,0,0,0,0,0,0,0,41,0,0,0,0,77,0,0,0,0
15693,4,2,8,3,54,0,1163,0,-1,0,135055,7,0,50,0,0,0,0,0,0,0,114,0,0,0,0,0,0,0,0,0,0,0,0,0,0,0,0
15694,4,3,5,8,49,0,846,0,-1,0,132589,10,0,50,0,0,0,0,0,0,0,201,0,0,0,0,0,0,0,0,0,0,0,0,0,0,0,0
15695,4,6,1,14,0,4,0,0,-1,0,134953,9,0,85,0,0,0,0,0,0,0,711,0,0,0,0,0,0,0,0,0,0,0,0,0,0,0,0
15698,4,3,5,3,0,0,0,0,-1,0,135045,10,0,60,0,0,0,0,0,0,0,167,0,0,0,0,0,0,0,0,0,0,0,0,0,0,0,0
15703,4,1,7,16,0,0,0,0,-1,0,133763,7,0,0,0,0,0,0,0,0,0,36,0,0,0,0,0,0,0,0,0,0,0,0,0,0,0,0
15705,2,7,1,13,0,3,0,0,-1,0,135349,8,0,75,0,0,0,0,0,0,0,0,0,0,0,0,0,0,62,0,0,0,0,115,0,0,0,0
15706,2,15,1,13,0,3,0,0,-1,0,135651,8,0,55,0,0,0,0,0,0,0,0,0,0,0,0,0,0,35,0,0,0,0,66,0,0,0,0
15708,4,2,8,10,0,0,0,0,-1,0,132959,7,0,30,0,0,0,0,0,0,0,94,0,0,0,0,0,0,0,0,0,0,0,0,0,0,0,0
15709,4,4,6,6,0,0,0,0,-1,0,132522,11,0,40,0,0,0,0,0,0,0,310,0,0,0,0,0,0,0,0,0,0,0,0,0,0,0,0
15782,2,7,1,13,0,3,0,0,-1,0,135343,8,0,75,0,0,0,0,0,0,0,0,0,0,0,0,0,0,55,0,0,0,0,103,0,0,0,0
15783,2,15,1,13,0,3,0,0,-1,0,135650,8,0,55,0,0,0,0,0,0,0,0,0,0,0,0,0,0,42,0,0,0,0,79,0,0,0,0
15786,4,2,8,5,0,0,0,0,-1,0,132721,7,0,85,0,0,0,0,0,0,0,152,0,0,0,0,0,0,0,0,0,0,0,0,0,0,0,0
15787,4,3,5,5,0,0,0,0,-1,0,132638,10,0,100,0,0,0,0,0,0,0,317,0,0,0,0,0,0,0,0,0,0,0,0,0,0,0,0
15789,4,1,7,16,0,0,0,0,-1,0,133768,7,0,0,0,0,0,0,0,0,0,36,0,0,0,0,0,0,0,0,0,0,0,0,0,0,0,0
15792,4,2,8,3,0,0,0,0,-1,0,135049,7,0,50,0,0,0,0,0,0,0,113,0,0,0,0,0,0,0,0,0,0,0,0,0,0,0,0
15795,4,4,6,10,0,0,0,0,-1,0,132964,11,0,40,0,0,0,0,0,0,0,345,0,0,0,0,0,0,0,0,0,0,0,0,0,0,0,0
15796,4,3,5,9,0,0,0,0,-1,0,132616,10,0,35,0,0,0,0,0,0,0,139,0,0,0,0,0,0,0,0,0,0,0,0,0,0,0,0
15797,4,4,6,9,0,0,0,0,-1,0,132617,11,0,40,0,0,0,0,0,0,0,245,0,0,0,0,0,0,0,0,0,0,0,0,0,0,0,0
15800,2,7,1,13,0,3,0,0,-1,0,135327,8,0,75,0,0,0,0,0,0,0,0,0,0,0,0,0,0,50,0,0,0,0,95,0,0,0,0
15801,2,7,1,13,0,3,0,0,-1,0,135326,8,0,75,0,0,0,0,0,0,0,0,0,0,0,0,0,0,50,0,0,0,0,95,0,0,0,0
15804,4,1,7,16,0,0,0,0,-1,0,133770,7,0,0,0,0,0,0,0,0,0,36,0,0,0,0,0,0,0,0,0,0,0,0,0,0,0,0
15805,4,0,3,23,0,7,0,0,-1,0,133941,23,0,0,0,0,0,0,0,0,0,0,0,0,0,0,0,0,0,0,0,0,0,0,0,0,0,0
15806,2,7,1,13,0,3,0,0,-1,0,135344,8,0,90,0,0,0,0,0,0,0,0,0,0,0,0,0,0,57,0,0,0,0,87,0,0,0,0
15813,4,3,5,6,0,0,0,0,-1,0,132511,10,0,35,0,0,0,0,0,0,0,170,0,0,0,0,0,0,0,0,0,0,0,0,0,0,0,0
15814,2,7,1,13,0,3,0,0,-1,0,135344,8,0,75,0,0,0,0,0,0,0,0,0,0,0,0,0,0,57,0,0,0,0,86,0,0,0,0
15815,4,1,7,16,0,0,0,0,-1,0,133770,7,0,0,0,0,0,0,0,0,0,39,0,0,0,0,0,15,0,0,0,0,0,0,0,0,0,0
15822,4,2,8,3,0,0,0,0,-1,0,135055,7,0,50,0,0,0,0,0,0,0,108,0,0,0,0,0,0,0,0,0,0,0,0,0,0,0,0
15823,4,3,5,10,0,0,0,0,-1,0,132963,10,0,35,0,0,0,0,0,0,0,186,0,0,0,0,0,0,0,0,0,0,0,0,0,0,0,0
15825,4,2,8,5,0,0,0,0,-1,0,132741,7,0,85,0,0,0,0,0,0,0,152,0,0,0,0,0,0,0,0,0,0,0,0,0,0,0,0
15827,4,3,5,5,0,0,0,0,-1,0,132626,10,0,100,0,0,0,0,0,0,0,317,0,0,0,0,0,0,0,0,0,0,0,0,0,0,0,0
15853,2,0,1,13,0,3,0,0,-1,0,132399,8,0,90,0,0,0,0,0,0,0,0,0,0,0,0,0,0,63,0,0,0,0,118,0,0,0,0
15854,2,10,2,17,0,2,0,0,-1,0,135144,13,0,100,0,0,0,0,0,0,0,0,0,0,0,0,0,0,98,0,0,0,0,148,0,0,0,0
15855,4,0,5,11,0,0,0,0,-1,0,133368,14,0,0,0,0,0,0,0,0,0,150,0,0,0,0,0,0,0,0,0,0,0,0,0,0,0,0
15856,4,0,3,2,0,0,0,0,-1,0,133298,14,0,0,0,0,0,0,0,0,0,0,0,0,0,0,0,0,0,0,0,0,0,0,0,0,0,0
15857,4,0,3,23,0,7,0,0,-1,0,135148,21,0,0,0,0,0,0,0,0,0,0,0,10,0,10,0,10,0,0,0,0,0,0,0,0,0,0
15859,4,3,5,6,0,0,0,0,-1,0,132512,10,0,35,0,0,0,0,0,0,0,179,0,0,0,0,0,0,0,0,0,0,0,0,0,0,0,0
15860,4,4,6,9,0,0,0,0,-1,0,132616,11,0,40,0,0,0,0,0,0,0,249,0,0,0,0,0,0,0,0,0,0,0,0,0,0,0,0
15861,4,2,8,8,0,0,0,0,-1,0,132541,7,0,45,0,0,0,0,0,0,0,106,0,0,0,0,0,0,0,0,0,0,0,0,0,0,0,0
15862,2,0,1,13,0,3,0,0,-1,0,135576,8,0,75,0,0,0,0,0,0,0,0,0,0,0,0,0,0,49,0,0,0,0,92,0,0,0,0
15863,2,4,2,21,0,3,0,0,-1,0,133482,8,0,75,0,0,0,0,0,0,0,0,0,0,0,0,0,0,36,0,0,0,0,67,0,0,0,0
15866,4,0,0,23,0,7,0,0,-1,0,133639,21,0,0,0,0,0,0,0,0,0,0,0,0,0,0,0,0,0,0,0,0,0,0,0,0,0,0
15867,4,0,0,12,0,0,0,0,-1,0,134139,24,0,0,0,0,0,0,0,0,0,0,0,0,0,0,0,0,0,0,0,0,0,0,0,0,0,0
15873,4,0,0,12,0,0,0,0,-1,0,132790,17,0,0,0,0,0,0,0,0,0,0,0,0,0,0,0,0,0,0,0,0,0,0,0,0,0,0
15887,4,6,1,14,57,4,2088,0,-1,0,134950,9,0,85,0,0,0,0,0,0,0,1890,0,0,0,0,0,0,0,0,0,0,0,0,0,0,0,0
15890,4,6,1,14,54,4,0,0,-1,0,134956,9,0,85,0,0,0,0,0,0,0,1805,0,0,0,0,0,0,0,0,0,0,0,0,0,0,0,0
15891,4,6,1,14,21,4,0,0,-1,0,134965,9,0,80,0,0,0,0,0,0,0,511,0,0,0,0,0,0,0,0,0,0,0,0,0,0,0,0
15892,4,6,1,14,27,4,0,0,-1,0,134961,9,0,85,0,0,0,0,0,0,0,611,0,0,0,0,0,0,0,0,0,0,0,0,0,0,0,0
15893,4,6,1,14,16,4,0,0,-1,0,134955,9,0,65,0,0,0,0,0,0,0,428,0,0,0,0,0,0,0,0,0,0,0,0,0,0,0,0
15894,4,6,1,14,20,4,0,0,-1,0,134955,9,0,75,0,0,0,0,0,0,0,495,0,0,0,0,0,0,0,0,0,0,0,0,0,0,0,0
15912,4,0,0,23,18,7,2008,0,-1,0,135467,12,0,0,0,0,0,0,0,0,0,0,0,0,0,0,0,0,0,0,0,0,0,0,0,0,0,0
15918,4,0,0,23,33,7,2038,0,-1,0,134336,13,0,0,0,0,0,0,0,0,0,0,0,0,0,0,0,0,0,0,0,0,0,0,0,0,0,0
15927,4,0,0,23,22,7,0,0,-1,0,134123,8,0,0,0,0,0,0,0,0,0,0,0,0,0,0,0,0,0,0,0,0,0,0,0,0,0,0
15928,4,0,0,23,26,7,0,0,-1,0,135469,8,0,0,0,0,0,0,0,0,0,0,0,0,0,0,0,0,0,0,0,0,0,0,0,0,0,0
15929,4,0,0,23,32,7,0,0,-1,0,134336,8,0,0,0,0,0,0,0,0,0,0,0,0,0,0,0,0,0,0,0,0,0,0,0,0,0,0
15930,4,0,0,23,51,7,0,0,-1,0,135468,8,0,0,0,0,0,0,0,0,0,0,0,0,0,0,0,0,0,0,0,0,0,0,0,0,0,0
15931,4,0,0,23,56,7,0,0,-1,0,135140,8,0,0,0,0,0,0,0,0,0,0,0,0,0,0,0,0,0,0,0,0,0,0,0,0,0,0
15934,4,0,0,23,27,7,2026,0,-1,0,135154,12,0,0,0,0,0,0,0,0,0,0,0,0,0,0,0,0,0,0,0,0,0,0,0,0,0,0
15935,4,0,0,23,29,7,2032,0,-1,0,135139,12,0,0,0,0,0,0,0,0,0,0,0,0,0,0,0,0,0,0,0,0,0,0,0,0,0,0
15936,4,0,0,23,50,7,2074,0,-1,0,133749,12,0,0,0,0,0,0,0,0,0,0,0,0,0,0,0,0,0,0,0,0,0,0,0,0,0,0
15937,4,0,0,23,46,7,0,0,-1,0,134333,21,0,0,0,0,0,0,0,0,0,0,0,0,0,0,0,0,0,0,0,0,0,0,0,0,0,0
15938,4,0,0,23,53,7,2080,0,-1,0,134334,12,0,0,0,0,0,0,0,0,0,0,0,0,0,0,0,0,0,0,0,0,0,0,0,0,0,0
15939,4,0,0,23,54,7,2080,0,-1,0,135466,12,0,0,0,0,0,0,0,0,0,0,0,0,0,0,0,0,0,0,0,0,0,0,0,0,0,0
15940,4,0,0,23,57,7,2086,0,-1,0,135473,12,0,0,0,0,0,0,0,0,0,0,0,0,0,0,0,0,0,0,0,0,0,0,0,0,0,0
15941,4,0,0,23,59,7,2092,0,-1,0,135467,12,0,0,0,0,0,0,0,0,0,0,0,0,0,0,0,0,0,0,0,0,0,0,0,0,0,0
15942,4,0,0,23,60,7,2092,0,-1,0,135144,12,0,0,0,0,0,0,0,0,0,0,0,0,0,0,0,0,0,0,0,0,0,0,0,0,0,0
15943,4,6,1,14,56,4,0,0,-1,0,134956,9,0,85,0,0,0,0,0,0,0,1861,0,0,0,0,0,0,0,0,0,0,0,0,0,0,0,0
15946,4,0,0,23,18,7,0,0,-1,0,134121,8,0,0,0,0,0,0,0,0,0,0,0,0,0,0,0,0,0,0,0,0,0,0,0,0,0,0
15947,4,0,0,23,23,7,0,0,-1,0,135160,8,0,0,0,0,0,0,0,0,0,0,0,0,0,0,0,0,0,0,0,0,0,0,0,0,0,0
15962,4,0,0,23,28,7,0,0,-1,0,135145,8,0,0,0,0,0,0,0,0,0,0,0,0,0,0,0,0,0,0,0,0,0,0,0,0,0,0
15963,4,0,0,23,34,7,0,0,-1,0,135157,8,0,0,0,0,0,0,0,0,0,0,0,0,0,0,0,0,0,0,0,0,0,0,0,0,0,0
15964,4,0,0,23,39,7,0,0,-1,0,134334,21,0,0,0,0,0,0,0,0,0,0,0,0,0,0,0,0,0,0,0,0,0,0,0,0,0,0
15965,4,0,3,23,44,7,0,0,-1,0,135140,13,0,0,0,0,0,0,0,0,0,0,0,0,0,0,0,0,0,0,0,0,0,0,0,0,0,0
15966,4,0,0,23,49,7,0,0,-1,0,134125,21,0,0,0,0,0,0,0,0,0,0,0,0,3,0,0,0,0,0,0,0,0,0,0,0,0,0
15967,4,0,0,23,54,7,0,0,-1,0,135464,8,0,0,0,0,0,0,0,0,0,0,0,0,0,0,0,0,0,0,0,0,0,0,0,0,0,0
15968,4,0,0,23,59,7,0,0,-1,0,134337,8,0,0,0,0,0,0,0,0,0,0,0,0,0,0,0,0,0,0,0,0,0,0,0,0,0,0
15971,4,0,0,23,15,7,2002,0,-1,0,135225,13,0,0,0,0,0,0,0,0,0,0,0,0,0,0,0,0,0,0,0,0,0,0,0,0,0,0
15972,4,0,0,23,19,7,2008,0,-1,0,132795,13,0,0,0,0,0,0,0,0,0,0,0,0,0,0,0,0,0,0,0,0,0,0,0,0,0,0
15973,4,0,0,23,25,7,2020,0,-1,0,135464,13,0,0,0,0,0,0,0,0,0,0,0,0,0,0,0,0,0,0,0,0,0,0,0,0,0,0
15974,4,0,0,23,21,7,2014,0,-1,0,135144,13,0,0,0,0,0,0,0,0,0,0,0,0,0,0,0,0,0,0,0,0,0,0,0,0,0,0
15975,4,0,0,23,26,7,2026,0,-1,0,135467,13,0,0,0,0,0,0,0,0,0,0,0,0,0,0,0,0,0,0,0,0,0,0,0,0,0,0
15976,4,0,0,23,31,7,2032,0,-1,0,135474,13,0,0,0,0,0,0,0,0,0,0,0,0,0,0,0,0,0,0,0,0,0,0,0,0,0,0
15977,4,0,0,23,32,7,2038,0,-1,0,134333,13,0,0,0,0,0,0,0,0,0,0,0,0,0,0,0,0,0,0,0,0,0,0,0,0,0,0
15978,4,0,0,23,36,7,2044,0,-1,0,135169,13,0,0,0,0,0,0,0,0,0,0,0,0,0,0,0,0,0,0,0,0,0,0,0,0,0,0
15979,4,0,0,23,37,7,2044,0,-1,0,135165,13,0,0,0,0,0,0,0,0,0,0,0,0,0,0,0,0,0,0,0,0,0,0,0,0,0,0
15980,4,0,0,23,41,7,2056,0,-1,0,134337,13,0,0,0,0,0,0,0,0,0,0,0,0,0,0,0,0,0,0,0,0,0,0,0,0,0,0
15981,4,0,0,23,42,7,2056,0,-1,0,134122,13,0,0,0,0,0,0,0,0,0,0,0,0,0,0,0,0,0,0,0,0,0,0,0,0,0,0
15982,4,0,0,23,46,7,2062,0,-1,0,135150,13,0,0,0,0,0,0,0,0,0,0,0,0,0,0,0,0,0,0,0,0,0,0,0,0,0,0
15983,4,0,0,23,47,7,2068,0,-1,0,135466,13,0,0,0,0,0,0,0,0,0,0,0,0,0,0,0,0,0,0,0,0,0,0,0,0,0,0
15984,4,0,0,23,51,7,2074,0,-1,0,135144,13,0,0,0,0,0,0,0,0,0,0,0,0,0,0,0,0,0,0,0,0,0,0,0,0,0,0
15985,4,0,0,23,52,7,2074,0,-1,0,135465,13,0,0,0,0,0,0,0,0,0,0,0,0,0,0,0,0,0,0,0,0,0,0,0,0,0,0
15986,4,0,0,23,55,7,2080,0,-1,0,135160,13,0,0,0,0,0,0,0,0,0,0,0,0,0,0,0,0,0,0,0,0,0,0,0,0,0,0
15987,4,0,0,23,56,7,2086,0,-1,0,134333,13,0,0,0,0,0,0,0,0,0,0,0,0,0,0,0,0,0,0,0,0,0,0,0,0,0,0
15988,4,0,0,23,58,7,2086,0,-1,0,134335,12,0,0,0,0,0,0,0,0,0,0,0,0,0,0,0,0,0,0,0,0,0,0,0,0,0,0
15989,4,0,0,23,60,7,2092,0,-1,0,135151,13,0,0,0,0,0,0,0,0,0,0,0,0,0,0,0,0,0,0,0,0,0,0,0,0,0,0
15990,4,6,1,14,34,4,0,0,-1,0,134951,9,0,85,0,0,0,0,0,0,0,728,0,0,0,0,0,0,0,0,0,0,0,0,0,0,0,0
15991,4,6,1,14,58,4,0,0,-1,0,134953,9,0,85,0,0,0,0,0,0,0,1918,0,0,0,0,0,0,0,0,0,0,0,0,0,0,0,0
15995,2,3,1,26,47,0,0,0,-1,0,135616,8,0,65,3,0,0,0,0,0,0,0,0,0,0,0,0,0,42,0,0,0,0,79,0,0,0,0
16004,2,3,1,26,50,0,0,0,-1,0,135617,8,0,75,3,0,0,0,0,0,0,0,0,0,0,0,0,0,53,0,0,0,0,100,0,0,0,0
16007,2,3,1,26,56,0,0,0,-1,0,135612,8,0,75,3,0,0,0,0,0,0,0,0,0,0,0,0,0,65,0,0,0,0,122,0,0,0,0
16009,4,0,3,2,0,0,0,0,-1,0,133282,14,0,0,0,0,0,0,0,0,0,0,0,0,0,0,0,0,0,0,0,0,0,0,0,0,0,0
16039,2,8,1,17,52,1,0,0,-1,0,135351,9,0,100,0,0,0,6,0,0,0,0,0,0,0,0,0,0,129,1,0,0,0,194,20,0,0,0
16058,4,0,5,11,0,0,0,0,-1,0,133361,14,0,0,0,0,0,0,0,0,0,0,0,0,0,0,0,0,0,0,0,0,0,0,0,0,0,0
16309,4,0,0,2,50,0,0,0,-1,0,133444,24,0,0,0,0,0,0,0,0,0,0,0,15,0,0,0,0,0,0,0,0,0,0,0,0,0,0
16315,4,1,7,16,25,0,0,0,-1,0,133773,7,0,0,0,0,0,0,0,0,0,24,0,0,0,0,0,0,0,0,0,0,0,0,0,0,0,0
16335,4,0,5,2,58,0,0,0,-1,0,134317,14,0,0,0,0,0,0,0,0,0,0,0,0,0,0,0,0,0,0,0,0,0,0,0,0,0,0
16336,4,1,7,16,40,0,0,0,-1,0,133773,7,0,0,0,0,0,0,0,0,0,32,0,0,0,0,0,0,0,0,0,0,0,0,0,0,0,0
16337,4,1,7,16,55,0,0,0,-1,0,133773,7,0,0,0,0,0,0,0,0,0,43,0,0,0,0,0,0,0,0,0,0,0,0,0,0,0,0
16341,4,1,7,16,45,0,0,0,-1,0,133759,7,0,0,0,0,0,0,0,0,0,36,0,0,0,0,0,0,0,0,0,0,0,0,0,0,0,0
16342,4,1,7,16,58,0,0,0,-1,0,133773,7,0,0,0,0,0,0,0,0,0,45,0,0,0,0,0,0,0,0,0,0,0,0,0,0,0,0
16392,4,2,8,8,58,0,0,0,-1,0,132539,7,0,50,0,0,0,0,0,0,0,121,0,0,0,0,0,0,0,0,0,0,0,0,0,0,0,0
16393,4,2,8,8,58,0,0,0,-1,0,132541,7,0,50,0,0,0,0,0,0,0,121,0,0,0,0,0,0,0,0,0,0,0,0,0,0,0,0
16394,4,2,8,9,55,0,0,0,-1,0,132601,7,0,35,0,0,0,0,0,0,0,74,0,0,0,0,0,0,0,0,0,0,0,0,0,0,0,0
16396,4,2,8,10,58,0,0,0,-1,0,132949,7,0,35,0,0,0,0,0,0,0,110,0,0,0,0,0,0,0,0,0,0,0,0,0,0,0,0
16397,4,2,8,10,58,0,0,0,-1,0,132960,7,0,35,0,0,0,0,0,0,0,110,0,0,0,0,0,0,0,0,0,0,0,0,0,0,0,0
16398,4,2,8,6,55,0,0,0,-1,0,132512,7,0,35,0,0,0,0,0,0,0,95,0,0,0,0,0,0,0,0,0,0,0,0,0,0,0,0
16400,4,3,5,6,55,0,0,0,-1,0,132517,10,0,40,0,0,0,0,0,0,0,199,0,0,0,0,0,0,0,0,0,0,0,0,0,0,0,0
16401,4,3,5,8,58,0,0,0,-1,0,132541,10,0,60,0,0,0,0,0,0,0,255,0,0,0,0,0,0,0,0,0,0,0,0,0,0,0,0
16402,4,3,5,9,55,0,0,0,-1,0,132616,10,0,40,0,0,0,0,0,0,0,155,0,0,0,0,0,0,0,0,0,0,0,0,0,0,0,0
16403,4,3,5,10,58,0,0,0,-1,0,132944,10,0,40,0,0,0,0,0,0,0,231,0,0,0,0,0,0,0,0,0,0,0,0,0,0,0,0
16405,4,4,6,8,58,0,0,0,-1,0,132590,11,0,65,0,0,0,0,0,0,0,452,0,0,0,0,0,0,0,0,0,0,0,0,0,0,0,0
16406,4,4,6,10,58,0,0,0,-1,0,132957,11,0,45,0,0,0,0,0,0,0,410,0,0,0,0,0,0,0,0,0,0,0,0,0,0,0,0
16409,4,4,6,8,58,0,0,0,-1,0,132584,11,0,65,0,0,0,0,0,0,0,452,0,0,0,0,0,0,0,0,0,0,0,0,0,0,0,0
16410,4,4,6,10,58,0,0,0,-1,0,132963,11,0,45,0,0,0,0,0,0,0,410,0,0,0,0,0,0,0,0,0,0,0,0,0,0,0,0
16417,4,2,8,5,58,0,0,0,-1,0,132722,7,0,100,0,0,0,0,0,0,0,176,0,0,0,0,0,0,0,0,0,0,0,0,0,0,0,0
16418,4,2,8,1,58,0,0,0,-1,0,133144,7,0,60,0,0,0,0,0,0,0,143,0,0,0,0,0,0,0,0,0,0,0,0,0,0,0,0
16419,4,2,8,7,58,0,0,0,-1,0,134591,7,0,75,0,0,0,0,0,0,0,154,0,0,0,0,0,0,0,0,0,0,0,0,0,0,0,0
16420,4,2,8,3,58,0,0,0,-1,0,135056,7,0,60,0,0,0,0,0,0,0,132,0,0,0,0,0,0,0,0,0,0,0,0,0,0,0,0
16421,4,2,8,5,58,0,0,0,-1,0,132725,7,0,100,0,0,0,0,0,0,0,176,0,0,0,0,0,0,0,0,0,0,0,0,0,0,0,0
16423,4,2,8,3,58,0,0,0,-1,0,135054,7,0,60,0,0,0,0,0,0,0,132,0,0,0,0,0,0,0,0,0,0,0,0,0,0,0,0
16424,4,2,8,1,58,0,0,0,-1,0,133143,7,0,60,0,0,0,0,0,0,0,143,0,0,0,0,0,0,0,0,0,0,0,0,0,0,0,0
16425,4,3,5,5,58,0,0,0,-1,0,132628,10,0,120,0,0,0,0,0,0,0,370,0,0,0,0,0,0,0,0,0,0,0,0,0,0,0,0
16426,4,3,5,7,58,0,0,0,-1,0,134590,10,0,90,0,0,0,0,0,0,0,324,0,0,0,0,0,0,0,0,0,0,0,0,0,0,0,0
16427,4,3,5,3,58,0,0,0,-1,0,135049,10,0,70,0,0,0,0,0,0,0,278,0,0,0,0,0,0,0,0,0,0,0,0,0,0,0,0
16428,4,3,5,1,58,0,0,0,-1,0,133123,10,0,70,0,0,0,0,0,0,0,301,0,0,0,0,0,0,0,0,0,0,0,0,0,0,0,0
16429,4,4,6,1,58,0,0,0,-1,0,133073,11,0,80,0,0,0,0,0,0,0,534,0,0,0,0,0,0,0,0,0,0,0,0,0,0,0,0
16430,4,4,6,5,58,0,0,0,-1,0,132751,11,0,135,0,0,0,0,0,0,0,657,0,0,0,0,0,0,0,0,0,0,0,0,0,0,0,0
16432,4,4,6,3,58,0,0,0,-1,0,135051,11,0,80,0,0,0,0,0,0,0,493,0,0,0,0,0,0,0,0,0,0,0,0,0,0,0,0
16433,4,4,6,5,58,0,0,0,-1,0,132738,11,0,135,0,0,0,0,0,0,0,657,0,0,0,0,0,0,0,0,0,0,0,0,0,0,0,0
16435,4,4,6,7,58,0,0,0,-1,0,134586,11,0,100,0,0,0,0,0,0,0,575,0,0,0,0,0,0,0,0,0,0,0,0,0,0,0,0
16436,4,4,6,3,58,0,0,0,-1,0,135059,11,0,80,0,0,0,0,0,0,0,493,0,0,0,0,0,0,0,0,0,0,0,0,0,0,0,0
16445,4,2,8,9,60,0,0,0,-1,0,132601,7,0,40,0,0,0,0,0,0,0,86,0,0,0,0,0,0,0,0,0,0,0,0,0,0,0,0
16446,4,2,8,8,60,0,0,0,-1,0,132542,7,0,60,0,0,0,0,0,0,0,146,0,0,0,0,0,0,0,0,0,0,0,0,0,0,0,0
16447,4,2,8,6,60,0,0,0,-1,0,132512,7,0,40,0,0,0,0,0,0,0,111,0,0,0,0,0,0,0,0,0,0,0,0,0,0,0,0
16448,4,2,8,10,60,0,0,0,-1,0,132955,7,0,40,0,0,0,0,0,0,0,133,0,0,0,0,0,0,0,0,0,0,0,0,0,0,0,0
16449,4,2,8,3,60,0,0,0,-1,0,135054,7,0,70,0,0,0,0,0,0,0,165,0,0,0,0,0,0,0,0,0,0,0,0,0,0,0,0
16450,4,2,8,7,60,0,0,0,-1,0,134586,7,0,90,0,0,0,0,0,0,0,186,0,0,0,0,0,0,0,0,0,0,0,0,0,0,0,0
16451,4,2,8,1,60,0,0,0,-1,0,133143,7,0,70,0,0,0,0,0,0,0,179,0,0,0,0,0,0,0,0,0,0,0,0,0,0,0,0
16452,4,2,8,5,60,0,0,0,-1,0,132648,7,0,120,0,0,0,0,0,0,0,220,0,0,0,0,0,0,0,0,0,0,0,0,0,0,0,0
16461,4,3,5,9,60,0,0,0,-1,0,132616,10,0,50,0,0,0,0,0,0,0,182,0,0,0,0,0,0,0,0,0,0,0,0,0,0,0,0
16462,4,3,5,8,60,0,0,0,-1,0,132588,10,0,70,0,0,0,0,0,0,0,311,0,0,0,0,0,0,0,0,0,0,0,0,0,0,0,0
16463,4,3,5,10,60,0,0,0,-1,0,132944,10,0,50,0,0,0,0,0,0,0,283,0,0,0,0,0,0,0,0,0,0,0,0,0,0,0,0
16464,4,3,5,6,60,0,0,0,-1,0,132517,10,0,50,0,0,0,0,0,0,0,234,0,0,0,0,0,0,0,0,0,0,0,0,0,0,0,0
16465,4,3,5,1,60,0,0,0,-1,0,133073,10,0,85,0,0,0,0,0,0,0,382,0,0,0,0,0,0,0,0,0,0,0,0,0,0,0,0
16466,4,3,5,5,60,0,0,0,-1,0,132625,10,0,140,0,0,0,0,0,0,0,470,0,0,0,0,0,0,0,0,0,0,0,0,0,0,0,0
16467,4,3,5,7,60,0,0,0,-1,0,134669,10,0,105,0,0,0,0,0,0,0,396,0,0,0,0,0,0,0,0,0,0,0,0,0,0,0,0
16468,4,3,5,3,60,0,0,0,-1,0,135041,10,0,85,0,0,0,0,0,0,0,353,0,0,0,0,0,0,0,0,0,0,0,0,0,0,0,0
16469,4,4,6,9,60,0,0,0,-1,0,132617,11,0,55,0,0,0,0,0,0,0,323,0,0,0,0,0,0,0,0,0,0,0,0,0,0,0,0
16470,4,4,6,6,60,0,0,0,-1,0,132516,11,0,55,0,0,0,0,0,0,0,415,0,0,0,0,0,0,0,0,0,0,0,0,0,0,0,0
16471,4,4,6,10,60,0,0,0,-1,0,132963,11,0,55,0,0,0,0,0,0,0,502,0,0,0,0,0,0,0,0,0,0,0,0,0,0,0,0
16472,4,4,6,8,60,0,0,0,-1,0,132590,11,0,75,0,0,0,0,0,0,0,552,0,0,0,0,0,0,0,0,0,0,0,0,0,0,0,0
16473,4,4,6,5,60,0,0,0,-1,0,132738,11,0,165,0,0,0,0,0,0,0,835,0,0,0,0,0,0,0,0,0,0,0,0,0,0,0,0
16474,4,4,6,1,60,0,0,0,-1,0,133073,11,0,100,0,0,0,0,0,0,0,679,0,0,0,0,0,0,0,0,0,0,0,0,0,0,0,0
16475,4,4,6,7,60,0,0,0,-1,0,134584,11,0,120,0,0,0,0,0,0,0,703,0,0,0,0,0,0,0,0,0,0,0,0,0,0,0,0
16476,4,4,6,3,60,0,0,0,-1,0,135051,11,0,100,0,0,0,0,0,0,0,626,0,0,0,0,0,0,0,0,0,0,0,0,0,0,0,0
16493,4,2,8,9,55,0,0,0,-1,0,132602,7,0,35,0,0,0,0,0,0,0,74,0,0,0,0,0,0,0,0,0,0,0,0,0,0,0,0
16494,4,2,8,8,58,0,0,0,-1,0,132542,7,0,50,0,0,0,0,0,0,0,121,0,0,0,0,0,0,0,0,0,0,0,0,0,0,0,0
16495,4,2,8,6,55,0,0,0,-1,0,132495,7,0,35,0,0,0,0,0,0,0,95,0,0,0,0,0,0,0,0,0,0,0,0,0,0,0,0
16496,4,2,8,10,58,0,0,0,-1,0,132959,7,0,35,0,0,0,0,0,0,0,110,0,0,0,0,0,0,0,0,0,0,0,0,0,0,0,0
16497,4,2,8,9,58,0,0,0,-1,0,132606,7,0,35,0,0,0,0,0,0,0,77,0,0,0,0,0,0,0,0,0,0,0,0,0,0,0,0
16501,4,2,8,3,58,0,0,0,-1,0,135038,7,0,60,0,0,0,0,0,0,0,132,0,0,0,0,0,0,0,0,0,0,0,0,0,0,0,0
16503,4,2,8,1,58,0,0,0,-1,0,133077,7,0,60,0,0,0,0,0,0,0,143,0,0,0,0,0,0,0,0,0,0,0,0,0,0,0,0
16505,4,2,8,5,58,0,0,0,-1,0,132720,7,0,100,0,0,0,0,0,0,0,176,0,0,0,0,0,0,0,0,0,0,0,0,0,0,0,0
16507,4,2,8,3,58,0,0,0,-1,0,135045,7,0,60,0,0,0,0,0,0,0,132,0,0,0,0,0,0,0,0,0,0,0,0,0,0,0,0
16508,4,2,8,7,58,0,0,0,-1,0,134588,7,0,75,0,0,0,0,0,0,0,154,0,0,0,0,0,0,0,0,0,0,0,0,0,0,0,0
16510,4,4,6,10,58,0,0,0,-1,0,132960,11,0,45,0,0,0,0,0,0,0,410,0,0,0,0,0,0,0,0,0,0,0,0,0,0,0,0
16514,4,4,6,1,58,0,0,0,-1,0,133077,11,0,80,0,0,0,0,0,0,0,534,0,0,0,0,0,0,0,0,0,0,0,0,0,0,0,0
16516,4,4,6,3,58,0,0,0,-1,0,135042,11,0,80,0,0,0,0,0,0,0,493,0,0,0,0,0,0,0,0,0,0,0,0,0,0,0,0
16517,4,3,5,9,55,0,0,0,-1,0,132615,10,0,40,0,0,0,0,0,0,0,155,0,0,0,0,0,0,0,0,0,0,0,0,0,0,0,0
16519,4,3,5,10,58,0,0,0,-1,0,132945,10,0,40,0,0,0,0,0,0,0,231,0,0,0,0,0,0,0,0,0,0,0,0,0,0,0,0
16521,4,3,5,1,58,0,0,0,-1,0,133077,10,0,70,0,0,0,0,0,0,0,301,0,0,0,0,0,0,0,0,0,0,0,0,0,0,0,0
16523,4,3,5,7,58,0,0,0,-1,0,134589,10,0,90,0,0,0,0,0,0,0,324,0,0,0,0,0,0,0,0,0,0,0,0,0,0,0,0
16524,4,3,5,3,58,0,0,0,-1,0,135035,10,0,70,0,0,0,0,0,0,0,278,0,0,0,0,0,0,0,0,0,0,0,0,0,0,0,0
16525,4,3,5,5,58,0,0,0,-1,0,132626,10,0,120,0,0,0,0,0,0,0,370,0,0,0,0,0,0,0,0,0,0,0,0,0,0,0,0
16527,4,3,5,7,58,0,0,0,-1,0,134583,10,0,90,0,0,0,0,0,0,0,324,0,0,0,0,0,0,0,0,0,0,0,0,0,0,0,0
16528,4,3,5,3,58,0,0,0,-1,0,135032,10,0,70,0,0,0,0,0,0,0,278,0,0,0,0,0,0,0,0,0,0,0,0,0,0,0,0
16530,4,3,5,10,58,0,0,0,-1,0,132951,10,0,40,0,0,0,0,0,0,0,231,0,0,0,0,0,0,0,0,0,0,0,0,0,0,0,0
16531,4,3,5,8,58,0,0,0,-1,0,132539,10,0,60,0,0,0,0,0,0,0,255,0,0,0,0,0,0,0,0,0,0,0,0,0,0,0,0
16532,4,3,5,9,58,0,0,0,-1,0,132615,10,0,40,0,0,0,0,0,0,0,162,0,0,0,0,0,0,0,0,0,0,0,0,0,0,0,0
16541,4,4,6,5,60,0,0,0,-1,0,132751,11,0,165,0,0,0,0,0,0,0,835,0,0,0,0,0,0,0,0,0,0,0,0,0,0,0,0
16542,4,4,6,1,60,0,0,0,-1,0,133077,11,0,100,0,0,0,0,0,0,0,679,0,0,0,0,0,0,0,0,0,0,0,0,0,0,0,0
16544,4,4,6,3,60,0,0,0,-1,0,135042,11,0,100,0,0,0,0,0,0,0,626,0,0,0,0,0,0,0,0,0,0,0,0,0,0,0,0
16545,4,4,6,8,60,0,0,0,-1,0,132585,11,0,75,0,0,0,0,0,0,0,552,0,0,0,0,0,0,0,0,0,0,0,0,0,0,0,0
16546,4,4,6,9,60,0,0,0,-1,0,132618,11,0,55,0,0,0,0,0,0,0,323,0,0,0,0,0,0,0,0,0,0,0,0,0,0,0,0
16547,4,4,6,6,60,0,0,0,-1,0,132498,11,0,55,0,0,0,0,0,0,0,415,0,0,0,0,0,0,0,0,0,0,0,0,0,0,0,0
16548,4,4,6,10,60,0,0,0,-1,0,132944,11,0,55,0,0,0,0,0,0,0,502,0,0,0,0,0,0,0,0,0,0,0,0,0,0,0,0
16549,4,2,8,5,60,0,0,0,-1,0,132638,7,0,120,0,0,0,0,0,0,0,220,0,0,0,0,0,0,0,0,0,0,0,0,0,0,0,0
16550,4,2,8,1,60,0,0,0,-1,0,133077,7,0,70,0,0,0,0,0,0,0,179,0,0,0,0,0,0,0,0,0,0,0,0,0,0,0,0
16551,4,2,8,3,60,0,0,0,-1,0,135038,7,0,70,0,0,0,0,0,0,0,165,0,0,0,0,0,0,0,0,0,0,0,0,0,0,0,0
16553,4,2,8,9,60,0,0,0,-1,0,132602,7,0,40,0,0,0,0,0,0,0,86,0,0,0,0,0,0,0,0,0,0,0,0,0,0,0,0
16555,4,2,8,10,60,0,0,0,-1,0,132959,7,0,40,0,0,0,0,0,0,0,133,0,0,0,0,0,0,0,0,0,0,0,0,0,0,0,0
16556,4,2,8,6,60,0,0,0,-1,0,132495,7,0,40,0,0,0,0,0,0,0,111,0,0,0,0,0,0,0,0,0,0,0,0,0,0,0,0
16565,4,3,5,5,60,0,0,0,-1,0,132633,10,0,140,0,0,0,0,0,0,0,470,0,0,0,0,0,0,0,0,0,0,0,0,0,0,0,0
16566,4,3,5,1,60,0,0,0,-1,0,133077,10,0,85,0,0,0,0,0,0,0,382,0,0,0,0,0,0,0,0,0,0,0,0,0,0,0,0
16567,4,3,5,7,60,0,0,0,-1,0,134668,10,0,105,0,0,0,0,0,0,0,396,0,0,0,0,0,0,0,0,0,0,0,0,0,0,0,0
16568,4,3,5,3,60,0,0,0,-1,0,135060,10,0,85,0,0,0,0,0,0,0,353,0,0,0,0,0,0,0,0,0,0,0,0,0,0,0,0
16569,4,3,5,8,60,0,0,0,-1,0,132587,10,0,70,0,0,0,0,0,0,0,311,0,0,0,0,0,0,0,0,0,0,0,0,0,0,0,0
16570,4,3,5,9,60,0,0,0,-1,0,132615,10,0,50,0,0,0,0,0,0,0,182,0,0,0,0,0,0,0,0,0,0,0,0,0,0,0,0
16571,4,3,5,10,60,0,0,0,-1,0,132945,10,0,50,0,0,0,0,0,0,0,283,0,0,0,0,0,0,0,0,0,0,0,0,0,0,0,0
16572,4,3,5,6,60,0,0,0,-1,0,132503,10,0,50,0,0,0,0,0,0,0,234,0,0,0,0,0,0,0,0,0,0,0,0,0,0,0,0
16579,4,3,5,7,60,0,0,0,-1,0,134667,10,0,105,0,0,0,0,0,0,0,396,0,0,0,0,0,0,0,0,0,0,0,0,0,0,0,0
16608,4,2,8,6,0,0,0,0,-1,0,132515,7,0,20,0,0,0,0,0,0,0,40,0,0,0,0,0,0,0,0,0,0,0,0,0,0,0,0
16622,2,2,2,15,0,0,0,0,-1,0,135494,12,0,65,2,0,0,0,0,0,0,0,0,0,0,0,0,0,52,0,0,0,0,97,0,0,0,0
16623,4,0,3,2,0,0,0,0,-1,0,133295,14,0,0,0,0,0,0,0,0,0,0,0,0,0,0,0,0,0,0,0,0,0,0,0,0,0,0
16658,4,1,7,16,0,0,0,0,-1,0,133762,7,0,0,0,0,0,0,0,0,0,22,0,0,0,0,0,0,0,0,0,0,0,0,0,0,0,0
16659,4,2,8,6,0,0,0,0,-1,0,132498,7,0,30,0,0,0,0,0,0,0,50,0,0,0,0,0,0,0,0,0,0,0,0,0,0,0,0
16660,4,6,1,14,0,4,0,0,-1,0,134962,9,0,80,0,0,0,0,0,0,0,528,0,0,0,0,0,0,0,0,0,0,0,0,0,0,0,0
16661,4,1,7,16,0,0,0,0,-1,0,133767,7,0,0,0,0,0,0,0,0,0,20,0,0,0,0,0,0,0,0,0,0,0,0,0,0,0,0
16666,4,3,5,5,58,0,0,0,-1,0,132633,10,0,120,0,0,0,0,0,0,0,370,0,0,0,0,0,0,0,0,0,0,0,0,0,0,0,0
16667,4,3,5,1,57,0,0,0,-1,0,133072,10,0,70,0,0,0,0,0,0,0,297,0,0,0,0,0,0,0,0,0,0,0,0,0,0,0,0
16668,4,3,5,7,56,0,0,0,-1,0,134583,10,0,90,0,0,0,0,0,0,0,315,0,0,0,0,0,0,0,0,0,0,0,0,0,0,0,0
16669,4,3,5,3,55,0,0,0,-1,0,135060,10,0,70,0,0,0,0,0,0,0,266,0,0,0,0,0,0,0,0,0,0,0,0,0,0,0,0
16670,4,3,5,8,54,0,0,0,-1,0,132592,10,0,60,0,0,0,0,0,0,0,240,0,0,0,0,0,0,0,0,0,0,0,0,0,0,0,0
16671,4,3,5,9,52,0,0,0,-1,0,132601,10,0,40,0,0,0,0,0,0,0,148,0,0,0,0,0,0,0,0,0,0,0,0,0,0,0,0
16672,4,3,5,10,54,0,0,0,-1,0,132945,10,0,40,0,0,0,0,0,0,0,218,0,0,0,0,0,0,0,0,0,0,0,0,0,0,0,0
16673,4,3,5,6,53,0,0,0,-1,0,132505,10,0,40,0,0,0,0,0,0,0,193,0,0,0,0,0,0,0,0,0,0,0,0,0,0,0,0
16674,4,3,5,5,58,0,0,0,-1,0,132625,10,0,120,0,0,0,0,0,0,0,370,0,0,0,0,0,0,0,0,0,0,0,0,0,0,0,0
16675,4,3,5,8,54,0,0,0,-1,0,132588,10,0,60,0,0,0,0,0,0,0,240,0,0,0,0,0,0,0,0,0,0,0,0,0,0,0,0
16676,4,3,5,10,54,0,0,0,-1,0,132944,10,0,40,0,0,0,0,0,0,0,218,0,0,0,0,0,0,0,0,0,0,0,0,0,0,0,0
16677,4,3,5,1,57,0,0,0,-1,0,133126,10,0,70,0,0,0,0,0,0,0,297,0,0,0,0,0,0,0,0,0,0,0,0,0,0,0,0
16679,4,3,5,3,55,0,0,0,-1,0,135041,10,0,70,0,0,0,0,0,0,0,266,0,0,0,0,0,0,0,0,0,0,0,0,0,0,0,0
16680,4,3,5,6,53,0,0,0,-1,0,132517,10,0,40,0,0,0,0,0,0,0,193,0,0,0,0,0,0,0,0,0,0,0,0,0,0,0,0
16681,4,3,5,9,52,0,0,0,-1,0,132616,10,0,40,0,0,0,0,0,0,0,148,0,0,0,0,0,0,0,0,0,0,0,0,0,0,0,0
16706,4,2,8,5,58,0,0,0,-1,0,132741,7,0,100,0,0,0,0,0,0,0,176,0,0,0,0,0,0,0,0,0,0,0,0,0,0,0,0
16707,4,2,8,1,57,0,0,0,-1,0,133143,7,0,60,0,0,0,0,0,0,0,141,0,0,0,0,0,0,0,0,0,0,0,0,0,0,0,0
16708,4,2,8,3,55,0,0,0,-1,0,135038,7,0,60,0,0,0,0,0,0,0,127,0,0,0,0,0,0,0,0,0,0,0,0,0,0,0,0
16709,4,2,8,7,56,0,0,0,-1,0,134582,7,0,75,0,0,0,0,0,0,0,150,0,0,0,0,0,0,0,0,0,0,0,0,0,0,0,0
16710,4,2,8,9,52,0,0,0,-1,0,132606,7,0,35,0,0,0,0,0,0,0,71,0,0,0,0,0,0,0,0,0,0,0,0,0,0,0,0
16711,4,2,8,8,54,0,0,0,-1,0,132542,7,0,50,0,0,0,0,0,0,0,115,0,0,0,0,0,0,0,0,0,0,0,0,0,0,0,0
16712,4,2,8,10,54,0,0,0,-1,0,132958,7,0,35,0,0,0,0,0,0,0,105,0,0,0,0,0,0,0,0,0,0,0,0,0,0,0,0
16713,4,2,8,6,53,0,0,0,-1,0,132492,7,0,35,0,0,0,0,0,0,0,93,0,0,0,0,0,0,0,0,0,0,0,0,0,0,0,0
16714,4,2,8,9,52,0,0,0,-1,0,132608,7,0,35,0,0,0,0,0,0,0,71,0,0,0,0,0,0,0,0,0,0,0,0,0,0,0,0
16716,4,2,8,6,53,0,0,0,-1,0,132504,7,0,35,0,0,0,0,0,0,0,93,0,0,0,0,0,0,0,0,0,0,0,0,0,0,0,0
16717,4,2,8,10,54,0,0,0,-1,0,132951,7,0,35,0,0,0,0,0,0,0,105,0,0,0,0,0,0,0,0,0,0,0,0,0,0,0,0
16718,4,2,8,3,55,0,0,0,-1,0,135032,7,0,60,0,0,0,0,0,0,0,127,0,0,0,0,0,0,0,0,0,0,0,0,0,0,0,0
16719,4,2,8,7,56,0,0,0,-1,0,134588,7,0,75,0,0,0,0,0,0,0,150,0,0,0,0,0,0,0,0,0,0,0,0,0,0,0,0
16720,4,2,8,1,57,0,0,0,-1,0,133129,7,0,60,0,0,0,0,0,0,0,141,0,0,0,0,0,0,0,0,0,0,0,0,0,0,0,0
16722,4,4,6,9,52,0,0,0,-1,0,132613,11,0,45,0,0,0,0,0,0,0,261,0,0,0,0,0,0,0,0,0,0,0,0,0,0,0,0
16723,4,4,6,6,53,0,0,0,-1,0,132500,11,0,45,0,0,0,0,0,0,0,341,0,0,0,0,0,0,0,0,0,0,0,0,0,0,0,0
16724,4,4,6,10,54,0,0,0,-1,0,132953,11,0,45,0,0,0,0,0,0,0,386,0,0,0,0,0,0,0,0,0,0,0,0,0,0,0,0
16725,4,4,6,8,54,0,0,0,-1,0,132584,11,0,65,0,0,0,0,0,0,0,424,0,0,0,0,0,0,0,0,0,0,0,0,0,0,0,0
16727,4,4,6,1,57,0,0,0,-1,0,133076,11,0,80,0,0,0,0,0,0,0,526,0,0,0,0,0,0,0,0,0,0,0,0,0,0,0,0
16729,4,4,6,3,55,0,0,0,-1,0,135041,11,0,80,0,0,0,0,0,0,0,470,0,0,0,0,0,0,0,0,0,0,0,0,0,0,0,0
16733,4,4,6,3,55,0,0,0,-1,0,135061,11,0,80,0,0,0,0,0,0,0,470,0,0,0,0,0,0,0,0,0,0,0,0,0,0,0,0
16735,4,4,6,9,52,0,0,0,-1,0,132617,11,0,45,0,0,0,0,0,0,0,261,0,0,0,0,0,0,0,0,0,0,0,0,0,0,0,0
16736,4,4,6,6,53,0,0,0,-1,0,132523,11,0,45,0,0,0,0,0,0,0,341,0,0,0,0,0,0,0,0,0,0,0,0,0,0,0,0
16737,4,4,6,10,54,0,0,0,-1,0,132960,11,0,45,0,0,0,0,0,0,0,386,0,0,0,0,0,0,0,0,0,0,0,0,0,0,0,0
16739,4,2,8,3,0,0,0,0,-1,0,135038,7,0,50,0,0,0,0,0,0,0,96,0,0,0,0,0,0,0,0,0,0,0,0,0,0,0,0
16741,4,2,8,10,0,0,0,0,-1,0,132946,7,0,30,0,0,0,0,0,0,0,59,0,0,0,0,0,0,0,0,0,0,0,0,0,0,0,0
16768,4,0,3,23,0,7,0,0,-1,0,133644,18,0,0,0,0,0,0,0,0,0,0,0,0,0,0,0,0,0,0,0,0,0,0,0,0,0,0
16769,2,4,2,21,47,3,0,0,-1,0,133486,8,0,75,0,0,0,0,0,0,0,0,0,0,0,0,0,0,54,0,0,0,0,101,0,0,0,0
16789,2,19,2,26,0,0,0,0,-1,0,135145,21,0,55,0,0,4,0,0,0,0,0,0,0,0,0,0,0,31,0,0,0,0,58,0,0,0,0
16793,4,3,5,3,0,0,0,0,-1,0,135047,10,0,60,0,0,0,0,0,0,0,167,0,0,0,0,0,0,0,0,0,0,0,0,0,0,0,0
16794,4,3,5,9,0,0,0,0,-1,0,132606,10,0,35,0,0,0,0,0,0,0,98,0,0,0,0,0,0,0,0,0,0,0,0,0,0,0,0
16820,4,2,8,5,60,0,0,0,-1,0,132648,7,0,120,0,0,0,0,0,0,0,200,0,10,0,0,0,0,0,0,0,0,0,0,0,0,0,0
16821,4,2,8,1,60,0,0,0,-1,0,133143,7,0,70,0,0,0,0,0,0,0,163,0,10,0,0,0,0,0,0,0,0,0,0,0,0,0,0
16822,4,2,8,7,60,0,0,0,-1,0,134586,7,0,90,0,0,0,0,0,0,0,175,0,0,0,0,10,0,0,0,0,0,0,0,0,0,0,0
16823,4,2,8,3,60,0,0,0,-1,0,135056,7,0,70,0,0,0,0,0,0,0,150,0,0,0,0,7,0,0,0,0,0,0,0,0,0,0,0
16824,4,2,8,8,60,0,0,0,-1,0,132542,7,0,60,0,0,0,0,0,0,0,138,0,0,0,0,7,0,0,0,0,0,0,0,0,0,0,0
16825,4,2,8,9,60,0,0,0,-1,0,132601,7,0,40,0,0,0,0,0,0,0,88,0,0,0,0,0,0,0,0,0,0,0,0,0,0,0,0
16826,4,2,8,10,60,0,0,0,-1,0,132955,7,0,40,0,0,0,0,0,0,0,125,0,7,0,0,0,0,0,0,0,0,0,0,0,0,0,0
16827,4,2,8,6,60,0,0,0,-1,0,132512,7,0,40,0,0,0,0,0,0,0,113,0,7,0,0,0,0,0,0,0,0,0,0,0,0,0,0
16828,4,2,8,6,60,0,0,0,-1,0,132495,7,0,40,0,0,0,0,0,0,0,113,0,7,0,0,0,0,0,0,0,0,0,0,0,0,0,0
16830,4,2,8,9,60,0,0,0,-1,0,132602,7,0,40,0,0,0,0,0,0,0,88,0,0,0,0,0,0,0,0,0,0,0,0,0,0,0,0
16831,4,2,8,10,60,0,0,0,-1,0,132941,7,0,40,0,0,0,0,0,0,0,125,0,7,0,0,0,0,0,0,0,0,0,0,0,0,0,0
16832,4,2,8,3,60,0,0,0,-1,0,135054,7,0,70,0,0,0,0,0,0,0,169,0,10,0,0,0,0,0,0,0,0,0,0,0,0,0,0
16833,4,2,8,20,60,0,0,0,-1,0,132647,7,0,120,0,0,0,0,0,0,0,200,0,10,0,0,0,0,0,0,0,0,0,0,0,0,0,0
16834,4,2,8,1,60,0,0,0,-1,0,133077,7,0,70,0,0,0,0,0,0,0,163,0,10,0,0,0,0,0,0,0,0,0,0,0,0,0,0
16836,4,2,8,3,60,0,0,0,-1,0,135038,7,0,70,0,0,0,0,0,0,0,150,0,0,0,0,7,0,0,0,0,0,0,0,0,0,0,0
16837,4,3,5,8,60,0,0,0,-1,0,132587,10,0,70,0,0,0,0,0,0,0,290,0,0,0,0,7,0,0,0,0,0,0,0,0,0,0,0
16838,4,3,5,6,60,0,0,0,-1,0,132503,10,0,50,0,0,0,0,0,0,0,237,0,7,0,0,0,0,0,0,0,0,0,0,0,0,0,0
16839,4,3,5,10,60,0,0,0,-1,0,132945,10,0,50,0,0,0,0,0,0,0,264,0,7,0,0,0,0,0,0,0,0,0,0,0,0,0,0
16840,4,3,5,9,60,0,0,0,-1,0,132615,10,0,50,0,0,0,0,0,0,0,185,0,0,0,0,0,0,0,0,0,0,0,0,0,0,0,0
16841,4,3,5,20,60,0,0,0,-1,0,132633,10,0,140,0,0,0,0,0,0,0,422,0,10,0,0,0,0,0,0,0,0,0,0,0,0,0,0
16842,4,3,5,1,60,0,0,0,-1,0,133077,10,0,85,0,0,0,0,0,0,0,343,0,10,0,0,0,0,0,0,0,0,0,0,0,0,0,0
16843,4,3,5,7,60,0,0,0,-1,0,134583,10,0,105,0,0,0,0,0,0,0,369,0,0,0,0,10,0,0,0,0,0,0,0,0,0,0,0
16844,4,3,5,3,60,0,0,0,-1,0,135060,10,0,85,0,0,0,0,0,0,0,317,0,0,0,0,7,0,0,0,0,0,0,0,0,0,0,0
16845,4,3,5,5,60,0,0,0,-1,0,132625,10,0,140,0,0,0,0,0,0,0,422,0,10,0,0,0,0,0,0,0,0,0,0,0,0,0,0
16846,4,3,5,1,60,0,0,0,-1,0,133073,10,0,85,0,0,0,0,0,0,0,343,0,10,0,0,0,0,0,0,0,0,0,0,0,0,0,0
16847,4,3,5,7,60,0,0,0,-1,0,134655,10,0,105,0,0,0,0,0,0,0,369,0,0,0,0,10,0,0,0,0,0,0,0,0,0,0,0
16848,4,3,5,3,60,0,0,0,-1,0,135041,10,0,85,0,0,0,0,0,0,0,317,0,0,0,0,7,0,0,0,0,0,0,0,0,0,0,0
16849,4,3,5,8,60,0,0,0,-1,0,132556,10,0,70,0,0,0,0,0,0,0,290,0,0,0,0,7,0,0,0,0,0,0,0,0,0,0,0
16850,4,3,5,9,60,0,0,0,-1,0,132616,10,0,50,0,0,0,0,0,0,0,185,0,0,0,0,0,0,0,0,0,0,0,0,0,0,0,0
16851,4,3,5,6,60,0,0,0,-1,0,132517,10,0,50,0,0,0,0,0,0,0,237,0,7,0,0,0,0,0,0,0,0,0,0,0,0,0,0
16852,4,3,5,10,60,0,0,0,-1,0,132944,10,0,50,0,0,0,0,0,0,0,264,0,7,0,0,0,0,0,0,0,0,0,0,0,0,0,0
16853,4,4,6,5,60,0,0,0,-1,0,132738,11,0,165,0,0,0,0,0,0,0,749,0,10,0,0,0,0,0,0,0,0,0,0,0,0,0,0
16854,4,4,6,1,60,0,0,0,-1,0,133073,11,0,100,0,0,0,0,0,0,0,608,0,10,0,0,0,0,0,0,0,0,0,0,0,0,0,0
16855,4,4,6,7,60,0,0,0,-1,0,134584,11,0,120,0,0,0,0,0,0,0,655,0,0,0,0,10,0,0,0,0,0,0,0,0,0,0,0
16856,4,4,6,3,60,0,0,0,-1,0,135051,11,0,100,0,0,0,0,0,0,0,562,0,0,0,0,7,0,0,0,0,0,0,0,0,0,0,0
16857,4,4,6,9,60,0,0,0,-1,0,132617,11,0,55,0,0,0,0,0,0,0,328,0,0,0,0,0,0,0,0,0,0,0,0,0,0,0,0
16858,4,4,6,6,60,0,0,0,-1,0,132516,11,0,55,0,0,0,0,0,0,0,421,0,7,0,0,0,0,0,0,0,0,0,0,0,0,0,0
16859,4,4,6,8,60,0,0,0,-1,0,132590,11,0,75,0,0,0,0,0,0,0,515,0,0,0,0,7,0,0,0,0,0,0,0,0,0,0,0
16860,4,4,6,10,60,0,0,0,-1,0,132963,11,0,55,0,0,0,0,0,0,0,468,0,7,0,0,0,0,0,0,0,0,0,0,0,0,0,0
16861,4,4,6,9,60,0,0,0,-1,0,132618,11,0,55,0,0,0,0,0,0,0,328,0,0,0,0,0,0,0,0,0,0,0,0,0,0,0,0
16862,4,4,6,8,60,0,0,0,-1,0,132585,11,0,75,0,0,0,0,0,0,0,515,0,0,0,0,7,0,0,0,0,0,0,0,0,0,0,0
16863,4,4,6,10,60,0,0,0,-1,0,132944,11,0,55,0,0,0,0,0,0,0,468,0,7,0,0,0,0,0,0,0,0,0,0,0,0,0,0
16864,4,4,6,6,60,0,0,0,-1,0,132498,11,0,55,0,0,0,0,0,0,0,421,0,7,0,0,0,0,0,0,0,0,0,0,0,0,0,0
16865,4,4,6,5,60,0,0,0,-1,0,132751,11,0,165,0,0,0,0,0,0,0,749,0,10,0,0,0,0,0,0,0,0,0,0,0,0,0,0
16866,4,4,6,1,60,0,0,0,-1,0,133077,11,0,100,0,0,0,0,0,0,0,608,0,10,0,0,0,0,0,0,0,0,0,0,0,0,0,0
16868,4,4,6,3,60,0,0,0,-1,0,135046,11,0,100,0,0,0,0,0,0,0,562,0,0,0,0,7,0,0,0,0,0,0,0,0,0,0,0
16873,4,2,8,10,0,0,0,0,-1,0,132959,7,0,30,0,0,0,0,0,0,0,66,0,0,0,0,0,0,0,0,0,0,0,0,0,0,0,0
16886,2,7,1,13,0,3,0,0,-1,0,135343,8,0,90,0,0,0,0,0,0,0,0,0,0,0,0,0,0,35,0,0,0,0,67,0,0,0,0
16887,4,0,1,23,0,7,0,0,-1,0,135474,21,0,0,0,0,0,0,0,0,0,0,0,0,0,0,0,0,0,0,0,0,0,0,0,0,0,0
16889,2,10,2,17,0,2,0,0,-1,0,135157,13,0,75,0,0,0,0,0,0,0,0,0,0,0,0,0,0,33,0,0,0,0,50,0,0,0,0
16890,2,7,1,13,0,3,0,0,-1,0,135343,8,0,65,0,0,0,0,0,0,0,0,0,0,0,0,0,0,19,0,0,0,0,35,0,0,0,0
16891,2,7,1,13,0,3,0,0,-1,0,135324,8,0,60,0,0,0,0,0,0,0,0,0,0,0,0,0,0,16,0,0,0,0,30,0,0,0,0
16894,2,10,2,17,0,2,0,0,-1,0,135469,13,0,65,0,0,0,0,0,0,0,0,0,0,0,0,0,0,34,0,0,0,0,51,0,0,0,0
16897,4,2,8,5,60,0,0,0,-1,0,132638,7,0,120,0,0,0,0,0,0,0,225,0,10,10,0,0,0,0,0,0,0,0,0,0,0,0,0
16898,4,2,8,8,60,0,0,0,-1,0,132542,7,0,60,0,0,0,0,0,0,0,154,0,10,0,0,0,0,0,0,0,0,0,0,0,0,0,0
16899,4,2,8,10,60,0,0,0,-1,0,132959,7,0,40,0,0,0,0,0,0,0,140,0,0,0,0,10,0,0,0,0,0,0,0,0,0,0,0
16900,4,2,8,1,60,0,0,0,-1,0,133077,7,0,70,0,0,0,0,0,0,0,183,0,0,0,10,10,0,0,0,0,0,0,0,0,0,0,0
16901,4,2,8,7,60,0,0,0,-1,0,134586,7,0,90,0,0,0,0,0,0,0,197,0,10,0,0,0,10,0,0,0,0,0,0,0,0,0,0
16902,4,2,8,3,60,0,0,0,-1,0,135038,7,0,70,0,0,0,0,0,0,0,169,0,10,0,0,0,0,0,0,0,0,0,0,0,0,0,0
16903,4,2,8,6,60,0,0,0,-1,0,132495,7,0,40,0,0,0,0,0,0,0,126,0,0,0,0,10,0,0,0,0,0,0,0,0,0,0,0
16904,4,2,8,9,60,0,0,0,-1,0,132602,7,0,40,0,0,0,0,0,0,0,98,0,0,0,0,0,0,0,0,0,0,0,0,0,0,0,0
16905,4,2,8,5,60,0,0,0,-1,0,132648,7,0,120,0,0,0,0,0,0,0,225,0,10,10,0,0,0,0,0,0,0,0,0,0,0,0,0
16907,4,2,8,10,60,0,0,0,-1,0,132955,7,0,40,0,0,0,0,0,0,0,140,0,0,0,0,10,0,0,0,0,0,0,0,0,0,0,0
16908,4,2,8,1,60,0,0,0,-1,0,133143,7,0,70,0,0,0,0,0,0,0,183,0,0,0,10,10,0,0,0,0,0,0,0,0,0,0,0
16910,4,2,8,6,60,0,0,0,-1,0,132512,7,0,40,0,0,0,0,0,0,0,126,0,0,0,0,10,0,0,0,0,0,0,0,0,0,0,0
16911,4,2,8,9,60,0,0,0,-1,0,132601,7,0,40,0,0,0,0,0,0,0,98,0,0,0,0,0,0,0,0,0,0,0,0,0,0,0,0
16935,4,3,5,9,60,0,0,0,-1,0,132616,10,0,50,0,0,0,0,0,0,0,211,0,0,0,0,0,0,0,0,0,0,0,0,0,0,0,0
16936,4,3,5,6,60,0,0,0,-1,0,132517,10,0,50,0,0,0,0,0,0,0,271,0,0,0,0,10,0,0,0,0,0,0,0,0,0,0,0
16937,4,3,5,3,60,0,0,0,-1,0,135041,10,0,85,0,0,0,0,0,0,0,362,0,10,0,0,0,0,0,0,0,0,0,0,0,0,0,0
16938,4,3,5,7,60,0,0,0,-1,0,134583,10,0,105,0,0,0,0,0,0,0,422,0,10,0,0,0,10,0,0,0,0,0,0,0,0,0,0
16939,4,3,5,1,60,0,0,0,-1,0,133073,10,0,85,0,0,0,0,0,0,0,392,0,0,0,10,10,0,0,0,0,0,0,0,0,0,0,0
16940,4,3,5,10,60,0,0,0,-1,0,132944,10,0,50,0,0,0,0,0,0,0,301,0,0,0,0,10,0,0,0,0,0,0,0,0,0,0,0
16941,4,3,5,8,60,0,0,0,-1,0,132588,10,0,70,0,0,0,0,0,0,0,332,0,10,0,0,0,0,0,0,0,0,0,0,0,0,0,0
16942,4,3,5,5,60,0,0,0,-1,0,132625,10,0,140,0,0,0,0,0,0,0,482,0,10,10,0,0,0,0,0,0,0,0,0,0,0,0,0
16943,4,3,5,9,60,0,0,0,-1,0,132615,10,0,50,0,0,0,0,0,0,0,211,0,0,0,0,0,0,0,0,0,0,0,0,0,0,0,0
16944,4,3,5,6,60,0,0,0,-1,0,132503,10,0,50,0,0,0,0,0,0,0,271,0,0,0,0,10,0,0,0,0,0,0,0,0,0,0,0
16945,4,3,5,3,60,0,0,0,-1,0,135064,10,0,85,0,0,0,0,0,0,0,362,0,10,0,0,0,0,0,0,0,0,0,0,0,0,0,0
16947,4,3,5,1,60,0,0,0,-1,0,133171,10,0,85,0,0,0,0,0,0,0,392,0,0,0,10,10,0,0,0,0,0,0,0,0,0,0,0
16948,4,3,5,10,60,0,0,0,-1,0,132945,10,0,50,0,0,0,0,0,0,0,301,0,0,0,0,10,0,0,0,0,0,0,0,0,0,0,0
16949,4,3,5,8,60,0,0,0,-1,0,132587,10,0,70,0,0,0,0,0,0,0,332,0,10,0,0,0,0,0,0,0,0,0,0,0,0,0,0
16950,4,3,5,5,60,0,0,0,-1,0,132633,10,0,140,0,0,0,0,0,0,0,482,0,10,10,0,0,0,0,0,0,0,0,0,0,0,0,0
16951,4,4,6,9,60,0,0,0,-1,0,132617,11,0,55,0,0,0,0,0,0,0,375,0,0,0,0,0,0,0,0,0,0,0,0,0,0,0,0
16952,4,4,6,6,60,0,0,0,-1,0,132516,11,0,55,0,0,0,0,0,0,0,482,0,0,0,0,10,0,0,0,0,0,0,0,0,0,0,0
16953,4,4,6,3,60,0,0,0,-1,0,135068,11,0,100,0,0,0,0,0,0,0,642,0,10,0,0,0,0,0,0,0,0,0,0,0,0,0,0
16954,4,4,6,7,60,0,0,0,-1,0,134584,11,0,120,0,0,0,0,0,0,0,749,0,10,0,0,0,10,0,0,0,0,0,0,0,0,0,0
16955,4,4,6,1,60,0,0,0,-1,0,133176,11,0,100,0,0,0,0,0,0,0,696,0,0,0,10,10,0,0,0,0,0,0,0,0,0,0,0
16956,4,4,6,10,60,0,0,0,-1,0,132963,11,0,55,0,0,0,0,0,0,0,535,0,0,0,0,10,0,0,0,0,0,0,0,0,0,0,0
16957,4,4,6,8,60,0,0,0,-1,0,132590,11,0,75,0,0,0,0,0,0,0,589,0,10,0,0,0,0,0,0,0,0,0,0,0,0,0,0
16958,4,4,6,5,60,0,0,0,-1,0,132738,11,0,165,0,0,0,0,0,0,0,857,0,10,10,0,0,0,0,0,0,0,0,0,0,0,0,0
16959,4,4,6,9,60,0,0,0,-1,0,132618,11,0,55,0,0,0,0,0,0,0,375,0,0,0,0,0,0,0,0,0,0,0,0,0,0,0,0
16960,4,4,6,6,60,0,0,0,-1,0,132498,11,0,55,0,0,0,0,0,0,0,482,0,0,0,0,10,0,0,0,0,0,0,0,0,0,0,0
16961,4,4,6,3,60,0,0,0,-1,0,135065,11,0,100,0,0,0,0,0,0,0,642,0,10,0,0,0,0,0,0,0,0,0,0,0,0,0,0
16963,4,4,6,1,60,0,0,0,-1,0,133173,11,0,100,0,0,0,0,0,0,0,696,0,0,0,10,10,0,0,0,0,0,0,0,0,0,0,0
16964,4,4,6,10,60,0,0,0,-1,0,132944,11,0,55,0,0,0,0,0,0,0,535,0,0,0,0,10,0,0,0,0,0,0,0,0,0,0,0
16965,4,4,6,8,60,0,0,0,-1,0,132585,11,0,75,0,0,0,0,0,0,0,589,0,10,0,0,0,0,0,0,0,0,0,0,0,0,0,0
16966,4,4,6,5,60,0,0,0,-1,0,132751,11,0,165,0,0,0,0,0,0,0,857,0,10,10,0,0,0,0,0,0,0,0,0,0,0,0,0
16977,4,2,8,8,0,0,0,0,-1,0,132539,7,0,45,0,0,0,0,0,0,0,67,0,0,0,0,0,0,0,0,0,0,0,0,0,0,0,0
16978,4,3,5,10,0,0,0,0,-1,0,132949,10,0,40,0,0,0,0,0,0,0,130,0,0,0,0,0,0,0,0,0,0,0,0,0,0,0,0
16982,4,2,8,8,54,0,0,0,-1,0,132541,7,0,60,0,0,0,0,0,0,0,126,0,24,0,0,0,0,0,0,0,0,0,0,0,0,0,0
16983,4,2,8,1,55,0,0,0,-1,0,133076,7,0,70,0,0,0,0,0,0,0,150,0,29,0,0,0,0,0,0,0,0,0,0,0,0,0,0
16984,4,3,8,8,56,0,0,0,-1,0,132590,7,0,70,0,0,0,0,0,0,0,270,0,24,0,0,0,0,0,0,0,0,0,0,0,0,0,0
16988,4,3,5,3,57,0,0,0,-1,0,135054,10,0,85,0,0,0,0,0,0,0,299,0,25,0,0,0,0,0,0,0,0,0,0,0,0,0,0
16989,4,3,6,6,54,0,0,0,-1,0,132502,10,0,50,0,0,0,0,0,0,0,214,0,24,0,0,0,0,0,0,0,0,0,0,0,0,0,0
16990,4,1,7,16,0,0,0,0,-1,0,133754,7,0,0,0,0,0,0,0,0,0,20,0,0,0,0,0,0,0,0,0,0,0,0,0,0,0,0
16992,2,3,1,26,0,0,0,0,-1,0,135617,8,0,65,3,0,0,0,0,0,0,0,0,0,0,0,0,0,52,0,0,0,0,98,0,0,0,0
16993,2,19,2,26,0,0,0,0,-1,0,135465,21,0,55,0,0,2,0,0,0,0,0,0,0,0,0,0,0,70,0,0,0,0,132,0,0,0,0
16994,4,2,8,10,0,0,0,0,-1,0,132936,7,0,30,0,0,0,0,0,0,0,96,0,0,0,0,0,0,0,0,0,0,0,0,0,0,0,0
16995,4,2,8,3,0,0,0,0,-1,0,135050,7,0,50,0,0,0,0,0,0,0,115,0,0,0,0,0,0,0,0,0,0,0,0,0,0,0,0
16996,2,2,2,15,0,0,0,0,-1,0,135492,12,0,75,2,0,0,0,0,0,0,0,0,0,0,0,0,0,55,0,0,0,0,104,0,0,0,0
16997,2,19,2,26,0,0,0,0,-1,0,135467,21,0,65,0,0,3,0,0,0,0,0,0,0,0,0,0,0,57,0,0,0,0,106,0,0,0,0
16998,4,6,1,14,0,4,0,0,-1,0,134952,9,0,100,0,0,0,0,0,0,0,2121,0,0,0,0,0,0,0,0,0,0,0,0,0,0,0,0
17000,4,0,0,11,0,0,0,0,-1,0,133358,14,0,0,0,0,0,0,0,0,0,0,0,0,0,0,10,10,0,0,0,0,0,0,0,0,0,0
17001,4,0,0,11,0,0,0,0,-1,0,133371,14,0,0,0,0,0,0,0,0,0,0,0,10,0,10,0,0,0,0,0,0,0,0,0,0,0,0
17002,2,0,1,13,0,3,0,0,-1,0,135575,8,0,75,0,0,0,0,0,0,0,0,0,0,0,0,0,0,61,0,0,0,0,114,0,0,0,0
17003,2,4,2,21,0,3,0,0,-1,0,133731,8,0,75,0,0,0,0,0,0,0,0,0,0,0,0,0,0,68,0,0,0,0,128,0,0,0,0
17004,2,10,2,17,0,2,0,0,-1,0,135147,13,0,85,0,0,0,0,0,0,0,0,0,0,0,0,0,0,94,0,0,0,0,142,0,0,0,0
17005,4,2,8,5,0,0,0,0,-1,0,135017,7,0,80,0,0,0,0,0,0,0,89,0,0,0,0,0,0,0,0,0,0,0,0,0,0,0,0
17007,4,3,5,10,46,0,0,0,-1,0,132949,10,0,50,0,0,0,0,0,0,0,209,0,0,10,0,0,0,0,0,0,0,0,0,0,0,0,0
17013,4,4,6,7,55,0,0,0,-1,0,134584,11,0,120,0,0,0,0,0,0,0,598,0,30,0,0,0,0,0,0,0,0,0,0,0,0,0,0
17014,4,4,6,9,54,0,0,0,-1,0,132606,11,0,55,0,0,0,0,0,0,0,294,0,18,0,0,0,0,0,0,0,0,0,0,0,0,0,0
17015,2,7,1,21,60,3,0,0,-1,0,135358,8,0,90,0,0,0,0,0,0,0,0,0,6,0,0,0,0,71,0,0,0,0,134,0,0,0,0
17016,2,0,1,21,60,3,0,0,-1,0,132403,8,0,90,0,0,0,0,0,0,0,0,0,6,0,0,0,0,71,0,0,0,0,134,0,0,0,0
17039,2,4,2,21,0,3,0,0,-1,0,133728,8,0,75,0,0,0,0,0,0,0,0,0,0,0,0,0,0,31,0,0,0,0,59,0,0,0,0
17042,2,3,1,26,0,0,0,0,-1,0,135610,8,0,65,3,0,0,0,0,0,0,0,0,0,0,0,0,0,19,0,0,0,0,37,0,0,0,0
17044,4,0,5,2,0,0,0,0,-1,0,133440,14,0,0,0,0,0,0,0,0,0,0,0,0,0,0,0,0,0,0,0,0,0,0,0,0,0,0
17045,4,0,5,11,0,0,0,0,-1,0,133367,14,0,0,0,0,0,0,0,0,0,0,0,0,0,0,0,0,0,0,0,0,0,0,0,0,0,0
17046,2,0,1,13,0,3,0,0,-1,0,132417,8,0,75,0,0,0,0,0,0,0,0,0,0,0,0,0,0,25,0,0,0,0,46,0,0,0,0
17054,2,7,1,13,45,3,0,0,-1,0,135351,8,0,90,0,0,0,0,0,0,0,0,0,0,0,0,0,0,49,0,0,0,0,91,0,0,0,0
17055,2,4,2,13,45,3,0,0,-1,0,133054,8,0,90,0,0,0,0,0,0,0,0,0,0,0,0,0,0,44,0,0,0,0,83,0,0,0,0
17061,4,1,7,16,53,0,0,0,-1,0,133772,7,0,0,0,0,0,0,0,0,0,41,0,0,0,0,15,0,0,0,0,0,0,0,0,0,0,0
17063,4,0,3,11,60,0,0,0,-1,0,133357,14,0,0,0,0,0,0,0,0,0,0,0,0,0,0,0,0,0,0,0,0,0,0,0,0,0,0
17064,4,0,2,12,60,0,0,0,-1,0,134317,16,0,0,0,0,0,0,0,0,0,0,0,0,0,0,0,0,0,0,0,0,0,0,0,0,0,0
17065,4,0,0,2,60,0,0,0,-1,0,133278,14,0,0,0,0,0,0,0,0,0,0,0,0,0,0,0,0,0,0,0,0,0,0,0,0,0,0
17066,4,6,1,14,60,4,0,0,-1,0,134956,9,0,120,0,0,0,0,0,0,0,2539,0,0,0,0,0,0,0,0,0,0,0,0,0,0,0,0
17067,4,0,3,23,60,7,0,0,-1,0,133739,19,0,0,0,0,0,0,0,0,0,0,0,0,0,0,0,0,0,0,0,0,0,0,0,0,0,0
17068,2,0,1,13,60,3,0,0,-1,0,132400,8,0,105,0,0,0,0,0,0,0,0,0,0,0,0,0,0,114,0,0,0,0,213,0,0,0,0
17069,2,2,2,15,60,0,0,0,-1,0,135496,12,0,90,2,0,0,0,0,0,0,0,0,0,0,0,0,0,69,0,0,0,0,129,0,0,0,0
17070,2,15,1,13,60,3,0,0,-1,0,135642,8,0,75,0,0,0,0,0,0,0,0,0,0,0,0,0,0,54,0,0,0,0,101,0,0,0,0
17071,2,15,1,13,60,3,0,0,-1,0,135654,8,0,75,0,0,0,0,0,0,0,0,0,0,0,0,0,0,63,0,0,0,0,119,0,0,0,0
17072,2,3,1,26,60,0,0,0,-1,0,135618,8,0,90,3,0,0,0,0,0,0,0,0,0,0,0,0,0,73,0,0,0,0,136,0,0,0,0
17073,2,5,2,17,60,1,0,0,-1,0,133041,9,0,120,0,0,0,0,0,0,0,0,0,0,0,0,0,0,175,0,0,0,0,263,0,0,0,0
17074,2,6,1,17,58,2,0,0,-1,0,135131,9,0,120,0,0,0,0,0,0,0,0,0,0,0,0,0,0,147,0,0,0,0,221,0,0,0,0
17075,2,7,1,13,60,3,0,0,-1,0,135316,8,0,105,0,0,0,0,0,0,0,0,0,0,0,0,0,0,100,0,0,0,0,187,0,0,0,0
17076,2,8,1,17,60,1,0,0,-1,0,135302,9,0,120,0,0,0,0,0,0,0,0,0,0,0,0,0,0,206,0,0,0,0,310,0,0,0,0
17077,2,19,2,26,58,0,0,0,-1,0,135150,21,0,75,0,0,2,0,0,0,0,0,0,10,0,0,0,0,102,0,0,0,0,191,0,0,0,0
17078,4,1,7,16,60,0,0,0,-1,0,133768,7,0,0,0,0,0,0,0,0,0,55,0,0,0,6,0,6,0,0,0,0,0,0,0,0,0,0
17082,4,0,2,12,60,0,0,0,-1,0,134337,16,0,0,0,0,0,0,0,0,0,0,0,0,0,0,0,0,0,0,0,0,0,0,0,0,0,0
17102,4,1,7,16,60,0,0,0,-1,0,133769,7,0,0,0,0,0,0,0,0,0,57,0,6,6,0,0,0,0,0,0,0,0,0,0,0,0,0
17103,2,7,1,21,60,3,0,0,-1,0,135349,8,0,105,0,0,0,0,0,0,0,0,0,0,0,0,0,0,88,0,0,0,0,164,0,0,0,0
17104,2,1,1,17,60,1,0,0,-1,0,132400,9,0,120,0,0,0,0,0,0,0,0,0,0,0,0,0,0,203,0,0,0,0,305,0,0,0,0
17105,2,4,2,13,60,3,0,0,-1,0,133042,8,0,105,0,0,0,0,0,0,0,0,0,0,0,0,0,0,95,0,0,0,0,178,0,0,0,0
17106,4,6,1,14,60,4,0,0,-1,0,134954,9,0,120,0,0,0,0,0,0,0,2822,0,0,0,0,0,0,0,0,0,0,0,0,0,0,0,0
17107,4,1,7,16,60,0,0,0,-1,0,133760,7,0,0,0,0,0,0,0,0,0,56,0,5,0,0,5,5,0,0,0,0,0,0,0,0,0,0
17109,4,0,0,2,60,0,0,0,-1,0,133297,14,0,0,0,0,0,0,0,0,0,0,0,0,0,0,0,0,0,0,0,0,0,0,0,0,0,0
17110,4,0,3,11,60,0,0,0,-1,0,133363,14,0,0,0,0,0,0,0,0,0,0,0,6,6,6,6,6,0,0,0,0,0,0,0,0,0,0
17111,4,0,0,2,60,0,0,0,-1,0,133434,14,0,0,0,0,0,0,0,0,0,0,0,12,0,0,0,0,0,0,0,0,0,0,0,0,0,0
17112,2,4,2,21,60,3,0,0,-1,0,133042,8,0,105,0,0,0,0,0,0,0,0,0,0,0,0,0,0,94,0,0,0,0,175,0,0,0,0
17113,2,10,2,17,60,2,0,0,-1,0,135225,13,0,120,0,0,0,0,0,0,0,0,0,5,5,5,5,5,168,0,0,0,0,252,0,0,0,0
17182,2,5,1,17,60,1,0,0,-1,0,133066,9,0,145,0,0,0,0,0,0,0,0,0,30,0,0,0,0,223,0,0,0,0,372,0,0,0,0
17193,2,5,2,17,60,1,0,0,-1,0,133066,9,0,120,0,0,0,0,0,0,0,0,0,0,0,0,0,0,176,0,0,0,0,295,0,0,0,0
17523,4,1,7,16,0,0,0,0,-1,0,133770,7,0,0,0,0,0,0,0,0,0,38,0,10,0,0,0,0,0,0,0,0,0,0,0,0,0,0
17686,2,2,2,15,0,0,0,0,-1,0,135499,12,0,65,2,0,0,0,0,0,0,0,0,0,0,0,0,0,32,0,0,0,0,61,0,0,0,0
17687,2,3,1,26,0,0,0,0,-1,0,135614,8,0,65,3,0,0,0,0,0,0,0,0,0,0,0,0,0,35,0,0,0,0,66,0,0,0,0
17688,4,4,6,8,0,0,0,0,-1,0,132582,11,0,55,0,0,0,0,0,0,0,182,0,0,0,0,0,0,0,0,0,0,0,0,0,0,0,0
17690,4,0,0,12,0,0,0,0,-1,0,133283,8,0,0,0,0,0,0,0,0,0,0,0,0,0,5,0,0,0,0,0,0,0,0,0,0,0,0
17691,4,0,0,12,0,0,0,0,-1,0,133429,8,0,0,0,0,0,0,0,0,0,0,0,0,0,5,0,0,0,0,0,0,0,0,0,0,0,0
17692,4,0,0,11,0,0,0,0,-1,0,133344,14,0,0,0,0,0,0,0,0,0,0,0,0,0,0,0,0,0,0,0,0,0,0,0,0,0,0
17704,2,0,1,21,33,3,0,0,-1,0,132397,8,0,75,0,0,0,0,0,0,0,0,0,0,0,0,0,0,30,0,0,0,0,56,0,0,0,0
17705,2,7,1,13,0,3,0,0,-1,0,135346,8,0,90,0,0,0,0,0,0,0,0,0,0,0,0,0,0,66,0,0,0,0,124,0,0,0,0
17707,4,0,3,2,49,0,0,0,-1,0,135227,14,0,0,0,0,0,0,0,0,0,0,0,0,0,0,0,0,0,0,0,0,0,0,0,0,0,0
17710,2,15,1,21,49,3,0,0,-1,0,135650,8,0,65,0,0,0,0,0,0,0,0,0,0,0,0,0,0,40,0,0,0,0,75,0,0,0,0
17711,4,4,6,7,49,0,0,0,-1,0,134584,11,0,100,0,0,0,0,0,0,0,496,0,0,10,0,0,0,0,0,0,0,0,0,0,0,0,0
17713,4,0,5,11,49,0,0,0,-1,0,133359,14,0,0,0,0,0,0,0,0,0,0,0,0,0,0,0,0,0,0,0,0,0,0,0,0,0,0
17714,4,3,5,9,49,0,0,0,-1,0,132613,10,0,40,0,0,0,0,0,0,0,141,0,0,0,0,0,0,0,0,0,0,0,0,0,0,0,0
17717,2,3,1,26,48,0,0,0,-1,0,135614,8,0,75,3,0,0,0,0,0,0,0,0,0,0,0,0,5,32,0,0,0,0,61,0,0,0,0
17718,4,6,1,14,48,4,0,0,-1,0,134956,9,0,100,0,0,0,0,0,0,0,1835,0,0,0,0,0,0,0,0,0,0,0,0,0,0,0,0
17719,2,7,1,13,48,3,0,0,-1,0,135312,8,0,90,0,0,0,0,0,0,0,0,0,0,0,0,0,0,54,0,0,0,0,101,0,0,0,0
17721,4,2,8,10,33,0,0,0,-1,0,132955,7,0,30,0,0,0,0,0,0,0,66,0,0,0,0,0,0,0,0,0,0,0,0,0,0,0,0
17728,4,2,8,8,48,0,0,0,-1,0,132539,7,0,50,0,0,0,0,0,0,0,105,0,0,5,0,0,0,0,0,0,0,0,0,0,0,0,0
17730,2,1,1,17,48,1,0,0,-1,0,132395,9,0,100,0,0,0,0,0,0,0,0,0,0,0,0,0,0,117,0,0,0,0,176,0,0,0,0
17734,4,4,6,1,48,0,0,0,-1,0,133122,11,0,80,0,0,0,0,0,0,0,453,0,0,10,0,0,0,0,0,0,0,0,0,0,0,0,0
17736,4,3,5,10,48,0,0,0,-1,0,132962,10,0,40,0,0,0,0,0,0,0,198,0,0,0,0,0,0,0,0,0,0,0,0,0,0,0,0
17737,4,0,3,23,48,7,0,0,-1,0,134333,21,0,0,0,0,0,0,0,0,0,0,0,0,0,0,0,10,0,0,0,0,0,0,0,0,0,0
17738,2,13,1,22,47,7,0,0,-1,0,132369,8,0,65,0,0,0,0,0,0,0,0,0,0,0,0,0,0,43,0,0,0,0,81,0,0,0,0
17739,4,1,7,16,47,0,0,0,-1,0,133769,7,0,0,0,0,0,0,0,0,0,37,0,0,10,0,0,0,0,0,0,0,0,0,0,0,0,0
17740,4,2,8,1,47,0,0,0,-1,0,133101,7,0,60,0,0,0,0,0,0,0,122,0,0,0,0,0,0,0,0,0,0,0,0,0,0,0,0
17742,4,2,8,5,46,0,0,0,-1,0,132723,7,0,100,0,0,0,0,0,0,0,148,0,0,0,0,0,0,0,0,0,0,0,0,0,0,0,0
17743,2,10,2,17,0,2,0,0,-1,0,135225,13,0,100,0,0,0,0,0,0,0,0,0,0,0,0,0,0,139,0,0,0,0,209,0,0,0,0
17744,4,0,5,12,46,0,0,0,-1,0,134125,21,0,0,0,0,0,0,0,0,0,0,0,0,10,0,0,0,0,0,0,0,0,0,0,0,0,0
17745,2,19,2,26,46,0,0,0,-1,0,135466,21,0,65,0,0,3,0,0,0,0,0,0,0,5,0,0,0,56,0,0,0,0,104,0,0,0,0
17746,4,4,6,9,46,0,0,0,-1,0,132605,11,0,45,0,0,0,0,0,0,0,235,0,0,15,0,0,0,0,0,0,0,0,0,0,0,0,0
17749,4,2,8,3,46,0,0,0,-1,0,135037,7,0,60,0,0,0,0,0,0,0,111,0,0,10,0,0,0,0,0,0,0,0,0,0,0,0,0
17751,4,2,8,7,46,0,0,0,-1,0,134585,7,0,65,0,0,0,0,0,0,0,118,0,0,10,0,0,0,0,0,0,0,0,0,0,0,0,0
17752,2,15,1,13,45,3,0,0,-1,0,135645,8,0,65,0,0,0,0,0,0,0,0,0,0,0,0,0,0,39,0,0,0,0,74,0,0,0,0
17753,2,2,2,15,0,0,0,0,-1,0,135491,12,0,75,2,0,0,0,0,0,0,0,0,0,0,0,0,0,53,0,0,0,0,100,0,0,0,0
17754,4,3,5,7,45,0,0,0,-1,0,134706,10,0,90,0,0,0,0,0,0,0,263,0,0,0,0,0,0,0,0,0,0,0,0,0,0,0,0
17759,4,0,4,12,0,0,0,0,-1,0,133440,14,0,0,0,0,0,0,0,0,0,0,0,0,0,0,0,0,0,0,0,0,0,0,0,0,0,0
17766,2,5,2,17,49,1,0,0,-1,0,133047,9,0,100,0,0,0,0,0,0,0,0,0,0,0,0,0,0,126,0,0,0,0,190,0,0,0,0
17767,4,3,5,1,46,0,0,0,-1,0,133119,10,0,70,0,0,0,0,0,0,0,249,0,0,10,0,0,0,0,0,0,0,0,0,0,0,0,0
17768,4,0,5,11,0,0,0,0,-1,0,133360,14,0,0,0,0,0,0,0,0,0,0,0,0,0,0,0,0,0,0,0,0,0,0,0,0,0,0
17770,4,4,6,10,0,0,0,0,-1,0,132964,11,0,40,0,0,0,0,0,0,0,284,0,0,0,0,0,0,0,0,0,0,0,0,0,0,0,0
17772,4,0,3,2,0,0,0,0,-1,0,133293,14,0,0,0,0,0,0,0,0,0,0,0,0,0,0,0,0,0,0,0,0,0,0,0,0,0,0
17774,4,0,5,12,0,0,0,0,-1,0,133441,21,0,0,0,0,0,0,0,0,0,0,0,0,0,0,0,0,0,0,0,0,0,0,0,0,0,0
17776,4,2,8,1,0,0,0,0,-1,0,133137,7,0,50,0,0,0,0,0,0,0,103,0,0,0,0,0,0,0,0,0,0,0,0,0,0,0,0
17777,4,3,5,5,0,0,0,0,-1,0,132629,10,0,100,0,0,0,0,0,0,0,258,0,0,0,0,0,0,0,0,0,0,0,0,0,0,0,0
17778,4,2,8,6,0,0,0,0,-1,0,132514,7,0,30,0,0,0,0,0,0,0,71,0,0,0,0,0,0,0,0,0,0,0,0,0,0,0,0
17779,4,4,6,3,0,0,0,0,-1,0,135054,11,0,70,0,0,0,0,0,0,0,341,0,0,0,0,0,0,0,0,0,0,0,0,0,0,0,0
17780,2,15,1,21,49,3,0,0,-1,0,135279,8,0,75,0,0,0,0,0,0,0,0,0,0,0,0,0,0,41,0,0,0,0,77,0,0,0,0
17901,4,0,0,12,0,0,0,0,-1,0,133430,8,0,0,0,0,0,0,0,0,0,0,0,0,0,5,0,0,0,0,0,0,0,0,0,0,0,0
17902,4,0,0,12,0,0,0,0,-1,0,133431,8,0,0,0,0,0,0,0,0,0,0,0,0,0,8,0,0,0,0,0,0,0,0,0,0,0,0
17903,4,0,0,12,0,0,0,0,-1,0,133432,8,0,0,0,0,0,0,0,0,0,0,0,0,0,10,0,0,0,0,0,0,0,0,0,0,0,0
17904,4,0,0,12,0,0,0,0,-1,0,133433,8,0,0,0,0,0,0,0,0,0,0,0,0,0,10,0,0,0,0,0,0,0,0,0,0,0,0
17906,4,0,0,12,0,0,0,0,-1,0,133284,8,0,0,0,0,0,0,0,0,0,0,0,0,0,5,0,0,0,0,0,0,0,0,0,0,0,0
17907,4,0,0,12,0,0,0,0,-1,0,133285,8,0,0,0,0,0,0,0,0,0,0,0,0,0,8,0,0,0,0,0,0,0,0,0,0,0,0
17908,4,0,0,12,0,0,0,0,-1,0,133286,8,0,0,0,0,0,0,0,0,0,0,0,0,0,10,0,0,0,0,0,0,0,0,0,0,0,0
17909,4,0,0,12,0,0,0,0,-1,0,133287,8,0,0,0,0,0,0,0,0,0,0,0,0,0,10,0,0,0,0,0,0,0,0,0,0,0,0
17982,4,0,3,11,60,0,3474,0,-1,0,133367,14,0,0,0,0,0,0,0,0,0,0,0,18,0,0,0,0,0,0,0,0,0,0,0,0,0,0
18043,4,2,8,8,52,0,0,0,-1,0,132542,7,0,50,0,0,0,0,0,0,0,112,0,10,0,0,0,0,0,0,0,0,0,0,0,0,0,0
18044,2,4,2,21,52,7,0,0,-1,0,132791,8,0,90,0,0,0,0,0,0,0,0,0,0,0,0,0,0,71,0,0,0,0,132,0,0,0,0
18047,4,3,5,8,57,0,0,0,-1,0,132536,10,0,60,0,0,0,0,0,0,0,251,0,18,0,0,0,0,0,0,0,0,0,0,0,0,0,0
18048,2,4,2,21,55,3,0,0,-1,0,133043,8,0,90,0,0,0,0,0,0,0,0,0,0,0,0,0,0,66,0,0,0,0,123,0,0,0,0
18082,2,10,2,17,42,2,0,0,-1,0,135147,13,0,100,0,0,0,0,0,0,0,0,0,0,0,0,0,0,88,0,0,0,0,133,0,0,0,0
18104,4,3,5,6,58,0,0,0,-1,0,132492,10,0,40,0,0,0,0,0,0,0,208,0,0,0,0,0,0,0,0,0,0,0,0,0,0,0,0
18168,4,6,0,14,60,4,0,0,-1,0,135741,0,0,120,0,0,0,0,0,0,0,2468,0,0,0,0,0,0,0,0,0,0,0,0,0,0,0,0
18202,2,13,1,22,60,7,0,0,-1,0,134297,8,0,75,0,0,0,0,0,0,0,0,0,0,0,0,0,0,50,0,0,0,0,94,0,0,0,0
18203,2,13,1,21,60,7,0,0,-1,0,134297,8,0,75,0,0,0,0,0,0,0,0,0,0,0,0,0,0,50,0,0,0,0,94,0,0,0,0
18204,4,1,7,16,60,0,0,0,-1,0,133759,7,0,0,0,0,0,0,0,0,0,51,0,0,0,0,0,0,0,0,0,0,0,0,0,0,0,0
18205,4,0,0,2,60,0,0,0,-1,0,132501,14,0,0,0,0,0,0,0,0,0,0,0,0,0,0,0,0,0,0,0,0,0,0,0,0,0,0
18208,4,1,7,16,60,0,0,0,-1,0,133756,7,0,0,0,0,0,0,0,0,0,52,0,0,0,0,0,0,0,0,0,0,0,0,0,0,0,0
18238,4,2,8,10,35,0,0,0,-1,0,132966,7,0,35,0,0,0,0,0,0,0,76,0,0,0,0,0,0,0,0,0,0,0,0,0,0,0,0
18282,2,3,1,26,60,0,0,0,-1,0,135614,8,0,90,3,0,0,0,0,0,0,0,0,0,0,0,0,0,64,0,0,0,0,120,0,0,0,0
18289,4,0,2,2,51,0,0,0,-1,0,133296,14,0,0,0,0,0,0,0,0,0,0,0,0,0,0,0,0,0,0,0,0,0,0,0,0,0,0
18296,4,3,5,9,51,0,0,0,-1,0,132605,10,0,40,0,0,0,0,0,0,0,146,0,0,0,0,0,0,0,0,0,0,0,0,0,0,0,0
18298,4,2,8,7,51,0,0,0,-1,0,134591,7,0,75,0,0,0,0,0,0,0,140,0,0,0,0,0,0,0,0,0,0,0,0,0,0,0,0
18301,2,19,2,26,53,0,0,0,-1,0,135468,21,0,55,0,0,5,0,0,0,0,0,0,0,0,0,0,0,60,0,0,0,0,113,0,0,0,0
18302,4,0,5,11,53,0,0,0,-1,0,133362,14,0,0,0,0,0,0,0,0,0,0,0,0,0,0,0,0,0,0,0,0,0,0,0,0,0,0
18305,4,4,6,7,53,0,0,0,-1,0,134584,9,0,85,0,0,0,0,0,0,0,483,0,0,0,0,0,0,0,0,0,0,0,0,0,0,0,0
18308,4,2,8,1,53,0,0,0,-1,0,133153,7,0,50,0,0,0,0,0,0,0,122,0,0,0,0,0,0,0,0,0,0,0,0,0,0,0,0
18309,4,2,8,10,54,0,0,0,-1,0,132954,7,0,35,0,0,0,0,0,0,0,105,0,0,0,0,0,0,0,0,0,0,0,0,0,0,0,0
18310,2,7,1,13,54,3,0,0,-1,0,135316,9,0,90,0,0,0,0,0,0,0,0,0,0,0,0,0,0,74,0,0,0,0,112,0,0,0,0
18311,2,10,2,17,53,2,0,0,-1,0,135151,13,0,100,0,0,0,0,0,0,0,0,0,0,0,0,0,0,111,0,0,0,0,167,0,0,0,0
18312,4,4,6,5,54,0,0,0,-1,0,132746,9,0,135,0,0,0,0,0,0,0,617,0,0,0,0,0,0,0,0,0,0,0,0,0,0,0,0
18313,4,4,6,1,53,0,0,0,-1,0,133121,9,0,80,0,0,0,0,0,0,0,493,0,0,0,0,0,0,0,0,0,0,0,0,0,0,0,0
18314,4,0,5,11,54,0,0,0,-1,0,133373,14,0,0,0,0,0,0,0,0,0,0,0,0,0,0,0,0,0,0,0,0,0,0,0,0,0,0
18315,4,0,5,11,54,0,0,0,-1,0,133370,14,0,0,0,0,0,0,0,0,0,0,0,0,0,0,0,0,0,0,0,0,0,0,0,0,0,0
18317,4,0,3,2,53,0,0,0,-1,0,133290,14,0,0,0,0,0,0,0,0,0,0,0,0,0,0,0,0,0,0,0,0,0,0,0,0,0,0
18318,4,3,5,8,54,0,0,0,-1,0,132535,11,0,60,0,0,0,0,0,0,0,240,0,0,0,0,0,0,0,0,0,0,0,0,0,0,0,0
18319,4,3,5,1,53,0,3441,0,-1,0,133140,11,0,70,0,0,0,0,0,0,0,279,0,0,0,0,0,0,0,0,0,0,0,0,0,0,0,0
18321,2,4,2,21,54,3,0,0,-1,0,133488,8,0,90,0,0,0,0,0,0,0,0,0,0,0,0,0,0,71,0,0,0,0,107,0,0,0,0
18322,4,2,8,8,53,0,0,0,-1,0,132542,7,0,50,0,0,0,0,0,0,0,114,0,0,0,0,0,0,0,0,0,0,0,0,0,0,0,0
18323,2,2,2,15,53,0,0,0,-1,0,135491,12,0,75,2,0,0,0,0,0,0,0,0,0,0,0,0,0,50,0,0,0,0,93,0,0,0,0
18324,2,1,6,17,53,1,0,0,-1,0,132408,9,0,100,0,0,0,0,0,0,0,0,0,0,0,0,0,0,123,0,0,0,0,185,0,0,0,0
18325,4,2,8,1,53,0,0,0,-1,0,133133,7,0,60,0,0,0,0,0,0,0,134,0,8,0,0,8,0,0,0,0,0,0,0,0,0,0,0
18326,4,4,6,10,54,0,0,0,-1,0,132965,8,0,45,0,0,0,0,0,0,0,386,0,0,0,0,0,0,0,0,0,0,0,0,0,0,0,0
18328,4,1,7,16,54,0,0,0,-1,0,133769,7,0,0,0,0,0,0,0,0,0,42,0,0,7,0,0,0,0,0,0,0,0,0,0,0,0,0
18338,2,19,2,26,54,0,0,0,-1,0,135464,21,0,65,0,0,6,0,0,0,0,0,0,0,0,0,0,0,65,0,0,0,0,122,0,0,0,0
18339,4,1,7,16,54,0,0,0,-1,0,133773,7,0,0,0,0,0,0,0,0,0,38,0,0,0,0,12,0,0,0,0,0,0,0,0,0,0,0
18340,4,0,3,2,54,0,0,0,-1,0,133447,14,0,0,0,0,0,0,0,0,0,0,0,0,0,0,15,0,0,0,0,0,0,0,0,0,0,0
18343,4,0,3,11,59,0,0,0,-1,0,133356,14,0,0,0,0,0,0,0,0,0,0,0,0,10,0,0,0,0,0,0,0,0,0,0,0,0,0
18344,4,2,8,10,54,0,0,0,-1,0,132957,7,0,35,0,0,0,0,0,0,0,105,0,0,16,0,0,0,0,0,0,0,0,0,0,0,0,0
18345,4,0,3,11,55,0,0,0,-1,0,133357,14,0,0,0,0,0,0,0,0,0,0,0,0,0,0,0,0,0,0,0,0,0,0,0,0,0,0
18347,2,0,1,13,56,3,0,0,-1,0,132402,8,0,75,0,0,0,0,0,0,0,0,0,0,0,0,0,0,48,0,0,0,0,90,0,0,0,0
18348,2,7,1,21,60,3,0,0,-1,0,135271,8,0,105,0,0,0,0,0,0,0,0,0,0,0,0,0,0,84,0,0,0,0,126,0,0,0,0
18349,4,3,5,10,56,0,0,0,-1,0,132946,11,0,35,0,0,0,0,0,0,0,204,0,0,0,0,0,0,0,0,0,0,0,0,0,0,0,0
18350,4,1,7,16,56,0,0,0,-1,0,133770,7,0,0,0,0,0,0,0,0,0,39,0,0,0,0,0,0,0,0,0,0,0,0,0,0,0,0
18351,4,4,6,9,56,0,0,0,-1,0,132617,9,0,40,0,0,0,0,0,0,0,253,0,0,0,0,0,0,0,0,0,0,0,0,0,0,0,0
18352,4,6,2,14,56,4,0,0,-1,0,134964,13,0,85,0,0,0,0,0,0,0,1861,0,0,0,0,0,0,0,0,0,0,0,0,0,0,0,0
18353,2,10,2,17,56,2,0,0,-1,0,135145,13,0,85,0,0,0,0,0,0,0,0,0,0,0,0,0,0,113,0,0,0,0,171,0,0,0,0
18354,4,0,3,12,55,0,0,0,-1,0,133280,14,0,0,0,0,0,0,0,0,0,0,0,0,0,0,0,0,0,0,0,0,0,0,0,0,0,0
18366,4,4,6,10,0,0,0,0,-1,0,132943,9,0,45,0,0,0,0,0,0,0,392,0,0,0,0,0,0,0,0,0,0,0,0,0,0,0,0
18367,4,3,5,10,0,0,0,0,-1,0,132943,11,0,40,0,0,0,0,0,0,0,221,0,0,0,0,0,0,0,0,0,0,0,0,0,0,0,0
18368,4,2,8,10,0,0,0,0,-1,0,132935,7,0,35,0,0,0,0,0,0,0,106,0,0,0,0,0,0,0,0,0,0,0,0,0,0,0,0
18370,4,0,3,12,57,0,0,0,-1,0,134458,14,0,0,0,0,0,0,0,0,0,0,0,0,0,0,0,0,0,0,0,0,0,0,0,0,0,0
18371,4,0,3,12,56,0,0,0,-1,0,132489,14,0,0,0,0,0,0,0,0,0,0,0,0,0,0,0,0,0,0,0,0,0,0,0,0,0,0
18372,2,15,1,21,57,3,0,0,-1,0,135654,8,0,65,0,0,0,0,0,0,0,0,0,0,0,0,0,0,40,0,0,0,0,74,0,0,0,0
18373,4,2,8,5,57,0,0,0,-1,0,132723,7,0,100,0,0,0,0,0,0,0,174,0,0,0,0,0,0,0,0,0,0,0,0,0,0,0,0
18374,4,2,8,3,57,0,0,0,-1,0,135055,7,0,60,0,0,0,0,0,0,0,131,0,10,0,0,0,0,0,0,0,0,0,0,0,0,0,0
18375,4,2,8,9,57,0,0,0,-1,0,132606,7,0,35,0,0,0,0,0,0,0,76,0,0,0,0,0,0,0,0,0,0,0,0,0,0,0,0
18376,2,4,1,13,57,3,0,0,-1,0,133482,8,0,90,0,0,0,0,0,0,0,120,0,0,0,0,0,0,62,0,0,0,0,117,0,0,0,0
18377,4,2,8,10,57,0,0,0,-1,0,132955,7,0,35,0,0,0,0,0,0,0,109,0,0,0,0,0,0,0,0,0,0,0,0,0,0,0,0
18378,4,3,5,7,57,0,0,0,-1,0,134583,11,0,90,0,0,0,0,0,0,0,320,0,0,0,0,0,0,0,0,0,0,0,0,0,0,0,0
18379,4,3,5,8,57,0,0,0,-1,0,132587,11,0,60,0,0,0,0,0,0,0,251,0,0,0,0,0,0,0,0,0,0,0,0,0,0,0,0
18380,4,4,6,7,57,0,0,0,-1,0,134584,9,0,100,0,0,0,0,0,0,0,566,0,0,0,0,0,0,0,0,0,0,0,0,0,0,0,0
18381,4,0,3,2,57,0,0,0,-1,0,133884,14,0,0,0,0,0,0,0,0,0,0,0,0,0,0,0,0,0,0,0,0,0,0,0,0,0,0
18382,4,1,7,16,57,0,3458,0,-1,0,133766,7,0,0,0,0,0,0,0,0,0,44,0,0,0,0,0,0,0,0,0,0,0,0,0,0,0,0
18383,4,4,6,10,56,0,0,0,-1,0,132943,9,0,45,0,0,0,0,0,0,0,398,0,0,0,0,0,0,0,0,0,0,0,0,0,0,0,0
18384,4,4,6,3,57,0,0,0,-1,0,135048,9,0,80,0,0,0,0,0,0,0,485,0,0,0,0,0,0,0,0,0,0,0,0,0,0,0,0
18388,2,18,2,26,57,0,0,0,-1,0,135537,12,0,75,2,0,0,0,0,0,0,0,0,0,0,0,0,0,73,0,0,0,0,111,0,0,0,0
18389,4,1,7,16,57,0,0,0,-1,0,133753,7,0,0,0,0,0,0,0,0,0,44,0,0,0,0,0,0,0,0,0,0,0,0,0,0,0,0
18390,4,2,8,7,57,0,0,0,-1,0,134594,7,0,75,0,0,0,0,0,0,0,150,0,0,0,0,0,0,0,0,0,0,0,0,0,0,0,0
18391,4,2,8,6,57,0,0,0,-1,0,132515,7,0,35,0,0,0,0,0,0,0,98,0,0,0,0,0,0,0,0,0,0,0,0,0,0,0,0
18392,2,15,1,22,57,3,0,0,-1,0,135641,8,0,65,0,0,0,0,0,0,0,0,0,0,0,0,0,0,42,0,0,0,0,64,0,0,0,0
18393,4,3,2,6,56,0,0,0,-1,0,132523,12,0,40,0,0,0,0,0,0,0,202,0,0,0,0,0,0,0,0,0,0,0,0,0,0,0,0
18394,4,3,5,9,57,0,0,0,-1,0,132604,10,0,40,0,0,0,0,0,0,0,160,0,0,0,0,0,0,0,0,0,0,0,0,0,0,0,0
18395,4,0,3,11,57,0,0,0,-1,0,133353,14,0,0,0,0,0,0,0,0,0,0,0,0,0,0,0,0,0,0,0,0,0,0,0,0,0,0
18396,2,7,6,21,57,3,0,0,-1,0,135658,9,0,90,0,0,0,0,0,0,0,0,0,0,0,0,0,0,57,0,0,0,0,106,0,0,0,0
18397,4,0,3,2,56,0,0,0,-1,0,133294,14,0,0,0,0,0,0,0,0,0,0,0,10,0,0,0,0,0,0,0,0,0,0,0,0,0,0
18398,4,0,3,11,0,0,0,0,-1,0,133352,14,0,0,0,0,0,0,0,0,0,0,0,15,0,0,0,0,0,0,0,0,0,0,0,0,0,0
18399,4,0,3,11,0,0,0,0,-1,0,133370,14,0,0,0,0,0,0,0,0,0,0,0,15,0,0,0,0,0,0,0,0,0,0,0,0,0,0
18400,4,0,3,11,0,0,0,0,-1,0,133361,14,0,0,0,0,0,0,0,0,0,0,0,0,0,0,0,0,0,0,0,0,0,0,0,0,0,0
18402,4,0,3,11,0,0,0,0,-1,0,133363,14,0,0,0,0,0,0,0,0,0,0,0,0,0,0,0,0,0,0,0,0,0,0,0,0,0,0
18403,4,0,3,11,0,0,0,0,-1,0,133369,14,0,0,0,0,0,0,0,0,0,0,0,10,0,0,0,0,0,0,0,0,0,0,0,0,0,0
18404,4,0,3,2,0,0,0,0,-1,0,133296,14,0,0,0,0,0,0,0,0,0,0,0,10,0,0,0,0,0,0,0,0,0,0,0,0,0,0
18406,4,0,3,12,0,0,0,0,-1,0,136168,14,0,0,0,0,0,0,0,0,0,0,0,15,0,0,0,0,0,0,0,0,0,0,0,0,0,0
18410,2,8,6,17,0,1,0,0,-1,0,135329,9,0,85,0,0,0,0,0,0,0,0,0,0,0,0,0,0,99,0,0,0,0,149,0,0,0,0
18411,4,2,8,8,0,0,0,0,-1,0,132540,7,0,45,0,0,0,0,0,0,0,102,0,0,0,0,0,0,0,0,0,0,0,0,0,0,0,0
18413,4,1,7,16,57,0,0,0,-1,0,133758,7,0,0,0,0,0,0,0,0,0,44,0,0,0,0,0,0,0,0,0,0,0,0,0,0,0,0
18420,2,5,2,17,0,1,0,0,-1,0,133477,9,0,100,0,0,0,0,0,0,0,0,0,0,0,0,0,0,129,0,0,0,0,194,0,0,0,0
18421,4,3,5,1,0,0,0,0,-1,0,133121,11,0,70,0,0,0,0,0,0,0,301,0,0,0,0,0,0,0,0,0,0,0,0,0,0,0,0
18424,4,2,8,8,0,0,0,0,-1,0,132539,7,0,50,0,0,0,0,0,0,0,121,0,0,5,0,5,0,0,0,0,0,0,0,0,0,0,0
18425,4,0,3,23,55,7,0,0,-1,0,132792,17,0,0,0,0,0,0,0,0,0,0,0,0,0,0,0,0,0,0,0,0,0,0,0,0,0,0
18427,4,1,7,16,30,0,0,0,-1,0,133759,7,0,0,0,0,0,0,0,0,0,26,0,0,0,0,0,0,0,0,0,0,0,0,0,0,0,0
18428,4,0,5,2,45,0,0,0,-1,0,134317,14,0,0,0,0,0,0,0,0,0,0,0,0,0,0,0,0,0,0,0,0,0,0,0,0,0,0
18429,4,4,6,9,58,0,0,0,-1,0,132618,11,0,45,0,0,0,0,0,0,0,287,0,0,0,0,0,0,0,0,0,0,0,0,0,0,0,0
18430,4,4,6,9,45,0,0,0,-1,0,132618,11,0,45,0,0,0,0,0,0,0,231,0,0,0,0,0,0,0,0,0,0,0,0,0,0,0,0
18432,4,3,5,9,45,0,0,0,-1,0,132615,10,0,40,0,0,0,0,0,0,0,131,0,0,0,0,0,0,0,0,0,0,0,0,0,0,0,0
18434,4,2,8,9,58,0,0,0,-1,0,132602,7,0,35,0,0,0,0,0,0,0,77,0,0,0,0,0,0,0,0,0,0,0,0,0,0,0,0
18435,4,2,8,9,45,0,0,0,-1,0,132606,7,0,35,0,0,0,0,0,0,0,64,0,0,0,0,0,0,0,0,0,0,0,0,0,0,0,0
18436,4,2,8,9,45,0,0,0,-1,0,132602,7,0,35,0,0,0,0,0,0,0,64,0,0,0,0,0,0,0,0,0,0,0,0,0,0,0,0
18438,4,0,1,12,35,0,0,0,-1,0,134951,0,0,0,0,0,0,0,0,0,0,0,0,0,0,0,0,0,0,0,0,0,0,0,0,0,0,0
18440,4,1,7,16,30,0,0,0,-1,0,133773,7,0,0,0,0,0,0,0,0,0,26,0,0,0,0,0,0,0,0,0,0,0,0,0,0,0,0
18441,4,1,7,16,45,0,0,0,-1,0,133773,7,0,0,0,0,0,0,0,0,0,36,0,0,0,0,0,0,0,0,0,0,0,0,0,0,0,0
18442,4,0,5,2,30,0,0,0,-1,0,134311,14,0,0,0,0,0,0,0,0,0,0,0,0,0,0,0,0,0,0,0,0,0,0,0,0,0,0
18443,4,0,5,2,58,0,0,0,-1,0,134311,14,0,0,0,0,0,0,0,0,0,0,0,0,0,0,0,0,0,0,0,0,0,0,0,0,0,0
18444,4,0,5,2,45,0,0,0,-1,0,134311,14,0,0,0,0,0,0,0,0,0,0,0,0,0,0,0,0,0,0,0,0,0,0,0,0,0,0
18445,4,4,6,9,58,0,0,0,-1,0,132617,11,0,45,0,0,0,0,0,0,0,287,0,0,0,0,0,0,0,0,0,0,0,0,0,0,0,0
18447,4,4,6,9,45,0,0,0,-1,0,132617,11,0,45,0,0,0,0,0,0,0,231,0,0,0,0,0,0,0,0,0,0,0,0,0,0,0,0
18448,4,3,5,9,58,0,0,0,-1,0,132605,10,0,40,0,0,0,0,0,0,0,162,0,0,0,0,0,0,0,0,0,0,0,0,0,0,0,0
18449,4,3,5,9,45,0,0,0,-1,0,132605,10,0,40,0,0,0,0,0,0,0,131,0,0,0,0,0,0,0,0,0,0,0,0,0,0,0,0
18451,4,2,8,6,55,0,0,0,-1,0,132505,7,0,30,0,0,0,0,0,0,0,87,0,0,0,0,0,0,0,0,0,0,0,0,0,0,0,0
18458,4,3,5,9,55,0,0,0,-1,0,132602,10,0,35,0,0,0,0,0,0,0,141,0,0,0,0,0,0,0,0,0,0,0,0,0,0,0,0
18459,4,4,6,9,55,0,0,0,-1,0,132618,9,0,40,0,0,0,0,0,0,0,249,0,0,0,0,0,0,0,0,0,0,0,0,0,0,0,0
18460,2,3,1,26,55,0,0,0,-1,0,135616,8,0,65,3,0,0,0,0,0,0,0,0,0,0,0,0,0,48,0,0,0,0,91,0,0,0,0
18461,4,1,7,16,58,0,0,0,-1,0,133759,7,0,0,0,0,0,0,0,0,0,45,0,0,0,0,0,0,0,0,0,0,0,0,0,0,0,0
18462,2,13,5,21,55,0,0,0,-1,0,132947,8,0,55,0,0,0,0,0,0,0,0,0,0,0,0,0,0,51,0,0,0,0,78,0,0,0,0
18463,2,7,6,13,55,3,0,0,-1,0,135274,8,0,75,0,0,0,0,0,0,0,0,0,0,0,0,0,0,60,0,0,0,0,112,0,0,0,0
18464,4,0,1,11,55,0,0,0,-1,0,133348,14,0,0,0,0,0,0,0,0,0,0,0,0,0,0,0,0,0,0,0,0,0,0,0,0,0,0
18465,4,0,0,12,0,0,0,0,-1,0,133443,8,0,0,0,0,0,0,0,0,0,0,0,10,0,0,0,0,0,0,0,0,0,0,0,0,0,0
18476,4,2,8,8,55,0,0,0,-1,0,132541,7,0,45,0,0,0,0,0,0,0,106,0,0,0,0,0,0,0,0,0,0,0,0,0,0,0,0
18477,4,2,8,7,55,0,0,0,-1,0,134594,7,0,65,0,0,0,0,0,0,0,135,0,0,0,0,0,0,0,0,0,0,0,0,0,0,0,0
18478,4,2,8,5,55,0,0,0,-1,0,132721,7,0,85,0,0,0,0,0,0,0,154,0,0,0,0,0,0,0,0,0,0,0,0,0,0,0,0
18479,4,3,5,1,55,0,0,0,-1,0,133090,11,0,60,0,0,0,0,0,0,0,262,0,0,0,0,0,0,0,0,0,0,0,0,0,0,0,0
18480,4,4,6,1,55,0,0,0,-1,0,133125,9,0,70,0,0,0,0,0,0,0,463,0,0,0,0,0,0,0,0,0,0,0,0,0,0,0,0
18481,2,5,6,17,55,1,0,0,-1,0,133480,9,0,85,0,0,0,0,0,0,0,0,0,0,0,0,0,0,119,0,0,0,0,179,0,0,0,0
18482,2,2,2,15,55,0,0,0,-1,0,135493,12,0,65,2,0,0,0,0,0,0,0,0,0,0,0,0,0,61,0,0,0,0,62,0,0,0,0
18483,2,19,2,26,56,0,0,0,-1,0,135467,21,0,65,0,0,4,0,0,0,0,0,0,0,0,0,0,0,68,0,0,0,0,127,0,0,0,0
18484,2,7,1,13,56,3,0,0,-1,0,135640,9,0,90,0,0,0,0,0,0,0,0,0,0,0,0,0,0,67,0,0,0,0,125,0,0,0,0
18485,4,6,6,14,56,4,0,0,-1,0,134959,9,0,100,0,0,0,0,0,0,0,2089,0,0,0,0,0,0,0,0,0,0,0,0,0,0,0,0
18490,4,2,8,1,56,0,0,0,-1,0,133143,7,0,60,0,0,0,0,0,0,0,139,0,0,0,0,0,0,0,0,0,0,0,0,0,0,0,0
18491,2,15,4,21,0,3,0,0,-1,0,135657,8,0,65,0,0,0,0,0,0,0,0,0,0,0,0,0,0,45,0,0,0,0,68,0,0,0,0
18493,4,4,6,3,55,0,0,0,-1,0,135057,9,0,80,0,0,0,0,0,0,0,470,0,0,0,0,0,0,0,0,0,0,0,0,0,0,0,0
18494,4,3,5,3,55,0,0,0,-1,0,135046,11,0,70,0,0,0,0,0,0,0,266,0,0,0,0,0,0,0,0,0,0,0,0,0,0,0,0
18495,4,1,7,16,58,0,0,0,-1,0,133773,0,0,0,0,0,0,0,0,0,0,45,0,0,0,0,0,0,0,0,0,0,0,0,0,0,0,0
18496,4,1,7,16,55,0,0,0,-1,0,133754,7,0,0,0,0,0,0,0,0,0,43,0,0,0,0,0,0,0,0,0,0,0,0,0,0,0,0
18498,2,0,1,13,55,3,0,0,-1,0,132402,8,0,90,0,0,0,0,0,0,0,0,0,0,0,0,0,0,60,0,0,0,0,90,0,0,0,0
18499,4,6,6,14,57,4,0,0,-1,0,134956,9,0,100,0,0,0,0,0,0,0,2121,0,0,0,0,0,0,0,0,0,0,0,0,0,0,0,0
18500,4,0,3,11,56,0,0,0,-1,0,133355,14,0,0,0,0,0,0,0,0,0,0,0,0,0,0,0,0,0,0,0,0,0,0,0,0,0,0
18502,2,6,6,17,57,1,0,0,-1,0,135579,9,0,100,0,0,0,0,0,0,0,0,0,0,0,0,0,0,123,0,0,0,0,185,0,0,0,0
18503,4,4,6,5,57,0,0,0,-1,0,132636,9,0,135,0,0,0,0,0,0,0,647,0,0,0,0,0,0,0,0,0,0,0,0,0,0,0,0
18505,4,2,8,6,57,0,0,0,-1,0,132491,7,0,35,0,0,0,0,0,0,0,98,0,0,0,0,0,0,0,0,0,0,0,0,0,0,0,0
18506,4,2,8,8,57,0,0,0,-1,0,132542,7,0,50,0,0,0,0,0,0,0,120,0,0,0,0,0,0,0,0,0,0,0,0,0,0,0,0
18509,4,1,7,16,57,0,0,0,-1,0,133754,7,0,0,0,0,0,0,0,0,0,48,0,9,0,0,9,0,0,0,0,0,0,0,0,0,0,0
18510,4,1,7,16,57,0,0,0,-1,0,133753,7,0,0,0,0,0,0,0,0,0,48,0,0,0,0,0,0,0,0,0,0,0,0,0,0,0,0
18511,4,1,7,16,57,0,0,0,-1,0,133772,7,0,0,0,0,0,0,0,0,0,48,0,0,0,0,0,0,0,0,0,0,0,0,0,0,0,0
18520,2,8,1,17,58,1,0,0,-1,0,135291,9,0,100,0,0,0,0,0,0,0,0,0,0,0,0,0,0,138,0,0,0,0,207,0,0,0,0
18521,4,4,6,8,58,0,0,0,-1,0,132582,9,0,65,0,0,0,0,0,0,0,452,0,0,0,0,0,0,0,0,0,0,0,0,0,0,0,0
18522,4,0,3,11,58,0,0,0,-1,0,133374,14,0,0,0,0,0,0,0,0,0,0,0,0,0,0,0,0,0,0,0,0,0,0,0,0,0,0
18523,4,0,3,23,58,7,0,0,-1,0,134333,14,0,0,0,0,0,0,0,0,0,0,0,0,0,0,0,0,0,0,0,0,0,0,0,0,0,0
18524,4,3,5,7,58,0,0,0,-1,0,134583,11,0,90,0,0,0,0,0,0,0,324,0,0,0,0,0,0,0,0,0,0,0,0,0,0,0,0
18525,4,2,8,9,58,0,0,0,-1,0,132611,7,0,35,0,0,0,0,0,0,0,77,0,0,0,0,0,0,0,0,0,0,0,0,0,0,0,0
18527,4,3,5,10,58,0,0,0,-1,0,132944,11,0,40,0,0,0,0,0,0,0,231,0,0,0,0,0,0,0,0,0,0,0,0,0,0,0,0
18528,4,2,8,3,56,0,0,0,-1,0,135057,7,0,60,0,0,0,0,0,0,0,129,0,0,0,0,0,0,0,0,0,0,0,0,0,0,0,0
18529,4,4,6,6,56,0,3499,0,-1,0,132507,8,0,45,0,0,0,0,0,0,0,358,0,0,0,0,0,0,0,0,0,0,0,0,0,0,0,0
18530,4,3,5,5,57,0,0,0,-1,0,132634,11,0,120,0,0,0,0,0,0,0,365,0,0,0,0,0,0,0,0,0,0,0,0,0,0,0,0
18531,2,5,6,17,57,1,0,0,-1,0,133059,9,0,100,0,0,0,0,0,0,0,250,0,0,0,0,0,0,135,0,0,0,0,204,0,0,0,0
18533,4,4,6,9,58,0,0,0,-1,0,132613,9,0,45,0,0,0,0,0,0,0,287,0,0,0,0,0,0,0,0,0,0,0,0,0,0,0,0
18534,2,10,2,17,58,2,0,0,-1,0,135169,12,0,100,0,0,0,0,0,0,0,0,0,0,0,0,0,0,116,0,0,0,0,175,0,0,0,0
18535,4,6,2,14,0,4,0,0,-1,0,134958,13,0,100,0,0,0,0,0,0,0,2026,0,0,0,0,0,0,0,0,0,0,0,0,0,0,0,0
18536,4,0,8,23,0,7,0,0,-1,0,133738,19,0,0,0,0,0,0,0,0,0,0,0,0,0,0,0,0,0,0,0,0,0,0,0,0,0,0
18537,4,0,3,12,58,0,0,0,-1,0,135228,22,0,0,0,0,0,0,0,0,0,0,0,0,0,0,0,0,0,0,0,0,0,0,0,0,0,0
18538,2,1,6,17,58,1,0,0,-1,0,132401,9,0,120,0,0,0,0,0,0,0,0,0,0,0,0,0,0,128,0,0,0,0,193,0,0,0,0
18541,4,1,7,16,60,0,0,0,-1,0,133758,7,0,0,0,0,0,0,0,0,0,54,0,0,0,0,0,0,0,0,0,0,0,0,0,0,0,0
18542,2,8,1,17,60,1,0,0,-1,0,135351,9,0,120,0,0,0,0,0,0,0,0,0,0,0,0,0,0,150,0,0,0,0,225,0,0,0,0
18543,4,0,3,11,60,0,0,0,-1,0,133362,14,0,0,0,0,0,0,0,0,0,0,0,0,0,0,0,0,0,0,0,0,0,0,0,0,0,0
18544,4,2,8,10,60,0,0,0,-1,0,132956,7,0,40,0,0,0,0,0,0,0,133,0,8,0,0,8,0,0,0,0,0,0,0,0,0,0,0
18546,4,3,5,1,60,0,0,0,-1,0,133120,11,0,85,0,0,0,0,0,0,0,358,0,10,0,0,10,0,0,0,0,0,0,0,0,0,0,0
18547,4,4,6,6,60,0,0,0,-1,0,132520,10,0,55,0,0,0,0,0,0,0,452,0,0,0,16,0,0,0,0,0,0,0,0,0,0,0,0
18585,4,0,3,11,0,0,0,0,-1,0,133351,14,0,0,0,0,0,0,0,0,0,0,0,0,0,0,0,0,0,0,0,0,0,0,0,0,0,0
18586,4,0,3,11,0,0,0,0,-1,0,133355,14,0,0,0,0,0,0,0,0,0,0,0,0,0,0,0,0,0,0,0,0,0,0,0,0,0,0
18608,2,10,2,17,60,2,0,0,-1,0,135167,13,0,120,0,0,0,0,0,0,0,0,0,0,0,0,20,0,176,0,0,0,0,264,0,0,0,0
18609,2,10,2,17,60,2,0,0,-1,0,135149,13,0,120,0,0,0,0,0,0,0,0,0,0,0,0,20,0,176,0,0,0,0,264,0,0,0,0
18646,4,0,0,12,60,0,0,0,-1,0,135933,24,0,0,0,0,0,0,0,0,0,0,0,0,0,0,0,0,0,0,0,0,0,0,0,0,0,0
18665,4,0,0,12,60,0,0,0,-1,0,136224,24,0,0,0,0,0,0,0,0,0,0,0,0,0,0,0,0,0,0,0,0,0,0,0,0,0,0
18671,2,4,1,21,54,3,0,0,-1,0,133483,8,0,90,0,0,0,0,0,0,0,0,0,0,0,0,0,0,70,0,0,0,0,132,0,0,0,0
18672,4,0,3,23,54,0,0,0,-1,0,134337,21,0,0,0,0,0,0,0,0,0,0,0,0,0,0,0,0,0,0,0,0,0,0,0,0,0,0
18673,4,6,1,14,54,4,0,0,-1,0,134949,9,0,100,0,0,0,0,0,0,0,2026,0,0,0,0,0,0,0,0,0,0,0,0,0,0,0,0
18674,4,0,1,11,54,0,0,0,-1,0,133356,14,0,0,0,0,0,0,0,0,0,0,0,0,0,0,0,0,0,0,0,0,0,0,0,0,0,0
18676,4,3,5,6,56,0,0,0,-1,0,132520,10,0,40,0,0,0,0,0,0,0,202,0,0,0,0,0,0,0,0,0,0,0,0,0,0,0,0
18677,4,1,7,16,56,0,0,0,-1,0,133765,7,0,0,0,0,0,0,0,0,0,39,0,0,15,0,0,0,0,0,0,0,0,0,0,0,0,0
18678,4,0,3,2,56,0,0,0,-1,0,133290,14,0,0,0,0,0,0,0,0,0,0,0,0,0,15,0,0,0,0,0,0,0,0,0,0,0,0
18679,4,0,3,11,56,0,0,0,-1,0,133371,14,0,0,0,0,0,0,0,0,0,0,0,0,0,0,0,0,0,0,0,0,0,0,0,0,0,0
18680,2,2,2,15,56,0,0,0,-1,0,135496,12,0,75,2,0,0,0,0,0,0,0,0,0,0,0,0,0,61,0,0,0,0,114,0,0,0,0
18683,2,4,1,13,56,3,0,0,-1,0,133050,8,0,90,0,0,0,0,0,0,0,0,0,0,0,0,0,0,70,0,0,0,0,131,0,0,0,0
18684,4,0,3,11,56,0,3306,0,-1,0,133357,14,0,0,0,0,0,0,0,0,0,0,0,0,0,0,0,0,0,0,0,0,0,0,0,0,0,0
18686,4,3,2,3,57,0,0,0,-1,0,135034,10,0,70,0,0,0,0,0,0,0,274,0,0,0,0,0,0,0,0,0,0,0,0,0,0,0,0
18689,4,1,7,16,57,0,0,0,-1,0,133772,7,0,0,0,0,0,0,0,0,0,44,0,0,0,0,0,0,0,0,0,0,0,0,0,0,0,0
18690,4,4,6,7,57,0,0,0,-1,0,134584,11,0,100,0,0,0,0,0,0,0,566,0,0,0,0,0,0,0,0,0,0,0,0,0,0,0,0
18691,4,0,3,2,56,0,0,0,-1,0,133293,14,0,0,0,0,0,0,0,0,0,0,0,0,0,0,0,0,0,0,0,0,0,0,0,0,0,0
18692,4,4,6,8,54,0,0,0,-1,0,132589,11,0,65,0,0,0,0,0,0,0,424,0,0,0,0,0,0,0,0,0,0,0,0,0,0,0,0
18694,4,3,5,8,57,0,0,0,-1,0,132535,10,0,60,0,0,0,0,0,0,0,251,0,0,0,0,10,0,0,0,0,0,0,0,0,0,0,0
18695,4,0,8,23,57,0,0,0,-1,0,133738,19,0,0,0,0,0,0,0,0,0,0,0,0,0,0,0,0,0,0,0,0,0,0,0,0,0,0
18696,4,6,6,14,57,4,0,0,-1,0,134948,9,0,100,0,0,0,0,0,0,0,2121,0,0,0,0,0,0,0,0,0,0,0,0,0,0,0,0
18698,4,2,8,1,51,0,0,0,-1,0,133143,7,0,60,0,0,0,0,0,0,0,130,0,0,0,0,0,0,0,0,0,0,0,0,0,0,0,0
18699,4,2,8,3,52,0,0,0,-1,0,135058,7,0,60,0,0,0,0,0,0,0,122,0,0,0,10,10,0,0,0,0,0,0,0,0,0,0,0
18700,4,2,8,9,53,0,0,0,-1,0,132606,10,0,35,0,0,0,0,0,0,0,72,0,0,0,0,0,0,0,0,0,0,0,0,0,0,0,0
18701,4,0,3,11,54,0,0,0,-1,0,133366,14,0,0,0,0,0,0,0,0,0,0,0,0,0,0,0,0,0,0,0,0,0,0,0,0,0,0
18702,4,4,6,6,55,0,0,0,-1,0,132517,11,0,45,0,0,0,0,0,0,0,353,0,0,0,0,0,0,0,0,0,0,0,0,0,0,0,0
18710,4,2,6,9,45,0,0,0,-1,0,132607,11,0,35,0,0,0,0,0,0,0,64,0,0,0,0,0,0,0,0,0,0,0,0,0,0,0,0
18711,4,3,6,9,45,0,0,0,-1,0,132602,11,0,40,0,0,0,0,0,0,0,131,0,0,0,0,0,0,0,0,0,0,0,0,0,0,0,0
18713,2,2,2,15,60,0,0,0,-1,0,135489,13,0,90,2,0,0,0,0,0,0,0,0,0,0,0,0,0,89,0,0,0,0,166,0,0,0,0
18715,2,10,0,17,60,2,0,0,-1,0,135158,13,0,120,0,0,0,0,0,0,0,0,0,0,10,0,0,0,187,0,0,0,0,282,0,0,0,0
18717,2,5,1,17,58,1,0,0,-1,0,133043,9,0,100,0,0,0,0,0,0,0,0,0,0,0,0,0,0,116,0,0,0,0,175,0,0,0,0
18718,4,4,6,1,58,0,0,0,-1,0,133078,11,0,80,0,0,0,0,0,0,0,534,0,0,0,0,15,0,0,0,0,0,0,0,0,0,0,0
18721,4,3,8,6,56,0,0,0,-1,0,132507,10,0,40,0,0,0,0,0,0,0,202,0,0,0,0,0,0,0,0,0,0,0,0,0,0,0,0
18722,4,4,6,10,57,0,0,0,-1,0,132947,11,0,45,0,0,0,0,0,0,0,404,0,0,0,0,0,0,0,0,0,0,0,0,0,0,0,0
18723,4,0,3,2,57,0,0,0,-1,0,133288,14,0,0,0,0,0,0,0,0,0,0,0,0,0,0,0,0,0,0,0,0,0,0,0,0,0,0
18725,2,6,2,17,54,2,0,0,-1,0,135130,9,0,100,0,0,0,0,0,0,0,0,0,0,0,0,0,0,137,0,0,0,0,206,0,0,0,0
18726,4,2,8,9,54,0,0,0,-1,0,132610,7,0,35,0,0,0,0,0,0,0,73,0,0,0,0,0,0,0,0,0,0,0,0,0,0,0,0
18728,4,0,3,2,55,0,0,0,-1,0,133298,14,0,0,0,0,0,0,0,0,0,0,0,0,0,0,0,0,0,0,0,0,0,0,0,0,0,0
18729,2,2,2,15,55,0,0,0,-1,0,135500,12,0,75,2,0,0,0,0,0,0,0,0,0,0,0,10,0,70,0,0,0,0,71,0,0,0,0
18734,4,1,7,16,57,0,0,0,-1,0,133763,7,0,0,0,0,0,0,0,0,0,44,0,0,0,0,10,0,0,0,0,0,0,0,0,0,0,0
18736,4,2,8,7,57,0,0,0,-1,0,134592,7,0,75,0,0,0,0,0,0,0,152,0,0,0,0,0,0,0,0,0,0,0,0,0,0,0,0
18737,2,0,1,13,57,3,0,0,-1,0,132402,8,0,90,0,0,0,0,0,0,0,0,0,0,0,0,0,0,48,0,0,0,0,90,0,0,0,0
18738,2,18,2,26,56,0,0,0,-1,0,135533,12,0,75,2,0,0,0,0,0,0,0,0,0,0,0,0,0,82,0,0,0,0,124,0,0,0,0
18741,4,4,6,9,56,0,0,0,-1,0,132616,11,0,45,0,0,0,0,0,0,0,279,0,0,0,0,0,0,0,0,0,0,0,0,0,0,0,0
18742,4,3,5,3,55,0,0,0,-1,0,135045,10,0,70,0,0,0,0,0,0,0,266,0,0,0,0,0,0,0,0,0,0,0,0,0,0,0,0
18743,4,1,7,16,54,0,0,0,-1,0,133770,7,0,0,0,0,0,0,0,0,0,42,0,0,0,0,0,0,0,0,0,0,0,0,0,0,0,0
18744,4,2,8,10,53,0,0,0,-1,0,132952,7,0,35,0,0,0,0,0,0,0,103,0,0,0,0,10,0,0,0,0,0,0,0,0,0,0,0
18754,4,4,6,9,57,0,0,0,-1,0,132614,11,0,45,0,0,0,0,0,0,0,283,0,0,0,0,0,0,0,0,0,0,0,0,0,0,0,0
18755,2,3,2,26,57,0,0,0,-1,0,135612,12,0,75,3,0,0,0,0,0,0,0,0,0,0,0,6,0,57,0,0,0,0,108,0,0,0,0
18756,4,6,2,14,57,4,0,0,-1,0,134963,9,0,100,0,0,0,0,0,0,0,2121,0,0,0,0,0,0,0,0,0,0,0,0,0,0,0,0
18758,2,15,1,13,57,3,0,0,-1,0,135654,8,0,65,0,0,0,0,0,0,0,0,0,0,0,0,0,0,51,0,0,0,0,96,0,0,0,0
18759,2,1,1,17,57,1,0,0,-1,0,132409,9,0,100,0,0,0,0,0,0,0,0,0,0,0,0,0,0,131,0,0,0,0,197,0,0,0,0
18760,4,0,3,11,57,0,0,0,-1,0,133351,14,0,0,0,0,0,0,0,0,0,0,0,0,0,0,0,0,0,0,0,0,0,0,0,0,0,0
18761,2,19,2,26,57,0,0,0,-1,0,135474,21,0,65,0,0,5,0,0,0,0,0,0,0,0,0,0,0,78,0,0,0,0,147,0,0,0,0
18762,4,0,3,23,0,0,0,0,-1,0,134430,24,0,0,0,0,0,0,0,0,0,0,0,0,0,0,0,0,0,0,0,0,0,0,0,0,0,0
18803,2,5,1,17,60,1,0,0,-1,0,132996,9,0,120,0,0,0,0,0,0,0,0,0,15,0,0,0,0,155,0,0,0,0,234,0,0,0,0
18805,2,15,1,13,60,3,0,0,-1,0,135647,8,0,75,0,0,0,0,0,0,0,0,0,0,0,0,0,0,57,0,0,0,0,107,0,0,0,0
18806,4,4,6,8,60,0,0,0,-1,0,132590,11,0,75,0,0,0,0,0,0,0,544,0,12,0,0,8,0,0,0,0,0,0,0,0,0,0,0
18807,4,3,5,1,0,0,0,0,-1,0,133126,10,0,70,0,0,0,0,0,0,0,297,0,0,0,0,0,0,0,0,0,0,0,0,0,0,0,0
18810,4,2,8,3,60,0,0,0,-1,0,135049,7,0,70,0,0,0,0,0,0,0,159,0,0,0,0,0,0,0,0,0,0,0,0,0,0,0,0
18811,4,1,7,16,60,0,0,0,-1,0,133770,7,0,0,0,0,0,0,0,0,0,54,0,18,0,0,0,0,0,0,0,0,0,0,0,0,0,0
18812,4,3,5,9,60,0,0,0,-1,0,132601,10,0,50,0,0,0,0,0,0,0,198,0,0,0,0,0,0,0,0,0,0,0,0,0,0,0,0
18813,4,0,3,11,60,0,0,0,-1,0,133355,14,0,0,0,0,0,0,0,0,0,60,0,10,10,10,10,10,0,0,0,0,0,0,0,0,0,0
18814,4,0,3,2,60,0,0,0,-1,0,133280,14,0,0,0,0,0,0,0,0,0,0,0,0,0,0,0,0,0,0,0,0,0,0,0,0,0,0
18815,4,0,0,12,60,0,0,0,-1,0,135805,14,0,0,0,0,0,0,0,0,0,0,0,0,0,0,0,0,0,0,0,0,0,0,0,0,0,0
18816,2,15,1,13,60,3,0,0,-1,0,135358,8,0,75,0,0,0,0,0,0,0,0,0,0,0,0,0,0,73,0,0,0,0,137,0,0,0,0
18817,4,3,1,1,60,0,0,0,-1,0,132768,10,0,85,0,0,0,0,0,0,0,392,0,10,0,0,0,0,0,0,0,0,0,0,0,0,0,0
18820,4,0,3,12,60,0,0,0,-1,0,134465,14,0,0,0,0,0,0,0,0,0,0,0,0,0,0,0,0,0,0,0,0,0,0,0,0,0,0
18821,4,0,3,11,60,0,0,0,-1,0,133349,14,0,0,0,0,0,0,0,0,0,0,0,0,0,0,0,0,0,0,0,0,0,0,0,0,0,0
18822,2,8,1,17,60,1,0,0,-1,0,135329,9,0,120,0,0,0,0,0,0,0,0,0,0,0,0,0,0,176,0,0,0,0,264,0,0,0,0
18823,4,2,8,10,60,0,0,0,-1,0,132957,7,0,40,0,0,0,0,0,0,0,130,0,8,0,0,5,0,0,0,0,0,0,0,0,0,0,0
18824,4,4,6,8,60,0,0,0,-1,0,132589,11,0,75,0,0,0,0,0,0,0,544,0,8,0,0,0,0,0,0,0,0,0,0,0,0,0,0
18825,4,6,1,14,60,4,0,0,-1,0,134951,9,0,120,0,0,0,0,0,0,0,2929,0,0,0,0,0,0,0,0,0,0,0,0,0,0,0,0
18826,4,6,1,14,60,4,0,0,-1,0,134965,9,0,120,0,0,0,0,0,0,0,2929,0,0,0,0,0,0,0,0,0,0,0,0,0,0,0,0
18827,2,0,1,13,60,3,0,0,-1,0,132418,8,0,105,0,0,0,0,0,0,0,0,0,0,0,0,0,0,138,0,0,0,0,207,0,0,0,0
18828,2,0,1,13,60,3,0,0,-1,0,132393,8,0,105,0,0,0,0,0,0,0,0,0,0,0,0,0,0,138,0,0,0,0,207,0,0,0,0
18829,4,3,5,3,60,0,0,0,-1,0,135035,10,0,85,0,0,0,0,0,0,0,339,0,0,0,0,0,0,0,0,0,0,0,0,0,0,0,0
18830,2,1,1,17,60,1,0,0,-1,0,132401,9,0,120,0,0,0,0,0,0,0,0,0,0,0,0,0,0,235,0,0,0,0,353,0,0,0,0
18831,2,1,1,17,60,1,0,0,-1,0,132415,9,0,120,0,0,0,0,0,0,0,0,0,0,0,0,0,0,235,0,0,0,0,353,0,0,0,0
18832,2,7,1,13,60,3,0,0,-1,0,135313,8,0,105,0,0,0,0,0,0,0,0,0,0,0,0,0,0,90,0,0,0,0,168,0,0,0,0
18833,2,2,2,15,60,0,0,0,-1,0,135500,12,0,90,2,0,0,0,0,0,0,0,0,0,0,0,0,0,66,0,0,0,0,100,0,0,0,0
18835,2,2,2,15,60,0,0,0,-1,0,135496,12,0,90,2,0,0,0,0,0,0,0,0,0,0,0,0,0,66,0,0,0,0,100,0,0,0,0
18836,2,18,2,26,60,0,0,0,-1,0,135533,12,0,90,2,0,0,0,0,0,0,0,0,0,0,0,0,0,107,0,0,0,0,162,0,0,0,0
18837,2,18,2,26,60,0,0,0,-1,0,135539,12,0,90,2,0,0,0,0,0,0,0,0,0,0,0,0,0,107,0,0,0,0,162,0,0,0,0
18838,2,15,1,13,60,3,0,0,-1,0,135662,8,0,75,0,0,0,0,0,0,0,0,0,0,0,0,0,0,95,0,0,0,0,143,0,0,0,0
18840,2,15,1,13,60,3,0,0,-1,0,135649,8,0,75,0,0,0,0,0,0,0,0,0,0,0,0,0,0,95,0,0,0,0,143,0,0,0,0
18842,2,10,2,17,60,2,0,0,-1,0,135150,13,0,120,0,0,0,0,0,0,0,0,0,0,0,0,0,0,155,0,0,0,0,234,0,0,0,0
18843,2,13,1,21,60,7,0,0,-1,0,135643,8,0,75,0,0,0,0,0,0,0,0,0,0,0,0,0,0,138,0,0,0,0,207,0,0,0,0
18844,2,13,1,21,60,7,0,0,-1,0,134296,8,0,75,0,0,0,0,0,0,0,0,0,0,0,0,0,0,138,0,0,0,0,207,0,0,0,0
18847,2,13,1,22,60,7,0,0,-1,0,132302,8,0,75,0,0,0,0,0,0,0,0,0,0,0,0,0,0,138,0,0,0,0,207,0,0,0,0
18848,2,13,1,22,60,7,0,0,-1,0,134297,8,0,75,0,0,0,0,0,0,0,0,0,0,0,0,0,0,138,0,0,0,0,207,0,0,0,0
18855,2,3,1,26,60,0,0,0,-1,0,135617,8,0,90,3,0,0,0,0,0,0,0,0,0,0,0,0,0,107,0,0,0,0,162,0,0,0,0
18860,2,3,1,26,60,0,0,0,-1,0,135615,8,0,90,3,0,0,0,0,0,0,0,0,0,0,0,0,0,107,0,0,0,0,162,0,0,0,0
18861,4,4,6,7,56,0,0,0,-1,0,134584,11,0,120,0,0,0,0,0,0,0,608,0,11,0,0,11,0,0,0,0,0,0,0,0,0,0,0
18865,2,4,2,13,60,3,0,0,-1,0,133488,8,0,105,0,0,0,0,0,0,0,0,0,0,0,0,0,0,138,0,0,0,0,207,0,0,0,0
18866,2,4,2,13,60,3,0,0,-1,0,133057,8,0,105,0,0,0,0,0,0,0,0,0,0,0,0,0,0,138,0,0,0,0,207,0,0,0,0
18867,2,5,2,17,60,1,0,0,-1,0,133040,9,0,120,0,0,0,0,0,0,0,0,0,0,0,0,0,0,235,0,0,0,0,353,0,0,0,0
18868,2,5,2,17,60,1,0,0,-1,0,133047,9,0,120,0,0,0,0,0,0,0,0,0,0,0,0,0,0,235,0,0,0,0,353,0,0,0,0
18869,2,6,1,17,60,2,0,0,-1,0,135131,9,0,120,0,0,0,0,0,0,0,0,0,0,0,0,0,0,235,0,0,0,0,353,0,0,0,0
18870,4,3,5,1,57,0,0,0,-1,0,133120,10,0,85,0,0,0,0,0,0,0,324,0,0,0,0,0,0,0,0,0,0,0,0,0,0,0,0
18871,2,6,1,17,60,2,0,0,-1,0,135124,9,0,120,0,0,0,0,0,0,0,0,0,0,0,0,0,0,235,0,0,0,0,353,0,0,0,0
18873,2,10,2,17,60,2,0,0,-1,0,135151,13,0,120,0,0,0,0,0,0,0,0,0,0,0,0,0,0,185,0,0,0,0,279,0,0,0,0
18874,2,10,2,17,60,2,0,0,-1,0,133729,13,0,120,0,0,0,0,0,0,0,0,0,0,0,0,0,0,185,0,0,0,0,279,0,0,0,0
18875,4,2,8,7,59,0,0,0,-1,0,134592,7,0,90,0,0,0,0,0,0,0,171,0,10,0,0,0,0,0,0,0,0,0,0,0,0,0,0
18876,2,8,1,17,60,1,0,0,-1,0,135349,9,0,120,0,0,0,0,0,0,0,0,0,0,0,0,0,0,235,0,0,0,0,353,0,0,0,0
18877,2,8,1,17,60,1,0,0,-1,0,135358,9,0,120,0,0,0,0,0,0,0,0,0,0,0,0,0,0,235,0,0,0,0,353,0,0,0,0
18878,2,15,1,21,60,3,0,0,-1,0,135643,8,0,75,0,0,0,0,0,0,0,0,0,0,0,0,0,0,46,0,0,0,0,86,0,0,0,0
18879,4,0,1,11,60,0,0,0,-1,0,133356,14,0,0,0,0,0,0,0,0,0,0,0,0,0,0,0,0,0,0,0,0,0,0,0,0,0,0
18948,4,2,8,9,27,0,0,0,-1,0,132614,7,0,35,0,0,0,0,0,0,0,47,0,0,0,0,0,0,0,0,0,0,0,0,0,0,0,0
18957,2,7,1,13,0,1,0,0,-1,0,135276,9,0,40,0,0,0,0,0,0,0,0,0,0,0,0,0,0,11,0,0,0,0,21,0,0,0,0
18984,4,0,0,12,0,0,0,0,-1,0,133865,0,0,0,0,0,0,0,0,0,0,0,0,0,0,0,0,0,0,0,0,0,0,0,0,0,0,0
18986,4,0,0,12,0,0,0,0,-1,0,133870,0,0,0,0,0,0,0,0,0,0,0,0,0,0,0,0,0,0,0,0,0,0,0,0,0,0,0
19019,2,7,1,13,60,1,0,0,-1,0,135349,9,0,125,0,0,0,3,0,0,0,0,0,8,9,0,0,0,82,16,0,0,0,153,30,0,0,0
19024,4,0,0,12,0,0,0,0,-1,0,133599,14,0,0,0,0,0,0,0,0,0,0,0,0,0,0,0,0,0,0,0,0,0,0,0,0,0,0
19037,4,4,6,3,0,0,0,0,-1,0,135057,11,0,70,0,0,0,0,0,0,0,347,0,0,0,0,0,0,0,0,0,0,0,0,0,0,0,0
19038,4,0,3,11,0,0,0,0,-1,0,133345,14,0,0,0,0,0,0,0,0,0,0,0,0,0,0,0,0,0,0,0,0,0,0,0,0,0,0
19039,4,2,8,1,0,0,0,0,-1,0,133153,7,0,50,0,0,0,0,0,0,0,104,0,0,0,0,0,0,0,0,0,0,0,0,0,0,0,0
19040,2,7,1,13,0,3,0,0,-1,0,135346,8,0,75,0,0,0,0,0,0,0,0,0,0,0,0,0,0,46,0,0,0,0,86,0,0,0,0
19041,4,2,8,5,0,0,0,0,-1,0,132722,7,0,85,0,0,0,0,0,0,0,129,0,0,0,0,0,0,0,0,0,0,0,0,0,0,0,0
19042,4,2,8,5,0,0,0,0,-1,0,132723,7,0,85,0,0,0,0,0,0,0,129,0,0,0,0,0,0,0,0,0,0,0,0,0,0,0,0
19043,4,3,0,6,53,0,0,0,-1,0,132505,0,0,40,0,0,0,0,0,0,0,193,0,0,0,0,0,0,0,0,0,0,0,0,0,0,0,0
19044,4,2,0,6,53,0,0,0,-1,0,132498,7,0,35,0,0,0,0,0,0,0,93,0,0,0,0,0,0,0,0,0,0,0,0,0,0,0,0
19048,4,3,0,8,59,0,0,0,-1,0,132553,0,0,60,0,0,0,0,0,0,0,258,0,0,0,0,0,0,0,0,0,0,0,0,0,0,0,0
19049,4,2,0,10,59,0,0,0,-1,0,132960,7,0,35,0,0,0,0,0,0,0,112,0,0,0,0,0,0,0,0,0,0,0,0,0,0,0,0
19051,4,4,0,6,53,0,0,0,-1,0,132500,0,0,45,0,0,0,0,0,0,0,341,0,0,0,0,0,0,0,0,0,0,0,0,0,0,0,0
19052,4,2,0,8,53,0,0,0,-1,0,132565,7,0,50,0,0,0,0,0,0,0,114,0,0,0,0,0,0,0,0,0,0,0,0,0,0,0,0
19057,4,4,0,10,59,0,0,0,-1,0,132963,0,0,45,0,0,0,0,0,0,0,417,0,0,0,0,0,0,0,0,0,0,0,0,0,0,0,0
19058,4,2,0,3,59,0,0,0,-1,0,135057,0,0,60,0,0,0,0,0,0,0,134,0,0,0,0,0,0,0,0,0,0,0,0,0,0,0,0
19083,4,1,7,16,55,0,0,0,-1,0,133768,7,0,0,0,0,0,0,0,0,0,43,0,0,0,5,0,0,0,0,0,0,0,0,0,0,0,0
19084,4,1,7,16,55,0,0,0,-1,0,133770,7,0,0,0,0,0,0,0,0,0,43,0,0,0,5,0,0,0,0,0,0,0,0,0,0,0,0
19087,4,4,5,6,55,0,0,0,-1,0,132524,11,0,45,0,0,0,0,0,0,0,353,0,0,0,5,0,0,0,0,0,0,0,0,0,0,0,0
19088,4,3,5,6,55,0,0,0,-1,0,132507,10,0,40,0,0,0,0,0,0,0,199,0,0,0,5,0,0,0,0,0,0,0,0,0,0,0,0
19089,4,2,8,6,55,0,0,0,-1,0,132515,7,0,35,0,0,0,0,0,0,0,95,0,0,0,5,0,0,0,0,0,0,0,0,0,0,0,0
19095,4,0,3,2,55,0,0,0,-1,0,133303,14,0,0,0,0,0,0,0,0,0,0,0,0,0,0,0,0,0,0,0,0,0,0,0,0,0,0
19096,4,0,3,2,55,0,0,0,-1,0,133294,14,0,0,0,0,0,0,0,0,0,0,0,0,0,0,0,0,0,0,0,0,0,0,0,0,0,0
19097,4,0,3,2,55,0,0,0,-1,0,133302,14,0,0,0,0,0,0,0,0,0,0,0,0,0,0,0,0,0,0,0,0,0,0,0,0,0,0
19098,4,0,3,2,55,0,0,0,-1,0,133295,14,0,0,0,0,0,0,0,0,0,0,0,0,0,0,0,0,0,0,0,0,0,0,0,0,0,0
19099,2,15,1,13,60,3,0,0,-1,0,135642,8,0,65,0,0,0,0,0,0,0,0,0,0,0,0,0,0,53,0,0,0,0,100,0,0,0,0
19100,2,15,1,13,60,3,0,0,-1,0,135651,8,0,65,0,0,0,0,0,0,0,0,0,0,0,0,0,0,53,0,0,0,0,100,0,0,0,0
19101,2,10,2,17,60,2,0,0,-1,0,135167,13,0,100,0,0,0,0,0,0,0,0,0,0,0,0,0,0,138,0,0,0,0,207,0,0,0,0
19102,2,10,2,17,60,2,0,0,-1,0,135157,13,0,100,0,0,0,0,0,0,0,0,0,0,0,0,0,0,138,0,0,0,0,207,0,0,0,0
19103,2,0,1,13,60,3,0,0,-1,0,132416,8,0,90,0,0,0,0,0,0,0,0,0,0,0,0,0,0,80,0,0,0,0,150,0,0,0,0
19104,2,4,1,13,60,3,0,0,-1,0,133058,8,0,90,0,0,0,0,0,0,0,0,0,0,0,0,0,0,80,0,0,0,0,150,0,0,0,0
19106,2,6,1,17,0,1,0,0,-1,0,135127,9,0,100,0,0,0,0,0,0,0,0,0,0,0,0,0,0,155,0,0,0,0,233,0,0,0,0
19107,2,18,2,26,0,0,0,0,-1,0,135536,12,0,75,2,0,0,0,0,0,0,0,0,0,0,0,0,0,85,0,0,0,0,128,0,0,0,0
19108,2,19,2,26,0,0,0,0,-1,0,135463,21,0,65,0,0,4,0,0,0,0,0,0,0,0,0,0,0,67,0,0,0,0,125,0,0,0,0
19109,4,0,3,11,58,0,0,0,-1,0,133377,14,0,0,0,0,0,0,0,0,0,0,0,0,0,0,0,0,0,0,0,0,0,0,0,0,0,0
19110,2,7,1,13,58,3,0,0,-1,0,135357,8,0,90,0,0,0,0,0,0,0,0,0,0,0,0,0,0,75,0,0,0,0,140,0,0,0,0
19111,4,3,5,3,58,0,0,0,-1,0,135043,10,0,70,0,0,0,0,0,0,0,278,0,0,0,0,0,0,0,0,0,0,0,0,0,0,0,0
19113,4,2,8,9,58,0,0,0,-1,0,132607,7,0,35,0,0,0,0,0,0,0,77,0,0,0,0,0,0,0,0,0,0,0,0,0,0,0,0
19114,2,2,2,15,0,0,0,0,-1,0,135496,12,0,65,2,0,0,0,0,0,0,0,0,0,0,0,0,0,41,0,0,0,0,77,0,0,0,0
19115,4,0,3,23,0,0,0,0,-1,0,134799,17,0,0,0,0,0,0,0,0,0,0,0,0,0,0,0,0,0,0,0,0,0,0,0,0,0,0
19117,4,4,6,7,0,0,0,0,-1,0,134585,11,0,85,0,0,0,0,0,0,0,420,0,0,0,0,0,0,0,0,0,0,0,0,0,0,0,0
19118,2,19,2,26,0,0,0,0,-1,0,135474,21,0,55,0,0,3,0,0,0,0,0,0,0,0,0,0,0,40,0,0,0,0,75,0,0,0,0
19119,4,2,8,10,0,0,0,0,-1,0,132942,7,0,30,0,0,0,0,0,0,0,83,0,0,0,0,0,0,0,0,0,0,0,0,0,0,0,0
19120,4,0,4,12,0,0,0,0,-1,0,134420,21,0,0,0,0,0,0,0,0,0,0,0,0,0,0,0,0,0,0,0,0,0,0,0,0,0,0
19121,4,1,7,16,0,0,0,0,-1,0,133769,7,0,0,0,0,0,0,0,0,0,37,0,0,0,0,0,0,0,0,0,0,0,0,0,0,0,0
19124,4,4,6,7,0,0,0,0,-1,0,134584,11,0,85,0,0,0,0,0,0,0,405,0,0,0,0,0,0,0,0,0,0,0,0,0,0,0,0
19125,4,3,5,6,0,0,0,0,-1,0,132505,10,0,35,0,0,0,0,0,0,0,151,0,0,0,0,0,0,0,0,0,0,0,0,0,0,0,0
19126,4,4,6,10,0,0,0,0,-1,0,132956,11,0,40,0,0,0,0,0,0,0,295,0,0,0,0,0,0,0,0,0,0,0,0,0,0,0,0
19127,4,2,8,5,0,0,0,0,-1,0,132718,7,0,85,0,0,0,0,0,0,0,132,0,0,0,0,0,0,0,0,0,0,0,0,0,0,0,0
19128,4,3,5,5,0,0,0,0,-1,0,132635,10,0,100,0,0,0,0,0,0,0,273,0,0,0,0,0,0,0,0,0,0,0,0,0,0,0,0
19130,2,19,2,26,60,0,0,0,-1,0,135463,21,0,75,0,0,4,0,0,0,0,0,0,0,0,0,0,0,101,0,0,0,0,189,0,0,0,0
19134,4,2,8,6,60,0,0,0,-1,0,132505,7,0,40,0,0,0,0,0,0,0,115,0,0,0,0,0,0,0,0,0,0,0,0,0,0,0,0
19137,4,4,6,6,60,0,0,0,-1,0,132518,11,0,55,0,0,0,0,0,0,0,494,0,0,0,0,0,0,0,0,0,0,0,0,0,0,0,0
19138,4,0,3,11,60,0,0,0,-1,0,133378,14,0,0,0,0,0,0,0,0,0,0,0,0,0,0,0,0,0,0,0,0,0,0,0,0,0,0
19139,4,2,8,3,60,0,0,0,-1,0,135054,7,0,70,0,0,0,0,0,0,0,159,0,22,0,0,0,0,0,0,0,0,0,0,0,0,0,0
19140,4,0,3,11,60,0,0,0,-1,0,133381,14,0,0,0,0,0,0,0,0,0,0,0,0,0,0,0,0,0,0,0,0,0,0,0,0,0,0
19141,4,0,7,12,0,0,0,0,-1,0,132911,7,0,0,0,0,0,0,0,0,0,0,0,0,0,0,0,0,0,0,0,0,0,0,0,0,0,0
19142,4,0,8,23,60,0,0,0,-1,0,133741,19,0,0,0,0,0,0,0,0,0,0,0,0,0,0,0,0,0,0,0,0,0,0,0,0,0,0
19143,4,4,6,10,60,0,0,0,-1,0,132960,11,0,55,0,0,0,0,0,0,0,488,0,0,0,0,0,0,0,0,0,0,0,0,0,0,0,0
19144,4,3,5,8,60,0,0,0,-1,0,132548,10,0,70,0,0,0,0,0,0,0,298,0,0,0,0,0,0,0,0,0,0,0,0,0,0,0,0
19146,4,2,8,9,60,0,0,0,-1,0,132603,7,0,40,0,0,0,0,0,0,0,86,0,0,0,0,0,0,0,0,0,0,0,0,0,0,0,0
19147,4,0,3,11,60,0,0,0,-1,0,133380,14,0,0,0,0,0,0,0,0,0,0,0,0,0,0,0,0,0,0,0,0,0,0,0,0,0,0
19148,4,4,6,1,60,0,0,0,-1,0,133124,11,0,100,0,0,0,0,0,0,0,608,0,35,0,0,0,0,0,0,0,0,0,0,0,0,0,0
19149,4,2,8,6,60,0,0,0,-1,0,132521,7,0,40,0,0,0,0,0,0,0,113,0,26,0,0,0,0,0,0,0,0,0,0,0,0,0,0
19157,4,3,7,10,60,0,0,0,-1,0,132956,7,0,50,0,0,0,0,0,0,0,279,0,5,5,5,5,0,0,0,0,0,0,0,0,0,0,0
19159,4,0,8,2,0,0,0,0,-1,0,134196,14,0,0,0,0,0,0,0,0,0,0,0,0,0,0,0,0,0,0,0,0,0,0,0,0,0,0
19162,4,2,8,6,60,0,0,0,-1,0,132513,7,0,40,0,0,0,0,0,0,0,118,0,12,0,0,0,0,0,0,0,0,0,0,0,0,0,0
19163,4,2,8,6,60,0,0,0,-1,0,132502,7,0,40,0,0,0,0,0,0,0,118,0,12,0,0,0,0,0,0,0,0,0,0,0,0,0,0
19164,4,4,8,10,60,0,0,0,-1,0,132956,7,0,55,0,0,0,0,0,0,0,495,0,28,0,0,0,0,0,0,0,0,0,0,0,0,0,0
19166,2,15,1,13,60,3,0,0,-1,0,135648,8,0,75,0,0,0,0,0,0,0,0,0,0,0,0,0,0,53,0,0,0,0,100,0,0,0,0
19167,2,6,1,17,60,2,0,0,-1,0,135131,8,0,120,0,0,0,0,0,0,0,0,0,10,0,0,0,0,105,0,0,0,0,158,0,0,0,0
19168,2,7,1,13,60,3,0,0,-1,0,135349,8,0,105,0,0,0,0,0,0,0,0,0,0,0,0,0,0,65,0,0,0,0,121,0,0,0,0
19169,2,1,1,17,60,1,0,0,-1,0,132403,8,0,120,0,0,0,0,0,0,0,0,0,0,0,0,0,0,187,0,0,0,0,282,0,0,0,0
19170,2,4,1,13,60,3,0,0,-1,0,133056,8,0,105,0,0,0,0,0,0,0,0,0,7,0,0,0,0,90,0,0,0,0,168,0,0,0,0
19287,4,0,0,12,60,0,0,0,-1,0,134488,19,0,0,0,0,0,0,0,0,0,0,0,0,0,0,0,0,0,0,0,0,0,0,0,0,0,0
19288,4,0,0,12,60,0,0,0,-1,0,134484,19,0,0,0,0,0,0,0,0,0,0,0,0,0,0,0,0,0,0,0,0,0,0,0,0,0,0
19289,4,0,0,12,60,0,0,0,-1,0,134491,19,0,0,0,0,0,0,0,0,0,0,0,0,0,0,0,0,0,0,0,0,0,0,0,0,0,0
19290,4,0,0,12,60,0,0,0,-1,0,134495,19,0,0,0,0,0,0,0,0,0,0,0,0,0,0,0,0,0,0,0,0,0,0,0,0,0,0
19302,4,0,0,11,50,0,0,0,-1,0,133376,14,0,0,0,0,0,0,0,0,0,0,0,0,0,0,0,0,0,0,0,0,0,0,0,0,0,0
19303,4,0,0,2,50,0,0,0,-1,0,133298,14,0,0,0,0,0,0,0,0,0,0,0,0,0,0,0,0,0,0,0,0,0,0,0,0,0,0
19308,4,0,0,23,60,0,0,0,-1,0,133733,19,0,0,0,0,0,0,0,0,0,0,0,0,0,0,0,0,0,0,0,0,0,0,0,0,0,0
19309,4,0,0,23,60,0,0,0,-1,0,133738,19,0,0,0,0,0,0,0,0,0,0,0,0,0,0,0,0,0,0,0,0,0,0,0,0,0,0
19310,4,0,0,23,60,0,0,0,-1,0,133743,19,0,0,0,0,0,0,0,0,0,0,0,0,0,0,0,0,0,0,0,0,0,0,0,0,0,0
19311,4,0,0,23,60,0,0,0,-1,0,133741,19,0,0,0,0,0,0,0,0,0,0,0,0,0,0,0,0,0,0,0,0,0,0,0,0,0,0
19312,4,0,0,23,60,0,0,0,-1,0,133941,7,0,0,0,0,0,0,0,0,0,0,0,0,0,0,0,0,0,0,0,0,0,0,0,0,0,0
19315,4,0,0,23,60,0,0,0,-1,0,133749,21,0,0,0,0,0,0,0,0,0,0,0,0,0,0,0,0,0,0,0,0,0,0,0,0,0,0
19321,4,6,1,14,60,4,0,0,-1,0,135835,9,0,120,0,0,0,0,0,0,0,2468,0,0,0,0,0,0,0,0,0,0,0,0,0,0,0,0
19323,2,5,1,17,60,1,0,0,-1,0,133050,9,0,120,0,0,0,0,0,0,0,0,0,0,0,0,0,0,175,0,0,0,0,292,0,0,0,0
19324,2,15,1,13,60,3,0,0,-1,0,135330,8,0,75,0,0,0,0,0,0,0,0,0,0,0,0,0,0,59,0,0,0,0,111,0,0,0,0
19325,4,0,0,11,60,0,0,0,-1,0,133377,14,0,0,0,0,0,0,0,0,0,0,0,0,0,0,0,0,0,0,0,0,0,0,0,0,0,0
19334,2,8,1,17,60,1,0,0,-1,0,135360,9,0,120,0,0,0,0,0,0,0,0,0,0,0,0,0,0,192,0,0,0,0,289,0,0,0,0
19335,2,4,1,21,60,3,0,0,-1,0,133481,8,0,105,0,0,0,0,0,0,0,0,0,0,0,0,0,0,99,0,0,0,0,184,0,0,0,0
19336,4,0,4,12,60,0,0,0,-1,0,136116,21,0,0,0,0,0,0,0,0,0,0,0,0,0,0,0,0,0,0,0,0,0,0,0,0,0,0
19337,4,0,4,12,60,0,0,0,-1,0,133738,21,0,0,0,0,0,0,0,0,0,0,0,0,0,0,0,0,0,0,0,0,0,0,0,0,0,0
19339,4,0,4,12,60,0,0,0,-1,0,136115,21,0,0,0,0,0,0,0,0,0,0,0,0,0,0,0,0,0,0,0,0,0,0,0,0,0,0
19340,4,0,4,12,60,0,0,0,-1,0,134419,21,0,0,0,0,0,0,0,0,0,0,0,0,0,0,0,0,0,0,0,0,0,0,0,0,0,0
19341,4,0,4,12,60,0,0,0,-1,0,134124,21,0,0,0,0,0,0,0,0,0,0,0,0,0,0,0,0,0,0,0,0,0,0,0,0,0,0
19342,4,0,4,12,60,0,0,0,-1,0,134232,21,0,0,0,0,0,0,0,0,0,0,0,0,0,0,0,0,0,0,0,0,0,0,0,0,0,0
19343,4,0,4,12,60,0,0,0,-1,0,134944,21,0,0,0,0,0,0,0,0,0,0,0,0,0,0,0,0,0,0,0,0,0,0,0,0,0,0
19344,4,0,4,12,60,0,0,0,-1,0,134073,21,0,0,0,0,0,0,0,0,0,0,0,0,0,0,0,0,0,0,0,0,0,0,0,0,0,0
19345,4,0,4,12,60,0,0,0,-1,0,135880,21,0,0,0,0,0,0,0,0,0,0,0,0,0,0,0,0,0,0,0,0,0,0,0,0,0,0
19346,2,15,1,13,60,3,0,0,-1,0,135665,8,0,75,0,0,0,0,0,0,0,0,0,0,0,0,0,0,69,0,0,0,0,130,0,0,0,0
19347,2,15,1,13,60,3,0,0,-1,0,135664,8,0,75,0,0,0,0,0,0,0,0,0,0,0,0,0,0,61,0,0,0,0,114,0,0,0,0
19348,4,6,6,14,60,4,0,0,-1,0,134966,9,0,120,0,0,0,0,0,0,0,2787,0,0,0,0,0,0,0,0,0,0,0,0,0,0,0,0
19349,4,6,6,14,60,4,0,0,-1,0,134963,9,0,120,0,0,0,0,0,0,0,2893,0,0,0,0,0,0,0,0,0,0,0,0,0,0,0,0
19350,2,2,2,15,60,0,0,0,-1,0,135497,12,0,90,2,0,0,0,0,0,0,0,0,0,0,0,0,0,80,0,0,0,0,149,0,0,0,0
19351,2,7,1,13,60,3,0,0,-1,0,135359,8,0,105,0,0,0,0,0,0,0,0,0,0,0,0,0,0,86,0,0,0,0,162,0,0,0,0
19352,2,7,1,13,60,3,0,0,-1,0,135361,8,0,105,0,0,0,0,0,0,0,0,0,0,0,0,0,0,106,0,0,0,0,198,0,0,0,0
19353,2,1,1,17,60,1,0,0,-1,0,132401,9,0,120,0,0,0,0,0,0,0,0,0,0,0,0,0,0,199,0,0,0,0,300,0,0,0,0
19354,2,1,1,17,60,1,0,0,-1,0,132415,9,0,120,0,0,0,0,0,0,0,0,0,0,0,0,0,0,174,0,0,0,0,262,0,0,0,0
19355,2,10,2,17,60,2,0,0,-1,0,135150,13,0,120,0,0,0,0,0,0,0,0,0,0,0,0,0,0,187,0,0,0,0,282,0,0,0,0
19356,2,10,2,17,60,2,0,0,-1,0,135143,13,0,120,0,0,0,0,0,0,0,0,0,0,0,0,0,0,209,0,0,0,0,315,0,0,0,0
19357,2,5,1,17,60,1,0,0,-1,0,133480,9,0,120,0,0,0,0,0,0,0,0,0,0,0,0,0,0,199,0,0,0,0,300,0,0,0,0
19358,2,5,1,17,60,1,0,0,-1,0,133480,9,0,120,0,0,0,0,0,0,0,0,0,0,0,0,0,0,187,0,0,0,0,282,0,0,0,0
19360,2,4,1,21,60,3,0,0,-1,0,133481,8,0,105,0,0,0,0,0,0,0,0,0,0,0,0,0,0,92,0,0,0,0,172,0,0,0,0
19361,2,18,2,26,60,0,0,0,-1,0,135538,12,0,90,2,0,0,0,0,0,0,0,0,0,0,0,0,0,124,0,0,0,0,186,0,0,0,0
19362,2,0,1,13,60,3,0,0,-1,0,132406,8,0,105,0,0,0,0,0,0,0,0,0,0,0,0,0,0,83,0,0,0,0,154,0,0,0,0
19363,2,0,1,13,60,3,0,0,-1,0,132403,8,0,105,0,0,0,0,0,0,0,0,0,0,0,0,0,0,101,0,0,0,0,188,0,0,0,0
19364,2,8,1,17,60,1,0,0,-1,0,135360,9,0,120,0,0,0,0,0,0,0,0,0,0,0,0,0,0,229,0,0,0,0,344,0,0,0,0
19365,2,13,1,21,60,7,0,0,-1,0,135663,8,0,75,0,0,0,0,0,0,0,0,0,0,0,0,0,0,102,0,0,0,0,191,0,0,0,0
19366,4,0,3,23,60,0,0,0,-1,0,134335,21,0,0,0,0,0,0,0,0,0,0,0,0,0,0,0,0,0,0,0,0,0,0,0,0,0,0
19367,2,19,2,26,60,0,0,0,-1,0,135473,21,0,75,0,0,2,0,0,0,0,0,0,0,0,0,0,0,107,0,0,0,0,199,0,0,0,0
19368,2,3,2,26,60,0,0,0,-1,0,135611,12,0,90,3,0,0,0,0,0,0,0,0,0,0,0,0,0,86,0,0,0,0,160,0,0,0,0
19371,4,0,3,2,60,0,0,0,-1,0,133299,14,0,0,0,0,0,0,0,0,0,0,0,0,0,0,0,0,0,0,0,0,0,0,0,0,0,0
19372,4,4,6,1,60,0,0,0,-1,0,133078,11,0,100,0,0,0,0,0,0,0,679,0,0,0,0,0,0,0,0,0,0,0,0,0,0,0,0
19373,4,3,5,3,60,0,0,0,-1,0,135045,10,0,85,0,0,0,0,0,0,0,357,0,0,0,0,0,0,0,0,0,0,0,0,0,0,0,0
19376,4,0,3,11,60,0,0,0,-1,0,133382,14,0,0,0,0,0,0,0,0,0,0,0,0,0,0,0,0,0,0,0,0,0,0,0,0,0,0
19377,4,0,3,2,60,0,0,0,-1,0,133304,14,0,0,0,0,0,0,0,0,0,0,0,0,0,0,0,0,0,0,0,0,0,0,0,0,0,0
19378,4,1,7,16,60,0,0,0,-1,0,133772,7,0,0,0,0,0,0,0,0,0,63,0,0,0,0,0,0,0,0,0,0,0,0,0,0,0,0
19379,4,0,4,12,60,0,0,0,-1,0,135241,21,0,0,0,0,0,0,0,0,0,0,0,0,0,0,0,0,0,0,0,0,0,0,0,0,0,0
19380,4,3,5,6,60,0,0,0,-1,0,132507,10,0,50,0,0,0,0,0,0,0,295,0,0,0,0,0,0,0,0,0,0,0,0,0,0,0,0
19381,4,2,8,8,60,0,0,0,-1,0,132562,7,0,60,0,0,0,0,0,0,0,166,0,0,0,0,0,0,0,0,0,0,0,0,0,0,0,0
19382,4,0,4,11,60,0,0,0,-1,0,133384,14,0,0,0,0,0,0,0,0,0,0,0,0,0,0,0,0,0,0,0,0,0,0,0,0,0,0
19383,4,0,4,2,60,0,0,0,-1,0,133305,14,0,0,0,0,0,0,0,0,0,0,0,0,0,0,0,0,0,0,0,0,0,0,0,0,0,0
19384,4,0,4,11,60,0,0,0,-1,0,133383,14,0,0,0,0,0,0,0,0,0,0,0,0,0,0,0,0,0,0,0,0,0,0,0,0,0,0
19386,4,1,7,16,60,0,0,0,-1,0,133753,7,0,0,0,0,0,0,0,0,0,59,0,0,0,0,0,0,0,0,0,0,0,0,0,0,0,0
19387,4,4,6,8,60,0,0,0,-1,0,132585,11,0,75,0,0,0,0,0,0,0,596,0,0,0,0,0,0,0,0,0,0,0,0,0,0,0,0
19389,4,2,8,3,60,0,0,0,-1,0,135039,7,0,70,0,0,0,0,0,0,0,170,0,0,0,0,0,0,0,0,0,0,0,0,0,0,0,0
19390,4,2,8,10,60,0,0,0,-1,0,132953,7,0,40,0,0,0,0,0,0,0,142,0,0,0,0,0,0,0,0,0,0,0,0,0,0,0,0
19392,4,4,6,6,60,0,0,0,-1,0,132500,11,0,55,0,0,0,0,0,0,0,488,0,0,0,0,0,0,0,0,0,0,0,0,0,0,0,0
19393,4,3,5,6,60,0,0,0,-1,0,132510,10,0,50,0,0,0,0,0,0,0,275,0,0,0,0,0,0,0,0,0,0,0,0,0,0,0,0
19394,4,4,6,3,60,0,0,0,-1,0,135054,11,0,100,0,0,0,0,0,0,0,634,0,0,0,0,0,0,0,0,0,0,0,0,0,0,0,0
19395,4,0,3,12,60,0,0,0,-1,0,134136,24,0,0,0,0,0,0,0,0,0,0,0,0,0,0,0,0,0,0,0,0,0,0,0,0,0,0
19396,4,2,8,6,60,0,0,0,-1,0,132505,7,0,40,0,0,0,0,0,0,0,125,0,0,0,0,0,0,0,0,0,0,0,0,0,0,0,0
19397,4,0,4,11,60,0,0,0,-1,0,133385,14,0,0,0,0,0,0,0,0,0,0,0,0,0,0,0,0,0,0,0,0,0,0,0,0,0,0
19398,4,1,7,16,60,0,0,0,-1,0,133770,7,0,0,0,0,0,0,0,0,0,57,0,0,0,0,0,0,0,0,0,0,0,0,0,0,0,0
19401,4,3,5,7,60,0,0,0,-1,0,134671,10,0,105,0,0,0,0,0,0,0,417,0,0,0,0,0,0,0,0,0,0,0,0,0,0,0,0
19402,4,4,6,7,60,0,0,0,-1,0,134692,11,0,120,0,0,0,0,0,0,0,740,0,0,0,0,0,0,0,0,0,0,0,0,0,0,0,0
19403,4,0,3,11,60,0,0,0,-1,0,133376,14,0,0,0,0,0,0,0,0,0,0,0,0,0,0,0,0,0,0,0,0,0,0,0,0,0,0
19405,4,2,8,5,60,0,0,0,-1,0,132723,7,0,120,0,0,0,0,0,0,0,222,0,0,0,0,0,0,0,0,0,0,0,0,0,0,0,0
19406,4,0,4,12,60,0,0,0,-1,0,133723,21,0,0,0,0,0,0,0,0,0,0,0,0,0,0,0,0,0,0,0,0,0,0,0,0,0,0
19426,4,0,0,2,60,0,0,0,-1,0,133303,14,0,0,0,0,0,0,0,0,0,0,0,0,0,0,0,0,0,0,0,0,0,0,0,0,0,0
19430,4,1,7,16,60,0,0,0,-1,0,133768,7,0,0,0,0,0,0,0,0,0,57,0,0,0,0,0,0,0,0,0,0,0,0,0,0,0,0
19431,4,0,4,12,60,0,0,0,-1,0,133605,21,0,0,0,0,0,0,0,0,0,0,0,0,0,0,0,0,0,0,0,0,0,0,0,0,0,0
19432,4,0,4,11,60,0,0,0,-1,0,133379,14,0,0,0,0,0,0,0,0,0,0,0,0,0,0,0,0,0,0,0,0,0,0,0,0,0,0
19433,4,3,5,7,60,0,0,0,-1,0,134669,10,0,105,0,0,0,0,0,0,0,417,0,35,0,0,0,0,0,0,0,0,0,0,0,0,0,0
19434,4,0,3,11,60,0,0,0,-1,0,133366,14,0,0,0,0,0,0,0,0,0,0,0,0,0,0,0,0,0,0,0,0,0,0,0,0,0,0
19435,2,19,2,26,60,0,0,0,-1,0,135468,21,0,75,0,0,6,0,0,0,0,0,0,0,0,0,0,0,83,0,0,0,0,156,0,0,0,0
19436,4,1,7,16,60,0,0,0,-1,0,133763,7,0,0,0,0,0,0,0,0,0,54,0,0,0,0,0,0,0,0,0,0,0,0,0,0,0,0
19439,4,2,8,5,60,0,0,0,-1,0,132718,7,0,120,0,0,0,0,0,0,0,212,0,0,0,0,30,0,0,0,0,0,0,0,0,0,0,0
19491,4,0,0,2,60,0,0,0,-1,0,133301,14,0,0,0,0,0,0,0,0,0,0,0,0,0,0,0,0,0,0,0,0,0,0,0,0,0,0
19508,4,2,8,9,36,0,0,0,-1,0,132610,7,0,30,0,0,0,0,0,0,0,49,0,0,0,0,0,0,0,0,0,0,0,0,0,0,0,0
19509,4,3,5,8,36,0,0,0,-1,0,132545,10,0,50,0,0,0,0,0,0,0,161,0,0,0,0,0,0,0,0,0,0,0,0,0,0,0,0
19510,4,0,4,11,58,0,0,0,-1,0,133363,14,0,0,0,0,0,0,0,0,0,0,0,0,0,0,0,0,0,0,0,0,0,0,0,0,0,0
19511,4,0,4,11,48,0,0,0,-1,0,133363,14,0,0,0,0,0,0,0,0,0,0,0,0,0,0,0,0,0,0,0,0,0,0,0,0,0,0
19512,4,0,4,11,38,0,0,0,-1,0,133363,14,0,0,0,0,0,0,0,0,0,0,0,0,0,0,0,0,0,0,0,0,0,0,0,0,0,0
19513,4,0,4,11,28,0,0,0,-1,0,133363,14,0,0,0,0,0,0,0,0,0,0,0,0,0,0,0,0,0,0,0,0,0,0,0,0,0,0
19514,4,0,4,11,58,0,0,0,-1,0,133352,14,0,0,0,0,0,0,0,0,0,0,0,0,0,0,0,0,0,0,0,0,0,0,0,0,0,0
19515,4,0,4,11,38,0,0,0,-1,0,133352,14,0,0,0,0,0,0,0,0,0,0,0,0,0,0,0,0,0,0,0,0,0,0,0,0,0,0
19516,4,0,4,11,48,0,0,0,-1,0,133352,14,0,0,0,0,0,0,0,0,0,0,0,0,0,0,0,0,0,0,0,0,0,0,0,0,0,0
19517,4,0,4,11,28,0,0,0,-1,0,133352,14,0,0,0,0,0,0,0,0,0,0,0,0,0,0,0,0,0,0,0,0,0,0,0,0,0,0
19518,4,0,4,11,58,0,0,0,-1,0,133362,14,0,0,0,0,0,0,0,0,0,0,0,0,0,0,0,0,0,0,0,0,0,0,0,0,0,0
19519,4,0,4,11,48,0,0,0,-1,0,133362,14,0,0,0,0,0,0,0,0,0,0,0,0,0,0,0,0,0,0,0,0,0,0,0,0,0,0
19520,4,0,4,11,38,0,0,0,-1,0,133362,14,0,0,0,0,0,0,0,0,0,0,0,0,0,0,0,0,0,0,0,0,0,0,0,0,0,0
19521,4,0,4,11,28,0,0,0,-1,0,133362,14,0,0,0,0,0,0,0,0,0,0,0,0,0,0,0,0,0,0,0,0,0,0,0,0,0,0
19522,4,0,4,11,58,0,0,0,-1,0,133370,14,0,0,0,0,0,0,0,0,0,0,0,0,0,0,0,0,0,0,0,0,0,0,0,0,0,0
19523,4,0,4,11,48,0,0,0,-1,0,133370,14,0,0,0,0,0,0,0,0,0,0,0,0,0,0,0,0,0,0,0,0,0,0,0,0,0,0
19524,4,0,4,11,38,0,0,0,-1,0,133370,14,0,0,0,0,0,0,0,0,0,0,0,0,0,0,0,0,0,0,0,0,0,0,0,0,0,0
19525,4,0,4,11,28,0,0,0,-1,0,133370,14,0,0,0,0,0,0,0,0,0,0,0,0,0,0,0,0,0,0,0,0,0,0,0,0,0,0
19526,4,1,7,16,58,0,0,0,-1,0,133770,7,0,0,0,0,0,0,0,0,0,45,0,0,0,0,0,0,0,0,0,0,0,0,0,0,0,0
19528,4,1,7,16,38,0,0,0,-1,0,133770,7,0,0,0,0,0,0,0,0,0,31,0,0,0,0,0,0,0,0,0,0,0,0,0,0,0,0
19529,4,1,7,16,28,0,0,0,-1,0,133770,7,0,0,0,0,0,0,0,0,0,25,0,0,0,0,0,0,0,0,0,0,0,0,0,0,0,0
19530,4,1,7,16,58,0,0,0,-1,0,133765,7,0,0,0,0,0,0,0,0,0,45,0,0,0,0,0,0,0,0,0,0,0,0,0,0,0,0
19531,4,1,7,16,48,0,0,0,-1,0,133765,7,0,0,0,0,0,0,0,0,0,38,0,0,0,0,0,0,0,0,0,0,0,0,0,0,0,0
19532,4,1,7,16,38,0,0,0,-1,0,133765,7,0,0,0,0,0,0,0,0,0,31,0,0,0,0,0,0,0,0,0,0,0,0,0,0,0,0
19533,4,1,7,16,28,0,0,0,-1,0,133765,7,0,0,0,0,0,0,0,0,0,25,0,0,0,0,0,0,0,0,0,0,0,0,0,0,0,0
19534,4,0,4,2,58,0,0,0,-1,0,133301,14,0,0,0,0,0,0,0,0,0,0,0,0,0,0,0,0,0,0,0,0,0,0,0,0,0,0
19535,4,0,4,2,48,0,0,0,-1,0,133301,14,0,0,0,0,0,0,0,0,0,0,0,0,0,0,0,0,0,0,0,0,0,0,0,0,0,0
19536,4,0,4,2,38,0,0,0,-1,0,133301,14,0,0,0,0,0,0,0,0,0,0,0,0,0,0,0,0,0,0,0,0,0,0,0,0,0,0
19537,4,0,4,2,28,0,0,0,-1,0,133301,14,0,0,0,0,0,0,0,0,0,0,0,0,0,0,0,0,0,0,0,0,0,0,0,0,0,0
19538,4,0,4,2,58,0,0,0,-1,0,133300,14,0,0,0,0,0,0,0,0,0,0,0,0,0,0,0,0,0,0,0,0,0,0,0,0,0,0
19539,4,0,4,2,48,0,0,0,-1,0,133300,14,0,0,0,0,0,0,0,0,0,0,0,0,0,0,0,0,0,0,0,0,0,0,0,0,0,0
19540,4,0,4,2,38,0,0,0,-1,0,133300,14,0,0,0,0,0,0,0,0,0,0,0,0,0,0,0,0,0,0,0,0,0,0,0,0,0,0
19541,4,0,4,2,28,0,0,0,-1,0,133300,14,0,0,0,0,0,0,0,0,0,0,0,0,0,0,0,0,0,0,0,0,0,0,0,0,0,0
19542,2,15,1,13,58,3,0,0,-1,0,135651,8,0,65,0,0,0,0,0,0,0,0,0,0,0,0,0,0,49,0,0,0,0,92,0,0,0,0
19543,2,15,1,13,48,3,0,0,-1,0,135651,8,0,65,0,0,0,0,0,0,0,0,0,0,0,0,0,0,41,0,0,0,0,78,0,0,0,0
19544,2,15,1,13,38,3,0,0,-1,0,135651,8,0,65,0,0,0,0,0,0,0,0,0,0,0,0,0,0,34,0,0,0,0,65,0,0,0,0
19545,2,15,1,13,28,3,0,0,-1,0,135651,8,0,65,0,0,0,0,0,0,0,0,0,0,0,0,0,0,25,0,0,0,0,47,0,0,0,0
19546,2,15,1,13,58,3,0,0,-1,0,135650,8,0,65,0,0,0,0,0,0,0,0,0,0,0,0,0,0,49,0,0,0,0,92,0,0,0,0
19547,2,15,1,13,48,3,0,0,-1,0,135650,8,0,65,0,0,0,0,0,0,0,0,0,0,0,0,0,0,41,0,0,0,0,78,0,0,0,0
19548,2,15,1,13,38,3,0,0,-1,0,135650,8,0,65,0,0,0,0,0,0,0,0,0,0,0,0,0,0,34,0,0,0,0,65,0,0,0,0
19549,2,15,1,13,28,3,0,0,-1,0,135650,8,0,65,0,0,0,0,0,0,0,0,0,0,0,0,0,0,25,0,0,0,0,47,0,0,0,0
19550,2,7,1,13,58,3,0,0,-1,0,135341,8,0,90,0,0,0,0,0,0,0,0,0,0,0,0,0,0,78,0,0,0,0,146,0,0,0,0
19551,2,7,1,13,48,3,0,0,-1,0,135341,8,0,90,0,0,0,0,0,0,0,0,0,0,0,0,0,0,66,0,0,0,0,124,0,0,0,0
19552,2,7,1,13,38,3,0,0,-1,0,135341,8,0,90,0,0,0,0,0,0,0,0,0,0,0,0,0,0,55,0,0,0,0,103,0,0,0,0
19553,2,7,1,13,28,3,0,0,-1,0,135341,8,0,90,0,0,0,0,0,0,0,0,0,0,0,0,0,0,40,0,0,0,0,75,0,0,0,0
19554,2,7,1,13,58,3,0,0,-1,0,135328,8,0,90,0,0,0,0,0,0,0,0,0,0,0,0,0,0,78,0,0,0,0,146,0,0,0,0
19555,2,7,1,13,48,3,0,0,-1,0,135328,8,0,90,0,0,0,0,0,0,0,0,0,0,0,0,0,0,66,0,0,0,0,124,0,0,0,0
19556,2,7,1,13,38,3,0,0,-1,0,135328,8,0,90,0,0,0,0,0,0,0,0,0,0,0,0,0,0,55,0,0,0,0,103,0,0,0,0
19557,2,7,1,13,28,3,0,0,-1,0,135328,8,0,90,0,0,0,0,0,0,0,0,0,0,0,0,0,0,40,0,0,0,0,75,0,0,0,0
19558,2,2,2,15,58,0,0,0,-1,0,135494,12,0,75,2,0,0,0,0,0,0,0,0,0,0,0,0,0,54,0,0,0,0,101,0,0,0,0
19559,2,2,2,15,48,0,0,0,-1,0,135494,12,0,75,2,0,0,0,0,0,0,0,0,0,0,0,0,0,46,0,0,0,0,86,0,0,0,0
19560,2,2,2,15,38,0,0,0,-1,0,135494,12,0,75,2,0,0,0,0,0,0,0,0,0,0,0,0,0,38,0,0,0,0,71,0,0,0,0
19561,2,2,2,15,28,0,0,0,-1,0,135494,12,0,75,2,0,0,0,0,0,0,0,0,0,0,0,0,0,28,0,0,0,0,52,0,0,0,0
19562,2,2,2,15,58,0,0,0,-1,0,135490,12,0,75,2,0,0,0,0,0,0,0,0,0,0,0,0,0,54,0,0,0,0,101,0,0,0,0
19563,2,2,2,15,48,0,0,0,-1,0,135490,12,0,75,2,0,0,0,0,0,0,0,0,0,0,0,0,0,46,0,0,0,0,86,0,0,0,0
19564,2,2,2,15,38,0,0,0,-1,0,135490,12,0,75,2,0,0,0,0,0,0,0,0,0,0,0,0,0,38,0,0,0,0,71,0,0,0,0
19565,2,2,2,15,28,0,0,0,-1,0,135490,12,0,75,2,0,0,0,0,0,0,0,0,0,0,0,0,0,28,0,0,0,0,52,0,0,0,0
19566,2,10,2,17,58,2,0,0,-1,0,135162,13,0,100,0,0,0,0,0,0,0,0,0,0,0,0,0,0,125,0,0,0,0,188,0,0,0,0
19567,2,10,2,17,48,2,0,0,-1,0,135162,13,0,100,0,0,0,0,0,0,0,0,0,0,0,0,0,0,106,0,0,0,0,160,0,0,0,0
19568,2,10,2,17,38,2,0,0,-1,0,135162,13,0,100,0,0,0,0,0,0,0,0,0,0,0,0,0,0,88,0,0,0,0,133,0,0,0,0
19569,2,10,2,17,28,2,0,0,-1,0,135162,13,0,100,0,0,0,0,0,0,0,0,0,0,0,0,0,0,64,0,0,0,0,97,0,0,0,0
19570,2,10,2,17,58,2,0,0,-1,0,135165,13,0,100,0,0,0,0,0,0,0,0,0,0,0,0,0,0,125,0,0,0,0,188,0,0,0,0
19571,2,10,2,17,48,2,0,0,-1,0,135165,13,0,100,0,0,0,0,0,0,0,0,0,0,0,0,0,0,106,0,0,0,0,160,0,0,0,0
19572,2,10,2,17,38,2,0,0,-1,0,135165,13,0,100,0,0,0,0,0,0,0,0,0,0,0,0,0,0,88,0,0,0,0,133,0,0,0,0
19573,2,10,2,17,28,2,0,0,-1,0,135165,13,0,100,0,0,0,0,0,0,0,0,0,0,0,0,0,0,64,0,0,0,0,97,0,0,0,0
19574,4,0,4,2,0,0,0,0,-1,0,133310,24,0,0,0,0,0,0,0,0,0,0,0,0,0,0,0,0,0,0,0,0,0,0,0,0,0,0
19575,4,0,4,2,0,0,0,0,-1,0,133311,24,0,0,0,0,0,0,0,0,0,0,0,0,0,0,0,0,0,0,0,0,0,0,0,0,0,0
19576,4,0,4,2,0,0,0,0,-1,0,133312,24,0,0,0,0,0,0,0,0,0,0,0,0,0,0,0,0,0,0,0,0,0,0,0,0,0,0
19577,4,0,0,2,0,0,0,0,-1,0,133313,24,0,0,0,0,0,0,0,0,0,0,0,0,0,0,0,0,0,0,0,0,0,0,0,0,0,0
19578,4,4,6,9,60,0,0,0,-1,0,132605,11,0,55,0,0,0,0,0,0,0,323,0,0,0,0,0,0,0,0,0,0,0,0,0,0,0,0
19580,4,4,6,9,50,0,0,0,-1,0,132605,11,0,55,0,0,0,0,0,0,0,275,0,0,0,0,0,0,0,0,0,0,0,0,0,0,0,0
19581,4,4,6,9,40,0,0,0,-1,0,132605,11,0,55,0,0,0,0,0,0,0,229,0,0,0,0,0,0,0,0,0,0,0,0,0,0,0,0
19582,4,3,5,9,60,0,0,0,-1,0,132602,10,0,50,0,0,0,0,0,0,0,182,0,0,0,0,0,0,0,0,0,0,0,0,0,0,0,0
19583,4,3,5,9,50,0,0,0,-1,0,132602,10,0,50,0,0,0,0,0,0,0,156,0,0,0,0,0,0,0,0,0,0,0,0,0,0,0,0
19584,4,3,5,9,40,0,0,0,-1,0,132602,10,0,50,0,0,0,0,0,0,0,130,0,0,0,0,0,0,0,0,0,0,0,0,0,0,0,0
19587,4,2,8,9,60,0,0,0,-1,0,132611,7,0,40,0,0,0,0,0,0,0,86,0,0,0,0,0,0,0,0,0,0,0,0,0,0,0,0
19588,4,0,4,2,0,0,0,0,-1,0,133313,24,0,0,0,0,0,0,0,0,0,0,0,0,0,0,0,0,0,0,0,0,0,0,0,0,0,0
19589,4,2,8,9,50,0,0,0,-1,0,132611,7,0,40,0,0,0,0,0,0,0,75,0,0,0,0,0,0,0,0,0,0,0,0,0,0,0,0
19590,4,2,8,9,40,0,0,0,-1,0,132611,7,0,40,0,0,0,0,0,0,0,64,0,0,0,0,0,0,0,0,0,0,0,0,0,0,0,0
19592,4,0,0,2,0,0,0,0,-1,0,133311,24,0,0,0,0,0,0,0,0,0,0,0,0,0,0,0,0,0,0,0,0,0,0,0,0,0,0
19593,4,0,0,2,0,0,0,0,-1,0,133312,24,0,0,0,0,0,0,0,0,0,0,0,0,0,0,0,0,0,0,0,0,0,0,0,0,0,0
19598,4,0,0,2,0,0,0,0,-1,0,133310,24,0,0,0,0,0,0,0,0,0,0,0,0,0,0,0,0,0,0,0,0,0,0,0,0,0,0
19685,4,2,8,5,60,0,0,0,-1,0,132718,7,0,100,0,0,0,0,0,0,0,181,0,0,0,0,0,0,0,0,0,0,0,0,0,0,0,0
19686,4,2,8,10,60,0,0,0,-1,0,132965,7,0,35,0,0,0,0,0,0,0,113,0,0,0,0,0,0,0,0,0,0,0,0,0,0,0,0
19687,4,2,8,9,60,0,0,0,-1,0,132606,7,0,35,0,0,0,0,0,0,0,79,0,0,0,0,0,0,0,0,0,0,0,0,0,0,0,0
19688,4,2,8,5,60,0,0,0,-1,0,132722,7,0,100,0,0,0,0,0,0,0,181,0,0,0,0,0,0,0,0,0,0,0,0,0,0,0,0
19689,4,2,8,3,60,0,0,0,-1,0,135054,7,0,60,0,0,0,0,0,0,0,136,0,0,0,0,0,0,0,0,0,0,0,0,0,0,0,0
19690,4,3,5,5,60,0,0,0,-1,0,132636,10,0,120,0,0,0,0,0,0,0,381,0,0,0,0,0,0,0,0,0,0,0,0,0,0,0,0
19691,4,3,5,3,60,0,0,0,-1,0,135046,10,0,70,0,0,0,0,0,0,0,286,0,0,0,0,0,0,0,0,0,0,0,0,0,0,0,0
19692,4,3,5,10,60,0,0,0,-1,0,132965,10,0,40,0,0,0,0,0,0,0,238,0,0,0,0,0,0,0,0,0,0,0,0,0,0,0,0
19693,4,4,6,5,60,0,0,0,-1,0,132743,11,0,135,0,0,0,0,0,0,0,676,0,0,0,0,0,0,0,0,0,0,0,0,0,0,0,0
19694,4,4,6,7,60,0,0,0,-1,0,134697,11,0,100,0,0,0,0,0,0,0,592,0,0,0,0,0,0,0,0,0,0,0,0,0,0,0,0
19695,4,4,6,3,60,0,0,0,-1,0,135032,11,0,80,0,0,0,0,0,0,0,507,0,0,0,0,0,0,0,0,0,0,0,0,0,0,0,0
19808,2,4,2,13,40,3,0,0,-1,0,133913,8,0,75,0,0,0,0,0,0,0,0,0,0,0,0,0,0,46,0,0,0,0,87,0,0,0,0
19812,4,0,0,12,0,0,0,0,-1,0,134419,24,0,0,0,0,0,0,0,0,0,0,0,0,0,0,0,0,0,0,0,0,0,0,0,0,0,0
19822,4,4,6,5,0,0,0,0,-1,0,132742,9,0,165,0,0,0,0,0,0,0,738,0,0,0,0,0,0,0,0,0,0,0,0,0,0,0,0
19823,4,4,6,6,0,0,0,0,-1,0,132521,9,0,55,0,0,0,0,0,0,0,391,0,0,0,0,0,0,0,0,0,0,0,0,0,0,0,0
19824,4,4,6,9,0,0,0,0,-1,0,132613,9,0,55,0,0,0,0,0,0,0,304,0,0,0,0,0,0,0,0,0,0,0,0,0,0,0,0
19828,4,3,5,5,0,0,0,0,-1,0,132715,11,0,140,0,0,0,0,0,0,0,416,0,0,0,0,0,0,0,0,0,0,0,0,0,0,0,0
19829,4,3,5,6,0,0,0,0,-1,0,132508,11,0,50,0,0,0,0,0,0,0,221,0,0,0,0,0,0,0,0,0,0,0,0,0,0,0,0
19830,4,3,5,9,0,0,0,0,-1,0,132614,10,0,50,0,0,0,0,0,0,0,172,0,0,0,0,0,0,0,0,0,0,0,0,0,0,0,0
19831,4,3,5,3,0,0,0,0,-1,0,135053,11,0,85,0,0,0,0,0,0,0,326,0,0,0,0,0,0,0,0,0,0,0,0,0,0,0,0
19832,4,3,5,6,0,0,0,0,-1,0,132508,10,0,50,0,0,0,0,0,0,0,221,0,0,0,0,0,0,0,0,0,0,0,0,0,0,0,0
19833,4,3,5,9,0,0,0,0,-1,0,132617,10,0,50,0,0,0,0,0,0,0,172,0,0,0,0,0,0,0,0,0,0,0,0,0,0,0,0
19834,4,2,8,5,0,0,0,0,-1,0,132725,7,0,120,0,0,0,0,0,0,0,197,0,0,0,0,0,0,0,0,0,0,0,0,0,0,0,0
19835,4,2,8,3,0,0,0,0,-1,0,135060,7,0,70,0,0,0,0,0,0,0,140,0,0,0,0,0,0,0,0,0,0,0,0,0,0,0,0
19836,4,2,8,9,0,0,0,0,-1,0,132613,7,0,40,0,0,0,0,0,0,0,82,0,0,0,0,0,0,0,0,0,0,0,0,0,0,0,0
19838,4,2,8,5,0,0,0,0,-1,0,132721,7,0,120,0,0,0,0,0,0,0,197,0,0,0,0,0,0,0,0,0,0,0,0,0,0,0,0
19839,4,2,8,6,0,0,0,0,-1,0,132490,7,0,40,0,0,0,0,0,0,0,105,0,0,0,0,0,0,0,0,0,0,0,0,0,0,0,0
19840,4,2,8,9,0,0,0,0,-1,0,132607,7,0,40,0,0,0,0,0,0,0,82,0,0,0,0,0,0,0,0,0,0,0,0,0,0,0,0
19852,2,0,1,13,60,3,0,0,-1,0,132428,9,0,105,0,0,0,0,0,0,0,0,0,0,0,0,0,0,69,0,0,0,0,130,0,0,0,0
19853,2,3,1,26,60,0,0,0,-1,0,135619,8,0,90,3,0,0,0,0,0,0,0,0,0,0,0,0,0,76,0,0,0,0,142,0,0,0,0
19854,2,8,1,17,60,1,0,0,-1,0,135365,9,0,120,0,0,0,0,0,0,0,0,0,0,0,0,0,0,196,0,0,0,0,295,0,0,0,0
19855,4,4,6,7,60,0,0,0,-1,0,134697,9,0,120,0,0,0,0,0,0,0,674,0,0,0,0,0,0,0,0,0,0,0,0,0,0,0,0
19856,4,0,3,2,60,0,0,0,-1,0,133309,24,0,0,0,0,0,0,0,0,0,0,0,0,0,0,0,0,0,0,0,0,0,0,0,0,0,0
19857,4,1,7,16,60,0,0,0,-1,0,133774,7,0,0,0,0,0,0,0,0,0,52,0,0,0,0,0,0,0,0,0,0,0,0,0,0,0,0
19859,2,15,1,13,60,3,0,0,-1,0,135666,8,0,75,0,0,0,0,0,0,0,0,0,0,0,0,0,0,66,0,0,0,0,123,0,0,0,0
19861,2,19,2,26,60,0,0,0,-1,0,135471,12,0,75,0,0,5,0,0,0,0,0,0,0,0,0,0,0,86,0,0,0,0,160,0,0,0,0
19862,4,6,6,14,60,4,0,0,-1,0,134958,9,0,120,0,0,0,0,0,0,0,2575,0,0,0,0,0,0,0,0,0,0,0,0,0,0,0,0
19863,4,0,3,11,60,0,0,0,-1,0,133389,24,0,0,0,0,0,0,0,0,0,0,0,0,0,0,0,0,0,0,0,0,0,0,0,0,0,0
19864,2,7,1,21,60,3,0,0,-1,0,135316,8,0,105,0,0,0,0,0,0,0,0,0,0,0,0,0,0,69,0,0,0,0,130,0,0,0,0
19865,2,7,1,21,60,1,0,0,-1,0,135365,8,0,105,0,0,0,0,0,0,0,0,0,0,0,0,0,0,59,0,0,0,0,110,0,0,0,0
19866,2,7,1,22,60,1,0,0,-1,0,135365,8,0,105,0,0,0,0,0,0,0,0,0,0,0,0,0,0,57,0,0,0,0,106,0,0,0,0
19867,2,7,1,21,60,3,0,0,-1,0,135364,8,0,105,0,0,0,0,0,0,0,80,0,0,0,0,0,0,64,0,0,0,0,119,0,0,0,0
19869,4,2,8,10,60,0,0,0,-1,0,132960,7,0,35,0,0,0,0,0,0,0,122,0,0,0,0,0,0,0,0,0,0,0,0,0,0,0,0
19870,4,1,7,16,60,0,0,0,-1,0,133770,7,0,0,0,0,0,0,0,0,0,50,0,0,0,0,0,0,0,0,0,0,0,0,0,0,0,0
19871,4,0,3,2,60,0,0,0,-1,0,133308,24,0,0,0,0,0,0,0,0,0,0,0,0,0,0,0,0,0,0,0,0,0,0,0,0,0,0
19873,4,0,3,11,60,0,0,0,-1,0,133381,24,0,0,0,0,0,0,0,0,0,0,0,0,0,0,0,0,0,0,0,0,0,0,0,0,0,0
19874,2,6,1,17,60,1,0,0,-1,0,135582,9,0,120,0,0,0,0,0,0,0,0,0,0,0,0,0,0,175,0,0,0,0,263,0,0,0,0
19875,4,3,5,1,60,0,0,0,-1,0,133141,10,0,70,0,0,0,0,0,0,0,337,0,0,0,0,0,0,0,0,0,0,0,0,0,0,0,0
19876,4,0,3,2,60,0,0,0,-1,0,133306,24,0,0,0,0,0,0,0,0,0,0,0,0,0,0,0,0,0,0,0,0,0,0,0,0,0,0
19877,4,2,8,7,60,0,0,0,-1,0,134666,7,0,75,0,0,0,0,0,0,0,170,0,0,0,0,0,0,0,0,0,0,0,0,0,0,0,0
19878,4,4,6,3,60,0,0,0,-1,0,135032,8,0,80,0,0,0,0,0,0,0,552,0,0,0,0,0,0,0,0,0,0,0,0,0,0,0,0
19884,2,10,2,17,60,2,0,0,-1,0,135170,13,0,120,0,0,0,0,0,0,0,0,0,0,0,0,0,0,165,0,0,0,0,248,0,0,0,0
19885,4,0,3,2,60,0,0,0,-1,0,133387,24,0,0,0,0,0,0,0,0,0,0,0,0,0,0,0,0,0,0,0,0,0,0,0,0,0,0
19887,4,3,5,7,60,0,0,0,-1,0,134661,11,0,90,0,0,0,0,0,0,0,363,0,0,0,0,0,0,0,0,0,0,0,0,0,0,0,0
19888,4,1,7,16,60,0,0,0,-1,0,133773,11,0,0,0,0,0,0,0,0,0,50,0,0,0,0,0,0,0,0,0,0,0,0,0,0,0,0
19889,4,2,8,7,60,0,0,0,-1,0,134634,7,0,75,0,0,0,0,0,0,0,170,0,0,0,0,0,0,0,0,0,0,0,0,0,0,0,0
19890,2,4,1,21,60,3,0,0,-1,0,133492,12,0,105,0,0,0,0,0,0,0,0,0,0,0,0,0,0,80,0,0,0,0,150,0,0,0,0
19891,4,0,7,23,60,7,0,0,-1,0,133640,18,0,0,0,0,0,0,0,0,0,0,0,0,0,0,0,0,0,0,0,0,0,0,0,0,0,0
19892,4,2,8,8,60,0,0,0,-1,0,132556,7,0,50,0,0,0,0,0,0,0,134,0,0,0,0,0,0,0,0,0,0,0,0,0,0,0,0
19893,4,0,3,11,60,0,0,0,-1,0,133388,24,0,0,0,0,0,0,0,0,0,0,0,0,0,0,0,0,0,0,0,0,0,0,0,0,0,0
19894,4,4,6,10,60,0,0,0,-1,0,132948,8,0,45,0,0,0,0,0,0,0,460,0,0,0,0,0,0,0,0,0,0,0,0,0,0,0,0
19896,2,13,1,21,60,7,0,0,-1,0,135592,8,0,75,0,0,0,0,0,0,0,0,0,0,0,0,0,0,72,0,0,0,0,135,0,0,0,0
19898,4,0,3,11,60,0,0,0,-1,0,133386,24,0,0,0,0,0,0,0,0,0,0,0,0,0,0,0,0,0,0,0,0,0,0,0,0,0,0
19900,2,1,1,17,60,1,0,0,-1,0,132427,9,0,100,0,0,0,0,0,0,0,0,0,0,0,0,0,0,131,0,0,0,0,197,0,0,0,0
19901,2,7,1,13,60,3,0,0,-1,0,135345,8,0,90,0,0,0,0,0,0,0,0,0,0,0,0,0,0,78,0,0,0,0,146,0,0,0,0
19903,2,15,1,21,60,3,0,0,-1,0,135667,8,0,75,0,0,0,0,0,0,0,0,0,0,0,0,0,0,43,0,0,0,0,80,0,0,0,0
19904,4,3,5,5,60,0,0,0,-1,0,132743,11,0,140,0,0,0,0,0,0,0,416,0,0,0,0,0,0,0,0,0,0,0,0,0,0,0,0
19906,4,2,8,8,60,0,0,0,-1,0,132547,7,0,50,0,0,0,0,0,0,0,129,0,0,0,0,0,0,0,0,0,0,0,0,0,0,0,0
19907,4,1,7,16,60,0,0,0,-1,0,133762,7,0,0,0,0,0,0,0,0,0,48,0,0,0,0,0,0,0,0,0,0,0,0,0,0,0,0
19908,2,4,1,13,60,3,0,0,-1,0,133483,8,0,90,0,0,0,0,0,0,0,0,0,0,0,0,0,0,77,0,0,0,0,145,0,0,0,0
19909,2,10,2,17,60,2,0,0,-1,0,135172,13,0,120,0,0,0,0,0,0,0,0,0,0,0,0,0,0,147,0,0,0,0,222,0,0,0,0
19910,2,13,1,22,60,7,0,0,-1,0,135592,8,0,75,0,0,0,0,0,0,0,0,0,0,0,0,0,0,49,0,0,0,0,92,0,0,0,0
19913,4,4,6,8,60,0,0,0,-1,0,132587,8,0,65,0,0,0,0,0,0,0,486,0,0,0,0,0,0,0,0,0,0,0,0,0,0,0,0
19915,4,6,6,14,60,4,0,0,-1,0,134968,9,0,100,0,0,0,0,0,0,0,2312,0,0,0,0,0,0,0,0,0,0,0,0,0,0,0,0
19918,2,5,1,17,60,1,0,0,-1,0,133494,9,0,120,0,0,0,0,0,0,0,0,0,0,0,0,0,0,177,0,0,0,0,266,0,0,0,0
19919,4,3,5,8,60,0,0,0,-1,0,132547,10,0,60,0,0,0,0,0,0,0,274,0,0,0,0,0,0,0,0,0,0,0,0,0,0,0,0
19921,2,0,1,13,60,3,4990,0,-1,0,132399,8,0,90,0,0,0,0,0,0,0,0,0,0,0,0,0,0,71,0,0,0,0,134,0,0,0,0
19922,4,0,3,23,60,7,0,0,-1,0,133728,24,0,0,0,0,0,0,0,0,0,0,0,0,0,0,0,0,0,0,0,0,0,0,0,0,0,0
19923,4,0,3,2,60,0,0,0,-1,0,133290,24,0,0,0,0,0,0,0,0,0,0,0,0,0,0,0,0,0,0,0,0,0,0,0,0,0,0
19927,2,19,3,26,60,0,0,0,-1,0,135468,24,0,75,0,0,3,0,0,0,0,0,0,0,0,0,0,0,91,0,0,0,0,170,0,0,0,0
19928,4,2,8,3,60,0,0,0,-1,0,135040,7,0,60,0,0,0,0,0,0,0,141,0,0,0,0,0,0,0,0,0,0,0,0,0,0,0,0
19930,4,0,3,12,60,0,0,0,-1,0,135723,24,0,0,0,0,0,0,0,0,0,0,0,0,0,0,0,0,0,0,0,0,0,0,0,0,0,0
19944,2,10,2,17,60,1,0,0,-1,0,132932,13,0,120,0,0,0,0,0,0,0,0,0,0,0,0,0,0,172,0,0,0,0,258,0,0,0,0
19945,4,2,8,1,60,0,0,0,-1,0,133148,7,0,70,0,0,0,0,0,0,0,160,0,0,0,0,0,0,0,0,0,0,0,0,0,0,0,0
19946,2,6,3,17,60,1,0,0,-1,0,135127,9,0,100,0,0,0,0,0,0,0,0,0,0,0,0,0,0,154,0,0,0,0,232,0,0,0,0
19947,4,0,1,12,60,0,0,0,-1,0,133003,24,0,0,0,0,0,0,0,0,0,0,0,0,0,0,0,0,0,0,0,0,0,0,0,0,0,0
19948,4,0,3,12,0,0,0,0,-1,0,133300,24,0,0,0,0,0,0,0,0,0,0,0,0,0,0,0,0,0,0,0,0,0,0,0,0,0,0
19951,4,0,1,12,60,0,0,0,-1,0,133306,24,0,0,0,0,0,0,0,0,0,0,0,0,0,0,0,0,0,0,0,0,0,0,0,0,0,0
19961,2,4,1,13,60,3,0,0,-1,0,133479,8,0,90,0,0,0,0,0,0,0,0,0,0,0,0,0,0,75,0,0,0,0,140,0,0,0,0
19962,2,1,1,17,60,1,0,0,-1,0,132418,9,0,100,0,0,0,0,0,0,0,0,0,0,0,0,0,0,182,0,0,0,0,274,0,0,0,0
19963,2,6,1,17,60,1,0,0,-1,0,135126,9,0,100,0,0,0,0,0,0,0,0,0,0,0,0,0,0,163,0,0,0,0,246,0,0,0,0
19964,2,7,1,21,60,3,0,0,-1,0,135347,8,0,90,0,0,0,0,0,0,0,0,0,0,0,0,0,0,66,0,0,0,0,123,0,0,0,0
19965,2,15,1,21,60,3,0,0,-1,0,135347,8,0,65,0,0,0,0,0,0,0,0,0,0,0,0,0,0,50,0,0,0,0,94,0,0,0,0
19967,2,19,3,26,60,0,0,0,-1,0,135467,21,0,65,0,0,5,0,0,0,0,0,0,0,0,0,0,0,90,0,0,0,0,168,0,0,0,0
19968,2,7,1,21,60,3,0,0,-1,0,135271,8,0,90,0,0,0,0,0,0,0,60,0,0,0,0,0,0,56,0,0,0,0,105,0,0,0,0
19979,4,0,0,12,0,0,0,0,-1,0,136245,14,0,0,0,0,0,0,0,0,0,0,0,0,0,0,0,0,0,0,0,0,0,0,0,0,0,0
19982,4,1,7,16,0,0,0,0,-1,0,133772,0,0,0,0,0,0,0,0,0,0,37,0,0,0,0,0,0,0,0,0,0,0,0,0,0,0,0
19984,4,2,0,1,0,0,0,0,-1,0,133132,0,0,60,0,0,0,0,0,0,0,122,0,0,0,0,0,0,0,0,0,0,0,0,0,0,0,0
19990,4,0,0,12,0,0,0,0,-1,0,133298,14,0,0,0,0,0,0,0,0,0,0,0,0,0,0,0,0,0,0,0,0,0,0,0,0,0,0
19991,4,0,0,12,0,0,0,0,-1,0,133884,15,0,0,0,0,0,0,0,0,0,0,0,0,0,0,0,0,0,0,0,0,0,0,0,0,0,0
19992,4,0,0,12,0,0,0,0,-1,0,133724,12,0,0,0,0,0,0,0,0,0,0,0,0,0,0,0,0,0,0,0,0,0,0,0,0,0,0
19993,2,2,2,15,60,0,0,0,-1,0,135462,13,0,75,2,0,0,0,0,0,0,0,0,0,0,0,0,0,68,0,0,0,0,128,0,0,0,0
19998,4,2,7,1,60,0,0,0,-1,0,133146,7,0,60,0,0,0,0,0,0,0,147,0,0,0,0,0,0,0,0,0,0,0,0,0,0,0,0
20006,4,0,0,11,0,0,0,0,-1,0,133374,24,0,0,0,0,0,0,0,0,0,0,0,0,0,0,6,0,0,0,0,0,0,0,0,0,0,0
20035,2,15,0,13,0,3,0,0,-1,0,135642,8,0,65,0,0,0,0,0,0,0,0,0,0,0,0,0,0,31,0,0,0,0,59,0,0,0,0
20036,4,0,4,12,0,0,0,0,-1,0,134085,24,0,0,0,0,0,0,0,0,0,0,0,0,0,0,0,0,0,0,0,0,0,0,0,0,0,0
20037,4,0,0,2,0,0,0,0,-1,0,134135,24,0,0,0,0,0,0,0,0,0,0,0,0,0,0,0,0,0,0,0,0,0,0,0,0,0,0
20038,2,2,2,15,60,0,0,0,-1,0,135461,12,0,90,2,0,0,0,0,0,0,0,0,0,0,0,0,0,68,0,0,0,0,127,0,0,0,0
20039,4,4,8,8,60,0,866,0,-1,0,132551,7,0,75,0,0,0,0,0,0,0,544,0,28,0,0,0,0,0,0,0,0,0,0,0,0,0,0
20041,4,4,6,6,58,0,0,0,-1,0,132503,11,0,45,0,0,0,0,0,0,0,369,0,0,0,0,0,0,0,0,0,0,0,0,0,0,0,0
20043,4,3,5,6,58,0,0,0,-1,0,132509,10,0,40,0,0,0,0,0,0,0,208,0,0,0,0,0,0,0,0,0,0,0,0,0,0,0,0
20045,4,2,8,6,58,0,0,0,-1,0,132506,7,0,35,0,0,0,0,0,0,0,99,0,0,0,0,0,0,0,0,0,0,0,0,0,0,0,0
20048,4,4,6,8,58,0,0,0,-1,0,132585,11,0,65,0,0,0,0,0,0,0,452,0,0,0,0,0,0,0,0,0,0,0,0,0,0,0,0
20050,4,3,5,8,58,0,0,0,-1,0,132545,10,0,60,0,0,0,0,0,0,0,255,0,0,0,0,0,0,0,0,0,0,0,0,0,0,0,0
20052,4,2,8,8,58,0,0,0,-1,0,132562,7,0,50,0,0,0,0,0,0,0,121,0,0,0,0,0,0,0,0,0,0,0,0,0,0,0,0
20053,4,2,8,8,58,0,0,0,-1,0,132561,7,0,50,0,0,0,0,0,0,0,121,0,0,0,0,0,0,0,0,0,0,0,0,0,0,0,0
20055,4,3,6,3,60,0,0,0,-1,0,135032,10,0,85,0,0,0,0,0,0,0,312,0,0,0,0,0,0,0,0,0,0,0,0,0,0,0,0
20056,4,3,6,3,60,0,0,0,-1,0,135050,10,0,85,0,0,0,0,0,0,0,312,0,0,0,0,0,0,0,0,0,0,0,0,0,0,0,0
20057,4,4,5,3,60,0,0,0,-1,0,135032,11,0,100,0,0,0,0,0,0,0,553,0,0,0,0,0,0,0,0,0,0,0,0,0,0,0,0
20059,4,2,8,3,60,0,0,0,-1,0,135055,7,0,70,0,0,0,0,0,0,0,148,0,0,0,0,0,0,0,0,0,0,0,0,0,0,0,0
20068,4,1,7,16,60,0,0,0,-1,0,133754,7,0,0,0,0,0,0,0,0,0,50,0,0,0,0,0,0,0,0,0,0,0,0,0,0,0,0
20069,2,10,2,17,60,2,0,0,-1,0,135466,13,0,120,0,0,0,0,0,0,0,100,0,0,0,0,0,0,156,0,0,0,0,262,0,0,0,0
20070,2,15,1,21,60,3,0,0,-1,0,135311,8,0,75,0,0,0,0,0,0,0,40,0,0,0,0,0,0,56,0,0,0,0,105,0,0,0,0
20071,4,0,4,12,58,0,0,0,-1,0,133438,14,0,0,0,0,0,0,0,0,0,0,0,0,0,0,0,0,0,0,0,0,0,0,0,0,0,0
20082,2,19,0,26,0,0,0,0,-1,0,135471,21,0,65,0,0,5,0,0,0,0,0,0,0,0,0,0,0,68,0,0,0,0,127,0,0,0,0
20083,2,6,0,17,0,1,0,0,-1,0,135125,8,0,100,0,0,0,0,0,0,0,0,0,0,0,0,0,0,111,0,0,0,0,168,0,0,0,0
20086,2,16,1,25,0,0,0,0,-1,0,135427,8,0,0,4,0,0,5,0,0,0,0,0,0,0,0,0,0,35,1,0,0,0,65,7,0,0,0
20088,4,3,5,6,48,0,0,0,-1,0,132509,10,0,40,0,0,0,0,0,0,0,178,0,0,0,0,0,0,0,0,0,0,0,0,0,0,0,0
20089,4,3,5,6,40,0,0,0,-1,0,132509,10,0,40,0,0,0,0,0,0,0,149,0,0,0,0,0,0,0,0,0,0,0,0,0,0,0,0
20090,4,2,5,6,28,0,0,0,-1,0,132509,7,0,35,0,0,0,0,0,0,0,61,0,0,0,0,0,0,0,0,0,0,0,0,0,0,0,0
20091,4,3,5,8,48,0,0,0,-1,0,132545,10,0,60,0,0,0,0,0,0,0,218,0,0,0,0,0,0,0,0,0,0,0,0,0,0,0,0
20092,4,3,5,8,40,0,0,0,-1,0,132545,10,0,60,0,0,0,0,0,0,0,183,0,0,0,0,0,0,0,0,0,0,0,0,0,0,0,0
20093,4,2,5,8,28,0,0,0,-1,0,132545,7,0,50,0,0,0,0,0,0,0,74,0,0,0,0,0,0,0,0,0,0,0,0,0,0,0,0
20100,4,2,8,8,48,0,0,0,-1,0,132561,7,0,50,0,0,0,0,0,0,0,105,0,0,0,0,0,0,0,0,0,0,0,0,0,0,0,0
20101,4,2,8,8,38,0,0,0,-1,0,132561,7,0,50,0,0,0,0,0,0,0,89,0,0,0,0,0,0,0,0,0,0,0,0,0,0,0,0
20102,4,2,8,8,28,0,0,0,-1,0,132561,7,0,50,0,0,0,0,0,0,0,74,0,0,0,0,0,0,0,0,0,0,0,0,0,0,0,0
20103,4,2,8,6,48,0,0,0,-1,0,132506,7,0,35,0,0,0,0,0,0,0,86,0,0,0,0,0,0,0,0,0,0,0,0,0,0,0,0
20104,4,2,8,6,38,0,0,0,-1,0,132506,7,0,35,0,0,0,0,0,0,0,73,0,0,0,0,0,0,0,0,0,0,0,0,0,0,0,0
20105,4,2,8,6,28,0,0,0,-1,0,132506,7,0,35,0,0,0,0,0,0,0,61,0,0,0,0,0,0,0,0,0,0,0,0,0,0,0,0
20106,4,4,6,6,48,0,0,0,-1,0,132503,11,0,45,0,0,0,0,0,0,0,313,0,0,0,0,0,0,0,0,0,0,0,0,0,0,0,0
20107,4,4,6,6,40,0,0,0,-1,0,132503,11,0,45,0,0,0,0,0,0,0,236,0,0,0,0,0,0,0,0,0,0,0,0,0,0,0,0
20108,4,3,6,6,28,0,0,0,-1,0,132503,11,0,40,0,0,0,0,0,0,0,128,0,0,0,0,0,0,0,0,0,0,0,0,0,0,0,0
20109,4,4,6,8,48,0,0,0,-1,0,132585,11,0,65,0,0,0,0,0,0,0,383,0,0,0,0,0,0,0,0,0,0,0,0,0,0,0,0
20110,4,4,6,8,40,0,0,0,-1,0,132585,11,0,65,0,0,0,0,0,0,0,289,0,0,0,0,0,0,0,0,0,0,0,0,0,0,0,0
20111,4,3,6,8,28,0,0,0,-1,0,132585,11,0,60,0,0,0,0,0,0,0,157,0,0,0,0,0,0,0,0,0,0,0,0,0,0,0,0
20112,4,2,8,8,48,0,0,0,-1,0,132562,7,0,50,0,0,0,0,0,0,0,105,0,0,0,0,0,0,0,0,0,0,0,0,0,0,0,0
20113,4,2,8,8,38,0,0,0,-1,0,132562,7,0,50,0,0,0,0,0,0,0,89,0,0,0,0,0,0,0,0,0,0,0,0,0,0,0,0
20114,4,2,8,8,28,0,0,0,-1,0,132562,7,0,50,0,0,0,0,0,0,0,74,0,0,0,0,0,0,0,0,0,0,0,0,0,0,0,0
20126,4,3,6,6,28,0,0,0,-1,0,132503,10,0,40,0,0,0,0,0,0,0,128,0,0,0,0,0,0,0,0,0,0,0,0,0,0,0,0
20129,4,3,6,8,28,0,0,0,-1,0,132585,10,0,60,0,0,0,0,0,0,0,157,0,0,0,0,0,0,0,0,0,0,0,0,0,0,0,0
20130,4,0,3,12,0,0,0,0,-1,0,132788,17,0,0,0,0,0,0,0,0,0,0,0,0,0,0,0,0,0,0,0,0,0,0,0,0,0,0
20134,4,3,5,1,0,0,0,0,-1,0,133159,10,0,85,0,0,0,0,0,0,0,324,0,0,0,0,0,0,0,0,0,0,0,0,0,0,0,0
20157,4,2,8,8,28,0,0,0,-1,0,132545,7,0,50,0,0,0,0,0,0,0,74,0,0,0,0,0,0,0,0,0,0,0,0,0,0,0,0
20184,4,4,5,3,60,0,0,0,-1,0,135032,10,0,100,0,0,0,0,0,0,0,553,0,0,0,0,0,0,0,0,0,0,0,0,0,0,0,0
20213,4,4,6,6,0,0,0,0,-1,0,132502,11,0,45,0,0,0,0,0,0,0,408,0,0,0,0,0,0,0,0,0,0,0,0,0,0,0,0
20215,4,3,5,6,0,0,0,0,-1,0,132501,10,0,40,0,0,0,0,0,0,0,230,0,0,0,0,0,0,0,0,0,0,0,0,0,0,0,0
20216,4,2,8,6,0,0,0,0,-1,0,132503,7,0,35,0,0,0,0,0,0,0,108,0,0,0,0,0,0,0,0,0,0,0,0,0,0,0,0
20218,4,1,7,16,0,0,0,0,-1,0,133765,7,0,0,0,0,0,0,0,0,0,42,0,0,0,0,0,0,0,0,0,0,0,0,0,0,0,0
20219,4,1,7,16,0,0,0,0,-1,0,133766,7,0,0,0,0,0,0,0,0,0,42,0,0,0,0,0,0,0,0,0,0,0,0,0,0,0,0
20255,4,2,8,8,0,0,0,0,-1,0,132562,7,0,50,0,0,0,0,0,0,0,104,0,0,0,0,0,0,0,0,0,0,0,0,0,0,0,0
20257,4,3,5,10,60,0,0,0,-1,0,132964,10,0,50,0,0,0,0,0,0,0,271,0,0,0,0,0,0,0,0,0,0,0,0,0,0,0,0
20258,2,10,2,17,60,2,0,0,-1,0,135171,13,0,100,0,0,0,0,0,0,0,0,0,0,0,0,0,0,115,0,0,0,0,174,0,0,0,0
20259,4,2,8,10,60,0,0,0,-1,0,132959,7,0,35,0,0,0,0,0,0,0,113,0,0,0,0,0,0,0,0,0,0,0,0,0,0,0,0
20260,4,3,5,7,60,0,0,0,-1,0,134658,11,0,90,0,0,0,0,0,0,0,348,0,0,0,0,0,0,0,0,0,0,0,0,0,0,0,0
20261,4,2,8,6,60,0,0,0,-1,0,132515,7,0,35,0,0,0,0,0,0,0,102,0,0,0,0,0,0,0,0,0,0,0,0,0,0,0,0
20262,4,3,5,8,60,0,0,0,-1,0,132554,11,0,60,0,0,0,0,0,0,0,274,0,0,0,0,0,0,0,0,0,0,0,0,0,0,0,0
20263,4,4,6,1,60,0,0,0,-1,0,133127,11,0,80,0,0,0,0,0,0,0,549,0,0,0,0,0,0,0,0,0,0,0,0,0,0,0,0
20264,4,4,5,10,60,0,0,0,-1,0,132944,10,0,55,0,0,0,0,0,0,0,482,0,0,0,0,0,0,0,0,0,0,0,0,0,0,0,0
20265,4,4,5,8,60,0,0,0,-1,0,132584,11,0,65,0,0,0,0,0,0,0,486,0,0,0,0,0,0,0,0,0,0,0,0,0,0,0,0
20266,4,4,5,7,60,0,0,0,-1,0,134680,11,0,100,0,0,0,0,0,0,0,618,0,0,0,0,0,0,0,0,0,0,0,0,0,0,0,0
20295,4,3,5,7,55,0,0,0,-1,0,134667,10,0,90,0,0,0,0,0,0,0,310,0,0,0,0,0,12,0,0,0,0,0,0,0,0,0,0
20296,4,3,5,10,51,0,0,0,-1,0,132946,10,0,40,0,0,0,0,0,0,0,208,0,0,9,0,0,0,0,0,0,0,0,0,0,0,0,0
20369,4,3,6,10,0,0,0,0,-1,0,132964,11,0,40,0,0,0,0,0,0,0,195,0,0,0,0,0,0,0,0,0,0,0,0,0,0,0,0
20380,4,3,5,5,60,0,0,0,-1,0,132743,11,0,140,0,0,0,0,0,0,0,434,0,0,30,0,0,0,0,0,0,0,0,0,0,0,0,0
20425,2,10,2,17,18,2,0,0,-1,0,135162,13,0,80,0,0,0,0,0,0,0,0,0,0,0,0,0,0,45,0,0,0,0,69,0,0,0,0
20426,4,0,4,11,18,0,0,0,-1,0,133362,14,0,0,0,0,0,0,0,0,0,0,0,0,0,0,0,0,0,0,0,0,0,0,0,0,0,0
20427,4,1,7,16,18,0,0,0,-1,0,133770,7,0,0,0,0,0,0,0,0,0,20,0,0,0,0,0,0,0,0,0,0,0,0,0,0,0,0
20428,4,1,7,16,18,0,0,0,-1,0,133765,7,0,0,0,0,0,0,0,0,0,20,0,0,0,0,0,0,0,0,0,0,0,0,0,0,0,0
20429,4,0,4,11,18,0,0,0,-1,0,133363,14,0,0,0,0,0,0,0,0,0,0,0,0,0,0,0,0,0,0,0,0,0,0,0,0,0,0
20430,2,7,1,13,18,3,0,0,-1,0,135341,8,0,75,0,0,0,0,0,0,0,0,0,0,0,0,0,0,28,0,0,0,0,53,0,0,0,0
20431,4,0,4,11,18,0,0,0,-1,0,133370,14,0,0,0,0,0,0,0,0,0,0,0,0,0,0,0,0,0,0,0,0,0,0,0,0,0,0
20434,2,10,2,17,18,2,0,0,-1,0,135165,13,0,80,0,0,0,0,0,0,0,0,0,0,0,0,0,0,45,0,0,0,0,69,0,0,0,0
20437,2,2,2,15,18,0,0,0,-1,0,135494,12,0,65,2,0,0,0,0,0,0,0,0,0,0,0,0,0,19,0,0,0,0,37,0,0,0,0
20438,2,2,2,15,18,0,0,0,-1,0,135490,12,0,65,2,0,0,0,0,0,0,0,0,0,0,0,0,0,19,0,0,0,0,37,0,0,0,0
20439,4,0,4,11,18,0,0,0,-1,0,133352,14,0,0,0,0,0,0,0,0,0,0,0,0,0,0,0,0,0,0,0,0,0,0,0,0,0,0
20440,2,7,1,13,18,3,0,0,-1,0,135328,8,0,75,0,0,0,0,0,0,0,0,0,0,0,0,0,0,28,0,0,0,0,53,0,0,0,0
20441,2,15,1,13,18,3,0,0,-1,0,135651,8,0,50,0,0,0,0,0,0,0,0,0,0,0,0,0,0,18,0,0,0,0,34,0,0,0,0
20442,4,0,4,2,18,0,0,0,-1,0,133301,14,0,0,0,0,0,0,0,0,0,0,0,0,0,0,0,0,0,0,0,0,0,0,0,0,0,0
20443,2,15,1,13,18,3,0,0,-1,0,135650,8,0,50,0,0,0,0,0,0,0,0,0,0,0,0,0,0,18,0,0,0,0,34,0,0,0,0
20444,4,0,4,2,18,0,0,0,-1,0,133300,14,0,0,0,0,0,0,0,0,0,0,0,0,0,0,0,0,0,0,0,0,0,0,0,0,0,0
20476,4,3,5,9,57,0,0,0,-1,0,132611,10,0,40,0,0,0,0,0,0,0,160,0,0,15,0,0,0,0,0,0,0,0,0,0,0,0,0
20477,4,3,5,10,57,0,0,0,-1,0,132945,10,0,40,0,0,0,0,0,0,0,228,0,0,20,0,0,0,0,0,0,0,0,0,0,0,0,0
20478,4,3,5,5,57,0,0,0,-1,0,132742,11,0,120,0,0,0,0,0,0,0,365,0,0,25,0,0,0,0,0,0,0,0,0,0,0,0,0
20479,4,3,5,5,57,0,0,0,-1,0,132717,11,0,120,0,0,0,0,0,0,0,365,0,0,0,0,0,0,0,0,0,0,0,0,0,0,0,0
20480,4,3,5,10,57,0,0,0,-1,0,132945,10,0,40,0,0,0,0,0,0,0,228,0,0,0,0,0,0,0,0,0,0,0,0,0,0,0,0
20503,4,0,0,12,0,0,0,0,-1,0,135463,12,0,0,0,0,0,0,0,0,0,0,0,0,0,0,0,0,0,0,0,0,0,0,0,0,0,0
20504,2,8,1,17,47,1,0,0,-1,0,135349,9,0,100,0,0,0,0,0,0,0,0,0,10,0,10,10,0,118,0,0,0,0,178,0,0,0,0
20505,4,0,5,11,0,0,0,0,-1,0,133385,14,0,0,0,0,0,0,0,0,0,0,0,0,0,0,0,0,0,0,0,0,0,0,0,0,0,0
20512,4,0,0,12,0,0,0,0,-1,0,134123,24,0,0,0,0,0,0,0,0,0,0,0,0,0,0,0,0,0,0,0,0,0,0,0,0,0,0
20517,4,4,6,3,0,0,0,0,-1,0,135047,11,0,80,0,0,0,0,0,0,0,410,0,0,0,0,0,0,0,0,0,0,0,0,0,0,0,0
20521,4,4,6,1,0,0,0,0,-1,0,133069,9,0,80,0,0,0,0,0,0,0,445,0,0,0,0,0,0,0,0,0,0,0,0,0,0,0,0
20522,2,10,2,17,0,2,0,0,-1,0,135157,13,0,100,0,0,0,0,0,0,0,110,0,0,0,0,0,0,108,0,0,0,0,162,0,0,0,0
20525,4,0,0,12,0,0,0,0,-1,0,136069,12,0,0,0,0,0,0,0,0,0,0,0,0,0,0,0,0,0,0,0,0,0,0,0,0,0,0
20534,4,0,0,12,0,0,0,0,-1,0,134072,24,0,0,0,0,0,0,0,0,0,0,0,0,0,0,0,0,0,0,0,0,0,0,0,0,0,0
20536,2,10,2,17,0,2,0,0,-1,0,135358,13,0,100,0,0,0,0,0,0,0,0,0,0,0,0,0,0,118,0,0,0,0,178,0,0,0,0
20549,4,4,0,10,58,0,0,0,-1,0,132961,0,0,45,0,0,0,0,0,0,0,410,0,0,0,0,20,0,0,0,0,0,0,0,0,0,0,0
20550,4,4,6,5,58,0,0,0,-1,0,132741,11,0,135,0,0,0,0,0,0,0,657,0,0,0,0,25,0,0,0,0,0,0,0,0,0,0,0
20551,4,4,6,1,58,0,0,0,-1,0,133078,11,0,80,0,0,0,0,0,0,0,534,0,0,0,0,25,0,0,0,0,0,0,0,0,0,0,0
20556,2,10,2,17,0,2,0,0,-1,0,135225,13,0,100,0,0,0,0,0,0,0,0,0,0,0,0,0,0,90,0,0,0,0,135,0,0,0,0
20575,4,2,8,5,15,0,0,0,-1,0,132686,7,0,70,0,0,0,0,0,0,0,78,0,0,0,0,0,0,0,0,0,0,0,0,0,0,0,0
20577,2,7,1,13,60,3,0,0,-1,0,135354,8,0,105,0,0,0,0,0,0,0,70,0,0,0,0,0,0,99,0,0,0,0,185,0,0,0,0
20578,2,15,1,13,60,3,0,0,-1,0,135658,8,0,75,0,0,0,0,0,0,0,0,0,0,0,0,0,0,66,0,0,0,0,123,0,0,0,0
20579,4,1,7,16,60,0,0,0,-1,0,133769,7,0,0,0,0,0,0,0,0,0,54,0,0,20,0,0,0,0,0,0,0,0,0,0,0,0,0
20580,2,4,1,21,60,3,0,0,-1,0,133497,8,0,105,0,0,0,0,0,0,0,90,0,0,0,0,0,0,69,0,0,0,0,130,0,0,0,0
20581,2,10,2,17,60,2,0,0,-1,0,135173,13,0,120,0,0,0,0,0,0,0,0,0,0,20,0,0,0,142,0,0,0,0,213,0,0,0,0
20582,4,0,3,23,60,0,0,0,-1,0,134333,14,0,0,0,0,0,0,0,0,0,0,0,0,0,0,0,0,0,0,0,0,0,0,0,0,0,0
20599,2,18,2,26,60,0,0,0,-1,0,135540,12,0,90,2,0,0,0,0,0,0,0,0,0,7,0,0,0,101,0,0,0,0,153,0,0,0,0
20600,4,0,4,11,60,0,0,0,-1,0,133379,14,0,0,0,0,0,0,0,0,0,0,0,0,20,0,0,0,0,0,0,0,0,0,0,0,0,0
20615,4,2,8,9,60,0,0,0,-1,0,132614,7,0,40,0,0,0,0,0,0,0,93,0,4,4,4,4,4,0,0,0,0,0,0,0,0,0,0
20616,4,4,1,9,60,0,0,0,-1,0,132613,11,0,55,0,0,0,0,0,0,0,351,0,0,0,0,0,0,0,0,0,0,0,0,0,0,0,0
20617,4,3,5,7,60,0,0,0,-1,0,134660,10,0,105,0,0,0,0,0,0,0,401,0,0,0,0,0,0,0,0,0,0,0,0,0,0,0,0
20619,4,4,6,8,60,0,0,0,-1,0,132585,11,0,75,0,0,0,0,0,0,0,559,0,0,25,0,0,0,0,0,0,0,0,0,0,0,0,0
20621,4,3,5,8,60,0,0,0,-1,0,132554,10,0,70,0,0,0,0,0,0,0,311,0,0,25,0,0,0,0,0,0,0,0,0,0,0,0,0
20623,4,2,8,1,60,0,0,0,-1,0,133119,7,0,70,0,0,0,0,0,0,0,175,0,0,0,0,0,0,0,0,0,0,0,0,0,0,0,0
20624,4,0,1,11,60,0,0,0,-1,0,133380,14,0,0,0,0,0,0,0,0,0,0,0,0,0,0,0,0,0,0,0,0,0,0,0,0,0,0
20627,4,2,8,7,60,0,0,0,-1,0,134636,7,0,90,0,0,0,0,0,0,0,186,0,0,0,0,0,0,0,0,0,0,0,0,0,0,0,0
20628,4,2,8,1,60,0,0,0,-1,0,133145,7,0,70,0,0,0,0,0,0,0,175,0,0,0,0,0,0,0,0,0,0,0,0,0,0,0,0
20629,4,3,5,8,60,0,0,0,-1,0,132551,10,0,70,0,0,0,0,0,0,0,315,0,0,0,0,0,0,0,0,0,0,0,0,0,0,0,0
20630,4,4,6,10,60,0,0,0,-1,0,132963,11,0,55,0,0,0,0,0,0,0,509,0,0,0,0,0,0,0,0,0,0,0,0,0,0,0,0
20632,4,0,4,11,60,0,0,0,-1,0,133346,14,0,0,0,0,0,0,0,0,0,0,0,0,0,0,0,0,0,0,0,0,0,0,0,0,0,0
20633,4,2,8,3,60,0,0,0,-1,0,135060,7,0,70,0,0,0,0,0,0,0,161,0,0,25,0,0,0,0,0,0,0,0,0,0,0,0,0
20634,4,2,8,8,60,0,0,0,-1,0,132542,7,0,60,0,0,0,0,0,0,0,148,0,0,0,0,0,0,0,0,0,0,0,0,0,0,0,0
20636,4,0,3,12,60,0,0,0,-1,0,134134,24,0,0,0,0,0,0,0,0,0,0,0,0,0,0,0,0,0,0,0,0,0,0,0,0,0,0
20637,4,4,6,3,60,0,0,0,-1,0,135042,11,0,100,0,0,0,0,0,0,0,610,0,0,25,0,0,0,0,0,0,0,0,0,0,0,0,0
20638,4,3,5,7,60,0,0,0,-1,0,134667,10,0,105,0,0,0,0,0,0,0,401,0,0,0,0,0,0,0,0,0,0,0,0,0,0,0,0
20639,4,4,6,7,60,0,0,0,-1,0,134681,11,0,120,0,0,0,0,0,0,0,712,0,0,0,0,0,0,0,0,0,0,0,0,0,0,0,0
20640,4,4,6,1,0,0,0,0,-1,0,133122,11,0,70,0,0,0,0,0,0,0,355,0,0,0,0,0,0,0,0,0,0,0,0,0,0,0,0
20643,4,2,8,1,0,0,0,0,-1,0,133117,7,0,50,0,0,0,0,0,0,0,103,0,0,0,0,0,0,0,0,0,0,0,0,0,0,0,0
20645,4,0,4,2,0,0,0,0,-1,0,133288,14,0,0,0,0,0,0,0,0,0,0,0,0,8,0,0,0,0,0,0,0,0,0,0,0,0,0
20646,2,2,2,15,0,0,0,0,-1,0,135491,12,0,65,2,0,0,0,0,0,0,0,0,0,0,0,0,0,44,0,0,0,0,82,0,0,0,0
20647,2,15,1,21,0,3,0,0,-1,0,135656,8,0,55,0,0,0,0,0,0,0,0,0,0,0,0,0,0,44,0,0,0,0,83,0,0,0,0
20648,2,4,1,21,0,3,0,0,-1,0,133059,8,0,90,0,0,0,0,0,0,0,0,0,0,0,0,0,0,72,0,0,0,0,135,0,0,0,0
20649,4,0,3,2,0,0,0,0,-1,0,133302,14,0,0,0,0,0,0,0,0,0,0,0,0,0,0,0,0,0,0,0,0,0,0,0,0,0,0
20650,4,4,6,10,0,0,0,0,-1,0,132962,10,0,40,0,0,0,0,0,0,0,356,0,0,0,0,0,0,0,0,0,0,0,0,0,0,0,0
20653,4,4,6,10,55,0,8657,0,-1,0,132963,11,0,40,0,0,0,0,0,0,0,356,0,0,0,0,0,0,0,0,0,0,0,0,0,0,0,0
20654,2,10,2,17,55,2,0,0,-1,0,135148,13,0,100,0,0,0,0,0,0,0,0,0,0,0,0,0,0,119,0,0,0,0,179,0,0,0,0
20656,4,3,5,8,55,0,8675,0,-1,0,132552,10,0,50,0,0,0,0,0,0,0,221,0,0,0,0,0,0,0,0,0,0,0,0,0,0,0,0
20657,2,15,1,13,55,3,0,0,-1,0,135663,8,0,65,0,0,0,0,0,0,0,0,0,0,0,0,0,0,52,0,0,0,0,98,0,0,0,0
20658,4,2,8,8,55,0,8655,0,-1,0,132541,7,0,45,0,0,0,0,0,0,0,106,0,0,0,0,0,0,0,0,0,0,0,0,0,0,0,0
20659,4,3,5,10,55,0,8659,0,-1,0,132966,10,0,35,0,0,0,0,0,0,0,201,0,0,0,0,0,0,0,0,0,0,0,0,0,0,0,0
20660,2,6,1,17,55,1,0,0,-1,0,135129,9,0,100,0,0,0,0,0,0,0,0,0,0,0,0,0,0,152,0,0,0,0,228,0,0,0,0
20661,4,2,8,10,55,0,8655,0,-1,0,132939,7,0,30,0,0,0,0,0,0,0,96,0,0,0,0,0,0,0,0,0,0,0,0,0,0,0,0
20662,4,4,6,8,55,0,8657,0,-1,0,132586,11,0,55,0,0,0,0,0,0,0,392,0,0,0,0,0,0,0,0,0,0,0,0,0,0,0,0
20663,2,2,2,15,55,0,0,0,-1,0,135498,12,0,75,2,0,0,0,0,0,0,0,0,0,0,0,0,0,58,0,0,0,0,108,0,0,0,0
20665,4,2,8,7,57,0,8664,0,-1,0,134630,7,0,75,0,0,0,0,0,0,0,152,0,0,0,0,0,0,0,0,0,0,0,0,0,0,0,0
20666,2,4,1,21,57,3,0,0,-1,0,133051,8,0,90,0,0,0,0,0,0,0,0,0,0,0,0,0,0,74,0,0,0,0,138,0,0,0,0
20667,4,2,8,6,60,0,8658,0,-1,0,132519,7,0,30,0,0,0,0,0,0,0,93,0,0,0,0,0,0,0,0,0,0,0,0,0,0,0,0
20668,4,3,5,7,57,0,8663,0,-1,0,134668,10,0,90,0,0,0,0,0,0,0,320,0,0,0,0,0,0,0,0,0,0,0,0,0,0,0,0
20669,2,8,1,17,57,1,0,0,-1,0,135345,9,0,100,0,0,0,0,0,0,0,0,0,0,0,0,0,0,152,0,0,0,0,229,0,0,0,0
20670,4,3,5,6,60,0,8659,0,-1,0,132505,10,0,35,0,0,0,0,0,0,0,195,0,0,0,0,0,0,0,0,0,0,0,0,0,0,0,0
20671,4,4,6,7,57,0,8662,0,-1,0,134688,11,0,100,0,0,0,0,0,0,0,566,0,0,0,0,0,0,0,0,0,0,0,0,0,0,0,0
20672,2,19,2,26,57,0,0,0,-1,0,135474,21,0,65,0,0,3,0,0,0,0,0,0,0,0,0,0,0,65,0,0,0,0,122,0,0,0,0
20673,4,4,7,6,60,0,8661,0,-1,0,132515,7,0,40,0,0,0,0,0,0,0,346,0,0,0,0,0,0,0,0,0,0,0,0,0,0,0,0
20675,2,0,1,13,57,3,0,0,-1,0,132404,8,0,90,0,0,0,0,0,0,0,0,0,0,0,0,0,0,71,0,0,0,0,133,0,0,0,0
20680,4,3,5,3,60,0,8672,0,-1,0,135047,10,0,70,0,0,0,0,0,0,0,298,0,0,0,0,0,0,0,0,0,0,0,0,0,0,0,0
20681,4,2,8,9,60,0,8667,0,-1,0,132609,7,0,35,0,0,0,0,0,0,0,82,0,0,0,0,0,0,0,0,0,0,0,0,0,0,0,0
20682,4,0,4,11,60,0,0,0,-1,0,133365,14,0,0,0,0,0,0,0,0,0,0,0,0,0,0,0,0,0,0,0,0,0,0,0,0,0,0
20683,4,4,6,3,60,0,8670,0,-1,0,135053,11,0,80,0,0,0,0,0,0,0,530,0,0,0,0,0,0,0,0,0,0,0,0,0,0,0,0
20684,4,3,5,9,60,0,8668,0,-1,0,132606,10,0,40,0,0,0,0,0,0,0,174,0,0,0,0,0,0,0,0,0,0,0,0,0,0,0,0
20685,4,0,4,2,60,0,0,0,-1,0,133308,14,0,0,0,0,0,0,0,0,0,0,0,0,0,0,0,0,0,0,0,0,0,0,0,0,0,0
20687,4,4,6,9,60,0,8669,0,-1,0,132618,11,0,45,0,0,0,0,0,0,0,309,0,0,0,0,0,0,0,0,0,0,0,0,0,0,0,0
20688,4,6,6,14,60,4,0,0,-1,0,134961,9,0,120,0,0,0,0,0,0,0,2468,0,0,0,0,0,0,0,0,0,0,0,0,0,0,0,0
20689,4,2,8,3,60,0,8671,0,-1,0,135039,7,0,60,0,0,0,0,0,0,0,141,0,0,0,0,0,0,0,0,0,0,0,0,0,0,0,0
20691,4,1,7,16,60,0,0,0,-1,0,133772,7,0,0,0,0,0,0,0,0,0,50,0,0,0,0,0,0,0,0,0,0,0,0,0,0,0,0
20692,4,0,7,11,55,0,3499,0,-1,0,133345,14,0,0,0,0,0,0,0,0,0,0,0,0,0,0,0,0,0,0,0,0,0,0,0,0,0,0
20693,4,1,7,16,55,0,0,0,-1,0,133754,7,0,0,0,0,0,0,0,0,0,39,0,0,0,0,0,0,0,0,0,0,0,0,0,0,0,0
20694,4,0,3,23,55,0,0,0,-1,0,134336,21,0,0,0,0,0,0,0,0,0,0,0,0,0,0,0,0,0,0,0,0,0,0,0,0,0,0
20695,4,0,4,2,58,0,0,0,-1,0,133291,14,0,0,0,0,0,0,0,0,0,0,0,0,0,0,0,0,0,0,0,0,0,0,0,0,0,0
20696,2,5,1,17,58,1,0,0,-1,0,133047,9,0,100,0,0,0,0,0,0,0,0,0,0,0,0,0,0,168,0,0,0,0,252,0,0,0,0
20697,4,1,7,16,58,0,0,0,-1,0,133771,7,0,0,0,0,0,0,0,0,0,45,0,0,0,0,0,0,0,0,0,0,0,0,0,0,0,0
20698,2,7,3,21,58,3,0,0,-1,0,135323,8,0,105,0,0,0,0,0,0,0,0,0,0,0,0,0,0,67,0,0,0,0,125,0,0,0,0
20699,4,4,6,7,0,0,0,0,-1,0,134694,11,0,100,0,0,0,0,0,0,0,575,0,0,25,0,0,0,0,0,0,0,0,0,0,0,0,0
20701,4,3,5,7,0,0,0,0,-1,0,134660,11,0,90,0,0,0,0,0,0,0,324,0,0,25,0,0,0,0,0,0,0,0,0,0,0,0,0
20703,4,2,8,7,0,0,0,0,-1,0,134626,7,0,75,0,0,0,0,0,0,0,154,0,0,25,0,0,0,0,0,0,0,0,0,0,0,0,0
20710,4,4,6,8,0,0,0,0,-1,0,132583,11,0,65,0,0,0,0,0,0,0,452,0,0,0,0,0,0,0,0,0,0,0,0,0,0,0,0
20712,4,3,5,10,0,0,0,0,-1,0,132945,10,0,40,0,0,0,0,0,0,0,231,0,0,0,0,0,0,0,0,0,0,0,0,0,0,0,0
20714,4,2,8,8,0,0,0,0,-1,0,132542,7,0,50,0,0,0,0,0,0,0,121,0,0,0,0,0,0,0,0,0,0,0,0,0,0,0,0
20720,2,15,1,21,60,3,0,0,-1,0,135652,8,0,65,0,0,0,0,0,0,0,0,0,0,0,0,0,0,41,0,0,0,0,78,0,0,0,0
20721,4,0,4,11,60,0,0,0,-1,0,133369,14,0,0,0,0,0,0,0,0,0,0,0,0,0,0,0,0,0,0,0,0,0,0,0,0,0,0
20722,2,3,2,26,60,0,0,0,-1,0,135612,12,0,75,3,0,0,0,0,0,0,0,0,0,0,0,0,0,65,0,0,0,0,122,0,0,0,0
20723,2,0,1,21,0,3,0,0,-1,0,134709,12,0,75,0,0,0,0,0,0,0,0,0,0,0,0,0,0,70,0,0,0,0,130,0,0,0,0
20724,2,10,2,17,0,2,0,0,-1,0,135144,13,0,85,0,0,0,0,0,0,0,0,0,0,0,0,0,0,131,0,0,0,0,197,0,0,0,0
21115,4,0,4,12,48,0,0,0,-1,0,133438,14,0,0,0,0,0,0,0,0,0,0,0,0,0,0,0,0,0,0,0,0,0,0,0,0,0,0
21116,4,0,4,12,38,0,0,0,-1,0,133438,14,0,0,0,0,0,0,0,0,0,0,0,0,0,0,0,0,0,0,0,0,0,0,0,0,0,0
21119,4,0,4,12,28,0,0,0,-1,0,133438,14,0,0,0,0,0,0,0,0,0,0,0,0,0,0,0,0,0,0,0,0,0,0,0,0,0,0
21125,2,10,2,17,60,2,0,0,-1,0,135138,13,0,120,0,0,0,0,0,0,0,0,0,0,0,0,0,0,170,0,0,0,0,255,0,0,0,0
21126,2,15,1,13,60,3,0,0,-1,0,135669,8,0,75,0,0,0,0,0,0,0,0,0,0,0,0,0,0,95,0,0,0,0,144,0,0,0,0
21128,2,10,2,17,60,2,0,0,-1,0,135138,13,0,120,0,0,0,0,0,0,0,0,0,10,10,10,10,10,170,0,0,0,0,255,0,0,0,0
21134,2,1,1,17,60,1,0,0,-1,0,132418,9,0,120,0,0,0,0,0,0,0,0,0,0,0,0,0,0,242,0,0,0,0,364,0,0,0,0
21135,2,16,1,25,58,0,0,0,-1,0,135424,8,0,0,4,0,0,0,0,0,0,0,0,0,0,0,0,0,78,0,0,0,0,146,0,0,0,0
21178,4,2,8,10,0,0,0,0,-1,0,132952,7,0,35,0,0,0,0,0,0,0,109,0,0,0,0,0,0,0,0,0,0,0,0,0,0,0,0
21179,4,0,0,11,0,0,0,0,-1,0,133360,14,0,0,0,0,0,0,0,0,0,0,0,0,0,0,0,0,0,0,0,0,0,0,0,0,0,0
21180,4,0,3,12,0,0,0,0,-1,0,136006,14,0,0,0,0,0,0,0,0,0,0,0,0,0,0,0,0,0,0,0,0,0,0,0,0,0,0
21181,4,0,3,12,0,0,0,0,-1,0,134182,14,0,0,0,0,0,0,0,0,0,0,0,0,0,0,0,0,0,0,0,0,0,0,0,0,0,0
21182,4,0,0,11,0,0,0,0,-1,0,133361,14,0,0,0,0,0,0,0,0,0,0,0,0,0,0,0,0,0,0,0,0,0,0,0,0,0,0
21184,4,4,6,9,0,0,0,0,-1,0,132606,11,0,55,0,0,0,0,0,0,0,309,0,0,0,0,0,0,0,0,0,0,0,0,0,0,0,0
21185,4,0,3,23,0,7,0,0,-1,0,134125,19,0,0,0,0,0,0,0,0,0,0,0,0,0,0,0,0,0,0,0,0,0,0,0,0,0,0
21187,4,1,7,16,0,0,0,0,-1,0,133759,7,0,0,0,0,0,0,0,0,0,44,0,0,0,0,0,0,0,0,0,0,0,0,0,0,0,0
21188,2,5,2,17,60,1,0,0,-1,0,133060,9,0,120,0,0,0,0,0,0,0,0,0,0,0,0,0,0,175,0,0,0,0,263,0,0,0,0
21189,4,0,0,11,0,0,0,0,-1,0,133383,14,0,0,0,0,0,0,0,0,0,0,0,0,0,0,0,0,0,0,0,0,0,0,0,0,0,0
21190,4,0,3,11,0,0,0,0,-1,0,133382,14,0,0,0,0,0,0,0,0,0,0,0,0,0,0,0,0,0,0,0,0,0,0,0,0,0,0
21196,4,0,3,11,60,0,0,0,-1,0,133382,24,0,0,0,0,0,0,0,0,0,0,0,0,0,0,0,0,0,0,0,0,0,0,0,0,0,0
21242,2,0,1,13,60,3,0,0,-1,0,132420,9,0,105,0,0,0,0,0,0,0,0,0,0,0,0,0,0,110,0,0,0,0,205,0,0,0,0
21244,2,15,1,13,60,3,0,0,-1,0,135671,9,0,75,0,0,0,0,0,0,0,0,0,0,0,0,0,0,72,0,0,0,0,134,0,0,0,0
21268,2,4,1,13,60,3,0,0,-1,0,133501,9,0,105,0,0,0,0,0,0,0,70,0,0,0,0,0,0,89,0,0,0,0,166,0,0,0,0
21269,4,6,1,14,60,4,0,0,-1,0,134969,9,0,120,0,0,0,0,0,0,0,2964,0,0,0,0,0,0,0,0,0,0,0,0,0,0,0,0
21272,2,3,1,26,60,0,0,0,-1,0,135620,9,0,90,3,0,0,0,0,0,0,0,0,0,0,0,0,0,86,0,0,0,0,160,0,0,0,0
21273,2,10,2,17,60,2,0,0,-1,0,135157,13,0,120,0,0,0,0,0,0,0,0,0,0,0,0,0,0,189,0,0,0,0,284,0,0,0,0
21278,4,2,0,10,57,0,0,0,-1,0,132939,7,0,35,0,0,0,0,0,0,0,109,0,0,0,0,0,0,0,0,0,0,0,0,0,0,0,0
21312,4,3,5,6,0,0,0,0,-1,0,132498,10,0,35,0,0,0,0,0,0,0,148,0,0,0,0,0,0,0,0,0,0,0,0,0,0,0,0
21316,4,4,6,7,0,0,0,0,-1,0,134662,9,0,85,0,0,0,0,0,0,0,459,0,0,0,0,0,0,0,0,0,0,0,0,0,0,0,0
21317,4,2,8,1,0,0,0,0,-1,0,133078,7,0,50,0,0,0,0,0,0,0,117,0,0,0,0,0,0,0,0,0,0,0,0,0,0,0,0
21319,4,2,7,10,0,0,0,0,-1,0,132955,7,0,30,0,0,0,0,0,0,0,94,0,0,0,0,0,0,0,0,0,0,0,0,0,0,0,0
21320,4,3,7,5,0,0,0,0,-1,0,132638,11,0,100,0,0,0,0,0,0,0,313,0,0,0,0,0,0,0,0,0,0,0,0,0,0,0,0
21322,4,4,7,5,0,0,0,0,-1,0,132751,9,0,115,0,0,0,0,0,0,0,552,0,0,0,0,0,0,0,0,0,0,0,0,0,0,0,0
21326,4,0,0,12,0,0,0,0,-1,0,134227,21,0,0,0,0,0,0,0,0,0,0,0,0,0,0,0,0,0,0,0,0,0,0,0,0,0,0
21329,4,4,1,1,60,0,0,0,-1,0,133174,11,0,100,0,0,0,0,0,0,0,739,0,0,0,0,0,0,0,0,0,0,0,0,0,0,0,0
21330,4,4,6,3,60,0,0,0,-1,0,135066,11,0,100,0,0,0,0,0,0,0,659,0,0,0,0,0,0,0,0,0,0,0,0,0,0,0,0
21331,4,4,6,5,60,0,0,0,-1,0,132747,11,0,165,0,0,0,0,0,0,0,985,0,0,0,0,0,0,0,0,0,0,0,0,0,0,0,0
21332,4,4,1,7,60,0,0,0,-1,0,134679,11,0,120,0,0,0,0,0,0,0,796,0,0,0,0,0,0,0,0,0,0,0,0,0,0,0,0
21333,4,4,1,8,60,0,0,0,-1,0,132586,11,0,75,0,0,0,0,0,0,0,604,0,0,0,0,0,0,0,0,0,0,0,0,0,0,0,0
21353,4,2,8,1,60,0,0,0,-1,0,133074,7,0,70,0,0,0,0,0,0,0,192,0,0,0,0,0,0,0,0,0,0,0,0,0,0,0,0
21354,4,2,8,3,60,0,0,0,-1,0,135034,7,0,70,0,0,0,0,0,0,0,172,0,0,0,0,0,0,0,0,0,0,0,0,0,0,0,0
21355,4,2,8,8,60,0,0,0,-1,0,132564,7,0,60,0,0,0,0,0,0,0,158,0,0,0,0,0,0,0,0,0,0,0,0,0,0,0,0
21356,4,2,8,7,60,0,0,0,-1,0,134626,7,0,90,0,0,0,0,0,0,0,207,0,0,0,0,0,0,0,0,0,0,0,0,0,0,0,0
21357,4,2,8,5,60,0,0,0,-1,0,132723,7,0,120,0,0,0,0,0,0,0,253,0,0,0,0,0,0,0,0,0,0,0,0,0,0,0,0
21359,4,2,8,8,60,0,0,0,-1,0,132542,7,0,60,0,0,0,0,0,0,0,158,0,0,0,0,0,0,0,0,0,0,0,0,0,0,0,0
21360,4,2,8,1,60,0,0,0,-1,0,133072,7,0,70,0,0,0,0,0,0,0,192,0,0,0,0,0,0,0,0,0,0,0,0,0,0,0,0
21362,4,2,8,7,60,0,0,0,-1,0,134632,7,0,90,0,0,0,0,0,0,0,207,0,0,0,0,0,0,0,0,0,0,0,0,0,0,0,0
21365,4,3,5,8,60,0,0,0,-1,0,132551,10,0,70,0,0,0,0,0,0,0,340,0,0,0,0,0,0,0,0,0,0,0,0,0,0,0,0
21366,4,3,5,1,60,0,0,0,-1,0,133175,10,0,85,0,0,0,0,0,0,0,416,0,0,0,0,0,0,0,0,0,0,0,0,0,0,0,0
21367,4,3,5,3,60,0,0,0,-1,0,135067,10,0,85,0,0,0,0,0,0,0,384,0,0,0,0,0,0,0,0,0,0,0,0,0,0,0,0
21368,4,3,5,7,60,0,0,0,-1,0,134663,10,0,105,0,0,0,0,0,0,0,448,0,0,0,0,0,0,0,0,0,0,0,0,0,0,0,0
21370,4,3,5,5,60,0,0,0,-1,0,132626,10,0,140,0,0,0,0,0,0,0,553,0,0,0,0,0,0,0,0,0,0,0,0,0,0,0,0
21373,4,3,5,8,60,0,0,0,-1,0,132550,10,0,70,0,0,0,0,0,0,0,340,0,0,0,0,0,0,0,0,0,0,0,0,0,0,0,0
21374,4,3,5,5,60,0,0,0,-1,0,132635,10,0,140,0,0,0,0,0,0,0,553,0,0,0,0,0,0,0,0,0,0,0,0,0,0,0,0
21375,4,3,5,7,60,0,0,0,-1,0,134662,10,0,105,0,0,0,0,0,0,0,448,0,0,0,0,0,0,0,0,0,0,0,0,0,0,0,0
21376,4,3,5,3,60,0,0,0,-1,0,135034,10,0,85,0,0,0,0,0,0,0,371,0,0,0,0,0,0,0,0,0,0,0,0,0,0,0,0
21387,4,4,6,1,60,0,0,0,-1,0,133174,11,0,100,0,0,0,0,0,0,0,739,0,0,0,0,0,0,0,0,0,0,0,0,0,0,0,0
21388,4,4,6,8,60,0,0,0,-1,0,132550,11,0,75,0,0,0,0,0,0,0,604,0,0,0,0,0,0,0,0,0,0,0,0,0,0,0,0
21389,4,4,6,5,60,0,0,0,-1,0,132738,11,0,165,0,0,0,0,0,0,0,985,0,0,0,0,0,0,0,0,0,0,0,0,0,0,0,0
21390,4,4,6,7,60,0,0,0,-1,0,134678,11,0,120,0,0,0,0,0,0,0,796,0,0,0,0,0,0,0,0,0,0,0,0,0,0,0,0
21392,2,0,1,13,60,7,0,0,-1,0,132406,8,0,105,0,0,0,0,0,0,0,0,0,0,0,0,0,0,75,0,0,0,0,141,0,0,0,0
21393,4,0,4,11,60,0,0,0,-1,0,133425,14,0,0,0,0,0,0,0,0,0,0,0,0,0,0,0,0,0,0,0,0,0,0,0,0,0,0
21394,4,1,7,16,60,0,0,0,-1,0,133772,7,0,0,0,0,0,0,0,0,0,52,0,0,0,0,0,0,0,0,0,0,0,0,0,0,0,0
21395,2,7,1,21,60,3,0,0,-1,0,135367,8,0,105,0,0,0,0,0,0,0,0,0,0,0,0,0,0,83,0,0,0,0,154,0,0,0,0
21397,4,1,7,16,60,0,0,0,-1,0,133766,7,0,0,0,0,0,0,0,0,0,52,0,0,0,0,0,0,0,0,0,0,0,0,0,0,0,0
21398,2,4,1,21,60,3,0,0,-1,0,133474,8,0,105,0,0,0,0,0,0,0,0,0,0,0,0,0,0,86,0,0,0,0,161,0,0,0,0
21400,4,1,7,16,60,0,0,0,-1,0,133768,7,0,0,0,0,0,0,0,0,0,52,0,0,0,0,0,0,0,0,0,0,0,0,0,0,0,0
21401,2,0,1,13,60,7,0,0,-1,0,132406,8,0,105,0,0,0,0,0,0,0,0,0,0,0,0,0,0,86,0,0,0,0,161,0,0,0,0
21403,4,1,7,16,60,0,0,0,-1,0,133767,7,0,0,0,0,0,0,0,0,0,52,0,0,0,0,0,0,0,0,0,0,0,0,0,0,0,0
21404,2,15,1,13,60,3,0,0,-1,0,135663,8,0,75,0,0,0,0,0,0,0,0,0,0,0,0,0,0,65,0,0,0,0,121,0,0,0,0
21406,4,1,7,16,60,0,0,0,-1,0,133771,7,0,0,0,0,0,0,0,0,0,52,0,0,0,0,0,0,0,0,0,0,0,0,0,0,0,0
21407,2,4,1,21,60,3,0,0,-1,0,133474,8,0,105,0,0,0,0,0,0,0,0,0,0,0,0,0,0,93,0,0,0,0,175,0,0,0,0
21410,2,4,1,21,60,3,0,0,-1,0,133474,8,0,105,0,0,0,0,0,0,0,0,0,0,0,0,0,0,97,0,0,0,0,181,0,0,0,0
21416,2,15,1,13,60,3,0,0,-1,0,135663,8,0,75,0,0,0,0,0,0,0,0,0,0,0,0,0,0,54,0,0,0,0,101,0,0,0,0
21452,2,10,2,17,60,2,0,0,-1,0,135149,13,0,120,0,0,0,0,0,0,0,0,0,0,0,0,0,0,189,0,0,0,0,284,0,0,0,0
21453,4,4,6,3,60,0,0,0,-1,0,135059,11,0,100,0,0,0,0,0,0,0,610,0,0,0,0,0,0,0,0,0,0,0,0,0,0,0,0
21454,4,3,5,3,60,0,0,0,-1,0,135049,10,0,85,0,0,0,0,0,0,0,344,0,0,0,0,0,0,0,0,0,0,0,0,0,0,0,0
21455,4,2,8,1,60,0,0,0,-1,0,133069,7,0,60,0,0,0,0,0,0,0,164,0,0,0,0,0,0,0,0,0,0,0,0,0,0,0,0
21456,4,1,7,16,60,0,0,0,-1,0,133758,7,0,0,0,0,0,0,0,0,0,55,0,0,0,0,0,0,0,0,0,0,0,0,0,0,0,0
21457,4,4,6,9,60,0,0,0,-1,0,132618,11,0,55,0,0,0,0,0,0,0,356,0,0,0,0,0,0,0,0,0,0,0,0,0,0,0,0
21458,4,2,8,10,60,0,0,0,-1,0,132958,7,0,40,0,0,0,0,0,0,0,134,0,0,0,0,0,0,0,0,0,0,0,0,0,0,0,0
21459,2,18,2,26,60,0,0,0,-1,0,135535,12,0,90,2,0,0,0,0,0,0,0,0,0,0,0,0,0,103,0,0,0,0,155,0,0,0,0
21460,4,4,6,1,60,0,0,0,-1,0,133077,11,0,100,0,0,0,0,0,0,0,661,0,0,0,0,0,0,0,0,0,0,0,0,0,0,0,0
21463,4,3,5,6,60,0,0,0,-1,0,132507,10,0,50,0,0,0,0,0,0,0,258,0,0,0,0,0,0,0,0,0,0,0,0,0,0,0,0
21466,2,4,1,21,60,3,0,0,-1,0,2245030,8,0,105,0,0,0,0,0,0,0,0,0,0,0,0,0,0,85,0,0,0,0,158,0,0,0,0
21467,4,2,8,5,60,0,0,0,-1,0,132722,7,0,120,0,0,0,0,0,0,0,208,0,5,5,5,5,5,0,0,0,0,0,0,0,0,0,0
21469,4,2,8,10,60,0,0,0,-1,0,132939,7,0,35,0,0,0,0,0,0,0,126,0,0,0,0,0,0,0,0,0,0,0,0,0,0,0,0
21471,4,0,3,23,60,7,0,0,-1,0,133498,8,0,0,0,0,0,0,0,0,0,0,0,0,0,0,0,0,0,0,0,0,0,0,0,0,0,0
21473,4,0,4,12,60,0,0,0,-1,0,133884,21,0,0,0,0,0,0,0,0,0,0,0,0,0,0,0,0,0,0,0,0,0,0,0,0,0,0
21474,4,2,8,3,60,0,0,0,-1,0,135060,7,0,60,0,0,0,0,0,0,0,151,0,0,0,0,0,0,0,0,0,0,0,0,0,0,0,0
21475,4,4,6,7,60,0,0,0,-1,0,134677,11,0,100,0,0,0,0,0,0,0,670,0,0,0,0,0,0,0,0,0,0,0,0,0,0,0,0
21476,4,3,5,7,60,0,0,0,-1,0,134667,11,0,90,0,0,0,0,0,0,0,377,0,0,0,0,0,0,0,0,0,0,0,0,0,0,0,0
21477,4,0,4,11,60,0,0,0,-1,0,133426,14,0,0,0,0,0,0,0,0,0,0,0,0,0,0,0,0,0,0,0,0,0,0,0,0,0,0
21478,2,2,2,15,60,0,0,0,-1,0,135501,12,0,90,2,0,0,0,0,0,0,0,0,0,8,0,0,0,59,0,0,0,0,111,0,0,0,0
21479,4,4,6,10,60,0,0,0,-1,0,132965,11,0,55,0,0,0,0,0,0,0,482,0,0,0,0,0,0,0,0,0,0,0,0,0,0,0,0
21480,4,3,5,10,60,0,0,0,-1,0,132944,10,0,40,0,0,0,0,0,0,0,266,0,0,0,0,0,0,0,0,0,0,0,0,0,0,0,0
21481,4,4,6,8,60,0,0,0,-1,0,132586,11,0,65,0,0,0,0,0,0,0,519,0,0,0,0,0,0,0,0,0,0,0,0,0,0,0,0
21482,4,3,5,8,60,0,0,0,-1,0,132545,10,0,60,0,0,0,0,0,0,0,293,0,0,0,0,0,0,0,0,0,0,0,0,0,0,0,0
21483,4,0,4,11,60,0,0,0,-1,0,133427,14,0,0,0,0,0,0,0,0,0,0,0,0,0,0,0,0,0,0,0,0,0,0,0,0,0,0
21484,4,2,8,1,60,0,0,0,-1,0,133117,7,0,60,0,0,0,0,0,0,0,162,0,0,0,0,0,0,0,0,0,0,0,0,0,0,0,0
21485,4,6,6,14,60,4,0,0,-1,0,134968,9,0,120,0,0,0,0,0,0,0,2575,0,0,0,0,0,0,0,0,0,0,0,0,0,0,0,0
21486,4,4,6,10,60,0,0,0,-1,0,132964,11,0,55,0,0,0,0,0,0,0,482,0,0,0,0,0,0,0,0,0,0,0,0,0,0,0,0
21487,4,3,5,10,60,0,0,0,-1,0,132946,11,0,50,0,0,0,0,0,0,0,271,0,0,0,0,0,0,0,0,0,0,0,0,0,0,0,0
21488,4,0,4,12,60,0,0,0,-1,0,133571,21,0,0,0,0,0,0,0,0,0,0,0,0,0,0,0,0,0,0,0,0,0,0,0,0,0,0
21490,4,4,6,8,60,0,0,0,-1,0,132585,11,0,65,0,0,0,0,0,0,0,519,0,0,0,0,0,0,0,0,0,0,0,0,0,0,0,0
21491,4,2,8,9,60,0,0,0,-1,0,132602,7,0,35,0,0,0,0,0,0,0,87,0,0,0,0,0,0,0,0,0,0,0,0,0,0,0,0
21492,2,8,1,17,60,1,0,0,-1,0,135366,9,0,120,0,0,0,0,0,0,0,0,0,0,0,0,0,0,180,0,0,0,0,270,0,0,0,0
21493,4,2,8,8,60,0,0,0,-1,0,132542,7,0,60,0,0,0,0,0,0,0,138,0,0,0,0,0,0,0,0,0,0,0,0,0,0,0,0
21494,4,2,8,6,60,0,0,0,-1,0,132514,7,0,35,0,0,0,0,0,0,0,110,0,0,0,0,0,0,0,0,0,0,0,0,0,0,0,0
21495,4,4,6,7,60,0,0,0,-1,0,134691,11,0,100,0,0,0,0,0,0,0,644,0,0,0,0,0,0,0,0,0,0,0,0,0,0,0,0
21497,4,3,5,8,60,0,0,0,-1,0,132554,10,0,60,0,0,0,0,0,0,0,285,0,0,0,0,0,0,0,0,0,0,0,0,0,0,0,0
21498,2,15,1,13,60,3,0,0,-1,0,135648,8,0,75,0,0,0,0,0,0,0,0,0,0,0,0,0,0,64,0,0,0,0,119,0,0,0,0
21501,4,2,8,10,60,0,0,0,-1,0,132958,7,0,35,0,0,0,0,0,0,0,122,0,0,0,0,0,0,0,0,0,0,0,0,0,0,0,0
21502,4,3,5,9,60,0,0,0,-1,0,132618,10,0,40,0,0,0,0,0,0,0,181,0,0,0,0,0,0,0,0,0,0,0,0,0,0,0,0
21503,4,4,6,6,60,0,0,0,-1,0,132502,11,0,45,0,0,0,0,0,0,0,414,0,0,0,0,0,0,0,0,0,0,0,0,0,0,0,0
21504,4,0,4,2,60,0,0,0,-1,0,133341,14,0,0,0,0,0,0,0,0,0,0,0,0,0,0,0,0,0,0,0,0,0,0,0,0,0,0
21520,2,7,4,13,60,3,0,0,-1,0,135359,8,0,105,0,0,0,0,0,0,0,0,0,0,0,0,0,0,84,0,0,0,0,157,0,0,0,0
21521,2,7,4,21,60,3,0,0,-1,0,135361,8,0,105,0,0,0,0,0,0,0,0,0,0,0,0,0,0,88,0,0,0,0,164,0,0,0,0
21522,2,15,4,13,60,3,0,0,-1,0,135661,8,0,75,0,0,0,0,0,0,0,0,0,0,0,0,0,0,68,0,0,0,0,127,0,0,0,0
21523,2,15,4,21,60,3,0,0,-1,0,135665,8,0,75,0,0,0,0,0,0,0,0,0,0,0,0,0,0,72,0,0,0,0,135,0,0,0,0
21526,4,0,4,11,60,0,0,0,-1,0,133377,14,0,0,0,0,0,0,0,0,0,0,0,0,0,20,0,0,0,0,0,0,0,0,0,0,0,0
21529,4,0,3,2,60,0,0,0,-1,0,133304,14,0,0,0,0,0,0,0,0,0,0,0,0,0,0,20,0,0,0,0,0,0,0,0,0,0,0
21530,4,3,5,7,60,0,0,0,-1,0,134656,10,0,105,0,0,0,0,0,0,0,427,0,0,0,0,30,0,0,0,0,0,0,0,0,0,0,0
21531,4,0,4,2,60,0,0,0,-1,0,133309,14,0,0,0,0,0,0,0,0,0,0,0,0,20,0,0,0,0,0,0,0,0,0,0,0,0,0
21532,4,2,8,8,60,0,0,0,-1,0,132542,7,0,60,0,0,0,0,0,0,0,156,0,0,20,0,0,0,0,0,0,0,0,0,0,0,0,0
21563,4,0,0,11,60,0,0,0,-1,0,133376,14,0,0,0,0,0,0,0,0,0,0,0,0,0,0,0,0,0,0,0,0,0,0,0,0,0,0
21565,4,0,4,12,40,0,0,0,-1,0,134418,21,0,0,0,0,0,0,0,0,0,0,0,0,0,0,0,0,0,0,0,0,0,0,0,0,0,0
21566,4,0,4,12,20,0,0,0,-1,0,134418,21,0,0,0,0,0,0,0,0,0,0,0,0,0,0,0,0,0,0,0,0,0,0,0,0,0,0
21567,4,0,4,12,40,0,0,0,-1,0,134415,21,0,0,0,0,0,0,0,0,0,0,0,0,0,0,0,0,0,0,0,0,0,0,0,0,0,0
21568,4,0,4,12,20,0,0,0,-1,0,134415,21,0,0,0,0,0,0,0,0,0,0,0,0,0,0,0,0,0,0,0,0,0,0,0,0,0,0
21579,4,0,4,12,60,0,0,0,-1,0,133574,21,0,0,0,0,0,0,0,0,0,0,0,0,0,0,0,0,0,0,0,0,0,0,0,0,0,0
21581,4,4,6,10,60,0,0,0,-1,0,132965,11,0,55,0,0,0,0,0,0,0,615,0,0,0,0,0,0,0,0,0,0,0,0,0,0,0,0
21583,4,1,7,16,60,0,0,0,-1,0,133754,7,0,0,0,0,0,0,0,0,0,66,0,0,0,0,0,0,0,0,0,0,0,0,0,0,0,0
21586,4,2,5,6,60,0,0,0,-1,0,132515,7,0,40,0,0,0,0,0,0,0,142,0,0,0,0,0,0,0,0,0,0,0,0,0,0,0,0
21596,4,0,4,11,60,0,0,0,-1,0,133428,14,0,0,0,0,0,0,0,0,0,0,0,0,0,0,0,0,0,0,0,0,0,0,0,0,0,0
21597,4,0,3,23,60,0,0,0,-1,0,135472,21,0,0,0,0,0,0,0,0,0,0,0,0,0,0,0,0,0,0,0,0,0,0,0,0,0,0
21598,4,4,6,6,60,0,0,0,-1,0,132520,11,0,55,0,0,0,0,0,0,0,512,0,0,0,0,0,0,0,0,0,0,0,0,0,0,0,0
21599,4,3,5,10,60,0,0,0,-1,0,132962,10,0,50,0,0,0,0,0,0,0,320,0,0,0,0,0,0,0,0,0,0,0,0,0,0,0,0
21601,4,0,4,11,60,0,0,0,-1,0,133423,14,0,0,0,0,0,0,0,0,0,0,0,0,0,0,0,0,0,0,0,0,0,0,0,0,0,0
21602,4,2,8,9,60,0,0,0,-1,0,132612,7,0,40,0,0,0,0,0,0,0,103,0,0,0,0,0,0,0,0,0,0,0,0,0,0,0,0
21603,2,19,2,26,60,0,0,0,-1,0,135468,21,0,75,0,0,5,0,0,0,0,0,0,0,0,0,0,0,114,0,0,0,0,213,0,0,0,0
21605,4,2,8,10,60,0,0,0,-1,0,132953,7,0,40,0,0,0,0,0,0,0,148,0,0,0,0,6,0,0,0,0,0,0,0,0,0,0,0
21606,4,4,6,6,60,0,0,0,-1,0,132523,11,0,55,0,0,0,0,0,0,0,512,0,0,0,0,0,0,0,0,0,0,0,0,0,0,0,0
21607,4,3,5,6,60,0,0,0,-1,0,132521,10,0,50,0,0,0,0,0,0,0,288,0,0,0,0,0,0,0,0,0,0,0,0,0,0,0,0
21608,4,0,4,2,60,0,0,0,-1,0,133339,14,0,0,0,0,0,0,0,0,0,0,0,0,0,0,0,0,0,0,0,0,0,0,0,0,0,0
21609,4,2,8,6,60,0,0,0,-1,0,132500,7,0,40,0,0,0,0,0,0,0,133,0,0,0,0,0,0,0,0,0,0,0,0,0,0,0,0
21610,4,6,2,14,60,4,0,0,-1,0,134970,13,0,120,0,0,0,0,0,0,0,3035,0,0,0,0,0,0,0,0,0,0,0,0,0,0,0,0
21616,2,2,2,15,60,0,0,0,-1,0,135502,12,0,90,2,0,0,0,0,0,0,0,0,0,0,0,0,0,87,0,0,0,0,163,0,0,0,0
21617,4,2,8,10,60,0,0,0,-1,0,132951,7,0,40,0,0,0,0,0,0,0,143,0,0,0,0,0,0,0,0,0,0,0,0,0,0,0,0
21618,4,4,6,9,60,0,0,0,-1,0,132601,11,0,55,0,0,0,0,0,0,0,384,0,0,0,0,0,0,0,0,0,0,0,0,0,0,0,0
21622,2,7,1,21,60,3,0,0,-1,0,135368,8,0,105,0,0,0,0,0,0,0,0,0,0,0,0,0,0,95,0,0,0,0,178,0,0,0,0
21623,4,4,6,10,60,0,0,0,-1,0,132960,11,0,55,0,0,0,0,0,0,0,549,0,0,0,0,0,0,0,0,0,0,0,0,0,0,0,0
21624,4,3,5,10,60,0,0,0,-1,0,132960,10,0,50,0,0,0,0,0,0,0,309,0,0,0,0,0,0,0,0,0,0,0,0,0,0,0,0
21625,4,0,4,12,60,0,0,0,-1,0,133575,21,0,0,0,0,0,0,0,0,0,0,0,0,0,0,0,0,0,0,0,0,0,0,0,0,0,0
21626,4,3,5,7,60,0,0,0,-1,0,134663,10,0,105,0,0,0,0,0,0,0,432,0,0,28,0,0,0,0,0,0,0,0,0,0,0,0,0
21627,4,1,7,16,60,0,0,0,-1,0,133772,7,0,0,0,0,0,0,0,0,0,59,0,0,0,0,20,0,0,0,0,0,0,0,0,0,0,0
21635,2,6,1,17,60,1,0,0,-1,0,135591,9,0,120,0,0,0,0,0,0,0,0,0,0,0,0,0,0,225,0,0,0,0,338,0,0,0,0
21639,4,4,6,3,60,0,0,0,-1,0,135060,11,0,100,0,0,0,0,0,0,0,650,0,0,0,0,0,0,0,0,0,0,0,0,0,0,0,0
21645,4,2,8,8,60,0,0,0,-1,0,132538,7,0,60,0,0,0,0,0,0,0,156,0,0,0,0,0,0,0,0,0,0,0,0,0,0,0,0
21647,4,0,4,12,60,0,0,0,-1,0,133572,21,0,0,0,0,0,0,0,0,0,0,0,0,0,0,0,0,0,0,0,0,0,0,0,0,0,0
21650,2,7,1,13,60,3,0,0,-1,0,135369,8,0,105,0,0,0,0,0,0,0,0,0,0,0,0,0,0,114,0,0,0,0,213,0,0,0,0
21651,4,3,5,7,60,0,0,0,-1,0,134662,10,0,105,0,0,0,0,0,0,0,427,0,0,0,0,0,0,0,0,0,0,0,0,0,0,0,0
21652,4,4,6,5,60,0,0,0,-1,0,132744,11,0,165,0,0,0,0,0,0,0,867,0,0,35,0,0,0,0,0,0,0,0,0,0,0,0,0
21664,4,0,4,2,60,0,0,0,-1,0,133340,14,0,0,0,0,0,0,0,0,0,0,0,0,0,0,0,0,0,0,0,0,0,0,0,0,0,0
21665,4,2,8,3,60,0,0,0,-1,0,135061,7,0,70,0,0,0,0,0,0,0,170,0,0,0,0,0,0,0,0,0,0,0,0,0,0,0,0
21666,4,0,1,23,60,0,0,0,-1,0,134911,12,0,0,0,0,0,0,0,0,0,0,0,0,0,0,0,0,0,0,0,0,0,0,0,0,0,0
21667,4,4,6,7,60,0,0,0,-1,0,134687,11,0,120,0,0,0,0,0,0,0,749,0,0,0,0,0,0,0,0,0,0,0,0,0,0,0,0
21668,4,3,5,7,60,0,0,0,-1,0,134667,10,0,105,0,0,0,0,0,0,0,422,0,0,0,0,0,0,0,0,0,0,0,0,0,0,0,0
21669,4,2,8,1,60,0,0,0,-1,0,133069,7,0,70,0,0,0,0,0,0,0,183,0,0,0,0,0,0,0,0,0,0,0,0,0,0,0,0
21670,4,0,4,12,60,0,0,0,-1,0,133573,21,0,0,0,0,0,0,0,0,0,0,0,0,0,0,0,0,0,0,0,0,0,0,0,0,0,0
21672,4,2,8,10,60,0,0,0,-1,0,132951,7,0,40,0,0,0,0,0,0,0,140,0,0,0,0,0,0,0,0,0,0,0,0,0,0,0,0
21673,2,13,1,21,60,7,0,0,-1,0,134296,8,0,75,0,0,0,0,0,0,0,0,0,0,0,0,0,0,64,0,0,0,0,120,0,0,0,0
21674,4,4,2,10,60,0,0,0,-1,0,132965,11,0,55,0,0,0,0,0,0,0,535,0,0,0,0,0,0,0,0,0,0,0,0,0,0,0,0
21675,4,2,8,6,60,0,0,0,-1,0,132504,7,0,40,0,0,0,0,0,0,0,126,0,0,0,0,0,0,0,0,0,0,0,0,0,0,0,0
21678,4,0,7,2,60,0,0,0,-1,0,133342,14,0,0,0,0,0,0,0,0,0,0,0,0,20,0,0,0,0,0,0,0,0,0,0,0,0,0
21679,2,8,1,17,60,1,0,0,-1,0,135366,9,0,120,0,0,0,0,0,0,0,0,0,0,0,0,0,0,209,0,0,0,0,315,0,0,0,0
21680,4,2,8,5,60,0,0,0,-1,0,132686,7,0,120,0,0,0,0,0,0,0,229,0,0,0,0,0,0,0,0,0,0,0,0,0,0,0,0
21682,4,2,8,10,60,0,0,0,-1,0,132955,7,0,40,0,0,0,0,0,0,0,143,0,0,20,0,0,0,0,0,0,0,0,0,0,0,0,0
21683,4,4,6,3,60,0,0,0,-1,0,135060,11,0,100,0,0,0,0,0,0,0,642,0,0,0,0,0,0,0,0,0,0,0,0,0,0,0,0
21684,4,3,5,3,60,0,0,0,-1,0,135059,10,0,85,0,0,0,0,0,0,0,362,0,0,0,0,0,0,0,0,0,0,0,0,0,0,0,0
21685,4,0,4,12,60,0,0,0,-1,0,133570,21,0,0,0,0,0,0,0,0,0,0,0,0,0,0,0,0,0,0,0,0,0,0,0,0,0,0
21687,4,0,4,11,60,0,0,0,-1,0,133366,14,0,0,0,0,0,0,0,0,0,0,0,0,0,0,20,0,0,0,0,0,0,0,0,0,0,0
21688,4,4,6,8,60,0,0,0,-1,0,132582,11,0,75,0,0,0,0,0,0,0,581,0,0,0,0,0,0,0,0,0,0,0,0,0,0,0,0
21689,4,2,8,10,60,0,0,0,-1,0,132957,7,0,40,0,0,0,0,0,0,0,139,0,0,0,0,0,0,0,0,0,0,0,0,0,0,0,0
21690,4,0,4,2,60,0,0,0,-1,0,133307,14,0,0,0,0,0,0,0,0,0,0,0,0,0,0,0,0,0,0,0,0,0,0,0,0,0,0
21691,4,4,6,10,60,0,0,0,-1,0,132945,11,0,55,0,0,0,0,0,0,0,529,0,0,25,0,0,0,0,0,0,0,0,0,0,0,0,0
21692,4,4,6,6,60,0,0,0,-1,0,132507,11,0,55,0,0,0,0,0,0,0,476,0,0,0,0,0,0,0,0,0,0,0,0,0,0,0,0
21693,4,2,8,1,60,0,0,0,-1,0,133074,7,0,70,0,0,0,0,0,0,0,180,0,0,0,0,0,0,0,0,0,0,0,0,0,0,0,0
21698,4,2,8,7,60,0,0,0,-1,0,134636,7,0,90,0,0,0,0,0,0,0,190,0,0,0,0,0,0,0,0,0,0,0,0,0,0,0,0
21699,4,3,5,3,60,0,0,0,-1,0,135045,10,0,85,0,0,0,0,0,0,0,348,0,0,0,0,0,0,0,0,0,0,0,0,0,0,0,0
21701,4,1,7,16,60,0,0,0,-1,0,133754,7,0,0,0,0,0,0,0,0,0,56,0,0,0,0,0,0,0,0,0,0,0,0,0,0,0,0
21702,4,0,4,2,60,0,0,0,-1,0,133299,14,0,0,0,0,0,0,0,0,0,0,0,0,20,0,0,0,0,0,0,0,0,0,0,0,0,0
21703,2,5,1,17,60,1,0,0,-1,0,133498,9,0,120,0,0,0,0,0,0,0,0,0,0,0,0,0,0,198,0,0,0,0,297,0,0,0,0
21704,4,4,6,8,60,0,0,0,-1,0,132589,11,0,75,0,0,0,0,0,0,0,567,0,0,0,0,0,0,0,0,0,0,0,0,0,0,0,0
21705,4,3,5,8,60,0,0,0,-1,0,132549,10,0,70,0,0,0,0,0,0,0,319,0,0,0,0,0,0,0,0,0,0,0,0,0,0,0,0
21706,4,4,6,8,60,0,0,0,-1,0,132587,11,0,75,0,0,0,0,0,0,0,567,0,0,0,0,0,0,0,0,0,0,0,0,0,0,0,0
21708,4,2,8,9,60,0,0,0,-1,0,132611,7,0,40,0,0,0,0,0,0,0,95,0,0,15,0,0,0,0,0,0,0,0,0,0,0,0,0
21709,4,0,4,11,60,0,0,0,-1,0,133424,14,0,0,0,0,0,0,0,0,0,0,0,0,0,0,0,0,0,0,0,0,0,0,0,0,0,0
21710,4,1,7,16,60,0,0,0,-1,0,133762,7,0,0,0,0,0,0,0,0,0,66,0,0,0,0,0,0,0,0,0,0,0,0,0,0,0,0
21715,2,4,1,13,60,3,0,0,-1,0,133501,8,0,105,0,0,0,0,0,0,0,0,0,0,0,0,0,0,97,0,0,0,0,181,0,0,0,0
21800,2,3,1,26,60,0,0,0,-1,0,135619,8,0,75,3,0,0,0,0,0,0,0,0,0,0,0,0,0,68,0,0,0,0,128,0,0,0,0
21801,2,19,2,26,60,0,0,0,-1,0,135466,21,0,65,0,0,3,0,0,0,0,0,0,0,0,0,0,0,80,0,0,0,0,149,0,0,0,0
21802,2,15,1,21,60,3,0,0,-1,0,135342,8,0,65,0,0,0,0,0,0,0,0,0,0,0,0,0,0,47,0,0,0,0,88,0,0,0,0
21803,4,4,6,1,60,0,0,0,-1,0,133071,9,0,80,0,0,0,0,0,0,0,574,0,0,0,0,0,0,0,0,0,0,0,0,0,0,0,0
21804,4,3,5,1,60,0,0,0,-1,0,133126,11,0,70,0,0,0,0,0,0,0,323,0,0,0,0,0,0,0,0,0,0,0,0,0,0,0,0
21805,4,4,6,3,60,0,0,0,-1,0,135057,11,0,80,0,0,0,0,0,0,0,530,0,0,0,0,0,0,0,0,0,0,0,0,0,0,0,0
21806,2,5,1,17,60,1,0,0,-1,0,133041,9,0,100,0,0,0,0,0,0,0,0,0,0,0,0,0,0,108,0,0,0,0,162,0,0,0,0
21814,4,4,6,5,60,0,0,0,-1,0,132737,11,0,165,0,0,0,0,0,0,0,824,0,0,0,0,0,0,0,0,0,0,0,0,0,0,0,0
21836,4,0,4,11,60,0,0,0,-1,0,133376,14,0,0,0,0,0,0,0,0,0,0,0,0,0,0,0,0,0,0,0,0,0,0,0,0,0,0
21837,2,4,1,13,60,3,0,0,-1,0,133048,8,0,105,0,0,0,0,0,0,0,0,0,0,0,0,0,0,66,0,0,0,0,123,0,0,0,0
21839,2,4,1,21,60,3,0,0,-1,0,133474,8,0,105,0,0,0,0,0,0,0,0,0,0,0,0,0,0,83,0,0,0,0,156,0,0,0,0
21856,2,1,1,17,60,1,0,0,-1,0,132400,9,0,120,0,0,0,0,0,0,0,0,0,0,0,0,0,0,202,0,0,0,0,303,0,0,0,0
21889,4,4,6,10,60,0,0,0,-1,0,132953,8,0,55,0,0,0,0,0,0,0,529,0,0,0,0,0,0,0,0,0,0,0,0,0,0,0,0
21890,4,3,5,10,60,0,0,0,-1,0,132945,10,0,50,0,0,0,0,0,0,0,298,0,0,0,0,0,0,0,0,0,0,0,0,0,0,0,0
21891,4,0,1,12,60,0,0,0,-1,0,133573,14,0,0,0,0,0,0,0,0,0,0,0,0,0,0,0,0,0,0,0,0,0,0,0,0,0,0
21994,4,4,6,6,0,0,0,0,-1,0,132523,11,0,45,0,0,0,0,0,0,0,380,0,0,0,0,0,0,0,0,0,0,0,0,0,0,0,0
21995,4,4,6,8,0,0,0,0,-1,0,132584,11,0,75,0,0,0,0,0,0,0,470,0,0,0,0,0,0,0,0,0,0,0,0,0,0,0,0
21996,4,4,6,9,0,0,0,0,-1,0,132617,11,0,45,0,0,0,0,0,0,0,296,0,0,0,0,0,0,0,0,0,0,0,0,0,0,0,0
21997,4,4,6,5,0,0,0,0,-1,0,132738,11,0,165,0,0,0,0,0,0,0,684,0,0,0,0,0,0,0,0,0,0,0,0,0,0,0,0
21998,4,4,6,10,0,0,0,0,-1,0,132960,11,0,55,0,0,0,0,0,0,0,393,0,0,0,0,0,0,0,0,0,0,0,0,0,0,0,0
21999,4,4,6,1,0,0,0,0,-1,0,133070,11,0,100,0,0,0,0,0,0,0,556,0,0,0,0,0,0,0,0,0,0,0,0,0,0,0,0
22000,4,4,6,7,0,0,0,0,-1,0,134584,11,0,100,0,0,0,0,0,0,0,601,0,0,0,0,0,0,0,0,0,0,0,0,0,0,0,0
22001,4,4,6,3,0,0,0,0,-1,0,135061,11,0,80,0,0,0,0,0,0,0,507,0,0,0,0,0,0,0,0,0,0,0,0,0,0,0,0
22002,4,2,8,6,0,0,0,0,-1,0,132492,7,0,35,0,0,0,0,0,0,0,102,0,0,0,0,0,0,0,0,0,0,0,0,0,0,0,0
22003,4,2,8,8,0,0,0,0,-1,0,132542,7,0,60,0,0,0,0,0,0,0,127,0,0,0,0,0,0,0,0,0,0,0,0,0,0,0,0
22004,4,2,8,9,0,0,0,0,-1,0,132606,7,0,35,0,0,0,0,0,0,0,79,0,0,0,0,0,0,0,0,0,0,0,0,0,0,0,0
22005,4,2,8,1,0,0,0,0,-1,0,133143,7,0,70,0,0,0,0,0,0,0,150,0,0,0,0,0,0,0,0,0,0,0,0,0,0,0,0
22006,4,2,8,10,0,0,0,0,-1,0,132958,7,0,40,0,0,0,0,0,0,0,108,0,0,0,0,0,0,0,0,0,0,0,0,0,0,0,0
22007,4,2,8,7,0,0,0,0,-1,0,134582,7,0,75,0,0,0,0,0,0,0,160,0,0,0,0,0,0,0,0,0,0,0,0,0,0,0,0
22008,4,2,8,3,0,0,0,0,-1,0,135038,7,0,60,0,0,0,0,0,0,0,136,0,0,0,0,0,0,0,0,0,0,0,0,0,0,0,0
22009,4,2,8,5,0,0,0,0,-1,0,132722,7,0,120,0,0,0,0,0,0,0,185,0,0,0,0,0,0,0,0,0,0,0,0,0,0,0,0
22010,4,3,5,6,0,0,0,0,-1,0,132517,10,0,40,0,0,0,0,0,0,0,214,0,0,0,0,0,0,0,0,0,0,0,0,0,0,0,0
22011,4,3,5,9,0,0,0,0,-1,0,132616,10,0,40,0,0,0,0,0,0,0,167,0,0,0,0,0,0,0,0,0,0,0,0,0,0,0,0
22013,4,3,5,1,0,0,0,0,-1,0,133126,10,0,85,0,0,0,0,0,0,0,314,0,0,0,0,0,0,0,0,0,0,0,0,0,0,0,0
22015,4,3,5,10,0,0,0,0,-1,0,132944,10,0,50,0,0,0,0,0,0,0,223,0,0,0,0,0,0,0,0,0,0,0,0,0,0,0,0
22016,4,3,5,3,0,0,0,0,-1,0,135041,10,0,70,0,0,0,0,0,0,0,286,0,0,0,0,0,0,0,0,0,0,0,0,0,0,0,0
22017,4,3,5,7,0,0,0,0,-1,0,134583,10,0,90,0,0,0,0,0,0,0,339,0,0,0,0,0,0,0,0,0,0,0,0,0,0,0,0
22060,4,3,5,5,0,0,0,0,-1,0,132625,10,0,140,0,0,0,0,0,0,0,387,0,0,0,0,0,0,0,0,0,0,0,0,0,0,0,0
22061,4,3,5,8,0,0,0,0,-1,0,132588,10,0,70,0,0,0,0,0,0,0,266,0,0,0,0,0,0,0,0,0,0,0,0,0,0,0,0
22086,4,4,6,6,0,0,0,0,-1,0,132500,11,0,45,0,0,0,0,0,0,0,380,0,0,0,0,0,0,0,0,0,0,0,0,0,0,0,0
22088,4,4,6,9,0,0,0,0,-1,0,132613,11,0,45,0,0,0,0,0,0,0,296,0,0,0,0,0,0,0,0,0,0,0,0,0,0,0,0
22090,4,4,6,10,0,0,0,0,-1,0,132953,11,0,55,0,0,0,0,0,0,0,393,0,0,0,0,0,0,0,0,0,0,0,0,0,0,0,0
22091,4,4,6,1,0,0,0,0,-1,0,133076,11,0,100,0,0,0,0,0,0,0,556,0,0,0,0,0,0,0,0,0,0,0,0,0,0,0,0
22093,4,4,6,3,0,0,0,0,-1,0,135041,11,0,80,0,0,0,0,0,0,0,507,0,0,0,0,0,0,0,0,0,0,0,0,0,0,0,0
22095,4,3,5,9,0,0,0,0,-1,0,132601,10,0,40,0,0,0,0,0,0,0,167,0,0,0,0,0,0,0,0,0,0,0,0,0,0,0,0
22096,4,3,5,8,0,0,0,0,-1,0,132592,10,0,70,0,0,0,0,0,0,0,266,0,0,0,0,0,0,0,0,0,0,0,0,0,0,0,0
22097,4,3,5,1,0,0,0,0,-1,0,133072,10,0,85,0,0,0,0,0,0,0,314,0,0,0,0,0,0,0,0,0,0,0,0,0,0,0,0
22098,4,3,5,6,0,0,0,0,-1,0,132505,10,0,40,0,0,0,0,0,0,0,214,0,0,0,0,0,0,0,0,0,0,0,0,0,0,0,0
22099,4,3,5,10,0,0,0,0,-1,0,132945,10,0,50,0,0,0,0,0,0,0,223,0,0,0,0,0,0,0,0,0,0,0,0,0,0,0,0
22101,4,3,5,3,0,0,0,0,-1,0,135060,10,0,70,0,0,0,0,0,0,0,286,0,0,0,0,0,0,0,0,0,0,0,0,0,0,0,0
22102,4,3,5,5,0,0,0,0,-1,0,132633,10,0,140,0,0,0,0,0,0,0,387,0,0,0,0,0,0,0,0,0,0,0,0,0,0,0,0
22106,4,2,8,6,0,0,0,0,-1,0,132504,7,0,35,0,0,0,0,0,0,0,102,0,0,0,0,0,0,0,0,0,0,0,0,0,0,0,0
22108,4,2,8,9,0,0,0,0,-1,0,132608,7,0,35,0,0,0,0,0,0,0,79,0,0,0,0,0,0,0,0,0,0,0,0,0,0,0,0
22109,4,2,8,1,0,0,0,0,-1,0,133129,7,0,70,0,0,0,0,0,0,0,150,0,0,0,0,0,0,0,0,0,0,0,0,0,0,0,0
22110,4,2,8,10,0,0,0,0,-1,0,132951,7,0,40,0,0,0,0,0,0,0,108,0,0,0,0,0,0,0,0,0,0,0,0,0,0,0,0
22111,4,2,8,7,0,0,0,0,-1,0,134588,7,0,75,0,0,0,0,0,0,0,160,0,0,0,0,0,0,0,0,0,0,0,0,0,0,0,0
22112,4,2,8,3,0,0,0,0,-1,0,135032,7,0,60,0,0,0,0,0,0,0,136,0,0,0,0,0,0,0,0,0,0,0,0,0,0,0,0
22113,4,2,8,5,0,0,0,0,-1,0,132741,7,0,120,0,0,0,0,0,0,0,185,0,0,0,0,0,0,0,0,0,0,0,0,0,0,0,0
22149,4,0,3,2,0,0,0,0,-1,0,133280,14,0,0,0,0,0,0,0,0,0,0,0,0,0,0,0,0,0,0,0,0,0,0,0,0,0,0
22191,4,3,5,5,60,0,0,0,-1,0,132639,10,0,140,0,0,0,0,0,0,0,458,0,0,0,0,0,0,0,0,0,0,0,0,0,0,0,0
22194,4,3,5,10,60,0,0,0,-1,0,132965,10,0,50,0,0,0,0,0,0,0,279,0,0,0,0,0,0,0,0,0,0,0,0,0,0,0,0
22195,4,3,0,6,60,0,0,0,-1,0,132505,10,0,40,0,0,0,0,0,0,0,224,0,0,0,0,0,0,0,0,0,0,0,0,0,0,0,0
22196,4,4,5,5,60,0,0,0,-1,0,132639,10,0,165,0,0,0,0,0,0,0,814,0,0,0,0,0,0,0,0,0,0,0,0,0,0,0,0
22197,4,4,0,6,60,0,0,0,-1,0,132505,11,0,45,0,0,0,0,0,0,0,397,0,0,0,0,0,0,0,0,0,0,0,0,0,0,0,0
22198,4,6,6,14,60,4,0,0,-1,0,134968,9,0,120,0,0,0,0,0,0,0,2645,0,0,0,0,0,0,0,0,0,0,0,0,0,0,0,0
22204,4,2,8,9,55,0,0,0,-1,0,132609,7,0,35,0,0,0,0,0,0,0,74,0,0,0,0,0,0,0,0,0,0,0,0,0,0,0,0
22208,2,5,1,17,53,1,0,0,-1,0,133047,11,0,100,0,0,0,0,0,0,0,0,0,0,0,0,0,0,135,0,0,0,0,203,0,0,0,0
22212,4,3,5,3,51,0,0,0,-1,0,135047,10,0,70,0,0,0,0,0,0,0,250,0,0,0,0,0,0,0,0,0,0,0,0,0,0,0,0
22223,4,4,6,1,50,0,0,0,-1,0,133122,11,0,80,0,0,0,0,0,0,0,469,0,0,0,0,0,0,0,0,0,0,0,0,0,0,0,0
22232,4,3,5,6,56,0,0,0,-1,0,132507,10,0,40,0,0,0,0,0,0,0,202,0,0,0,0,0,0,0,0,0,0,0,0,0,0,0,0
22240,4,3,5,8,48,0,0,0,-1,0,132547,10,0,60,0,0,0,0,0,0,0,218,0,0,0,0,0,0,0,0,0,0,0,0,0,0,0,0
22241,4,2,8,3,52,0,0,0,-1,0,135038,7,0,60,0,0,0,0,0,0,0,122,0,0,0,0,0,0,0,0,0,0,0,0,0,0,0,0
22242,4,3,5,6,51,0,0,0,-1,0,132507,10,0,40,0,0,0,0,0,0,0,187,0,0,0,0,0,0,0,0,0,0,0,0,0,0,0,0
22253,4,0,8,23,58,0,0,0,-1,0,133738,19,0,0,0,0,0,0,0,0,0,0,0,0,0,0,0,0,0,0,0,0,0,0,0,0,0,0
22254,2,19,2,26,52,0,0,0,-1,0,135464,21,0,65,0,0,1,0,0,0,0,0,0,0,0,0,0,0,58,0,0,0,0,109,0,0,0,0
22255,4,0,1,11,52,0,0,0,-1,0,133346,14,0,0,0,0,0,0,0,0,0,0,0,0,0,0,0,0,0,0,0,0,0,0,0,0,0,0
22257,4,0,4,11,52,0,0,0,-1,0,133378,14,0,0,0,0,0,0,0,0,0,0,0,0,0,0,0,0,0,0,0,0,0,0,0,0,0,0
22266,2,15,1,13,52,7,0,0,-1,0,135124,8,0,65,0,0,0,0,0,0,0,0,0,0,0,0,0,0,47,0,0,0,0,88,0,0,0,0
22268,4,0,3,12,58,0,0,0,-1,0,133442,14,0,0,0,0,0,0,0,0,0,0,0,0,0,0,0,0,0,0,0,0,0,0,0,0,0,0
22270,4,4,6,8,50,0,0,0,-1,0,132583,11,0,65,0,0,0,0,0,0,0,397,0,0,0,0,0,0,0,0,0,0,0,0,0,0,0,0
22271,4,2,8,7,52,0,0,0,-1,0,134646,7,0,75,0,0,0,0,0,0,0,142,0,0,0,0,0,0,0,0,0,0,0,0,0,0,0,0
22272,4,2,8,5,0,0,0,0,-1,0,132723,7,0,100,0,0,0,0,0,0,0,151,0,0,0,0,0,0,0,0,0,0,0,0,0,0,0,0
22275,4,2,8,8,52,0,0,0,-1,0,132542,7,0,50,0,0,0,0,0,0,0,112,0,0,0,0,0,0,0,0,0,0,0,0,0,0,0,0
22314,2,6,1,17,56,1,0,0,-1,0,135129,9,0,100,0,0,0,0,0,0,0,0,0,0,0,0,0,0,150,0,0,0,0,226,0,0,0,0
22315,2,4,2,21,56,3,0,0,-1,0,133039,8,0,90,0,0,0,0,0,0,0,0,0,0,0,0,0,0,75,0,0,0,0,141,0,0,0,0
22317,2,13,1,13,56,7,0,0,-1,0,132945,8,0,65,0,0,0,0,0,0,0,0,0,0,0,0,0,0,42,0,0,0,0,78,0,0,0,0
22318,2,2,2,15,56,0,0,0,-1,0,135500,13,0,75,2,0,0,0,0,0,0,0,0,0,0,0,0,0,63,0,0,0,0,118,0,0,0,0
22319,4,0,8,23,56,7,0,0,-1,0,133739,19,0,0,0,0,0,0,0,0,0,0,0,0,0,0,0,0,0,0,0,0,0,0,0,0,0,0
22322,2,4,2,13,56,3,0,0,-1,0,133490,8,0,90,0,0,0,0,0,0,0,0,0,0,0,0,0,0,45,0,0,0,0,84,0,0,0,0
22325,4,2,8,6,56,0,0,0,-1,0,132515,7,0,35,0,0,0,0,0,0,0,97,0,0,0,0,0,0,0,0,0,0,0,0,0,0,0,0
22326,4,0,5,11,58,0,0,0,-1,0,133361,14,0,0,0,0,0,0,0,0,0,0,0,0,0,0,0,0,0,0,0,0,0,0,0,0,0,0
22327,4,0,3,2,58,0,0,0,-1,0,133295,14,0,0,0,0,0,0,0,0,0,0,0,0,0,0,0,0,0,0,0,0,0,0,0,0,0,0
22329,4,0,8,23,58,0,0,0,-1,0,135469,19,0,0,0,0,0,0,0,0,0,0,0,0,0,0,0,0,0,0,0,0,0,0,0,0,0,0
22330,4,1,7,16,56,0,0,0,-1,0,133768,7,0,0,0,0,0,0,0,0,0,43,0,0,0,0,0,0,0,0,0,0,0,0,0,0,0,0
22331,4,0,3,11,57,0,0,0,-1,0,133375,14,0,0,0,0,0,0,0,0,0,0,0,0,0,0,0,0,0,0,0,0,0,0,0,0,0,0
22332,2,7,1,21,57,3,0,0,-1,0,135326,8,0,90,0,0,0,0,0,0,0,0,0,0,0,0,0,0,42,0,0,0,0,80,0,0,0,0
22333,2,5,1,17,57,1,0,0,-1,0,133041,9,0,100,0,0,0,0,0,0,0,0,0,0,0,0,0,0,89,0,0,0,0,134,0,0,0,0
22334,4,0,5,11,57,0,0,0,-1,0,133347,14,0,0,0,0,0,0,0,0,0,0,0,0,0,0,0,0,0,0,0,0,0,0,0,0,0,0
22335,2,10,2,17,58,2,0,0,-1,0,135144,13,0,100,0,0,0,0,0,0,0,0,0,0,0,0,0,0,90,0,0,0,0,136,0,0,0,0
22336,4,6,1,14,58,4,0,0,-1,0,134948,9,0,100,0,0,0,0,0,0,0,2153,0,0,0,0,0,0,0,0,0,0,0,0,0,0,0,0
22339,4,0,5,11,58,0,0,0,-1,0,133377,14,0,0,0,0,0,0,0,0,0,0,0,0,0,0,0,0,0,0,0,0,0,0,0,0,0,0
22340,4,0,3,2,58,0,0,0,-1,0,133291,14,0,0,0,0,0,0,0,0,0,0,0,0,0,0,0,0,0,0,0,0,0,0,0,0,0,0
22347,2,18,2,26,0,0,0,0,-1,0,135533,12,0,75,2,0,0,0,0,0,0,0,0,0,0,0,0,0,85,0,0,0,0,128,0,0,0,0
22348,2,5,1,17,0,1,0,0,-1,0,133047,9,0,100,0,0,0,0,0,0,0,0,0,0,0,0,0,0,158,0,0,0,0,265,0,0,0,0
22377,2,15,1,13,0,3,0,0,-1,0,135315,8,0,65,0,0,0,0,0,0,0,0,0,0,0,0,0,0,53,0,0,0,0,100,0,0,0,0
22378,2,7,1,13,0,3,0,0,-1,0,135348,8,0,90,0,0,0,0,0,0,0,0,0,0,0,0,0,0,83,0,0,0,0,156,0,0,0,0
22379,2,15,1,21,0,3,0,0,-1,0,135322,8,0,65,0,0,0,0,0,0,0,0,0,0,0,0,0,0,44,0,0,0,0,84,0,0,0,0
22380,2,4,1,21,0,3,0,0,-1,0,133042,8,0,90,0,0,0,0,0,0,0,0,0,0,0,0,0,0,53,0,0,0,0,100,0,0,0,0
22383,2,7,0,21,59,3,0,0,-1,0,135361,8,0,105,0,0,0,0,0,0,0,0,0,0,0,0,0,0,58,0,0,0,0,109,0,0,0,0
22384,2,4,1,21,58,3,0,0,-1,0,133045,8,0,105,0,0,0,0,0,0,0,0,0,0,0,0,0,0,86,0,0,0,0,161,0,0,0,0
22385,4,4,6,7,55,0,0,0,-1,0,134584,11,0,120,0,0,0,0,0,0,0,598,0,0,0,0,0,0,0,0,0,0,0,0,0,0,0,0
22394,2,10,2,17,57,2,0,0,-1,0,135166,13,0,100,0,0,0,0,0,0,0,0,0,0,0,0,0,0,89,0,0,0,0,134,0,0,0,0
22403,4,0,3,2,56,0,0,0,-1,0,133297,14,0,0,0,0,0,0,0,0,0,0,0,0,0,0,0,0,0,0,0,0,0,0,0,0,0,0
22404,2,13,1,21,56,7,0,0,-1,0,135652,8,0,65,0,0,0,0,0,0,0,0,0,0,0,0,0,0,73,0,0,0,0,136,0,0,0,0
22406,2,10,2,17,56,2,0,0,-1,0,135160,13,0,100,0,0,0,0,0,0,0,0,0,0,0,0,0,0,87,0,0,0,0,132,0,0,0,0
22408,2,19,2,26,58,0,0,0,-1,0,135469,21,0,65,0,0,5,0,0,0,0,0,0,0,0,0,0,0,58,0,0,0,0,108,0,0,0,0
22409,4,2,8,5,58,0,0,0,-1,0,132723,7,0,100,0,0,0,0,0,0,0,176,0,0,0,0,0,0,0,0,0,0,0,0,0,0,0,0
22411,4,4,6,1,58,0,0,0,-1,0,133069,11,0,80,0,0,0,0,0,0,0,534,0,0,0,0,0,0,0,0,0,0,0,0,0,0,0,0
22416,4,4,1,5,60,0,0,0,-1,0,132737,9,0,165,0,0,0,0,0,0,0,1027,0,0,0,0,0,0,0,0,0,0,0,0,0,0,0,0
22417,4,4,1,7,60,0,0,0,-1,0,134681,9,0,120,0,0,0,0,0,0,0,861,0,0,0,0,0,0,0,0,0,0,0,0,0,0,0,0
22418,4,4,1,1,60,0,0,0,-1,0,133160,9,0,100,0,0,0,0,0,0,0,800,0,0,0,0,0,0,0,0,0,0,0,0,0,0,0,0
22419,4,4,1,3,60,0,0,0,-1,0,135060,9,0,100,0,0,0,0,0,0,0,722,0,0,0,0,0,0,0,0,0,0,0,0,0,0,0,0
22420,4,4,1,8,60,0,0,0,-1,0,132587,9,0,75,0,0,0,0,0,0,0,662,0,0,0,0,0,0,0,0,0,0,0,0,0,0,0,0
22421,4,4,1,10,60,0,0,0,-1,0,132962,9,0,55,0,0,0,0,0,0,0,615,0,0,0,0,0,0,0,0,0,0,0,0,0,0,0,0
22422,4,4,1,6,60,0,0,0,-1,0,132516,9,0,55,0,0,0,0,0,0,0,554,0,0,0,0,0,0,0,0,0,0,0,0,0,0,0,0
22423,4,4,1,9,60,0,0,0,-1,0,132614,9,0,55,0,0,0,0,0,0,0,431,0,0,0,0,0,0,0,0,0,0,0,0,0,0,0,0
22424,4,4,1,9,60,0,0,0,-1,0,132601,9,0,55,0,0,0,0,0,0,0,431,0,0,0,0,0,0,0,0,0,0,0,0,0,0,0,0
22425,4,4,1,5,60,0,0,0,-1,0,132637,9,0,165,0,0,0,0,0,0,0,1027,0,0,0,0,0,0,0,0,0,0,0,0,0,0,0,0
22426,4,4,1,10,60,0,0,0,-1,0,132959,9,0,55,0,0,0,0,0,0,0,615,0,0,0,0,0,0,0,0,0,0,0,0,0,0,0,0
22427,4,4,1,7,60,0,0,0,-1,0,134667,9,0,120,0,0,0,0,0,0,0,861,0,0,0,0,0,0,0,0,0,0,0,0,0,0,0,0
22428,4,4,1,1,60,0,0,0,-1,0,133117,9,0,100,0,0,0,0,0,0,0,800,0,0,0,0,0,0,0,0,0,0,0,0,0,0,0,0
22429,4,4,1,3,60,0,0,0,-1,0,135045,9,0,100,0,0,0,0,0,0,0,722,0,0,0,0,0,0,0,0,0,0,0,0,0,0,0,0
22430,4,4,1,8,60,0,0,0,-1,0,132548,9,0,75,0,0,0,0,0,0,0,662,0,0,0,0,0,0,0,0,0,0,0,0,0,0,0,0
22431,4,4,1,6,60,0,0,0,-1,0,132511,9,0,55,0,0,0,0,0,0,0,554,0,0,0,0,0,0,0,0,0,0,0,0,0,0,0,0
22436,4,3,5,5,60,0,0,0,-1,0,132637,11,0,140,0,0,0,0,0,0,0,576,0,0,0,0,0,0,0,0,0,0,0,0,0,0,0,0
22437,4,3,5,7,60,0,0,0,-1,0,134667,11,0,105,0,0,0,0,0,0,0,484,0,0,0,0,0,0,0,0,0,0,0,0,0,0,0,0
22438,4,3,5,1,60,0,0,0,-1,0,133117,11,0,85,0,0,0,0,0,0,0,449,0,0,0,0,0,0,0,0,0,0,0,0,0,0,0,0
22439,4,3,5,3,60,0,0,0,-1,0,135045,11,0,85,0,0,0,0,0,0,0,406,0,0,0,0,0,0,0,0,0,0,0,0,0,0,0,0
22440,4,3,5,8,60,0,0,0,-1,0,132548,11,0,70,0,0,0,0,0,0,0,372,0,0,0,0,0,0,0,0,0,0,0,0,0,0,0,0
22441,4,3,5,10,60,0,0,0,-1,0,132959,11,0,50,0,0,0,0,0,0,0,346,0,0,0,0,0,0,0,0,0,0,0,0,0,0,0,0
22442,4,3,5,6,60,0,0,0,-1,0,132511,11,0,50,0,0,0,0,0,0,0,311,0,0,0,0,0,0,0,0,0,0,0,0,0,0,0,0
22443,4,3,5,9,60,0,0,0,-1,0,132601,11,0,50,0,0,0,0,0,0,0,242,0,0,0,0,0,0,0,0,0,0,0,0,0,0,0,0
22458,2,10,2,17,0,2,0,0,-1,0,135165,13,0,100,0,0,0,0,0,0,0,0,0,0,0,0,0,0,133,0,0,0,0,200,0,0,0,0
22464,4,3,5,5,60,0,0,0,-1,0,132637,10,0,140,0,0,0,0,0,0,0,576,0,0,0,0,0,0,0,0,0,0,0,0,0,0,0,0
22465,4,3,5,7,60,0,0,0,-1,0,134667,10,0,105,0,0,0,0,0,0,0,484,0,0,0,0,0,0,0,0,0,0,0,0,0,0,0,0
22466,4,3,5,1,60,0,0,0,-1,0,133117,10,0,85,0,0,0,0,0,0,0,449,0,0,0,0,0,0,0,0,0,0,0,0,0,0,0,0
22467,4,3,5,3,60,0,0,0,-1,0,135045,10,0,85,0,0,0,0,0,0,0,406,0,0,0,0,0,0,0,0,0,0,0,0,0,0,0,0
22468,4,3,5,8,60,0,0,0,-1,0,132548,10,0,70,0,0,0,0,0,0,0,372,0,0,0,0,0,0,0,0,0,0,0,0,0,0,0,0
22469,4,3,5,10,60,0,0,0,-1,0,132959,10,0,50,0,0,0,0,0,0,0,346,0,0,0,0,0,0,0,0,0,0,0,0,0,0,0,0
22470,4,3,5,6,60,0,0,0,-1,0,132511,10,0,50,0,0,0,0,0,0,0,311,0,0,0,0,0,0,0,0,0,0,0,0,0,0,0,0
22471,4,3,5,9,60,0,0,0,-1,0,132601,10,0,50,0,0,0,0,0,0,0,242,0,0,0,0,0,0,0,0,0,0,0,0,0,0,0,0
22476,4,2,8,5,60,0,0,0,-1,0,132737,10,0,120,0,0,0,0,0,0,0,262,0,0,0,0,0,0,0,0,0,0,0,0,0,0,0,0
22477,4,2,8,7,60,0,0,0,-1,0,134681,10,0,90,0,0,0,0,0,0,0,221,0,0,0,0,0,0,0,0,0,0,0,0,0,0,0,0
22478,4,2,8,1,60,0,0,0,-1,0,133160,10,0,70,0,0,0,0,0,0,0,205,0,0,0,0,0,0,0,0,0,0,0,0,0,0,0,0
22479,4,2,8,3,60,0,0,0,-1,0,135060,10,0,70,0,0,0,0,0,0,0,186,0,0,0,0,0,0,0,0,0,0,0,0,0,0,0,0
22480,4,2,8,8,60,0,0,0,-1,0,132587,10,0,60,0,0,0,0,0,0,0,171,0,0,0,0,0,0,0,0,0,0,0,0,0,0,0,0
22481,4,2,8,10,60,0,0,0,-1,0,132962,10,0,40,0,0,0,0,0,0,0,158,0,0,0,0,0,0,0,0,0,0,0,0,0,0,0,0
22482,4,2,8,6,60,0,0,0,-1,0,132516,10,0,40,0,0,0,0,0,0,0,142,0,0,0,0,0,0,0,0,0,0,0,0,0,0,0,0
22483,4,2,8,9,60,0,0,0,-1,0,132614,10,0,40,0,0,0,0,0,0,0,111,0,0,0,0,0,0,0,0,0,0,0,0,0,0,0,0
22488,4,2,8,5,60,0,0,0,-1,0,132637,7,0,120,0,0,0,0,0,0,0,262,0,0,0,0,0,0,0,0,0,0,0,0,0,0,0,0
22489,4,2,8,7,60,0,0,0,-1,0,134667,7,0,90,0,0,0,0,0,0,0,221,0,0,0,0,0,0,0,0,0,0,0,0,0,0,0,0
22490,4,2,8,1,60,0,0,0,-1,0,133117,7,0,70,0,0,0,0,0,0,0,205,0,0,0,0,0,0,0,0,0,0,0,0,0,0,0,0
22491,4,2,8,3,60,0,0,0,-1,0,135045,7,0,70,0,0,0,0,0,0,0,186,0,0,0,0,0,0,0,0,0,0,0,0,0,0,0,0
22492,4,2,8,8,60,0,0,0,-1,0,132548,7,0,60,0,0,0,0,0,0,0,171,0,0,0,0,0,0,0,0,0,0,0,0,0,0,0,0
22493,4,2,8,10,60,0,0,0,-1,0,132959,7,0,40,0,0,0,0,0,0,0,158,0,0,0,0,0,0,0,0,0,0,0,0,0,0,0,0
22494,4,2,8,6,60,0,0,0,-1,0,132511,7,0,40,0,0,0,0,0,0,0,142,0,0,0,0,0,0,0,0,0,0,0,0,0,0,0,0
22495,4,2,8,9,60,0,0,0,-1,0,132601,7,0,40,0,0,0,0,0,0,0,111,0,0,0,0,0,0,0,0,0,0,0,0,0,0,0,0
22589,2,10,2,17,60,2,0,0,-1,0,135226,13,0,145,0,0,0,0,0,0,0,0,0,0,0,0,0,0,225,0,0,0,0,338,0,0,0,0
22651,4,4,6,7,60,0,0,0,-1,0,134696,9,0,120,0,0,0,0,0,0,0,646,0,0,0,0,0,0,0,0,0,0,0,0,0,0,0,0
22656,2,3,1,26,0,0,0,0,-1,0,135615,8,0,90,3,0,0,0,0,0,0,0,0,0,0,0,0,0,71,0,0,0,0,132,0,0,0,0
22657,4,0,0,2,0,0,0,0,-1,0,133279,14,0,0,0,0,0,0,0,0,0,0,0,0,0,0,0,0,0,0,0,0,0,0,0,0,0,0
22658,4,1,7,16,60,0,0,0,-1,0,133768,7,0,0,0,0,0,0,0,0,0,61,0,0,0,24,0,0,0,0,0,0,0,0,0,0,0,0
22660,4,1,7,16,60,0,0,0,-1,0,133769,7,0,0,0,0,0,0,0,0,0,49,0,0,20,0,0,0,0,0,0,0,0,0,0,0,0,0
22661,4,2,7,5,60,0,0,0,-1,0,132649,7,0,120,0,0,0,0,0,0,0,234,0,0,0,40,0,0,0,0,0,0,0,0,0,0,0,0
22662,4,2,7,10,60,0,0,0,-1,0,132940,7,0,40,0,0,0,0,0,0,0,146,0,0,0,30,0,0,0,0,0,0,0,0,0,0,0,0
22663,4,2,7,9,60,0,0,0,-1,0,132606,7,0,40,0,0,0,0,0,0,0,102,0,0,0,20,0,0,0,0,0,0,0,0,0,0,0,0
22664,4,3,7,5,60,0,0,0,-1,0,132744,10,0,140,0,0,0,0,0,0,0,506,0,0,0,40,0,0,0,0,0,0,0,0,0,0,0,0
22665,4,3,7,9,60,0,0,0,-1,0,132606,10,0,50,0,0,0,0,0,0,0,221,0,0,0,20,0,0,0,0,0,0,0,0,0,0,0,0
22666,4,3,7,10,60,0,0,0,-1,0,132962,10,0,50,0,0,0,0,0,0,0,316,0,0,0,30,0,0,0,0,0,0,0,0,0,0,0,0
22668,4,2,8,9,0,0,0,0,-1,0,132603,7,0,40,0,0,0,0,0,0,0,81,0,0,0,0,0,0,0,0,0,0,0,0,0,0,0,0
22669,4,4,7,5,60,0,0,0,-1,0,132633,9,0,165,0,0,0,0,0,0,0,899,0,0,0,42,0,0,0,0,0,0,0,0,0,0,0,0
22670,4,4,7,10,60,0,0,0,-1,0,132962,9,0,55,0,0,0,0,0,0,0,562,0,0,0,32,0,0,0,0,0,0,0,0,0,0,0,0
22671,4,4,7,9,60,0,0,0,-1,0,132606,9,0,55,0,0,0,0,0,0,0,393,0,0,0,24,0,0,0,0,0,0,0,0,0,0,0,0
22673,4,3,5,7,60,0,0,0,-1,0,134583,11,0,105,0,0,0,0,0,0,0,364,0,0,0,0,0,0,0,0,0,0,0,0,0,0,0,0
22678,4,0,3,12,0,0,0,0,-1,0,134123,24,0,0,0,0,0,0,0,0,0,0,0,0,0,0,0,0,0,0,0,0,0,0,0,0,0,0
22688,2,15,1,21,0,3,0,0,-1,0,135639,8,0,65,0,0,0,0,0,0,0,0,0,0,0,0,0,0,42,0,0,0,0,79,0,0,0,0
22689,4,2,8,1,0,0,0,0,-1,0,133111,7,0,60,0,0,0,0,0,0,0,149,0,0,0,0,0,0,0,0,0,0,0,0,0,0,0,0
22690,4,3,5,7,0,0,0,0,-1,0,134583,11,0,90,0,0,0,0,0,0,0,339,0,0,0,0,0,0,0,0,0,0,0,0,0,0,0,0
22691,2,8,1,17,60,1,0,0,-1,0,135331,9,0,120,0,0,0,0,0,0,0,0,0,0,0,0,0,0,259,0,0,0,0,389,0,0,0,0
22699,4,4,6,7,0,0,0,0,-1,0,134584,11,0,120,0,0,0,0,0,0,0,787,0,0,0,40,0,0,0,0,0,0,0,0,0,0,0,0
22701,4,2,8,7,0,0,0,0,-1,0,134646,7,0,90,0,0,0,0,0,0,0,205,0,0,0,40,0,0,0,0,0,0,0,0,0,0,0,0
22702,4,3,5,7,0,0,0,0,-1,0,134667,10,0,105,0,0,0,0,0,0,0,443,0,0,0,40,0,0,0,0,0,0,0,0,0,0,0,0
22707,4,0,4,11,0,0,0,0,-1,0,133377,14,0,0,0,0,0,0,0,0,0,0,0,0,0,25,0,0,0,0,0,0,0,0,0,0,0,0
22711,4,1,7,16,60,0,0,0,-1,0,133768,7,0,0,0,0,0,0,0,0,0,48,0,0,0,0,0,0,0,0,0,0,0,0,0,0,0,0
22713,2,4,1,13,60,3,0,0,-1,0,135461,8,0,90,0,0,0,0,0,0,0,0,0,0,0,0,0,0,81,0,0,0,0,152,0,0,0,0
22714,4,4,6,10,60,0,0,0,-1,0,132965,8,0,45,0,0,0,0,0,0,0,441,0,0,0,0,0,0,0,0,0,0,0,0,0,0,0,0
22715,4,3,5,10,60,0,0,0,-1,0,132944,10,0,40,0,0,0,0,0,0,0,249,0,0,0,0,0,0,0,0,0,0,0,0,0,0,0,0
22718,4,2,8,1,60,0,0,0,-1,0,133143,7,0,60,0,0,0,0,0,0,0,153,0,0,0,0,0,0,0,0,0,0,0,0,0,0,0,0
22721,4,0,3,11,60,0,0,0,-1,0,133358,14,0,0,0,0,0,0,0,0,0,0,0,0,0,0,0,0,0,0,0,0,0,0,0,0,0,0
22725,4,0,4,11,0,0,0,0,-1,0,133353,14,0,0,0,0,0,0,0,0,0,0,0,0,19,0,0,0,0,0,0,0,0,0,0,0,0,0
22731,4,1,7,16,60,0,0,0,-1,0,133770,7,0,0,0,0,0,0,0,0,0,66,0,0,0,0,0,0,0,0,0,0,0,0,0,0,0,0
22732,4,0,4,2,60,0,0,0,-1,0,133342,14,0,0,0,0,0,0,0,0,0,0,0,0,0,0,0,0,0,0,0,0,0,0,0,0,0,0
22736,2,7,1,21,60,1,0,0,-1,0,135371,9,0,125,0,0,0,0,0,0,0,0,0,0,0,0,0,0,177,0,0,0,0,329,0,0,0,0
22740,4,2,8,7,60,0,0,0,-1,0,134637,7,0,90,0,0,0,0,0,0,0,173,0,0,0,0,0,0,0,0,0,0,0,0,0,0,0,0
22741,4,2,8,7,60,0,0,0,-1,0,134586,7,0,90,0,0,0,0,0,0,0,173,0,0,0,0,0,0,0,0,0,0,0,0,0,0,0,0
22753,4,4,6,7,60,0,0,0,-1,0,134691,9,0,120,0,0,0,0,0,0,0,646,0,0,0,0,0,0,0,0,0,0,0,0,0,0,0,0
22759,4,2,5,1,60,0,0,0,-1,0,133160,7,0,60,0,0,0,0,0,0,0,156,0,0,30,0,0,0,0,0,0,0,0,0,0,0,0,0
22760,4,2,5,8,60,0,0,0,-1,0,132561,7,0,50,0,0,0,0,0,0,0,132,0,0,25,0,0,0,0,0,0,0,0,0,0,0,0,0
22761,4,2,5,6,60,0,0,0,-1,0,132506,7,0,35,0,0,0,0,0,0,0,108,0,0,15,0,0,0,0,0,0,0,0,0,0,0,0,0
22762,4,4,5,5,60,0,0,0,-1,0,132742,9,0,135,0,0,0,0,0,0,0,726,0,0,30,0,0,0,0,0,0,0,0,0,0,0,0,0
22763,4,4,5,10,60,0,0,0,-1,0,132963,9,0,45,0,0,0,0,0,0,0,454,0,0,20,0,0,0,0,0,0,0,0,0,0,0,0,0
22764,4,4,5,6,60,0,0,0,-1,0,132510,8,0,45,0,0,0,0,0,0,0,408,0,0,15,0,0,0,0,0,0,0,0,0,0,0,0,0
22798,2,5,1,17,60,1,0,0,-1,0,133502,9,0,120,0,0,0,0,0,0,0,0,0,0,0,0,0,0,289,0,0,0,0,435,0,0,0,0
22799,2,10,2,17,60,2,0,0,-1,0,135152,13,0,120,0,0,0,0,0,0,0,0,0,0,0,0,0,0,243,0,0,0,0,366,0,0,0,0
22800,2,10,2,17,60,2,0,0,-1,0,135150,13,0,120,0,0,0,0,0,0,0,0,0,0,0,0,0,0,217,0,0,0,0,327,0,0,0,0
22801,2,10,2,17,60,2,0,0,-1,0,135168,13,0,120,0,0,0,0,0,0,0,0,0,0,0,0,0,0,217,0,0,0,0,327,0,0,0,0
22802,2,15,1,13,60,3,0,0,-1,0,135672,8,0,75,0,0,0,0,0,0,0,0,0,0,0,0,0,0,105,0,0,0,0,158,0,0,0,0
22803,2,15,1,13,60,3,0,0,-1,0,133455,8,0,75,0,0,0,0,0,0,0,0,0,0,0,0,0,0,90,0,0,0,0,136,0,0,0,0
22804,2,15,1,13,60,3,0,0,-1,0,133454,8,0,75,0,0,0,0,0,0,0,0,0,0,0,0,0,0,94,0,0,0,0,141,0,0,0,0
22806,2,7,1,13,60,3,0,0,-1,0,135370,8,0,105,0,0,0,0,0,0,0,100,0,0,0,0,0,0,70,0,0,0,0,131,0,0,0,0
22807,2,7,1,13,60,3,0,0,-1,0,135291,8,0,105,0,0,0,0,0,0,0,0,0,0,0,0,0,0,82,0,0,0,0,153,0,0,0,0
22808,2,4,1,13,60,3,0,0,-1,0,133495,8,0,105,0,0,0,0,0,0,0,0,0,0,0,0,0,0,119,0,0,0,0,221,0,0,0,0
22809,2,5,1,17,60,1,0,0,-1,0,133503,9,0,120,0,0,0,0,0,0,0,0,0,0,0,0,0,0,244,0,0,0,0,367,0,0,0,0
22810,2,3,1,26,60,0,0,0,-1,0,135620,8,0,90,3,0,0,0,0,0,0,0,0,0,0,0,0,0,68,0,0,0,0,128,0,0,0,0
22811,2,2,2,15,60,0,0,0,-1,0,135501,12,0,90,2,0,0,0,0,0,0,0,0,0,0,0,0,0,103,0,0,0,0,192,0,0,0,0
22812,2,18,2,26,60,0,0,0,-1,0,135541,12,0,90,2,0,0,0,0,0,0,0,0,0,0,0,0,0,128,0,0,0,0,238,0,0,0,0
22813,2,8,1,17,60,1,0,0,-1,0,135356,9,0,120,0,0,0,0,0,0,0,0,0,0,0,0,0,0,235,0,0,0,0,354,0,0,0,0
22815,2,1,1,17,60,1,0,0,-1,0,132416,9,0,120,0,0,0,0,0,0,0,0,0,0,0,0,0,0,235,0,0,0,0,354,0,0,0,0
22816,2,0,1,13,60,3,0,0,-1,0,132399,9,0,105,0,0,0,0,0,0,0,0,0,0,0,0,0,0,119,0,0,0,0,221,0,0,0,0
22818,4,6,6,14,60,4,0,0,-1,0,134972,9,0,120,0,0,0,0,0,0,0,3106,0,0,0,15,0,0,0,0,0,0,0,0,0,0,0,0
22819,4,6,6,14,60,4,0,0,-1,0,134973,9,0,120,0,0,0,0,0,0,0,3425,0,0,0,0,0,0,0,0,0,0,0,0,0,0,0,0
22820,2,19,2,26,60,0,0,0,-1,0,135481,12,0,75,0,0,5,0,0,0,0,0,0,0,0,0,0,0,119,0,0,0,0,222,0,0,0,0
22821,2,19,2,26,60,0,0,0,-1,0,135482,12,0,75,0,0,5,0,0,0,0,0,0,0,0,0,0,0,146,0,0,0,0,271,0,0,0,0
22843,4,3,5,8,60,0,0,0,-1,0,132539,10,0,60,0,0,0,0,0,0,0,266,0,0,0,0,0,0,0,0,0,0,0,0,0,0,0,0
22852,4,2,8,8,60,0,0,0,-1,0,132542,7,0,50,0,0,0,0,0,0,0,126,0,0,0,0,0,0,0,0,0,0,0,0,0,0,0,0
22856,4,2,8,8,60,0,0,0,-1,0,132539,7,0,50,0,0,0,0,0,0,0,126,0,0,0,0,0,0,0,0,0,0,0,0,0,0,0,0
22857,4,3,5,8,60,0,0,0,-1,0,132541,10,0,60,0,0,0,0,0,0,0,266,0,0,0,0,0,0,0,0,0,0,0,0,0,0,0,0
22858,4,4,6,8,60,0,0,0,-1,0,132590,11,0,65,0,0,0,0,0,0,0,472,0,0,0,0,0,0,0,0,0,0,0,0,0,0,0,0
22862,4,3,5,10,60,0,0,0,-1,0,132951,10,0,40,0,0,0,0,0,0,0,242,0,0,0,0,0,0,0,0,0,0,0,0,0,0,0,0
22863,4,2,8,10,60,0,0,0,-1,0,132959,7,0,35,0,0,0,0,0,0,0,115,0,0,0,0,0,0,0,0,0,0,0,0,0,0,0,0
22864,4,2,8,10,60,0,0,0,-1,0,132949,7,0,35,0,0,0,0,0,0,0,115,0,0,0,0,0,0,0,0,0,0,0,0,0,0,0,0
22867,4,3,5,10,60,0,0,0,-1,0,132945,10,0,40,0,0,0,0,0,0,0,242,0,0,0,0,0,0,0,0,0,0,0,0,0,0,0,0
22868,4,4,6,10,60,0,0,0,-1,0,132960,11,0,45,0,0,0,0,0,0,0,429,0,0,0,0,0,0,0,0,0,0,0,0,0,0,0,0
22872,4,4,6,5,60,0,0,0,-1,0,132751,11,0,135,0,0,0,0,0,0,0,706,0,0,0,0,0,0,0,0,0,0,0,0,0,0,0,0
22873,4,4,6,7,60,0,0,0,-1,0,134586,11,0,100,0,0,0,0,0,0,0,618,0,0,0,0,0,0,0,0,0,0,0,0,0,0,0,0
22874,4,3,5,5,60,0,0,0,-1,0,132626,10,0,120,0,0,0,0,0,0,0,398,0,0,0,0,0,0,0,0,0,0,0,0,0,0,0,0
22875,4,3,5,7,60,0,0,0,-1,0,134583,10,0,90,0,0,0,0,0,0,0,348,0,0,0,0,0,0,0,0,0,0,0,0,0,0,0,0
22876,4,3,5,5,60,0,0,0,-1,0,132638,10,0,120,0,0,0,0,0,0,0,398,0,0,0,0,0,0,0,0,0,0,0,0,0,0,0,0
22877,4,2,8,5,60,0,0,0,-1,0,132722,7,0,100,0,0,0,0,0,0,0,188,0,0,0,0,0,0,0,0,0,0,0,0,0,0,0,0
22878,4,2,8,7,60,0,0,0,-1,0,134586,7,0,75,0,0,0,0,0,0,0,165,0,0,0,0,0,0,0,0,0,0,0,0,0,0,0,0
22879,4,2,8,5,60,0,0,0,-1,0,132720,7,0,100,0,0,0,0,0,0,0,188,0,0,0,0,0,0,0,0,0,0,0,0,0,0,0,0
22880,4,2,8,7,60,0,0,0,-1,0,134588,7,0,75,0,0,0,0,0,0,0,165,0,0,0,0,0,0,0,0,0,0,0,0,0,0,0,0
22887,4,3,5,7,60,0,0,0,-1,0,134589,10,0,90,0,0,0,0,0,0,0,348,0,0,0,0,0,0,0,0,0,0,0,0,0,0,0,0
22935,4,0,3,2,60,0,0,0,-1,0,133279,24,0,0,0,0,0,0,0,0,0,0,0,0,0,24,0,0,0,0,0,0,0,0,0,0,0,0
22936,4,4,1,9,60,0,0,0,-1,0,132616,9,0,55,0,0,0,0,0,0,0,407,0,0,0,0,0,0,0,0,0,0,0,0,0,0,0,0
22937,4,0,3,23,60,0,0,0,-1,0,134548,21,0,0,0,0,0,0,0,0,0,0,0,0,0,0,0,0,0,0,0,0,0,0,0,0,0,0
22938,4,1,7,16,60,0,0,0,-1,0,133776,7,0,0,0,0,0,0,0,0,0,63,0,0,0,0,0,0,0,0,0,0,0,0,0,0,0,0
22939,4,0,3,11,60,0,0,0,-1,0,133392,14,0,0,0,0,0,0,0,0,0,0,0,0,0,0,0,0,0,0,0,0,0,0,0,0,0,0
22940,4,4,7,3,60,0,0,0,-1,0,135047,9,0,100,0,0,0,0,0,0,0,698,0,0,0,33,0,0,0,0,0,0,0,0,0,0,0,0
22941,4,2,7,3,60,0,0,0,-1,0,135038,7,0,70,0,0,0,0,0,0,0,181,0,0,0,33,0,0,0,0,0,0,0,0,0,0,0,0
22942,2,4,1,13,60,3,0,0,-1,0,133506,8,0,105,0,0,0,0,0,0,0,0,0,0,0,0,0,0,83,0,0,0,0,156,0,0,0,0
22943,4,0,4,2,60,0,0,0,-1,0,133319,14,0,0,0,0,0,0,0,0,0,0,0,0,0,0,0,0,0,0,0,0,0,0,0,0,0,0
22947,4,0,3,2,60,0,0,0,-1,0,133317,14,0,0,0,0,0,0,0,0,0,0,0,0,0,0,0,0,0,0,0,0,0,0,0,0,0,0
22954,4,0,4,12,60,0,0,0,-1,0,135442,21,0,0,0,0,0,0,0,0,0,0,0,0,0,0,0,0,0,0,0,0,0,0,0,0,0,0
22961,4,0,4,11,60,0,0,0,-1,0,133391,14,0,0,0,0,0,0,0,0,0,0,0,0,0,0,0,0,0,0,0,0,0,0,0,0,0,0
22967,4,3,5,3,0,0,0,0,-1,0,135045,10,0,85,0,0,0,0,0,0,0,393,0,0,0,33,0,0,0,0,0,0,0,0,0,0,0,0
22981,4,0,4,2,60,0,0,0,-1,0,133315,14,0,0,0,0,0,0,0,0,0,0,0,0,0,0,0,0,0,0,0,0,0,0,0,0,0,0
22988,2,4,1,13,60,3,0,0,-1,0,133496,8,0,105,0,0,0,0,0,0,0,0,0,0,0,0,0,0,86,0,0,0,0,162,0,0,0,0
22994,4,0,1,23,60,0,0,0,-1,0,134555,12,0,0,0,0,0,0,0,0,0,0,0,0,0,0,0,0,0,0,0,0,0,0,0,0,0,0
23000,4,4,6,5,60,0,0,0,-1,0,132637,11,0,165,0,0,0,0,0,0,0,953,0,0,0,0,0,0,0,0,0,0,0,0,0,0,0,0
23001,4,0,4,12,60,0,0,0,-1,0,135440,21,0,0,0,0,0,0,0,0,0,0,0,0,0,0,0,0,0,0,0,0,0,0,0,0,0,0
23014,2,7,1,13,60,3,0,0,-1,0,135277,8,0,105,0,0,0,0,0,0,0,0,0,0,0,0,0,0,70,0,0,0,0,131,0,0,0,0
23017,4,1,7,16,60,0,0,0,-1,0,133775,7,0,0,0,0,0,0,0,0,0,63,0,0,0,0,0,0,0,0,0,0,0,0,0,0,0,0
23019,4,4,7,1,60,0,0,0,-1,0,133074,9,0,100,0,0,0,0,0,0,0,757,0,0,0,44,0,0,0,0,0,0,0,0,0,0,0,0
23020,4,2,7,1,60,0,0,0,-1,0,133072,7,0,70,0,0,0,0,0,0,0,196,0,0,0,44,0,0,0,0,0,0,0,0,0,0,0,0
23025,4,0,3,11,60,0,0,0,-1,0,133390,14,0,0,0,0,0,0,0,0,0,0,0,0,0,0,0,0,0,0,0,0,0,0,0,0,0,0
23027,4,0,4,12,60,0,0,0,-1,0,135439,21,0,0,0,0,0,0,0,0,0,0,0,0,0,0,0,0,0,0,0,0,0,0,0,0,0,0
23029,4,0,3,23,60,0,0,0,-1,0,134547,21,0,0,0,0,0,0,0,0,0,0,0,0,0,0,0,0,0,0,0,0,0,0,0,0,0,0
23031,4,0,3,11,60,0,0,0,-1,0,133395,14,0,0,0,0,0,0,0,0,0,0,0,0,0,0,0,0,0,0,0,0,0,0,0,0,0,0
23033,4,3,5,1,60,0,0,0,-1,0,133122,10,0,85,0,0,0,0,0,0,0,425,0,0,0,44,0,0,0,0,0,0,0,0,0,0,0,0
23036,4,0,3,2,60,0,0,0,-1,0,133321,14,0,0,0,0,0,0,0,0,0,0,0,0,0,0,0,0,0,0,0,0,0,0,0,0,0,0
23037,4,0,3,11,60,0,0,0,-1,0,133394,14,0,0,0,0,0,0,0,0,0,0,0,0,0,0,0,0,0,0,0,0,0,0,0,0,0,0
23039,2,6,1,17,60,1,0,0,-1,0,135574,9,0,120,0,0,0,0,0,0,0,0,0,0,0,0,0,0,251,0,0,0,0,378,0,0,0,0
23040,4,0,4,12,60,0,0,0,-1,0,135443,21,0,0,0,0,0,0,0,0,0,0,0,0,0,0,0,0,0,0,0,0,0,0,0,0,0,0
23041,4,0,4,12,60,0,0,0,-1,0,135441,21,0,0,0,0,0,0,0,0,0,0,0,0,0,0,0,0,0,0,0,0,0,0,0,0,0,0
23042,4,0,4,12,60,0,0,0,-1,0,135443,21,0,0,0,0,0,0,0,0,0,0,0,13,13,13,13,13,0,0,0,0,0,0,0,0,0,0
23043,4,6,6,14,60,4,0,0,-1,0,134971,9,0,120,0,0,0,0,0,0,0,3354,0,0,0,0,0,0,0,0,0,0,0,0,0,0,0,0
23044,2,15,1,13,60,3,0,0,-1,0,133456,8,0,75,0,0,0,0,0,0,0,0,0,0,0,0,0,0,83,0,0,0,0,126,0,0,0,0
23045,4,1,7,16,60,0,0,0,-1,0,133777,7,0,0,0,0,0,0,0,0,0,68,0,0,0,0,0,0,0,0,0,0,0,0,0,0,0,0
23046,4,0,4,12,60,0,0,0,-1,0,135444,21,0,0,0,0,0,0,0,0,0,0,0,0,0,0,0,0,0,0,0,0,0,0,0,0,0,0
23048,4,0,3,23,60,0,0,0,-1,0,134545,21,0,0,0,0,0,0,0,0,0,0,0,0,0,0,0,0,0,0,0,0,0,0,0,0,0,0
23049,4,0,3,23,60,0,0,0,-1,0,134546,21,0,0,0,0,0,0,0,0,0,0,0,0,0,0,0,0,0,0,0,0,0,0,0,0,0,0
23053,4,0,4,2,60,0,0,0,-1,0,133317,14,0,0,0,0,0,0,0,0,0,0,0,0,0,0,0,0,0,0,0,0,0,0,0,0,0,0
23054,2,7,1,13,60,3,0,0,-1,0,135371,8,0,105,0,0,0,0,0,0,0,0,0,0,0,0,0,0,138,0,0,0,0,257,0,0,0,0
23056,2,4,1,13,60,3,0,0,-1,0,133504,8,0,105,0,0,0,0,0,0,0,0,0,0,0,0,0,0,97,0,0,0,0,181,0,0,0,0
23059,4,0,3,11,60,0,0,0,-1,0,133393,14,0,0,0,0,0,0,0,0,0,0,0,0,0,0,0,0,0,0,0,0,0,0,0,0,0,0
23068,4,4,1,7,60,0,0,0,-1,0,134696,9,0,120,0,0,0,0,0,0,0,815,0,0,0,0,0,0,0,0,0,0,0,0,0,0,0,0
23071,4,2,8,7,60,0,0,0,-1,0,134634,7,0,90,0,0,0,0,0,0,0,211,0,0,0,0,0,0,0,0,0,0,0,0,0,0,0,0
23073,4,2,8,8,60,0,0,0,-1,0,132542,7,0,60,0,0,0,0,0,0,0,166,0,0,0,0,0,0,0,0,0,0,0,0,0,0,0,0
23075,4,6,6,14,60,4,0,0,-1,0,132389,9,0,120,0,0,0,0,0,0,0,3106,0,0,0,0,0,0,0,0,0,0,0,0,0,0,0,0
23078,4,4,1,10,0,0,0,0,-1,0,132963,9,0,45,0,0,0,0,0,0,0,410,0,0,0,0,0,0,0,0,0,0,0,0,0,0,0,0
23081,4,2,8,10,0,0,0,0,-1,0,132940,7,0,35,0,0,0,0,0,0,0,110,0,0,0,0,0,0,0,0,0,0,0,0,0,0,0,0
23082,4,3,5,10,0,0,0,0,-1,0,132945,11,0,40,0,0,0,0,0,0,0,231,0,0,0,0,0,0,0,0,0,0,0,0,0,0,0,0
23087,4,4,1,5,58,0,0,0,-1,0,132745,9,0,135,0,0,0,0,0,0,0,657,0,0,0,0,0,0,0,0,0,0,0,0,0,0,0,0
23088,4,3,5,5,58,0,0,0,-1,0,132630,11,0,120,0,0,0,0,0,0,0,370,0,0,0,0,0,0,0,0,0,0,0,0,0,0,0,0
23089,4,2,8,5,58,0,0,0,-1,0,132721,7,0,100,0,0,0,0,0,0,0,176,0,0,0,0,0,0,0,0,0,0,0,0,0,0,0,0
23090,4,4,1,9,58,0,0,0,-1,0,132613,9,0,45,0,0,0,0,0,0,0,287,0,0,0,0,0,0,0,0,0,0,0,0,0,0,0,0
23092,4,3,5,9,58,0,0,0,-1,0,132615,11,0,40,0,0,0,0,0,0,0,162,0,0,0,0,0,0,0,0,0,0,0,0,0,0,0,0
23124,2,10,2,17,55,2,0,0,-1,0,135144,13,0,100,0,0,0,0,0,0,0,0,0,0,0,0,0,0,160,0,0,0,0,241,0,0,0,0
23125,4,0,3,2,55,0,0,0,-1,0,132507,14,0,0,0,0,0,0,0,0,0,0,0,0,0,0,0,0,0,0,0,0,0,0,0,0,0,0
23127,4,1,7,16,58,0,0,0,-1,0,133754,7,0,0,0,0,0,0,0,0,0,45,0,0,0,0,0,0,0,0,0,0,0,0,0,0,0,0
23132,2,7,1,13,57,3,0,0,-1,0,135275,9,0,90,0,0,0,0,0,0,0,60,0,0,0,0,0,0,42,0,0,0,0,80,0,0,0,0
23139,4,6,1,14,57,4,0,0,-1,0,134948,9,0,100,0,0,0,0,0,0,0,2121,0,0,0,0,0,0,0,0,0,0,0,0,0,0,0,0
23156,4,0,1,23,57,7,0,0,-1,0,133727,8,0,0,0,0,0,0,0,0,0,0,0,0,0,0,0,0,0,0,0,0,0,0,0,0,0,0
23168,2,15,1,21,30,3,0,0,-1,0,135643,8,0,65,0,0,0,0,0,0,0,0,0,0,0,0,0,0,22,0,0,0,0,42,0,0,0,0
23169,4,0,3,2,30,0,0,0,-1,0,133290,14,0,0,0,0,0,0,0,0,0,0,0,0,0,0,0,0,0,0,0,0,0,0,0,0,0,0
23170,4,3,5,10,30,0,0,0,-1,0,132945,10,0,40,0,0,0,0,0,0,0,147,0,0,0,0,0,0,0,0,0,0,0,0,0,0,0,0
23171,2,1,1,17,20,1,0,0,-1,0,132394,9,0,90,0,0,0,0,0,0,0,0,0,0,0,0,0,0,50,0,0,0,0,76,0,0,0,0
23177,2,19,2,26,36,0,0,0,-1,0,135474,21,0,65,0,0,5,0,0,0,0,0,0,0,0,0,0,0,34,0,0,0,0,65,0,0,0,0
23178,4,1,7,16,36,0,0,0,-1,0,133769,7,0,0,0,0,0,0,0,0,0,30,0,0,0,0,0,0,0,0,0,0,0,0,0,0,0,0
23206,4,0,0,12,0,0,0,0,-1,0,134500,8,0,0,0,0,0,0,0,0,0,0,0,0,0,0,0,0,0,0,0,0,0,0,0,0,0,0
23207,4,0,0,12,0,0,0,0,-1,0,134501,24,0,0,0,0,0,0,0,0,0,0,0,0,0,0,0,0,0,0,0,0,0,0,0,0,0,0
23219,4,4,6,6,60,0,0,0,-1,0,132502,11,0,55,0,0,0,0,0,0,0,536,0,0,0,0,0,0,0,0,0,0,0,0,0,0,0,0
23221,2,4,2,13,60,3,0,0,-1,0,133505,8,0,105,0,0,0,0,0,0,0,0,0,0,0,0,0,0,128,0,0,0,0,238,0,0,0,0
23226,4,2,8,5,60,0,0,0,-1,0,132717,7,0,120,0,0,0,0,0,0,0,241,0,0,0,0,0,0,0,0,0,0,0,0,0,0,0,0
23238,4,6,6,14,60,4,0,0,-1,0,132390,9,0,120,0,0,0,0,0,0,0,3106,0,0,0,0,0,0,0,0,0,0,0,0,0,0,0,0
23242,2,13,1,22,60,7,0,0,-1,0,135594,8,0,75,0,0,0,0,0,0,0,0,0,0,0,0,0,0,75,0,0,0,0,140,0,0,0,0
23243,4,4,6,3,60,0,0,0,-1,0,135042,11,0,80,0,0,0,0,0,0,0,552,0,0,0,0,0,0,0,0,0,0,0,0,0,0,0,0
23244,4,4,6,1,60,0,0,0,-1,0,133077,11,0,80,0,0,0,0,0,0,0,598,0,0,0,0,0,0,0,0,0,0,0,0,0,0,0,0
23251,4,3,5,1,60,0,0,0,-1,0,133071,10,0,70,0,0,0,0,0,0,0,337,0,0,0,0,0,0,0,0,0,0,0,0,0,0,0,0
23252,4,3,5,3,60,0,0,0,-1,0,135032,10,0,70,0,0,0,0,0,0,0,311,0,0,0,0,0,0,0,0,0,0,0,0,0,0,0,0
23253,4,2,8,1,60,0,0,0,-1,0,133077,7,0,60,0,0,0,0,0,0,0,158,0,0,0,0,0,0,0,0,0,0,0,0,0,0,0,0
23254,4,2,8,3,60,0,0,0,-1,0,135038,7,0,60,0,0,0,0,0,0,0,146,0,0,0,0,0,0,0,0,0,0,0,0,0,0,0,0
23258,4,2,8,3,60,0,0,0,-1,0,135045,7,0,60,0,0,0,0,0,0,0,146,0,0,0,0,0,0,0,0,0,0,0,0,0,0,0,0
23259,4,3,5,1,60,0,0,0,-1,0,133077,10,0,70,0,0,0,0,0,0,0,337,0,0,0,0,0,0,0,0,0,0,0,0,0,0,0,0
23260,4,3,5,3,60,0,0,0,-1,0,135035,10,0,70,0,0,0,0,0,0,0,311,0,0,0,0,0,0,0,0,0,0,0,0,0,0,0,0
23272,4,4,6,5,60,0,0,0,-1,0,132738,11,0,135,0,0,0,0,0,0,0,706,0,0,0,0,0,0,0,0,0,0,0,0,0,0,0,0
23274,4,4,6,10,60,0,0,0,-1,0,132963,11,0,45,0,0,0,0,0,0,0,429,0,0,0,0,0,0,0,0,0,0,0,0,0,0,0,0
23275,4,4,6,8,60,0,0,0,-1,0,132584,11,0,65,0,0,0,0,0,0,0,472,0,0,0,0,0,0,0,0,0,0,0,0,0,0,0,0
23276,4,4,6,1,60,0,0,0,-1,0,133073,11,0,80,0,0,0,0,0,0,0,598,0,0,0,0,0,0,0,0,0,0,0,0,0,0,0,0
23277,4,4,6,3,60,0,0,0,-1,0,135059,11,0,80,0,0,0,0,0,0,0,552,0,0,0,0,0,0,0,0,0,0,0,0,0,0,0,0
23306,4,3,5,1,60,0,0,0,-1,0,133123,10,0,70,0,0,0,0,0,0,0,337,0,0,0,0,0,0,0,0,0,0,0,0,0,0,0,0
23307,4,3,5,3,60,0,0,0,-1,0,135047,10,0,70,0,0,0,0,0,0,0,311,0,0,0,0,0,0,0,0,0,0,0,0,0,0,0,0
23452,4,0,3,23,60,7,0,0,-1,0,133744,19,0,0,0,0,0,0,0,0,0,0,0,0,0,0,0,0,0,0,0,0,0,0,0,0,0,0
23453,4,0,3,23,60,7,0,0,-1,0,133745,19,0,0,0,0,0,0,0,0,0,0,0,0,0,0,0,0,0,0,0,0,0,0,0,0,0,0
23454,2,4,2,13,60,3,0,0,-1,0,133039,8,0,105,0,0,0,0,0,0,0,0,0,0,0,0,0,0,138,0,0,0,0,207,0,0,0,0
23455,2,5,2,17,60,1,0,0,-1,0,133060,9,0,120,0,0,0,0,0,0,0,0,0,0,0,0,0,0,235,0,0,0,0,353,0,0,0,0
23456,2,7,1,13,60,3,0,0,-1,0,135275,8,0,105,0,0,0,0,0,0,0,0,0,0,0,0,0,0,85,0,0,0,0,129,0,0,0,0
23465,2,5,2,17,60,1,0,0,-1,0,133484,9,0,120,0,0,0,0,0,0,0,0,0,0,0,0,0,0,235,0,0,0,0,353,0,0,0,0
23468,4,0,3,23,60,7,0,0,-1,0,133747,19,0,0,0,0,0,0,0,0,0,0,0,0,0,0,0,0,0,0,0,0,0,0,0,0,0,0
23469,4,0,3,23,60,7,0,0,-1,0,133746,19,0,0,0,0,0,0,0,0,0,0,0,0,0,0,0,0,0,0,0,0,0,0,0,0,0,0
23557,2,3,1,26,60,0,0,0,-1,0,135619,8,0,90,3,0,0,0,0,0,0,0,0,0,0,0,0,0,103,0,0,0,0,192,0,0,0,0
23558,4,0,4,12,60,0,0,0,-1,0,134969,14,0,0,0,0,0,0,0,0,0,0,0,0,0,0,0,0,0,0,0,0,0,0,0,0,0,0
23570,4,0,4,12,60,0,0,0,-1,0,133877,14,0,0,0,0,0,0,0,0,0,0,0,0,0,0,0,0,0,0,0,0,0,0,0,0,0,0
23577,2,7,1,13,60,3,0,0,-1,0,135372,8,0,105,0,0,0,0,0,0,0,140,0,0,0,0,0,0,76,0,0,0,0,143,0,0,0,0
23663,4,3,5,6,60,0,0,0,-1,0,132521,10,0,50,0,0,0,0,0,0,0,301,0,0,0,0,0,0,0,0,0,0,0,0,0,0,0,0
23664,4,3,5,3,60,0,0,0,-1,0,135032,10,0,85,0,0,0,0,0,0,0,401,0,0,0,0,0,0,0,0,0,0,0,0,0,0,0,0
23665,4,3,5,7,60,0,0,0,-1,0,134666,10,0,105,0,0,0,0,0,0,0,468,0,0,0,0,0,0,0,0,0,0,0,0,0,0,0,0
23666,4,4,6,6,60,0,0,0,-1,0,132516,11,0,55,0,0,0,0,0,0,0,536,0,0,0,0,0,0,0,0,0,0,0,0,0,0,0,0
23667,4,4,6,3,60,0,0,0,-1,0,135053,11,0,100,0,0,0,0,0,0,0,714,0,0,0,0,0,0,0,0,0,0,0,0,0,0,0,0
23668,4,4,6,7,60,0,0,0,-1,0,134584,11,0,120,0,0,0,0,0,0,0,833,0,0,0,0,0,0,0,0,0,0,0,0,0,0,0,0
24222,2,15,1,13,52,3,0,0,-1,0,135654,8,0,65,0,0,0,0,0,0,0,0,0,0,0,0,0,0,47,0,0,0,0,88,0,0,0,0
191312,4,0,3,12,60,0,0,0,-1,0,135441,12,0,0,0,0,0,0,0,0,0,0,0,0,0,0,0,0,0,0,0,0,0,0,0,0,0,0
202254,4,2,7,9,60,0,0,0,-1,0,134881,7,0,35,0,0,0,0,0,0,0,44,0,0,0,0,0,0,0,0,0,0,0,0,0,0,0,0
202256,2,3,1,26,0,0,0,0,-1,0,135619,8,0,35,3,0,0,0,0,0,0,0,0,0,0,0,0,0,6,0,0,0,0,13,0,0,0,0
204804,4,3,5,9,25,0,0,0,-1,0,132618,7,0,40,0,0,0,0,0,0,0,95,0,0,0,0,0,0,0,0,0,0,0,0,0,0,0,0
204807,2,8,1,17,25,1,0,0,-1,0,135351,9,0,100,0,0,0,0,0,0,0,0,0,0,0,0,0,0,71,0,0,0,0,107,0,0,0,0
208196,4,0,3,11,31,0,0,0,-1,0,133357,14,0,0,0,0,0,0,0,0,0,0,0,0,0,0,0,0,0,0,0,0,0,0,0,0,0,0
208222,2,1,1,17,55,1,0,0,-1,0,132416,1,0,100,0,0,0,0,0,0,0,0,0,0,0,0,0,0,163,0,0,0,0,245,0,0,0,0
208422,4,0,7,19,29,0,0,0,-1,0,133770,7,0,0,0,0,0,0,0,0,0,0,0,0,0,0,0,0,0,0,0,0,0,0,0,0,0,0
208424,4,4,3,1,0,0,0,0,-1,0,133149,8,0,99,0,0,0,0,0,0,0,17,0,0,0,0,0,0,0,0,0,0,0,0,0,0,0,0
208483,2,0,1,21,60,1,0,0,-1,0,237554,9,0,125,0,0,0,3,0,0,0,0,0,8,9,0,0,0,82,16,0,0,0,153,30,0,0,0
208618,4,0,4,12,60,0,0,0,-1,0,337782,24,0,0,0,0,0,0,0,0,0,0,0,0,0,0,0,0,0,0,0,0,0,0,0,0,0,0
209418,4,3,5,5,25,0,0,0,-1,0,132634,10,0,120,0,0,0,0,0,0,0,218,0,0,0,0,0,0,0,0,0,0,0,0,0,0,0,0
209436,2,15,1,13,25,3,0,0,-1,0,134298,8,0,65,0,0,0,0,0,0,0,0,0,0,0,0,0,0,29,0,0,0,0,55,0,0,0,0
209523,4,1,7,16,25,0,0,0,-1,0,134305,7,0,0,0,0,0,0,0,0,0,24,0,0,0,0,0,0,0,0,0,0,0,0,0,0,0,0
209524,4,2,8,9,25,0,0,0,-1,0,132607,7,0,35,0,0,0,0,0,0,0,45,0,0,0,0,0,0,0,0,0,0,0,0,0,0,0,0
209525,2,7,1,21,25,3,0,0,-1,0,135346,8,0,90,0,0,0,0,0,0,0,0,0,0,0,0,0,0,43,0,0,0,0,82,0,0,0,0
209527,4,2,8,10,25,0,0,0,-1,0,132947,7,0,35,0,0,0,0,0,0,0,64,0,0,0,0,0,0,0,0,0,0,0,0,0,0,0,0
209559,2,10,2,17,25,2,0,0,-1,0,135163,13,0,100,0,0,0,0,0,0,0,0,0,0,0,0,0,0,51,0,0,0,0,78,0,0,0,0
209560,2,4,2,21,25,3,0,0,-1,0,133058,8,0,90,0,0,0,0,0,0,0,50,0,0,0,0,0,0,17,0,0,0,0,32,0,0,0,0
209561,2,10,2,17,25,2,0,0,-1,0,135143,13,0,120,0,0,0,0,0,0,0,0,0,0,0,0,5,0,50,0,0,0,0,76,0,0,0,0
209562,2,8,1,17,25,1,0,0,-1,0,135352,9,0,120,0,0,0,0,0,0,0,0,0,0,0,0,0,0,87,0,0,0,0,132,0,0,0,0
209563,2,2,2,15,25,0,0,0,-1,0,135492,12,0,80,2,0,0,0,0,0,0,0,0,0,0,0,0,0,30,0,0,0,0,56,0,0,0,0
209564,2,6,1,17,25,2,0,0,-1,0,135127,9,0,100,0,0,0,0,0,0,0,0,0,0,0,0,0,0,59,0,0,0,0,90,0,0,0,0
209565,4,0,5,11,25,0,0,0,-1,0,133347,14,0,0,0,0,0,0,0,0,0,0,0,0,0,0,0,0,0,0,0,0,0,0,0,0,0,0
209566,4,3,5,7,25,0,0,0,-1,0,134663,10,0,90,0,0,0,0,0,0,0,191,0,0,0,0,0,0,0,0,0,0,0,0,0,0,0,0
209567,2,1,1,17,25,1,0,0,-1,0,135576,9,0,100,0,0,0,0,0,0,0,0,0,0,0,0,0,0,65,0,0,0,0,98,0,0,0,0
209568,4,3,5,10,25,0,0,0,-1,0,132944,10,0,40,0,0,0,0,0,0,0,136,0,0,0,0,0,0,0,0,0,0,0,0,0,0,0,0
209569,4,2,8,8,25,0,0,0,-1,0,132562,7,0,55,0,0,0,0,0,0,0,71,0,0,0,0,0,0,0,0,0,0,0,0,0,0,0,0
209570,4,0,1,23,25,7,0,0,-1,0,133743,21,0,0,0,0,0,0,0,0,0,0,0,0,0,0,0,0,0,0,0,0,0,0,0,0,0,0
209571,2,19,2,26,25,0,0,0,-1,0,135139,21,0,65,0,0,6,0,0,0,0,0,0,0,0,0,5,0,39,0,0,0,0,75,0,0,0,0
209572,4,2,8,5,25,0,0,0,-1,0,132721,7,0,100,0,0,0,0,0,0,0,103,0,0,0,0,0,0,0,0,0,0,0,0,0,0,0,0
209573,2,10,2,17,25,2,0,0,-1,0,135147,13,0,100,0,0,0,0,0,0,0,0,0,0,0,0,0,0,55,0,0,0,0,84,0,0,0,0
209577,2,5,2,17,25,1,0,0,-1,0,133047,9,0,100,0,0,0,0,0,0,0,60,0,0,0,0,0,0,55,0,0,0,0,83,0,0,0,0
209578,4,2,8,9,25,0,0,0,-1,0,132612,7,0,35,0,0,0,0,0,0,0,45,0,0,0,0,0,0,0,0,0,0,0,0,0,0,0,0
209579,2,13,1,21,25,7,0,0,-1,0,132938,8,0,65,0,0,0,0,0,0,0,0,0,0,0,0,0,0,18,0,0,0,0,35,0,0,0,0
209580,2,13,1,22,25,7,0,0,-1,0,132938,8,0,60,0,0,0,0,0,0,0,0,0,0,0,0,0,0,21,0,0,0,0,38,0,0,0,0
209581,4,3,7,8,25,0,0,0,-1,0,132535,7,0,60,0,0,0,0,0,0,0,150,0,0,0,0,0,0,0,0,0,0,0,0,0,0,0,0
209590,4,0,1,23,25,7,0,0,-1,0,134333,21,0,0,0,0,0,0,0,0,0,0,0,0,0,5,0,0,0,0,0,0,0,0,0,0,0,0
209668,4,0,1,11,25,0,0,0,-1,0,133366,14,0,0,0,0,0,0,0,0,0,0,0,0,0,0,0,0,0,0,0,0,0,0,0,0,0,0
209674,2,19,2,26,25,0,0,0,-1,0,135473,21,0,65,0,0,2,0,0,0,0,0,0,0,0,0,0,0,25,0,0,0,0,47,0,0,0,0
209676,4,3,5,3,25,0,0,0,-1,0,135045,10,0,70,0,0,0,0,0,0,0,163,0,0,0,0,0,0,0,0,0,0,0,0,0,0,0,0
209677,4,0,5,11,25,0,0,0,-1,0,133364,14,0,0,0,0,0,0,0,0,0,0,0,0,0,0,0,0,0,0,0,0,0,0,0,0,0,0
209678,4,2,8,3,25,0,0,0,-1,0,135037,7,0,60,0,0,0,0,0,0,0,77,0,0,0,0,0,0,0,0,0,0,0,0,0,0,0,0
209681,4,0,8,12,25,0,0,0,-1,0,237000,8,0,0,0,0,0,0,0,0,0,0,0,0,0,0,0,0,0,0,0,0,0,0,0,0,0,0
209682,4,2,8,1,25,0,0,0,-1,0,133143,7,0,60,0,0,0,0,0,0,0,84,0,0,0,0,0,0,0,0,0,0,0,0,0,0,0,0
209685,4,2,8,6,25,0,0,0,-1,0,132514,7,0,35,0,0,0,0,0,0,0,61,0,0,0,0,0,0,0,0,0,0,0,0,0,0,0,0
209687,4,2,8,5,25,0,0,0,-1,0,132745,7,0,100,0,0,0,0,0,0,0,108,0,0,0,0,0,0,0,0,0,0,0,0,0,0,0,0
209688,2,3,2,26,25,0,0,0,-1,0,135613,8,0,80,3,0,0,0,0,0,0,0,0,0,0,0,0,0,29,0,0,0,0,55,0,0,0,0
209689,4,3,7,8,25,0,0,0,-1,0,132551,7,0,60,0,0,0,0,0,0,0,157,0,0,0,0,0,0,0,0,0,0,0,0,0,0,0,0
209690,4,3,5,1,25,0,0,0,-1,0,133137,10,0,70,0,0,0,0,0,0,0,185,0,0,0,0,0,0,0,0,0,0,0,0,0,0,0,0
209691,2,15,1,22,25,3,0,0,-1,0,135638,8,0,60,0,0,0,0,0,0,0,0,0,0,0,0,0,0,20,0,0,0,0,35,0,0,0,0
209692,4,2,8,3,25,0,0,0,-1,0,135039,7,0,60,0,0,0,0,0,0,0,81,0,0,0,0,0,0,0,0,0,0,0,0,0,0,0,0
209694,2,15,1,21,25,3,0,0,-1,0,135648,8,0,65,0,0,0,0,0,0,0,0,0,0,0,0,0,0,16,0,0,0,0,31,0,0,0,0
209816,4,0,2,12,25,0,0,0,-1,0,135829,8,0,0,0,0,0,0,0,0,0,0,0,0,0,0,0,0,0,0,0,0,0,0,0,0,0,0
209818,2,15,1,21,25,3,0,0,-1,0,135659,8,0,65,0,0,0,0,0,0,0,0,0,0,0,0,0,0,15,0,0,0,0,30,0,0,0,0
209822,2,4,2,21,25,3,0,0,-1,0,133054,8,0,90,0,0,0,0,0,0,0,0,0,0,0,0,0,0,26,0,0,0,0,50,0,0,0,0
209823,4,0,5,11,25,0,0,0,-1,0,133365,14,0,0,0,0,0,0,0,0,0,0,0,0,0,0,0,0,0,0,0,0,0,0,0,0,0,0
209824,4,3,5,3,25,0,0,0,-1,0,135041,10,0,70,0,0,0,0,0,0,0,163,0,0,0,0,0,0,0,0,0,0,0,0,0,0,0,0
209830,2,18,2,26,25,0,0,0,-1,0,135533,12,0,80,2,0,0,0,0,0,0,0,0,0,0,0,0,0,19,0,0,0,0,37,0,0,0,0
210741,2,5,2,17,40,1,0,0,-1,0,133489,9,0,100,0,0,0,0,0,0,0,0,0,0,0,0,0,0,63,0,0,0,0,95,0,0,0,0
210794,4,3,5,5,25,0,0,0,-1,0,133831,10,0,145,0,0,0,0,0,0,0,238,0,0,0,0,0,0,0,0,0,0,0,0,0,0,0,0
211420,4,0,3,12,25,0,0,0,-1,0,377270,14,0,0,0,0,0,0,0,0,0,0,0,0,0,0,0,0,0,0,0,0,0,0,0,0,0,0
211423,4,2,8,10,25,0,0,0,-1,0,132958,7,0,70,0,0,0,0,0,0,0,70,0,0,0,0,0,0,0,0,0,0,0,0,0,0,0,0
211449,4,0,8,12,25,0,0,0,-1,0,134123,8,0,0,0,0,0,0,0,0,0,0,0,0,0,0,10,0,0,0,0,0,0,0,0,0,0,0
211450,4,0,8,12,25,0,0,0,-1,0,134126,8,0,0,0,0,0,0,0,0,0,0,0,0,0,0,10,0,0,0,0,0,0,0,0,0,0,0
211451,4,0,8,12,25,0,0,0,-1,0,134125,8,0,0,0,0,0,0,0,0,0,0,0,0,0,0,10,0,0,0,0,0,0,0,0,0,0,0
211455,4,2,8,10,25,0,0,0,-1,0,132951,7,0,35,0,0,0,0,0,0,0,68,0,0,0,0,0,0,0,0,0,0,0,0,0,0,0,0
211456,2,15,1,21,25,3,0,0,-1,0,135638,8,0,65,0,0,0,0,0,0,0,60,0,0,0,0,0,0,17,0,0,0,0,32,0,0,0,0
211457,4,3,5,6,25,0,0,0,-1,0,132516,10,0,40,0,0,0,0,0,0,0,128,0,0,0,0,0,0,0,0,0,0,0,0,0,0,0,0
211458,4,0,1,23,25,7,0,0,-1,0,133733,21,0,0,0,0,0,0,0,0,0,40,0,0,0,0,5,0,0,0,0,0,0,0,0,0,0,0
211460,4,6,1,14,0,4,0,0,-1,0,134948,9,0,100,0,0,0,0,0,0,0,725,0,0,0,5,0,0,0,0,0,0,0,0,0,0,0,0
211461,2,19,2,26,0,0,0,0,-1,0,135466,21,0,65,0,0,5,0,0,0,0,0,0,0,0,0,5,0,35,0,0,0,0,61,0,0,0,0
211463,4,3,5,9,25,0,0,0,-1,0,132605,10,0,40,0,0,0,0,0,0,0,95,0,0,0,0,0,0,0,0,0,0,0,0,0,0,0,0
211464,4,1,7,16,0,0,0,0,-1,0,133770,7,0,0,0,0,0,0,0,0,0,24,0,0,0,0,0,0,0,0,0,0,0,0,0,0,0,0
211466,4,2,8,6,0,0,0,0,-1,0,132493,7,0,30,0,0,0,0,0,0,0,57,0,0,0,0,0,0,0,0,0,0,0,0,0,0,0,0
211467,4,0,3,11,0,0,0,0,-1,0,133344,14,0,0,0,0,0,0,0,0,0,0,0,0,0,0,0,0,0,0,0,0,0,0,0,0,0,0
211505,4,3,5,1,25,0,0,0,-1,0,133111,10,0,70,0,0,0,0,0,0,0,176,0,0,0,0,0,0,0,0,0,0,0,0,0,0,0,0
211506,4,3,7,8,25,0,0,0,-1,0,132549,7,0,60,0,0,0,0,0,0,0,150,0,0,0,0,0,0,0,0,0,0,0,0,0,0,0,0
211507,4,2,8,1,25,0,0,0,-1,0,133129,7,0,60,0,0,0,0,0,0,0,84,0,0,0,0,0,0,0,0,0,0,0,0,0,0,0,0
211511,4,2,8,8,25,0,0,0,-1,0,132539,7,0,55,0,0,0,0,0,0,0,71,0,0,0,0,0,0,0,0,0,0,0,0,0,0,0,0
211512,4,2,8,5,25,0,0,0,-1,0,132718,7,0,100,0,0,0,0,0,0,0,103,0,0,0,0,0,0,0,0,0,0,0,0,0,0,0,0
211789,4,2,8,1,25,0,0,0,-1,0,133150,7,0,60,0,0,0,0,0,0,0,84,0,0,0,0,0,0,0,0,0,0,0,0,0,0,0,0
211843,4,3,5,1,25,0,0,0,-1,0,133090,7,0,70,0,0,0,0,0,0,0,177,0,0,0,0,0,0,0,0,0,0,0,0,0,0,0,0
211856,4,3,7,1,20,0,0,0,-1,0,133141,7,0,50,0,0,0,0,0,0,0,175,0,0,0,0,0,0,0,0,0,0,0,0,0,0,0,0
211857,4,2,7,1,20,0,0,0,-1,0,133126,7,0,50,0,0,0,0,0,0,0,80,0,0,0,0,0,0,0,0,0,0,0,0,0,0,0,0
211940,2,6,1,17,59,1,0,0,-1,0,135574,9,0,100,0,0,0,0,0,0,0,0,0,0,0,0,0,0,151,0,0,0,0,227,0,0,0,0
212580,2,10,2,17,25,2,0,0,-1,0,135165,13,0,100,0,0,0,0,0,0,0,0,0,0,0,0,0,0,57,0,0,0,0,87,0,0,0,0
212581,2,2,2,15,25,0,0,0,-1,0,135490,12,0,80,2,0,0,0,0,0,0,0,0,0,0,0,0,0,25,0,0,0,0,47,0,0,0,0
212582,2,7,1,13,25,3,0,0,-1,0,135328,8,0,90,0,0,0,0,0,0,0,0,0,0,0,0,0,0,35,0,0,0,0,67,0,0,0,0
212583,2,15,1,13,25,3,0,0,-1,0,135650,8,0,65,0,0,0,0,0,0,0,0,0,0,0,0,0,0,22,0,0,0,0,43,0,0,0,0
212584,2,10,2,17,25,2,0,0,-1,0,135162,13,0,100,0,0,0,0,0,0,0,0,0,0,0,0,0,0,57,0,0,0,0,87,0,0,0,0
212585,2,2,2,15,25,0,0,0,-1,0,135494,12,0,80,2,0,0,0,0,0,0,0,0,0,0,0,0,0,25,0,0,0,0,47,0,0,0,0
212586,2,7,1,13,25,3,0,0,-1,0,135341,8,0,90,0,0,0,0,0,0,0,0,0,0,0,0,0,0,35,0,0,0,0,67,0,0,0,0
212587,2,15,1,13,25,3,0,0,-1,0,135651,8,0,65,0,0,0,0,0,0,0,0,0,0,0,0,0,0,22,0,0,0,0,43,0,0,0,0
212994,4,2,5,9,35,0,0,0,-1,0,132608,10,0,35,0,0,0,0,0,0,0,53,0,0,0,0,0,0,0,0,0,0,0,0,0,0,0,0
212996,4,2,5,9,35,0,0,0,-1,0,132607,10,0,35,0,0,0,0,0,0,0,53,0,0,0,0,0,0,0,0,0,0,0,0,0,0,0,0
212997,4,2,5,9,35,0,0,0,-1,0,132601,10,0,35,0,0,0,0,0,0,0,53,0,0,0,0,0,0,0,0,0,0,0,0,0,0,0,0
213105,2,4,2,13,40,3,0,0,-1,0,133969,8,0,90,0,0,0,0,0,0,0,0,0,0,0,0,0,0,50,0,0,0,0,93,0,0,0,0
213278,4,2,8,10,40,0,0,0,-1,0,132960,7,0,35,0,0,0,0,0,0,0,84,0,0,0,0,0,0,0,0,0,0,0,0,0,0,0,0
213279,4,3,5,1,40,0,0,0,-1,0,133090,10,0,70,0,0,0,0,0,0,0,222,0,0,0,0,0,0,0,0,0,0,0,0,0,0,0,0
213282,4,0,5,11,40,1,0,0,-1,0,134063,14,0,0,0,0,0,0,0,0,0,0,0,0,5,0,0,5,0,0,0,0,0,0,0,0,0,0
213286,2,7,1,21,40,3,0,0,-1,0,135340,8,0,105,0,0,0,0,0,0,0,0,0,0,0,0,0,0,41,0,0,0,0,75,0,0,0,0
213287,4,0,5,11,40,1,0,0,-1,0,134066,14,0,0,0,0,0,0,0,0,0,0,0,0,0,0,0,0,0,0,0,0,0,0,0,0,0,0
213288,4,4,5,10,40,0,0,0,-1,0,132951,10,0,45,0,0,0,0,0,0,0,300,0,0,0,0,0,0,0,0,0,0,0,0,0,0,0,0
213289,2,10,2,17,40,2,0,0,-1,0,135152,13,0,100,0,0,0,0,0,0,0,0,0,0,0,23,0,0,78,0,0,0,0,117,0,0,0,0
213291,2,15,1,13,40,3,0,0,-1,0,135638,8,0,80,0,0,0,0,0,0,0,0,0,0,0,0,0,0,43,0,0,0,0,80,0,0,0,0
213292,2,8,1,17,40,1,0,0,-1,0,135347,9,0,100,0,0,0,0,0,0,0,0,0,0,0,0,0,0,102,0,0,0,0,153,0,0,0,0
213293,2,3,1,26,40,0,0,0,-1,0,135617,8,0,75,3,0,0,0,0,0,0,0,0,0,0,0,0,0,38,0,0,0,0,71,0,0,0,0
213294,4,4,5,8,40,0,0,0,-1,0,132535,10,0,65,0,0,0,0,0,0,0,330,0,0,0,0,0,0,0,0,0,0,0,0,0,0,0,0
213295,2,0,1,13,40,3,0,0,-1,0,132405,8,0,90,0,0,0,0,0,0,0,0,0,0,0,0,0,0,49,0,0,0,0,91,0,0,0,0
213296,2,1,1,17,40,1,0,0,-1,0,132415,9,0,100,0,0,0,0,0,0,0,0,0,0,0,0,0,0,89,0,0,0,0,133,0,0,0,0
213297,2,4,2,13,40,3,0,0,-1,0,133045,8,0,90,0,0,0,0,0,0,0,0,0,0,0,0,0,0,52,0,0,0,0,94,0,0,0,0
213299,4,2,8,7,40,0,0,766,-1,0,134588,7,0,75,0,0,0,0,0,0,0,117,0,0,0,0,0,0,0,0,0,0,0,0,0,0,0,0
213305,4,4,6,3,40,0,0,0,-1,0,135060,11,0,80,0,0,0,0,0,0,0,360,0,0,0,0,0,0,0,0,0,0,0,0,0,0,0,0
213306,4,1,7,16,40,0,0,0,-1,0,133765,7,0,0,0,0,0,0,0,0,0,32,0,0,0,0,0,0,0,0,0,0,0,0,0,0,0,0
213307,4,1,7,16,40,0,0,0,-1,0,133766,7,0,0,0,0,0,0,0,0,0,32,0,0,0,0,0,0,0,0,0,0,0,0,0,0,0,0
213308,4,1,7,16,40,0,0,0,-1,0,133757,7,0,0,0,0,0,0,0,0,0,32,0,0,0,0,0,0,0,0,0,0,0,0,0,0,0,0
213309,4,1,7,16,40,0,0,0,-1,0,133763,7,0,0,0,0,0,0,0,0,0,32,0,0,0,0,0,0,0,0,0,0,0,0,0,0,0,0
213312,4,2,8,5,40,0,0,0,-1,0,132647,7,0,100,0,0,0,0,0,0,0,134,0,0,0,0,0,0,0,0,0,0,0,0,0,0,0,0
213314,4,3,5,5,40,0,0,0,-1,0,132635,10,0,120,0,0,0,0,0,0,0,273,0,0,0,0,0,0,0,0,0,0,0,0,0,0,0,0
213316,4,4,5,5,40,0,0,0,-1,0,132750,10,0,125,0,0,0,0,0,0,0,480,0,0,0,0,0,0,0,0,0,0,0,0,0,0,0,0
213317,4,3,5,9,40,0,0,0,-1,0,132615,10,0,40,0,0,0,0,0,0,0,119,0,0,0,0,0,0,0,0,0,0,0,0,0,0,0,0
213318,4,2,8,9,40,0,0,0,-1,0,132611,7,0,35,0,0,0,0,0,0,0,58,0,0,0,0,0,0,0,0,0,0,0,0,0,0,0,0
213319,4,2,8,10,40,0,0,0,-1,0,132957,7,0,35,0,0,0,0,0,0,0,84,0,0,0,0,0,0,0,0,0,0,0,0,0,0,0,0
213322,4,2,8,6,40,0,0,0,-1,0,132501,7,0,35,0,0,0,0,0,0,0,75,0,0,0,0,0,0,0,0,0,0,0,0,0,0,0,0
213324,4,3,5,6,40,0,0,0,-1,0,132524,10,0,40,0,0,0,0,0,0,0,154,0,0,0,0,0,0,0,0,0,0,0,0,0,0,0,0
213325,4,3,5,6,40,0,0,0,-1,0,132522,10,0,40,0,0,0,0,0,0,0,154,0,0,0,0,0,0,0,0,0,0,0,0,0,0,0,0
213326,4,4,6,6,40,0,0,0,-1,0,132503,11,0,45,0,0,0,0,0,0,0,270,0,0,0,0,0,0,0,0,0,0,0,0,0,0,0,0
213330,4,4,6,7,40,0,0,0,-1,0,134584,11,0,100,0,0,0,0,0,0,0,420,0,0,0,0,0,0,0,0,0,0,0,0,0,0,0,0
213331,4,2,8,7,40,0,0,0,-1,0,134587,7,0,75,0,0,0,0,0,0,0,117,0,0,0,0,0,0,0,0,0,0,0,0,0,0,0,0
213333,4,3,5,7,40,0,0,0,-1,0,134584,10,0,90,0,0,0,0,0,0,0,239,0,0,0,0,0,0,0,0,0,0,0,0,0,0,0,0
213335,4,4,6,8,40,0,0,0,-1,0,132583,11,0,65,0,0,0,0,0,0,0,330,0,0,0,0,0,0,0,0,0,0,0,0,0,0,0,0
213338,4,3,5,8,40,0,0,0,-1,0,132588,10,0,60,0,0,0,0,0,0,0,188,0,0,0,0,0,0,0,0,0,0,0,0,0,0,0,0
213340,4,2,8,8,40,0,0,0,-1,0,132539,7,0,50,0,0,0,0,0,0,0,92,0,0,0,0,0,0,0,0,0,0,0,0,0,0,0,0
213343,4,0,8,2,40,0,0,0,-1,0,133278,16,0,0,0,0,0,0,0,0,0,0,0,0,0,0,0,0,0,0,0,0,0,0,0,0,0,0
213344,4,0,8,2,40,0,0,0,-1,0,132998,16,0,0,0,0,0,0,0,0,0,0,0,0,0,0,0,0,0,0,0,0,0,0,0,0,0,0
213345,4,0,8,2,40,0,0,0,-1,0,133882,16,0,0,0,0,0,0,0,0,0,0,0,0,0,0,0,0,0,0,0,0,0,0,0,0,0,0
213346,4,0,8,2,40,0,0,0,-1,0,133277,16,0,0,0,0,0,0,0,0,0,0,0,0,0,0,0,0,0,0,0,0,0,0,0,0,0,0
213347,4,0,1,12,40,0,0,0,-1,0,133862,14,0,0,0,0,0,0,0,0,0,0,0,10,0,0,0,0,0,0,0,0,0,0,0,0,0,0
213348,4,0,1,12,40,0,0,0,-1,0,132999,14,0,0,0,0,0,0,0,0,0,0,0,0,0,10,0,0,0,0,0,0,0,0,0,0,0,0
213349,4,0,1,12,40,0,0,0,-1,0,135446,14,0,0,0,0,0,0,0,0,0,0,0,0,10,0,0,0,0,0,0,0,0,0,0,0,0,0
213350,4,0,1,12,40,0,0,0,-1,0,133018,14,0,0,0,0,0,0,0,0,0,0,0,0,5,0,0,5,0,0,0,0,0,0,0,0,0,0
213351,4,6,1,14,40,4,0,0,-1,0,134495,9,0,100,0,0,0,0,0,0,0,1580,0,0,0,0,0,0,0,0,0,0,0,0,0,0,0,0
213352,2,4,1,21,40,2,0,0,-1,0,132996,8,0,90,0,0,0,0,0,0,0,0,0,0,0,0,0,0,53,0,0,0,0,99,0,0,0,0
213353,2,10,2,17,40,2,0,0,-1,0,135144,13,0,120,0,0,0,0,0,0,0,0,0,0,0,0,0,0,117,0,0,0,0,175,0,0,0,0
213354,2,10,2,17,40,2,0,0,-1,0,135151,13,0,100,0,0,0,0,0,0,0,0,0,0,0,0,0,0,80,0,0,0,0,121,0,0,0,0
213355,2,18,2,26,40,0,0,0,-1,0,135533,12,0,75,2,0,0,0,0,0,0,0,0,0,0,0,0,0,33,0,0,0,0,62,0,0,0,0
213356,2,3,1,26,40,0,0,0,-1,0,135614,8,0,95,3,0,0,0,0,0,0,0,0,0,0,0,0,0,54,0,0,0,0,100,0,0,0,0
213390,4,6,1,14,40,4,0,0,-1,0,236307,9,0,120,0,0,0,0,0,0,0,1760,0,0,0,0,0,0,0,0,0,0,0,0,0,0,0,0
213403,2,13,1,22,40,3,0,0,13,0,135599,8,0,65,0,0,0,0,0,0,0,0,0,0,0,0,0,0,71,0,0,0,0,106,0,0,0,0
213408,2,6,1,17,40,2,0,0,-1,0,135128,9,0,100,0,0,0,0,0,0,0,0,0,0,0,0,0,0,101,0,0,0,0,152,0,0,0,0
213409,2,13,1,21,40,7,0,0,-1,0,135599,8,0,80,0,0,0,0,0,0,0,0,0,0,0,0,0,0,62,0,0,0,0,115,0,0,0,0
213410,2,15,1,21,40,3,0,0,-1,0,135642,8,0,80,0,0,0,0,0,0,0,70,0,0,0,0,0,0,26,0,0,0,0,47,0,0,0,0
213411,2,19,2,26,40,0,0,0,-1,0,135432,21,0,65,0,0,2,0,0,0,0,0,0,0,0,0,0,0,59,0,0,0,0,110,0,0,0,0
213412,4,6,1,14,40,4,0,0,-1,0,136243,9,0,120,0,0,0,0,0,0,0,1760,0,0,0,0,0,0,0,0,0,0,0,0,0,0,0,0
213413,4,2,8,3,40,0,0,0,-1,0,135039,7,0,50,0,0,0,0,0,0,0,100,0,0,0,0,0,0,0,0,0,0,0,0,0,0,0,0
213416,2,1,1,17,40,1,0,0,-1,0,132394,9,0,120,0,0,0,0,0,0,0,0,0,0,0,0,0,0,117,0,0,0,0,175,0,0,0,0
213417,4,4,6,1,40,0,0,0,-1,0,132517,11,0,80,0,0,0,0,0,0,0,390,0,0,0,0,0,0,0,0,0,0,0,0,0,0,0,0
213418,4,4,6,9,40,0,0,0,-1,0,132605,11,0,45,0,0,0,0,0,0,0,210,0,0,0,0,0,0,0,0,0,0,0,0,0,0,0,0
213419,4,0,1,23,40,7,0,0,-1,0,133741,21,0,0,0,0,0,0,0,0,0,0,0,0,0,0,0,0,0,0,0,0,0,0,0,0,0,0
213442,2,13,1,22,40,7,0,0,-1,0,132945,8,0,90,0,0,0,0,0,0,0,0,0,0,0,0,0,0,60,0,0,0,0,111,0,0,0,0
213542,4,0,1,23,40,7,0,0,-1,0,133737,21,0,0,0,0,0,0,0,0,0,0,0,0,0,0,3,0,0,0,0,0,0,0,0,0,0,0
213559,2,19,2,26,40,0,0,0,-1,0,133025,21,0,65,0,0,6,0,0,0,0,0,0,0,0,0,0,0,44,0,0,0,0,83,0,0,0,0
213560,2,4,2,13,40,3,0,0,4,0,133027,8,0,90,0,0,0,0,0,0,0,0,0,0,0,0,0,0,51,0,0,0,0,95,0,0,0,0
215114,4,3,5,1,40,0,0,0,-1,0,133145,10,0,85,0,0,0,0,0,0,0,242,0,0,0,0,0,0,0,0,0,0,0,0,0,0,0,0
215161,4,4,6,1,40,0,0,0,-1,0,133151,11,0,100,0,0,0,0,0,0,0,426,0,0,0,0,0,0,0,0,0,0,0,0,0,0,0,0
215166,4,2,8,1,40,0,0,0,-1,0,133117,10,0,70,0,0,0,0,0,0,0,118,0,0,0,0,0,0,0,0,0,0,0,0,0,0,0,0
215235,2,8,1,13,40,1,0,0,-1,0,135347,9,0,100,0,0,0,0,0,0,0,0,0,0,0,0,0,0,102,0,0,0,0,153,0,0,0,0
215371,4,0,5,12,0,0,0,0,-1,0,338666,14,0,0,0,0,0,0,0,0,0,0,0,0,0,0,0,0,0,0,0,0,0,0,0,0,0,0
215380,4,3,5,6,40,0,0,0,-1,0,132523,10,0,50,0,0,0,0,0,0,0,168,0,0,0,0,0,0,0,0,0,0,0,0,0,0,0,0
215381,4,2,8,1,40,0,0,0,-1,0,133144,10,0,70,0,0,0,0,0,0,0,118,0,0,0,0,0,0,0,0,0,0,0,0,0,0,0,0
215382,4,3,5,1,40,0,0,0,-1,0,133143,10,0,85,0,0,0,0,0,0,0,242,0,0,0,0,0,0,0,0,0,0,0,0,0,0,0,0
215461,4,0,8,12,40,0,0,0,-1,0,135996,8,0,0,0,0,0,0,0,0,0,0,0,0,0,0,0,0,0,0,0,0,0,0,0,0,0,0
216484,4,4,6,8,40,0,0,0,-1,0,132584,11,0,65,0,0,0,0,0,0,0,330,0,0,0,0,0,0,0,0,0,0,0,0,0,0,0,0
216485,4,4,5,5,40,0,0,0,-1,0,132751,10,0,125,0,0,0,0,0,0,0,480,0,0,0,0,0,0,0,0,0,0,0,0,0,0,0,0
216486,4,4,6,7,40,0,0,0,-1,0,134682,11,0,100,0,0,0,0,0,0,0,420,0,0,0,0,0,0,0,0,0,0,0,0,0,0,0,0
216495,2,5,1,17,40,1,0,0,-1,0,133731,9,0,120,0,0,0,0,0,0,0,0,0,0,0,0,0,0,110,0,0,0,0,165,0,0,0,0
216496,2,4,2,13,40,3,0,0,4,0,133730,8,0,105,0,0,0,0,0,0,0,0,0,0,0,0,0,0,50,0,0,0,0,93,0,0,0,0
216497,2,7,1,21,40,1,0,0,-1,0,135345,8,0,105,0,0,0,0,0,0,0,0,0,0,0,0,0,0,44,0,0,0,0,81,0,0,0,0
216498,4,0,1,23,40,7,0,0,-1,0,133742,21,0,0,0,0,0,0,0,0,0,0,0,0,0,0,0,0,0,0,0,0,0,0,0,0,0,0
216499,2,5,2,17,40,1,0,0,-1,0,133047,9,0,120,0,0,0,0,0,0,0,30,0,0,0,0,0,0,65,0,0,0,0,97,0,0,0,0
216500,4,0,1,12,40,0,0,0,-1,0,134085,14,0,0,0,0,0,0,0,0,0,0,0,0,0,0,0,0,0,0,0,0,0,0,0,0,0,0
216501,4,6,1,14,40,4,0,0,-1,0,136051,9,0,120,0,0,0,0,0,0,0,1197,0,0,0,0,0,0,0,0,0,0,0,0,0,0,0,0
216502,2,5,2,17,40,4,0,0,4,0,132318,8,0,120,0,0,0,0,0,0,0,0,0,0,0,0,0,0,116,0,0,0,0,175,0,0,0,0
216503,4,0,1,12,40,0,0,0,-1,0,134081,14,0,0,0,0,0,0,0,0,0,0,0,0,0,0,0,0,0,0,0,0,0,0,0,0,0,0
216504,2,7,1,21,40,3,0,0,-1,0,135329,8,0,105,0,0,0,0,0,0,0,0,0,0,0,0,0,0,48,0,0,0,0,89,0,0,0,0
216505,4,0,1,12,40,0,0,0,-1,0,132093,14,0,0,0,0,0,0,0,0,0,0,0,0,0,0,0,0,0,0,0,0,0,0,0,0,0,0
216506,2,8,1,17,40,1,0,0,-1,0,132155,9,0,120,0,0,0,0,0,0,0,0,0,0,0,0,0,0,116,0,0,0,0,175,0,0,0,0
216507,4,0,5,11,40,1,0,0,-1,0,133359,14,0,0,0,0,0,0,0,0,0,0,0,0,0,0,0,0,0,0,0,0,0,0,0,0,0,0
216508,4,0,5,11,40,1,0,0,-1,0,133363,14,0,0,0,0,0,0,0,0,0,0,0,0,0,0,0,0,0,0,0,0,0,0,0,0,0,0
216509,4,0,1,12,40,0,0,0,-1,0,132386,14,0,0,0,0,0,0,0,0,0,0,0,0,0,0,0,0,0,0,0,0,0,0,0,0,0,0
216510,4,0,5,11,40,1,0,0,-1,0,133351,14,0,0,0,0,0,0,0,0,0,0,0,0,0,0,0,0,0,0,0,0,0,0,0,0,0,0
216511,4,0,5,11,40,1,0,0,-1,0,133367,14,0,0,0,0,0,0,0,0,0,0,0,0,0,0,0,0,0,0,0,0,0,0,0,0,0,0
216512,4,0,5,11,40,1,0,0,-1,0,133371,14,0,0,0,0,0,0,0,0,0,0,0,0,0,0,0,0,0,0,0,0,0,0,0,0,0,0
216513,4,0,1,12,40,0,0,0,-1,0,133434,14,0,0,0,0,0,0,0,0,0,0,0,0,0,0,0,0,0,0,0,0,0,0,0,0,0,0
216516,2,2,2,15,40,0,0,0,-1,0,135497,12,0,95,2,0,0,0,0,0,0,0,0,0,0,0,0,0,30,0,0,0,0,57,0,0,0,0
216517,4,0,1,12,40,0,0,0,-1,0,135940,14,0,0,0,0,0,0,0,0,0,0,0,0,0,0,0,0,0,0,0,0,0,0,0,0,0,0
216518,4,0,5,11,40,1,0,0,-1,0,133350,14,0,0,0,0,0,0,0,0,0,0,0,0,0,0,0,0,0,0,0,0,0,0,0,0,0,0
216519,4,0,5,11,40,1,0,0,-1,0,133373,14,0,0,0,0,0,0,0,0,0,0,0,0,0,0,0,0,0,0,0,0,0,0,0,0,0,0
216520,2,15,1,13,40,3,0,0,-1,0,135639,8,0,65,0,0,0,0,0,0,0,0,0,0,0,0,0,0,41,0,0,0,0,77,0,0,0,0
216521,2,13,1,22,40,7,0,0,-1,0,132942,8,0,90,0,0,0,0,0,0,0,0,0,0,0,0,0,0,30,0,0,0,0,57,0,0,0,0
216522,2,15,1,22,40,3,0,0,-1,0,135315,8,0,65,0,0,0,0,0,0,0,0,0,0,0,0,0,0,44,0,0,0,0,81,0,0,0,0
216607,4,0,1,12,40,0,0,0,-1,0,134084,14,0,0,0,0,0,0,0,0,0,0,0,0,0,0,0,0,0,0,0,0,0,0,0,0,0,0
216615,4,0,1,12,40,0,0,0,-1,0,132096,14,0,0,0,0,0,0,0,0,0,0,0,0,0,0,0,0,0,0,0,0,0,0,0,0,0,0
216620,4,1,7,16,40,0,0,0,-1,0,133774,7,0,0,0,0,0,0,0,0,0,32,0,0,0,0,0,0,0,0,0,0,0,0,0,0,0,0
216621,4,1,7,16,40,0,0,0,-1,0,133760,7,0,0,0,0,0,0,0,0,0,32,0,0,0,0,0,0,0,0,0,0,0,0,0,0,0,0
216623,4,1,7,16,40,0,0,0,-1,0,133770,7,0,0,0,0,0,0,0,0,0,32,0,0,0,0,0,0,0,0,0,0,0,0,0,0,0,0
216673,4,0,3,11,0,0,0,0,-1,0,133345,14,0,0,0,0,0,0,0,0,0,70,0,0,0,0,0,0,0,0,0,0,0,0,0,0,0,0
216676,4,2,8,7,0,0,0,0,-1,0,134588,7,0,75,0,0,0,0,0,0,0,117,0,0,0,0,0,0,0,0,0,0,0,0,0,0,0,0
216678,4,3,5,7,0,0,0,0,-1,0,134583,10,0,90,0,0,0,0,0,0,0,240,0,0,0,0,0,0,0,0,0,0,0,0,0,0,0,0
216679,2,0,1,22,0,3,0,0,-1,0,134520,8,0,90,0,0,0,0,0,0,0,0,0,0,0,0,0,0,37,0,0,0,0,68,0,0,0,0
216698,4,2,8,9,40,0,0,0,-1,0,132602,7,0,35,0,0,0,0,0,0,0,64,0,0,0,0,0,0,0,0,0,0,0,0,0,0,0,0
216699,4,3,5,9,40,0,0,0,-1,0,132605,10,0,40,0,0,0,0,0,0,0,131,0,0,0,0,0,0,0,0,0,0,0,0,0,0,0,0
216700,4,2,8,9,40,0,0,0,-1,0,132606,7,0,35,0,0,0,0,0,0,0,64,0,0,0,0,0,0,0,0,0,0,0,0,0,0,0,0
216701,4,4,6,9,40,0,0,0,-1,0,132617,11,0,45,0,0,0,0,0,0,0,231,0,0,0,0,0,0,0,0,0,0,0,0,0,0,0,0
216703,4,3,5,9,40,0,0,0,-1,0,132615,10,0,40,0,0,0,0,0,0,0,131,0,0,0,0,0,0,0,0,0,0,0,0,0,0,0,0
216705,4,4,6,9,40,0,0,0,-1,0,132618,11,0,45,0,0,0,0,0,0,0,231,0,0,0,0,0,0,0,0,0,0,0,0,0,0,0,0
216941,4,0,5,12,0,0,0,0,-1,0,338784,14,0,0,0,0,0,0,0,0,0,0,0,0,0,0,0,0,0,0,0,0,0,0,0,0,0,0
217005,4,1,7,16,0,0,0,0,-1,0,133758,7,0,0,0,0,0,0,0,0,0,29,0,0,0,0,0,0,0,0,0,0,0,0,0,0,0,0
217006,2,5,2,17,0,1,0,0,-1,0,133479,9,0,100,0,0,0,0,0,0,0,0,0,0,0,0,0,0,80,0,0,0,0,112,0,0,0,0
217291,4,0,2,23,36,7,0,0,-1,0,133729,12,0,0,0,0,0,0,0,0,0,0,0,0,0,0,0,0,0,0,0,0,0,0,0,0,0,0
217302,2,5,2,17,39,1,0,0,-1,0,133488,9,0,100,0,0,0,0,0,0,0,0,0,0,0,0,0,0,100,0,0,0,0,149,0,0,0,0
217305,4,3,5,9,35,0,0,0,-1,0,132615,10,0,40,0,0,0,0,0,0,0,111,0,0,0,0,0,0,0,0,0,0,0,0,0,0,0,0
217306,4,4,6,8,40,0,0,0,-1,0,132587,11,0,65,0,0,0,0,0,0,0,227,0,0,0,0,0,0,0,0,0,0,0,0,0,0,0,0
217307,4,2,8,3,36,0,0,0,-1,0,135056,7,0,60,0,0,0,0,0,0,0,93,0,0,0,0,0,0,0,0,0,0,0,0,0,0,0,0
217314,2,3,1,26,23,0,0,0,-1,0,135615,8,0,65,3,0,0,0,0,0,0,0,0,0,0,0,0,0,13,0,0,0,0,25,0,0,0,0
217315,2,2,2,15,23,0,0,0,-1,0,135492,12,0,60,2,0,0,0,0,0,0,0,0,0,0,0,0,0,20,0,0,0,0,37,0,0,0,0
217497,2,7,1,21,34,3,0,0,-1,0,135714,8,0,90,0,0,0,0,0,0,0,0,0,0,0,0,0,0,40,0,0,0,0,75,0,0,0,0
218083,2,8,1,17,50,1,0,0,-1,0,135394,9,0,120,0,0,0,0,0,0,0,0,0,0,0,0,0,0,176,0,0,0,0,264,0,0,0,0
219135,4,0,1,2,0,0,0,0,-1,0,133335,14,0,0,0,0,0,0,0,0,0,0,0,0,0,0,0,0,0,0,0,0,0,0,0,0,0,0
219223,2,8,1,17,50,1,0,0,-1,0,251962,9,0,100,0,0,0,0,0,0,0,0,0,0,0,0,0,0,104,0,0,0,0,157,0,0,0,0
219326,4,0,1,12,50,0,0,0,-1,0,236155,14,0,0,0,0,0,0,0,0,0,0,0,0,0,0,0,0,0,0,0,0,0,0,0,0,0,0
219343,4,1,8,16,50,0,0,0,-1,0,133754,7,0,0,0,0,0,0,0,0,0,36,0,0,0,0,0,0,0,0,0,0,0,0,0,0,0,0
219345,4,0,1,12,50,0,0,0,-1,0,136091,14,0,0,0,0,0,0,0,0,0,0,0,0,0,0,0,0,0,0,0,0,0,0,0,0,0,0
219945,4,6,1,14,45,4,0,0,-1,0,134948,9,0,100,0,0,0,0,0,0,0,0,0,0,0,0,0,0,0,0,0,0,0,0,0,0,0,0
220173,2,8,1,17,50,1,0,0,-1,0,135360,9,0,120,0,0,0,0,0,0,0,0,0,0,0,0,0,0,142,0,0,0,0,213,0,0,0,0
220511,4,4,6,1,50,0,0,0,-1,0,133124,11,0,80,0,0,0,0,0,0,0,469,0,0,0,0,0,0,0,0,0,0,0,0,0,0,0,0
220514,4,3,6,1,50,0,0,0,-1,0,133119,9,0,70,0,0,0,0,0,0,0,266,0,0,0,0,0,0,0,0,0,0,0,0,0,0,0,0
220515,4,3,6,1,50,0,0,0,-1,0,133127,9,0,70,0,0,0,0,0,0,0,266,0,0,0,0,0,0,0,0,0,0,0,0,0,0,0,0
220516,4,3,6,1,50,0,0,0,-1,0,133069,9,0,70,0,0,0,0,0,0,0,266,0,0,0,0,0,0,0,0,0,0,0,0,0,0,0,0
220518,4,2,8,1,50,0,0,0,-1,0,133152,7,0,60,0,0,0,0,0,0,0,128,0,0,0,0,0,0,0,0,0,0,0,0,0,0,0,0
220519,4,2,8,1,50,0,0,0,-1,0,133116,7,0,60,0,0,0,0,0,0,0,128,0,0,0,0,0,0,0,0,0,0,0,0,0,0,0,0
220521,4,2,8,1,50,0,0,0,-1,0,133101,7,0,60,0,0,0,0,0,0,0,128,0,0,0,0,0,0,0,0,0,0,0,0,0,0,0,0
220529,4,4,6,3,50,0,0,0,-1,0,135055,11,0,80,0,0,0,0,0,0,0,433,0,0,0,0,0,0,0,0,0,0,0,0,0,0,0,0
220530,4,4,6,5,50,0,0,0,-1,0,132743,11,0,165,0,0,0,0,0,0,0,608,0,0,0,0,0,0,0,0,0,0,0,0,0,0,0,0
220532,4,2,8,3,50,0,0,0,-1,0,135049,7,0,60,0,0,0,0,0,0,0,118,0,0,0,0,0,0,0,0,0,0,0,0,0,0,0,0
220533,4,3,5,5,50,0,0,0,-1,0,132627,10,0,120,0,0,0,0,0,0,0,327,0,0,0,0,0,0,0,0,0,0,0,0,0,0,0,0
220537,4,2,8,9,50,0,0,0,-1,0,132607,7,0,35,0,0,0,0,0,0,0,69,0,0,0,0,0,0,0,0,0,0,0,0,0,0,0,0
220539,4,4,6,9,50,0,0,0,-1,0,132616,11,0,45,0,0,0,0,0,0,0,252,0,0,0,0,0,0,0,0,0,0,0,0,0,0,0,0
220540,4,4,6,10,50,0,0,0,-1,0,132938,11,0,45,0,0,0,0,0,0,0,361,0,0,0,0,0,0,0,0,0,0,0,0,0,0,0,0
220542,4,3,5,10,50,0,0,0,-1,0,132945,10,0,40,0,0,0,0,0,0,0,205,0,0,0,0,0,0,0,0,0,0,0,0,0,0,0,0
220543,4,3,5,10,50,0,0,0,-1,0,132946,10,0,40,0,0,0,0,0,0,0,205,0,0,0,0,0,0,0,0,0,0,0,0,0,0,0,0
220544,4,2,8,10,50,0,0,0,-1,0,132953,7,0,35,0,0,0,0,0,0,0,99,0,0,0,0,0,0,0,0,0,0,0,0,0,0,0,0
220545,4,2,8,10,50,0,0,0,-1,0,132949,7,0,35,0,0,0,0,0,0,0,99,0,0,0,0,0,0,0,0,0,0,0,0,0,0,0,0
220550,4,2,8,6,50,0,0,0,-1,0,132514,7,0,35,0,0,0,0,0,0,0,89,0,0,0,0,0,0,0,0,0,0,0,0,0,0,0,0
220551,4,2,8,6,0,0,0,0,-1,0,132498,7,0,35,0,0,0,0,0,0,0,89,0,0,0,0,0,0,0,0,0,0,0,0,0,0,0,0
220552,4,3,5,6,50,0,0,0,-1,0,132522,10,0,40,0,0,0,0,0,0,0,184,0,0,0,0,0,0,0,0,0,0,0,0,0,0,0,0
220553,4,3,5,6,50,0,0,0,-1,0,132522,10,0,55,0,0,0,0,0,0,0,195,0,0,0,0,0,0,0,0,0,0,0,0,0,0,0,0
220554,4,4,5,6,50,0,0,0,-1,0,132504,11,0,45,0,0,0,0,0,0,0,324,0,0,0,0,0,0,0,0,0,0,0,0,0,0,0,0
220555,4,4,6,6,50,0,0,0,-1,0,132504,11,0,45,0,0,0,0,0,0,0,324,0,0,0,0,0,0,0,0,0,0,0,0,0,0,0,0
220557,4,2,8,7,50,0,0,0,-1,0,134594,7,0,90,0,0,0,0,0,0,0,146,0,0,0,0,0,0,0,0,0,0,0,0,0,0,0,0
220558,4,2,8,7,50,0,0,0,-1,0,134587,7,0,75,0,0,0,0,0,0,0,138,0,0,0,0,0,0,0,0,0,0,0,0,0,0,0,0
220559,4,3,5,7,50,0,0,0,-1,0,134585,10,0,90,0,0,0,0,0,0,0,286,0,0,0,0,0,0,0,0,0,0,0,0,0,0,0,0
220560,4,4,6,7,50,0,0,0,-1,0,134584,11,0,100,0,0,0,0,0,0,0,505,0,0,0,0,0,0,0,0,0,0,0,0,0,0,0,0
220561,4,4,6,8,50,0,0,0,-1,0,132586,11,0,65,0,0,0,0,0,0,0,397,0,0,0,0,0,0,0,0,0,0,0,0,0,0,0,0
220562,4,3,5,8,50,0,0,0,-1,0,132535,10,0,75,0,0,0,0,0,0,0,238,0,0,0,0,0,0,0,0,0,0,0,0,0,0,0,0
220563,4,3,5,8,50,0,0,0,-1,0,132535,10,0,60,0,0,0,0,0,0,0,225,0,0,0,0,0,0,0,0,0,0,0,0,0,0,0,0
220564,4,2,8,8,50,0,0,0,-1,0,132541,7,0,60,0,0,0,0,0,0,0,115,0,0,0,0,0,0,0,0,0,0,0,0,0,0,0,0
220566,2,6,1,17,50,2,0,0,-1,0,135574,9,0,120,0,0,0,0,0,0,0,0,0,0,0,0,0,0,158,0,0,0,0,237,0,0,0,0
220567,2,6,1,17,50,2,0,0,-1,0,135129,9,0,120,0,0,0,0,0,0,0,0,0,0,0,0,0,0,146,0,0,0,0,219,0,0,0,0
220568,2,1,1,17,50,1,0,0,-1,0,135615,9,0,120,0,0,0,0,0,0,0,0,0,0,0,0,0,0,142,0,0,0,0,213,0,0,0,0
220569,2,5,2,17,50,1,0,0,-1,0,133043,9,0,120,0,0,0,0,0,0,0,0,0,0,0,0,0,0,150,0,0,0,0,225,0,0,0,0
220571,2,2,2,15,50,0,0,0,-1,0,135496,12,0,90,2,0,0,0,0,0,0,0,0,0,0,0,0,0,64,0,0,0,0,118,0,0,0,0
220572,2,18,2,26,50,0,0,0,-1,0,135537,12,0,75,2,0,0,0,0,0,0,0,0,0,0,0,0,0,46,0,0,0,0,68,0,0,0,0
220573,2,2,2,15,50,0,0,0,-1,0,135462,13,0,90,2,0,0,0,0,0,0,0,0,0,0,0,0,0,66,0,0,0,0,122,0,0,0,0
220574,2,0,1,13,50,3,0,0,-1,0,132398,8,0,105,0,0,0,0,0,0,0,0,0,0,0,0,0,0,70,0,0,0,0,131,0,0,0,0
220575,2,0,1,13,50,3,0,0,-1,0,132403,8,0,90,0,0,0,0,0,0,0,0,0,0,0,0,0,0,61,0,0,0,0,114,0,0,0,0
220576,2,0,1,13,50,3,0,0,-1,0,132415,8,0,90,0,0,0,0,0,0,0,0,0,0,0,0,0,0,69,0,0,0,0,128,0,0,0,0
220577,2,4,2,13,50,3,0,0,-1,0,133486,8,0,105,0,0,0,0,0,0,0,0,0,0,0,0,0,0,68,0,0,0,0,125,0,0,0,0
220578,2,4,2,13,50,3,0,0,-1,0,133048,8,0,105,0,0,0,0,0,0,0,0,0,0,0,0,0,0,38,0,0,0,0,72,0,0,0,0
220579,2,4,1,21,50,3,0,0,-1,0,135461,8,0,105,0,0,0,0,0,0,0,0,0,0,0,0,0,0,73,0,0,0,0,136,0,0,0,0
220580,2,4,1,21,50,3,0,0,-1,0,133479,8,0,105,0,0,0,0,0,0,0,0,0,0,0,0,0,0,68,0,0,0,0,125,0,0,0,0
220581,2,4,2,13,50,3,0,0,-1,0,135472,8,0,105,0,0,0,0,0,0,0,0,0,0,0,0,0,0,74,0,0,0,0,137,0,0,0,0
220582,2,7,1,13,50,3,0,0,-1,0,135348,8,0,105,0,0,0,0,0,0,0,0,0,0,0,0,0,0,73,0,0,0,0,136,0,0,0,0
220583,2,7,1,13,50,3,0,0,-1,0,135348,8,0,90,0,0,0,0,0,0,0,0,0,0,0,0,0,0,54,0,0,0,0,100,0,0,0,0
220584,2,7,1,13,50,3,0,0,-1,0,135279,8,0,90,0,0,0,0,0,0,0,0,0,0,0,0,0,0,56,0,0,0,0,104,0,0,0,0
220585,2,15,1,13,50,3,0,0,-1,0,135666,8,0,75,0,0,0,0,0,0,0,0,0,0,0,0,0,0,48,0,0,0,0,89,0,0,0,0
220586,2,15,1,21,50,7,0,0,-1,0,135124,8,0,75,0,0,0,0,0,0,0,0,0,0,0,0,0,0,53,0,0,0,0,99,0,0,0,0
220587,2,15,1,21,50,3,0,0,-1,0,135658,8,0,75,0,0,0,0,0,0,0,0,0,0,0,0,0,0,44,0,0,0,0,81,0,0,0,0
220588,2,13,1,21,50,7,0,0,-1,0,135592,8,0,75,0,0,0,0,0,0,0,0,0,0,0,0,0,0,73,0,0,0,0,136,0,0,0,0
220589,2,13,1,22,50,7,0,0,-1,0,135592,8,0,75,0,0,0,0,0,0,0,0,0,0,0,0,0,0,42,0,0,0,0,78,0,0,0,0
220590,2,10,2,17,50,2,0,0,-1,0,135461,13,0,120,0,0,0,0,0,0,0,0,0,0,0,0,0,0,159,0,0,0,0,238,0,0,0,0
220591,2,10,2,17,50,2,0,0,-1,0,135225,13,0,120,0,0,0,0,0,0,0,0,0,0,0,0,0,0,101,0,0,0,0,152,0,0,0,0
220594,2,6,2,17,50,2,0,0,-1,0,135358,13,0,120,0,0,0,0,0,0,0,0,0,0,0,0,0,0,146,0,0,0,0,219,0,0,0,0
220595,2,10,2,17,50,2,0,0,-1,0,135144,13,0,120,0,0,0,0,0,0,0,0,0,0,0,0,0,0,92,0,0,0,0,138,0,0,0,0
220596,2,10,2,17,50,2,0,0,-1,0,135225,13,0,120,0,0,0,0,0,0,0,0,0,0,0,0,0,0,88,0,0,0,0,132,0,0,0,0
220597,4,0,3,23,50,7,0,0,-1,0,134335,21,0,0,0,0,0,0,0,0,0,0,0,0,0,0,0,0,0,0,0,0,0,0,0,0,0,0
220600,4,6,1,14,50,4,0,0,-1,0,134950,9,0,120,0,0,0,0,0,0,0,2043,0,0,0,0,0,0,0,0,0,0,0,0,0,0,0,0
220601,4,6,1,14,50,4,0,0,-1,0,134958,9,0,120,0,0,0,0,0,0,0,2043,0,0,0,0,0,0,0,0,0,0,0,0,0,0,0,0
220603,2,19,2,26,50,0,0,0,-1,0,135466,21,0,75,0,0,3,0,0,0,0,0,0,0,5,0,0,0,52,0,0,0,0,96,0,0,0,0
220604,2,19,2,26,50,0,0,0,-1,0,135485,21,0,75,0,0,5,0,0,0,0,0,0,0,0,0,0,0,72,0,0,0,0,136,0,0,0,0
220608,4,1,7,16,50,0,0,0,-1,0,133757,7,0,0,0,0,0,0,0,0,0,41,0,0,0,0,0,0,0,0,0,0,0,0,0,0,0,0
220609,4,1,7,16,50,0,0,0,-1,0,133757,7,0,0,0,0,0,0,0,0,0,39,0,0,0,0,0,0,0,0,0,0,0,0,0,0,0,0
220611,4,1,7,16,50,0,0,0,-1,0,133754,7,0,0,0,0,0,0,0,0,0,39,0,0,0,0,0,0,0,0,0,0,0,0,0,0,0,0
220621,4,0,3,12,50,0,0,0,-1,0,134108,12,0,0,0,0,0,0,0,0,0,0,0,0,0,0,0,0,0,0,0,0,0,0,0,0,0,0
220622,4,0,3,2,50,0,0,0,-1,0,133279,14,0,0,0,0,0,0,0,0,0,0,0,0,0,0,0,0,0,0,0,0,0,0,0,0,0,0
220623,4,0,3,2,50,0,0,0,-1,0,133312,16,0,0,0,0,0,0,0,0,0,0,0,0,0,0,0,0,0,0,0,0,0,0,0,0,0,0
220624,4,0,3,2,50,0,0,0,-1,0,133310,14,0,0,0,0,0,0,0,0,0,0,0,0,0,0,0,0,0,0,0,0,0,0,0,0,0,0
220625,4,0,4,2,50,0,0,0,-1,0,133311,24,0,0,0,0,0,0,0,0,0,90,0,0,0,0,0,0,0,0,0,0,0,0,0,0,0,0
220626,4,0,5,11,50,1,0,0,-1,0,133346,14,0,0,0,0,0,0,0,0,0,0,0,0,0,0,0,0,0,0,0,0,0,0,0,0,0,0
220632,4,0,3,12,50,0,0,0,-1,0,133313,24,0,0,0,0,0,0,0,0,0,0,0,0,0,0,0,0,0,0,0,0,0,0,0,0,0,0
220642,4,4,6,5,50,0,0,0,-1,0,132744,11,0,135,0,0,0,0,0,0,0,577,0,0,0,0,0,0,0,0,0,0,0,0,0,0,0,0
220643,4,4,6,7,50,0,0,0,-1,0,134583,11,0,100,0,0,0,0,0,0,0,505,0,0,0,0,0,0,0,0,0,0,0,0,0,0,0,0
220650,4,4,6,5,50,0,0,0,-1,0,132738,11,0,135,0,0,0,0,0,0,0,577,0,0,0,0,0,0,0,0,0,0,0,0,0,0,0,0
220651,4,4,6,7,50,0,0,0,-1,0,134582,11,0,85,0,0,0,0,0,0,0,505,0,0,0,0,0,0,0,0,0,0,0,0,0,0,0,0
220652,4,4,6,8,50,0,0,0,-1,0,132584,11,0,65,0,0,0,0,0,0,0,397,0,0,0,0,0,0,0,0,0,0,0,0,0,0,0,0
220653,4,4,6,5,50,0,0,0,-1,0,132760,11,0,135,0,0,0,0,0,0,0,577,0,0,0,0,0,0,0,0,0,0,0,0,0,0,0,0
220656,4,4,6,8,50,0,0,0,-1,0,132592,11,0,65,0,0,0,0,0,0,0,397,0,0,0,0,0,0,0,0,0,0,0,0,0,0,0,0
220657,4,3,5,5,50,0,0,0,-1,0,132632,10,0,120,0,0,0,0,0,0,0,327,0,0,0,0,0,0,0,0,0,0,0,0,0,0,0,0
220658,4,3,5,7,50,0,0,0,-1,0,134584,10,0,90,0,0,0,0,0,0,0,286,0,0,0,0,0,0,0,0,0,0,0,0,0,0,0,0
220659,4,3,5,8,50,0,0,0,-1,0,132586,10,0,60,0,0,0,0,0,0,0,225,0,0,0,0,0,0,0,0,0,0,0,0,0,0,0,0
220660,4,3,5,5,50,0,0,0,-1,0,132751,10,0,120,0,0,0,0,0,0,0,327,0,0,0,0,0,0,0,0,0,0,0,0,0,0,0,0
220661,4,3,5,7,50,0,0,0,-1,0,134586,10,0,90,0,0,0,0,0,0,0,286,0,0,0,0,0,0,0,0,0,0,0,0,0,0,0,0
220662,4,3,5,8,50,0,0,0,-1,0,132584,10,0,60,0,0,0,0,0,0,0,225,0,0,0,0,0,0,0,0,0,0,0,0,0,0,0,0
220669,4,2,8,5,50,0,0,0,-1,0,132717,7,0,100,0,0,0,0,0,0,0,158,0,0,0,0,0,0,0,0,0,0,0,0,0,0,0,0
220671,4,2,8,7,50,0,0,0,-1,0,134586,7,0,75,0,0,0,0,0,0,0,138,0,0,0,0,0,0,0,0,0,0,0,0,0,0,0,0
220672,4,2,8,5,50,0,0,0,-1,0,132741,7,0,100,0,0,0,0,0,0,0,158,0,0,0,0,0,0,0,0,0,0,0,0,0,0,0,0
220674,2,15,1,13,50,3,0,0,-1,0,135351,8,0,75,0,0,0,0,0,0,0,0,0,0,0,0,0,0,35,0,0,0,0,65,0,0,0,0
220675,4,2,8,8,50,0,0,0,-1,0,132589,7,0,50,0,0,0,0,0,0,0,109,0,0,0,0,0,0,0,0,0,0,0,0,0,0,0,0
220676,4,2,8,5,50,0,0,0,-1,0,132635,7,0,100,0,0,0,0,0,0,0,158,0,0,0,0,0,0,0,0,0,0,0,0,0,0,0,0
220686,2,8,1,17,50,1,0,0,-1,0,135355,9,0,120,0,0,0,0,0,0,0,0,0,0,0,0,0,0,146,0,0,0,0,219,0,0,0,0
220738,4,4,6,3,50,0,0,0,-1,0,135055,11,0,100,0,0,0,0,0,0,0,472,0,0,0,0,0,0,0,0,0,0,0,0,0,0,0,0
220741,4,3,5,3,50,0,0,0,-1,0,135046,10,0,85,0,0,0,0,0,0,0,268,0,0,0,0,0,0,0,0,0,0,0,0,0,0,0,0
220745,4,2,8,3,50,0,0,0,-1,0,135049,7,0,70,0,0,0,0,0,0,0,129,0,0,0,0,0,0,0,0,0,0,0,0,0,0,0,0
220794,4,4,6,5,50,0,0,0,-1,0,132751,11,0,135,0,0,0,0,0,0,0,557,0,0,0,0,0,0,0,0,0,0,0,0,0,0,0,0
220795,4,4,6,3,50,0,0,0,-1,0,135054,11,0,80,0,0,0,0,0,0,0,433,0,0,0,0,0,0,0,0,0,0,0,0,0,0,0,0
220797,4,4,6,7,50,0,0,0,-1,0,134584,11,0,100,0,0,0,0,0,0,0,487,0,0,0,0,0,0,0,0,0,0,0,0,0,0,0,0
220799,4,4,6,8,50,0,0,0,-1,0,132589,11,0,65,0,0,0,0,0,0,0,369,0,0,0,0,0,0,0,0,0,0,0,0,0,0,0,0
220803,4,4,6,1,50,0,0,0,-1,0,133101,11,0,80,0,0,0,0,0,0,0,469,0,0,0,0,0,0,0,0,0,0,0,0,0,0,0,0
220806,4,4,6,10,50,0,0,0,-1,0,132937,11,0,45,0,0,0,0,0,0,0,336,0,0,0,0,0,0,0,0,0,0,0,0,0,0,0,0
220808,4,4,6,3,50,0,0,0,-1,0,135033,11,0,80,0,0,0,0,0,0,0,433,0,0,0,0,0,0,0,0,0,0,0,0,0,0,0,0
220809,4,4,6,7,50,0,0,0,-1,0,134588,11,0,100,0,0,0,0,0,0,0,487,0,0,0,0,0,0,0,0,0,0,0,0,0,0,0,0
220810,4,4,6,1,50,0,0,0,-1,0,133074,11,0,80,0,0,0,0,0,0,0,469,0,0,0,0,0,0,0,0,0,0,0,0,0,0,0,0
220811,4,4,6,8,50,0,0,0,-1,0,132586,11,0,65,0,0,0,0,0,0,0,369,0,0,0,0,0,0,0,0,0,0,0,0,0,0,0,0
220812,4,4,6,10,50,0,0,0,-1,0,132940,11,0,45,0,0,0,0,0,0,0,336,0,0,0,0,0,0,0,0,0,0,0,0,0,0,0,0
220813,4,4,6,5,50,0,0,0,-1,0,132744,11,0,135,0,0,0,0,0,0,0,557,0,0,0,0,0,0,0,0,0,0,0,0,0,0,0,0
220815,4,4,6,5,50,0,0,0,-1,0,132741,11,0,135,0,0,0,0,0,0,0,557,0,0,0,0,0,0,0,0,0,0,0,0,0,0,0,0
220816,4,4,6,7,50,0,0,0,-1,0,134583,11,0,100,0,0,0,0,0,0,0,487,0,0,0,0,0,0,0,0,0,0,0,0,0,0,0,0
220817,4,4,6,10,50,0,0,0,-1,0,132966,11,0,45,0,0,0,0,0,0,0,336,0,0,0,0,0,0,0,0,0,0,0,0,0,0,0,0
220818,4,4,6,3,50,0,0,0,-1,0,135032,11,0,80,0,0,0,0,0,0,0,433,0,0,0,0,0,0,0,0,0,0,0,0,0,0,0,0
220819,4,4,6,1,50,0,0,0,-1,0,133069,11,0,80,0,0,0,0,0,0,0,469,0,0,0,0,0,0,0,0,0,0,0,0,0,0,0,0
220820,4,3,5,1,50,0,0,0,-1,0,133069,10,0,70,0,0,0,0,0,0,0,266,0,0,0,0,0,0,0,0,0,0,0,0,0,0,0,0
220823,4,3,5,3,50,0,0,0,-1,0,135053,10,0,70,0,0,0,0,0,0,0,246,0,0,0,0,0,0,0,0,0,0,0,0,0,0,0,0
220824,4,3,5,3,50,0,0,0,-1,0,135053,10,0,70,0,0,0,0,0,0,0,256,0,0,0,0,0,0,0,0,0,0,0,0,0,0,0,0
220826,4,3,5,5,50,0,0,0,-1,0,132627,10,0,120,0,0,0,0,0,0,0,317,0,0,0,0,0,0,0,0,0,0,0,0,0,0,0,0
220829,4,3,5,10,50,0,0,0,-1,0,132963,10,0,40,0,0,0,0,0,0,0,191,0,0,0,0,0,0,0,0,0,0,0,0,0,0,0,0
220832,4,3,5,7,50,0,0,0,-1,0,134581,10,0,90,0,0,0,0,0,0,0,277,0,0,0,0,0,0,0,0,0,0,0,0,0,0,0,0
220835,4,3,5,8,50,0,0,0,-1,0,132590,10,0,60,0,0,0,0,0,0,0,210,0,0,0,0,0,0,0,0,0,0,0,0,0,0,0,0
220838,4,3,5,5,50,0,0,0,-1,0,132751,10,0,120,0,0,0,0,0,0,0,317,0,0,0,0,0,0,0,0,0,0,0,0,0,0,0,0
220839,4,3,5,7,50,0,0,0,-1,0,134586,10,0,90,0,0,0,0,0,0,0,277,0,0,0,0,0,0,0,0,0,0,0,0,0,0,0,0
220840,4,3,5,8,50,0,0,0,-1,0,132584,10,0,60,0,0,0,0,0,0,0,210,0,0,0,0,0,0,0,0,0,0,0,0,0,0,0,0
220841,4,3,5,3,50,0,0,0,-1,0,135054,10,0,70,0,0,0,0,0,0,0,246,0,0,0,0,0,0,0,0,0,0,0,0,0,0,0,0
220842,4,3,5,1,50,0,0,0,-1,0,133101,10,0,70,0,0,0,0,0,0,0,266,0,0,0,0,0,0,0,0,0,0,0,0,0,0,0,0
220843,4,3,5,10,50,0,0,0,-1,0,132938,10,0,40,0,0,0,0,0,0,0,191,0,0,0,0,0,0,0,0,0,0,0,0,0,0,0,0
220844,4,3,5,5,50,0,0,0,-1,0,132629,10,0,120,0,0,0,0,0,0,0,317,0,0,0,0,0,0,0,0,0,0,0,0,0,0,0,0
220845,4,3,5,10,50,0,0,0,-1,0,132953,10,0,40,0,0,0,0,0,0,0,191,0,0,0,0,0,0,0,0,0,0,0,0,0,0,0,0
220846,4,3,5,8,50,0,0,0,-1,0,132536,10,0,60,0,0,0,0,0,0,0,210,0,0,0,0,0,0,0,0,0,0,0,0,0,0,0,0
220850,4,2,8,1,50,0,0,0,-1,0,133681,7,0,60,0,0,0,0,0,0,0,128,0,0,0,0,0,0,0,0,0,0,0,0,0,0,0,0
220852,4,2,8,3,50,0,0,0,-1,0,135046,7,0,60,0,0,0,0,0,0,0,118,0,0,0,0,0,0,0,0,0,0,0,0,0,0,0,0
220854,4,2,8,5,50,0,0,0,-1,0,132722,7,0,100,0,0,0,0,0,0,0,153,0,0,0,0,0,0,0,0,0,0,0,0,0,0,0,0
220856,4,2,8,10,50,0,0,0,-1,0,132965,7,0,35,0,0,0,0,0,0,0,93,0,0,0,0,0,0,0,0,0,0,0,0,0,0,0,0
220858,4,2,8,7,50,0,0,0,-1,0,134582,7,0,75,0,0,0,0,0,0,0,134,0,0,0,0,0,0,0,0,0,0,0,0,0,0,0,0
220860,4,2,8,8,50,0,0,0,-1,0,132541,7,0,50,0,0,0,0,0,0,0,102,0,0,0,0,0,0,0,0,0,0,0,0,0,0,0,0
220864,4,2,8,7,50,0,0,0,-1,0,134586,7,0,75,0,0,0,0,0,0,0,134,0,0,0,0,0,0,0,0,0,0,0,0,0,0,0,0
220866,4,2,8,10,50,0,0,0,-1,0,132957,7,0,35,0,0,0,0,0,0,0,93,0,0,0,0,0,0,0,0,0,0,0,0,0,0,0,0
220868,4,2,8,5,50,0,0,0,-1,0,132646,7,0,100,0,0,0,0,0,0,0,153,0,0,0,0,0,0,0,0,0,0,0,0,0,0,0,0
220870,4,2,8,3,50,0,0,0,-1,0,135055,7,0,60,0,0,0,0,0,0,0,118,0,0,0,0,0,0,0,0,0,0,0,0,0,0,0,0
220872,4,2,8,1,50,0,0,0,-1,0,133156,7,0,60,0,0,0,0,0,0,0,128,0,0,0,0,0,0,0,0,0,0,0,0,0,0,0,0
220874,4,2,8,1,50,0,0,0,-1,0,133076,7,0,60,0,0,0,0,0,0,0,128,0,0,0,0,0,0,0,0,0,0,0,0,0,0,0,0
220876,4,2,8,3,50,0,0,0,-1,0,135054,7,0,60,0,0,0,0,0,0,0,118,0,0,0,0,0,0,0,0,0,0,0,0,0,0,0,0
220878,4,2,8,5,50,0,0,0,-1,0,132720,7,0,100,0,0,0,0,0,0,0,153,0,0,0,0,0,0,0,0,0,0,0,0,0,0,0,0
220880,4,2,8,10,50,0,0,0,-1,0,132949,7,0,35,0,0,0,0,0,0,0,93,0,0,0,0,0,0,0,0,0,0,0,0,0,0,0,0
220884,4,2,8,8,50,0,0,0,-1,0,132535,7,0,50,0,0,0,0,0,0,0,102,0,0,0,0,0,0,0,0,0,0,0,0,0,0,0,0
220965,2,1,1,17,50,1,0,0,-1,0,132427,9,0,120,0,0,0,0,0,0,0,0,0,0,0,0,0,0,138,0,0,0,0,207,0,0,0,0
221026,4,2,3,9,50,0,0,0,-1,0,133878,14,0,40,0,0,0,0,0,0,0,75,0,0,0,0,0,0,0,0,0,0,0,0,0,0,0,0
221027,4,4,3,9,50,0,0,0,-1,0,133878,14,0,55,0,0,0,0,0,0,0,275,0,0,0,0,0,0,0,0,0,0,0,0,0,0,0,0
221193,4,0,3,11,45,0,0,0,-1,0,133379,14,0,0,0,0,0,0,0,0,0,0,0,0,0,0,0,5,0,0,0,0,0,0,0,0,0,0
221307,4,0,7,12,50,0,0,0,-1,0,237170,19,0,0,0,0,0,0,0,0,0,0,0,0,0,0,0,0,0,0,0,0,0,0,0,0,0,0
221308,4,0,7,12,50,0,0,0,-1,0,237167,19,0,0,0,0,0,0,0,0,0,0,0,0,0,0,0,0,0,0,0,0,0,0,0,0,0,0
221309,4,0,7,12,50,0,0,0,-1,0,134485,19,0,0,0,0,0,0,0,0,0,0,0,0,0,0,0,0,0,0,0,0,0,0,0,0,0,0
221310,4,0,7,12,50,0,0,0,-1,0,237165,19,0,0,0,0,0,0,0,0,0,0,0,0,0,0,0,0,0,0,0,0,0,0,0,0,0,0
221344,4,0,1,23,0,7,0,0,-1,0,133743,21,0,0,0,0,0,0,0,0,0,0,0,0,0,0,0,0,0,0,0,0,0,0,0,0,0,0
221369,4,0,3,12,20,0,0,0,-1,0,136168,14,0,0,0,0,0,0,0,0,0,0,0,0,0,0,0,0,0,0,0,0,0,0,0,0,0,0
221374,4,0,3,12,30,0,0,0,-1,0,134125,14,0,0,0,0,0,0,0,0,0,0,0,0,0,0,0,0,0,0,0,0,0,0,0,0,0,0
221376,4,4,6,1,50,0,0,0,-1,0,133078,11,0,80,0,0,0,0,0,0,0,429,0,0,0,0,0,0,0,0,0,0,0,0,0,0,0,0
221377,4,4,6,7,50,0,0,0,-1,0,134583,11,0,100,0,0,0,0,0,0,0,462,0,0,0,0,0,0,0,0,0,0,0,0,0,0,0,0
221378,4,4,6,10,50,0,0,0,-1,0,132938,11,0,45,0,0,0,0,0,0,0,330,0,0,0,0,0,0,0,0,0,0,0,0,0,0,0,0
221379,4,4,6,8,50,0,0,0,-1,0,132535,11,0,65,0,0,0,0,0,0,0,363,0,0,0,0,0,0,0,0,0,0,0,0,0,0,0,0
221380,4,4,6,5,50,0,0,0,-1,0,132647,11,0,135,0,0,0,0,0,0,0,528,0,0,0,0,0,0,0,0,0,0,0,0,0,0,0,0
221381,4,4,6,3,50,0,0,0,-1,0,135033,11,0,80,0,0,0,0,0,0,0,396,0,0,0,0,0,0,0,0,0,0,0,0,0,0,0,0
221388,4,3,5,7,50,0,0,0,-1,0,134585,10,0,90,0,0,0,0,0,0,0,263,0,0,0,0,0,0,0,0,0,0,0,0,0,0,0,0
221389,4,3,5,10,50,0,0,0,-1,0,132946,10,0,40,0,0,0,0,0,0,0,188,0,0,0,0,0,0,0,0,0,0,0,0,0,0,0,0
221390,4,3,5,5,50,0,0,0,-1,0,132628,10,0,120,0,0,0,0,0,0,0,300,0,0,0,0,0,0,0,0,0,0,0,0,0,0,0,0
221391,4,3,6,1,50,0,0,0,-1,0,133078,11,0,70,0,0,0,0,0,0,0,244,0,0,0,0,0,0,0,0,0,0,0,0,0,0,0,0
221392,4,3,5,3,50,0,0,0,-1,0,135046,10,0,70,0,0,0,0,0,0,0,225,0,0,0,0,0,0,0,0,0,0,0,0,0,0,0,0
221393,4,3,5,8,50,0,0,0,-1,0,132535,10,0,60,0,0,0,0,0,0,0,206,0,0,0,0,0,0,0,0,0,0,0,0,0,0,0,0
221406,4,2,8,5,50,0,0,0,-1,0,132742,7,0,100,0,0,0,0,0,0,0,146,0,0,0,0,0,0,0,0,0,0,0,0,0,0,0,0
221407,4,2,8,10,50,0,0,0,-1,0,132945,7,0,35,0,0,0,0,0,0,0,91,0,0,0,0,0,0,0,0,0,0,0,0,0,0,0,0
221408,4,2,8,1,50,0,0,0,-1,0,133072,7,0,60,0,0,0,0,0,0,0,118,0,0,0,0,0,0,0,0,0,0,0,0,0,0,0,0
221409,4,2,8,8,50,0,0,0,-1,0,132542,7,0,50,0,0,0,0,0,0,0,100,0,0,0,0,0,0,0,0,0,0,0,0,0,0,0,0
221410,4,2,8,7,50,0,0,0,-1,0,134586,7,0,75,0,0,0,0,0,0,0,127,0,0,0,0,0,0,0,0,0,0,0,0,0,0,0,0
221411,4,2,8,3,50,0,0,0,-1,0,135049,7,0,60,0,0,0,0,0,0,0,109,0,0,0,0,0,0,0,0,0,0,0,0,0,0,0,0
221439,4,2,8,5,50,0,0,0,-1,0,132717,7,0,100,0,0,0,0,0,0,0,146,0,0,5,0,0,5,0,0,0,0,0,0,0,0,0,0
221440,4,0,3,11,50,0,0,0,-1,0,133379,14,0,0,0,0,0,0,0,0,0,0,0,0,0,0,0,0,0,0,0,0,0,0,0,0,0,0
221441,2,5,2,17,43,1,0,0,-1,0,133047,9,0,100,0,0,0,0,0,0,0,0,0,0,0,0,0,0,70,0,0,0,0,104,0,0,0,0
221442,4,0,3,12,50,0,0,0,-1,0,136094,14,0,0,0,0,0,0,0,0,0,0,0,0,0,0,0,0,0,0,0,0,0,0,0,0,0,0
221443,4,0,3,12,50,0,0,0,-1,0,237556,14,0,0,0,0,0,0,0,0,0,0,0,0,0,0,0,0,0,0,0,0,0,0,0,0,0,0
221446,2,5,2,17,50,1,0,0,-1,0,133047,9,0,120,0,0,0,0,0,0,0,0,0,0,0,0,0,0,132,0,0,0,0,197,0,0,0,0
221447,4,0,1,23,50,7,0,0,-1,0,133733,21,0,0,0,0,0,0,0,0,0,0,0,0,0,0,0,0,0,0,0,0,0,0,0,0,0,0
221448,4,0,1,12,50,0,0,0,-1,0,133442,14,0,0,0,0,0,0,0,0,0,0,0,0,0,0,0,0,0,0,0,0,0,0,0,0,0,0
221450,2,2,2,15,50,0,0,0,-1,0,135497,12,0,95,2,0,0,0,0,0,0,0,0,0,0,0,0,0,39,0,0,0,0,72,0,0,0,0
221451,2,18,2,26,50,5,0,0,-1,0,135538,12,0,90,2,0,0,0,0,0,0,0,0,0,0,0,0,0,77,0,0,0,0,115,0,0,0,0
221452,4,0,5,11,50,1,0,0,-1,0,133351,14,0,0,0,0,0,0,0,0,0,0,0,0,0,0,0,0,0,0,0,0,0,0,0,0,0,0
221453,4,0,5,11,50,1,0,0,-1,0,133367,14,0,0,0,0,0,0,0,0,0,0,0,0,0,0,0,0,0,0,0,0,0,0,0,0,0,0
221454,4,0,5,11,50,1,0,0,-1,0,133371,14,0,0,0,0,0,0,0,0,0,0,0,0,0,0,0,0,0,0,0,0,0,0,0,0,0,0
221456,2,7,1,21,50,3,0,0,-1,0,135271,8,0,105,0,0,0,0,0,0,0,0,0,0,0,0,0,0,42,0,0,0,0,78,0,0,0,0
221457,4,0,1,28,50,1,0,0,-1,0,134916,9,0,0,0,0,0,0,0,0,0,0,0,0,0,0,0,0,0,0,0,0,0,0,0,0,0,0
221458,4,0,5,11,50,1,0,0,-1,0,133373,14,0,0,0,0,0,0,0,0,0,0,0,0,0,0,0,0,0,0,0,0,0,0,0,0,0,0
221459,4,0,5,11,50,1,0,0,-1,0,133350,14,0,0,0,0,0,0,0,0,0,0,0,0,0,0,0,0,0,0,0,0,0,0,0,0,0,0
221460,2,15,1,13,50,3,0,0,-1,0,135666,8,0,75,0,0,0,0,0,0,0,0,0,0,0,0,0,0,51,0,0,0,0,94,0,0,0,0
221462,2,7,1,13,50,3,0,0,-1,0,132376,8,0,105,0,0,0,0,0,0,0,0,0,0,0,0,0,0,48,0,0,0,0,89,0,0,0,0
221463,4,0,1,12,50,0,0,0,-1,0,134231,14,0,0,0,0,0,0,0,0,0,0,0,0,0,0,0,0,0,0,0,0,0,0,0,0,0,0
221464,4,0,1,28,50,4,0,0,-1,0,134920,9,0,120,0,0,0,0,0,0,0,0,0,0,0,0,0,0,0,0,0,0,0,0,0,0,0,0
221465,2,5,2,17,50,4,0,0,4,0,132318,8,0,120,0,0,0,0,0,0,0,0,0,0,0,0,0,0,150,0,0,0,0,226,0,0,0,0
221466,4,0,5,11,50,1,0,0,-1,0,133363,14,0,0,0,0,0,0,0,0,0,0,0,0,0,0,0,0,0,0,0,0,0,0,0,0,0,0
221467,4,0,5,11,50,1,0,0,-1,0,133359,14,0,0,0,0,0,0,0,0,0,0,0,0,0,0,0,0,0,0,0,0,0,0,0,0,0,0
221468,4,6,6,14,50,4,0,0,-1,0,134958,9,0,120,0,0,0,0,0,0,0,1902,0,0,0,0,0,0,0,0,0,0,0,0,0,0,0,0
221469,2,16,1,25,50,0,0,0,-1,0,135128,8,0,0,0,0,0,0,0,0,0,0,0,0,0,0,0,0,70,0,0,0,0,130,0,0,0,0
221474,4,0,3,12,50,0,0,0,-1,0,135229,24,0,0,0,0,0,0,0,0,0,0,0,0,10,0,0,0,0,0,0,0,0,0,0,0,0,0
221518,2,5,2,17,0,1,0,0,-1,0,133042,9,0,100,0,0,0,0,0,0,0,0,0,0,0,0,0,0,109,0,0,0,0,163,0,0,0,0
221780,2,5,2,17,46,1,0,0,-1,0,133047,9,0,100,0,0,0,0,0,0,0,90,0,0,0,0,0,0,127,0,0,0,0,190,0,0,0,0
221781,4,4,6,1,0,0,0,0,-1,0,133124,11,0,80,0,0,0,0,0,0,0,469,0,0,0,0,0,0,0,0,0,0,0,0,0,0,0,0
221783,4,4,6,3,60,0,0,0,-1,0,135051,11,0,100,0,0,0,0,0,0,0,562,0,7,0,0,0,0,0,0,0,0,0,0,0,0,0,0
223167,4,2,8,1,0,0,0,0,-1,0,133152,14,0,45,0,0,0,0,0,0,0,69,0,0,0,0,0,0,0,0,0,0,0,0,0,0,0,0
223172,4,3,5,1,0,0,0,0,-1,0,133141,14,0,60,0,0,0,0,0,0,0,150,0,0,0,0,0,0,0,0,0,0,0,0,0,0,0,0
223194,4,0,5,11,50,0,0,0,-1,0,133350,14,0,0,0,0,0,0,0,0,0,0,0,0,0,0,0,0,0,0,0,0,0,0,0,0,0,0
223195,4,0,3,12,50,0,0,0,-1,0,133247,8,0,0,0,0,0,0,0,0,0,0,0,0,0,0,0,0,0,0,0,0,0,0,0,0,0,0
223196,4,4,6,8,50,0,0,0,-1,0,132590,11,0,65,0,0,0,0,0,0,0,397,0,0,5,0,0,0,0,0,0,0,0,0,0,0,0,0
223197,4,6,1,14,50,4,0,0,-1,0,134950,9,0,100,0,0,0,0,0,0,0,1898,0,0,0,0,0,0,0,0,0,0,0,0,0,0,0,0
223198,2,15,1,21,50,1,0,0,-1,0,135272,8,0,75,0,0,0,0,0,0,0,100,0,0,0,0,0,0,37,0,0,0,0,68,0,0,0,0
223214,4,0,3,12,50,0,0,0,-1,0,132885,24,0,0,0,0,0,0,0,0,0,0,0,0,0,0,0,0,0,0,0,0,0,0,0,0,0,0
223218,4,0,3,12,40,0,0,0,-1,0,133282,8,0,0,0,0,0,0,0,0,0,0,0,10,0,0,10,0,0,0,0,0,0,0,0,0,0,0
223238,4,2,8,3,20,0,9235,0,-1,0,135037,7,0,60,0,0,0,0,0,0,0,77,0,0,0,0,0,0,0,0,0,0,0,0,0,0,0,0
223239,4,3,5,3,20,0,9236,0,-1,0,135047,7,0,70,0,0,0,0,0,0,0,163,0,0,0,0,0,0,0,0,0,0,0,0,0,0,0,0
223241,4,2,8,1,30,0,9238,0,-1,0,133153,7,0,60,0,0,0,0,0,0,0,99,0,0,0,0,0,0,0,0,0,0,0,0,0,0,0,0
223242,4,3,5,1,30,0,9239,0,-1,0,133142,7,0,70,0,0,0,0,0,0,0,206,0,0,0,0,0,0,0,0,0,0,0,0,0,0,0,0
223249,4,2,8,7,40,0,9241,0,-1,0,134586,7,0,75,0,0,0,0,0,0,0,127,0,0,0,0,0,0,0,0,0,0,0,0,0,0,0,0
223250,4,3,5,7,40,0,9242,0,-1,0,134583,7,0,90,0,0,0,0,0,0,0,263,0,0,0,0,0,0,0,0,0,0,0,0,0,0,0,0
223251,4,4,6,7,40,0,9243,0,-1,0,134692,7,0,100,0,0,0,0,0,0,0,462,0,0,0,0,0,0,0,0,0,0,0,0,0,0,0,0
223261,4,2,8,5,50,0,9245,0,-1,0,132722,7,0,100,0,0,0,0,0,0,0,158,0,0,0,0,0,0,0,0,0,0,0,0,0,0,0,0
223262,4,3,5,5,50,0,9246,0,-1,0,132741,7,0,120,0,0,0,0,0,0,0,327,0,0,0,0,0,0,0,0,0,0,0,0,0,0,0,0
223263,4,4,6,5,50,0,9247,0,-1,0,132747,7,0,135,0,0,0,0,0,0,0,577,0,0,0,0,0,0,0,0,0,0,0,0,0,0,0,0
223325,4,2,8,5,0,0,0,0,-1,0,132717,7,0,100,0,0,0,0,0,0,0,158,0,0,0,0,0,0,0,0,0,0,0,0,0,0,0,0
223329,2,15,1,13,0,3,0,0,-1,0,135322,8,0,65,0,0,0,0,0,0,0,0,0,0,0,0,0,0,41,0,0,0,0,76,0,0,0,0
223520,2,7,1,13,48,3,0,0,-1,0,135312,8,0,90,0,0,0,0,0,0,0,0,0,0,0,0,0,0,35,0,0,0,0,64,0,0,0,0
223524,2,4,2,21,48,3,0,0,-1,0,133054,8,0,90,0,0,0,0,0,0,0,0,0,0,0,0,0,0,37,0,0,0,0,69,0,0,0,0
223526,2,8,1,17,50,1,0,0,-1,0,135350,9,0,120,0,0,0,0,0,0,0,0,0,0,0,0,0,0,84,0,0,0,0,125,0,0,0,0
223527,2,15,1,13,42,3,0,0,-1,0,134298,8,0,65,0,0,0,0,0,0,0,0,0,0,0,0,0,0,40,0,0,0,0,74,0,0,0,0
223533,4,0,2,23,42,2,0,0,-1,0,135158,13,0,0,0,0,0,0,0,0,0,0,0,0,0,0,0,0,0,0,0,0,0,0,0,0,0,0
223536,2,6,1,17,42,2,0,0,-1,0,135131,9,0,100,0,0,0,0,0,0,0,0,0,0,0,0,0,0,112,0,0,0,0,168,0,0,0,0
223540,2,2,2,15,48,0,0,0,-1,0,135492,12,0,75,2,0,0,0,0,0,0,0,0,0,0,0,0,0,54,0,0,0,0,100,0,0,0,0
223542,2,3,1,26,48,0,0,0,-1,0,135614,8,0,75,3,0,0,0,0,0,0,0,0,0,0,0,0,5,58,0,0,0,0,107,0,0,0,0
223982,2,3,1,26,48,0,0,0,-1,0,135616,8,0,75,3,0,0,0,0,0,0,0,0,0,0,0,0,0,60,0,0,0,0,111,0,0,0,0
223983,2,7,1,21,48,3,0,0,-1,0,135324,8,0,90,0,0,0,0,0,0,0,0,0,0,0,0,0,0,62,0,0,0,0,116,0,0,0,0
224004,4,0,3,11,20,0,0,0,-1,0,133379,14,0,0,0,0,0,0,0,0,0,0,0,0,0,0,0,0,0,0,0,0,0,0,0,0,0,0
224122,2,15,1,13,60,3,0,0,-1,0,5904995,8,0,75,0,0,0,0,0,0,0,0,0,0,0,0,0,0,69,0,0,0,0,126,0,0,0,0
224279,4,6,1,14,60,4,0,0,-1,0,5906231,9,0,120,0,0,0,0,0,0,0,2964,0,0,0,0,0,0,0,0,0,0,0,0,0,0,0,0
224280,4,6,6,14,60,4,0,0,-1,0,5904997,9,0,120,0,0,0,0,0,0,0,2964,0,0,0,0,0,0,0,0,0,0,0,0,0,0,0,0
224281,2,10,2,17,60,2,0,0,10,0,5934898,13,0,120,0,0,0,0,0,0,0,0,0,0,10,0,0,0,202,0,0,0,0,303,0,0,0,0
224282,2,10,2,17,60,2,0,0,10,0,5934896,13,0,120,0,0,0,0,0,0,0,0,0,0,10,0,0,0,202,0,0,0,0,303,0,0,0,0
224409,2,13,1,22,50,7,0,0,-1,0,135592,8,0,75,0,0,0,0,0,0,0,0,0,0,0,0,0,0,73,0,0,0,0,136,0,0,0,0
224582,2,7,1,21,33,3,0,0,-1,0,0,8,0,0,0,0,3,0,0,0,0,0,0,0,0,0,0,0,1,0,0,0,0,2,0,0,0,0
226442,4,2,8,9,60,0,0,0,-1,0,132601,7,0,40,0,0,0,0,0,0,0,88,0,5,0,0,0,0,0,0,0,0,0,0,0,0,0,0
226443,4,2,8,8,60,0,0,0,-1,0,132542,7,0,60,0,0,0,0,0,0,0,138,0,5,0,0,0,0,0,0,0,0,0,0,0,0,0,0
226444,4,2,8,3,60,0,0,0,-1,0,135056,7,0,70,0,0,0,0,0,0,0,150,0,7,0,0,0,0,0,0,0,0,0,0,0,0,0,0
226445,4,2,8,7,60,0,0,0,-1,0,134586,7,0,90,0,0,0,0,0,0,0,175,0,10,0,0,0,0,0,0,0,0,0,0,0,0,0,0
226484,4,4,6,9,60,0,0,0,-1,0,132618,11,0,55,0,0,0,0,0,0,0,328,0,5,0,0,0,0,0,0,0,0,0,0,0,0,0,0
226487,4,4,6,8,60,0,0,0,-1,0,132585,11,0,75,0,0,0,0,0,0,0,515,0,5,0,0,0,0,0,0,0,0,0,0,0,0,0,0
226490,4,4,6,7,60,0,0,0,-1,0,134584,11,0,120,0,0,0,0,0,0,0,655,0,10,0,0,0,0,0,0,0,0,0,0,0,0,0,0
226491,4,4,6,3,60,0,0,0,-1,0,135046,11,0,100,0,0,0,0,0,0,0,562,0,7,0,0,0,0,0,0,0,0,0,0,0,0,0,0
226500,4,0,3,2,50,0,0,0,-1,0,133444,24,0,0,0,0,0,0,0,0,0,0,0,15,0,0,0,0,0,0,0,0,0,0,0,0,0,0
226527,4,3,5,3,60,0,0,0,-1,0,135041,10,0,85,0,0,0,0,0,0,0,317,0,7,0,0,0,0,0,0,0,0,0,0,0,0,0,0
226530,4,3,5,9,60,0,0,0,-1,0,132616,10,0,50,0,0,0,0,0,0,0,185,0,5,0,0,0,0,0,0,0,0,0,0,0,0,0,0
226531,4,3,5,8,60,0,0,0,-1,0,132556,10,0,70,0,0,0,0,0,0,0,290,0,5,0,0,0,0,0,0,0,0,0,0,0,0,0,0
226532,4,3,5,7,60,0,0,0,-1,0,134655,10,0,105,0,0,0,0,0,0,0,369,0,10,0,0,0,0,0,0,0,0,0,0,0,0,0,0
226589,4,4,6,9,60,0,0,0,-1,0,132617,11,0,55,0,0,0,0,0,0,0,328,0,5,0,0,0,0,0,0,0,0,0,0,0,0,0,0
226593,4,4,6,8,60,0,0,0,-1,0,132590,11,0,75,0,0,0,0,0,0,0,515,0,5,0,0,0,0,0,0,0,0,0,0,0,0,0,0
226611,4,3,5,3,60,0,0,0,-1,0,135060,10,0,85,0,0,0,0,0,0,0,317,0,7,0,0,0,0,0,0,0,0,0,0,0,0,0,0
226613,4,3,5,8,60,0,0,0,-1,0,132587,10,0,70,0,0,0,0,0,0,0,290,0,5,0,0,0,0,0,0,0,0,0,0,0,0,0,0
226614,4,3,5,7,60,0,0,0,-1,0,134583,10,0,105,0,0,0,0,0,0,0,369,0,10,0,0,0,0,0,0,0,0,0,0,0,0,0,0
226618,4,3,5,9,60,0,0,0,-1,0,132615,10,0,50,0,0,0,0,0,0,0,185,0,5,0,0,0,0,0,0,0,0,0,0,0,0,0,0
226644,4,2,8,3,60,0,0,0,-1,0,135038,7,0,70,0,0,0,0,0,0,0,150,0,7,0,0,0,0,0,0,0,0,0,0,0,0,0,0
226649,4,2,8,9,60,0,0,0,-1,0,132602,7,0,40,0,0,0,0,0,0,0,88,0,5,0,0,0,0,0,0,0,0,0,0,0,0,0,0
227279,4,0,3,11,58,0,0,0,-1,0,133357,14,0,0,0,0,0,0,0,0,0,0,0,0,0,0,0,0,0,0,0,0,0,0,0,0,0,0
227282,4,0,3,11,58,0,0,0,-1,0,133369,14,0,0,0,0,0,0,0,0,0,0,0,0,0,0,0,0,0,0,0,0,0,0,0,0,0,0
227284,4,0,3,11,60,0,0,0,-1,0,133379,14,0,0,0,0,0,0,0,0,0,0,0,0,0,0,0,0,0,0,0,0,0,0,0,0,0,0
227454,4,0,3,11,0,0,0,0,-1,0,133352,14,0,0,0,0,0,0,0,0,0,0,0,20,0,0,0,0,0,0,0,0,0,0,0,0,0,0
227455,4,0,3,11,0,0,0,0,-1,0,133370,14,0,0,0,0,0,0,0,0,0,0,0,20,0,0,0,0,0,0,0,0,0,0,0,0,0,0
227683,2,5,1,17,60,1,0,0,-1,0,133066,9,0,145,0,0,0,0,0,0,0,0,0,32,0,0,0,0,229,0,0,0,0,382,0,0,0,0
227684,2,5,2,17,60,1,0,0,-1,0,133066,9,0,120,0,0,0,0,0,0,0,0,0,30,0,0,0,0,181,0,0,0,0,303,0,0,0,0
227803,4,2,8,5,60,0,0,0,-1,0,132719,7,0,120,0,0,0,0,0,0,0,197,0,0,0,0,0,0,0,0,0,0,0,0,0,0,0,0
227804,4,2,8,7,60,0,0,0,-1,0,134706,7,0,90,0,0,0,0,0,0,0,173,0,0,0,0,0,0,0,0,0,0,0,0,0,0,0,0
227805,4,2,8,6,60,0,0,0,-1,0,132498,7,0,40,0,0,0,0,0,0,0,111,0,0,0,0,0,0,0,0,0,0,0,0,0,0,0,0
227807,4,3,6,6,60,0,0,0,-1,0,132505,10,0,50,0,0,0,0,0,0,0,234,0,0,0,0,0,0,0,0,0,0,0,0,0,0,0,0
227809,4,2,8,10,60,0,0,0,-1,0,132960,7,0,40,0,0,0,0,0,0,0,123,0,0,0,0,0,0,0,0,0,0,0,0,0,0,0,0
227810,4,3,5,8,60,0,0,0,-1,0,132553,10,0,70,0,0,0,0,0,0,0,286,0,0,0,0,0,0,0,0,0,0,0,0,0,0,0,0
227811,4,0,2,12,0,0,0,0,-1,0,134227,21,0,0,0,0,0,0,0,0,0,0,0,0,0,0,0,0,0,0,0,0,0,0,0,0,0,0
227814,4,4,6,6,60,0,0,0,-1,0,132500,11,0,55,0,0,0,0,0,0,0,415,0,0,0,0,0,0,0,0,0,0,0,0,0,0,0,0
227815,4,2,8,8,60,0,0,0,-1,0,132565,7,0,50,0,0,0,0,0,0,0,114,0,0,0,0,0,0,0,0,0,0,0,0,0,0,0,0
227817,4,4,6,10,60,0,0,0,-1,0,132963,11,0,55,0,0,0,0,0,0,0,461,0,0,0,0,0,0,0,0,0,0,0,0,0,0,0,0
227818,4,2,8,3,60,0,0,0,-1,0,135057,7,0,70,0,0,0,0,0,0,0,148,0,0,0,0,0,0,0,0,0,0,0,0,0,0,0,0
227820,4,4,6,9,60,0,0,0,-1,0,132606,11,0,55,0,0,0,0,0,0,0,351,0,20,0,0,0,0,0,0,0,0,0,0,0,0,0,0
227821,4,2,8,1,60,0,0,0,-1,0,133076,7,0,70,0,0,0,0,0,0,0,173,0,40,0,0,0,0,0,0,0,0,0,0,0,0,0,0
227822,4,2,8,8,60,0,0,0,-1,0,132541,7,0,60,0,0,0,0,0,0,0,146,0,25,0,0,0,0,0,0,0,0,0,0,0,0,0,0
227824,4,4,6,1,60,0,0,0,-1,0,133124,11,0,100,0,0,0,0,0,0,0,652,0,40,0,0,0,0,0,0,0,0,0,0,0,0,0,0
227825,2,0,1,21,60,3,0,0,-1,0,132403,8,0,105,0,0,0,0,0,0,0,0,0,10,0,0,0,0,97,0,0,0,0,181,0,0,0,0
227826,2,7,1,21,60,3,0,0,-1,0,135358,8,0,105,0,0,0,0,0,0,0,0,0,10,0,0,0,0,93,0,0,0,0,175,0,0,0,0
227827,4,3,6,6,60,0,0,0,-1,0,132502,10,0,50,0,0,0,0,0,0,0,254,0,25,0,0,0,0,0,0,0,0,0,0,0,0,0,0
227828,4,2,8,6,60,0,0,0,-1,0,132521,7,0,40,0,0,0,0,0,0,0,120,0,30,0,0,0,0,0,0,0,0,0,0,0,0,0,0
227829,4,3,8,8,60,0,0,0,-1,0,132590,7,0,70,0,0,0,0,0,0,0,311,0,25,0,0,0,0,0,0,0,0,0,0,0,0,0,0
227832,2,15,1,21,60,3,0,0,-1,0,135648,8,0,75,0,0,0,0,0,0,0,0,0,0,0,0,0,0,55,0,0,0,0,104,0,0,0,0
227833,2,6,1,17,60,2,0,0,-1,0,135131,8,0,120,0,0,0,0,0,0,0,0,0,15,0,0,0,0,193,0,0,0,0,290,0,0,0,0
227834,4,3,5,3,60,0,0,0,-1,0,135054,10,0,85,0,0,0,0,0,0,0,339,0,25,0,0,0,0,0,0,0,0,0,0,0,0,0,0
227835,4,4,8,10,60,0,0,0,-1,0,132956,7,0,55,0,0,0,0,0,0,0,502,0,25,0,0,0,0,0,0,0,0,0,0,0,0,0,0
227836,4,4,6,7,60,0,0,0,-1,0,134584,11,0,120,0,0,0,0,0,0,0,703,0,40,0,0,0,0,0,0,0,0,0,0,0,0,0,0
227837,4,2,8,6,60,0,0,0,-1,0,132513,7,0,40,0,0,0,0,0,0,0,120,0,15,0,0,0,0,0,0,0,0,0,0,0,0,0,0
227838,4,3,7,10,60,0,0,0,-1,0,132956,7,0,50,0,0,0,0,0,0,0,283,0,7,7,7,7,0,0,0,0,0,0,0,0,0,0,0
227840,2,7,1,13,60,3,0,0,-1,0,135349,8,0,105,0,0,0,0,0,0,0,0,0,0,0,0,0,0,50,0,0,0,0,94,0,0,0,0
227841,4,4,8,8,60,0,0,0,-1,0,132551,7,0,75,0,0,0,0,0,0,0,552,0,30,0,0,0,0,0,0,0,0,0,0,0,0,0,0
227842,2,4,1,13,60,3,0,0,-1,0,133056,8,0,105,0,0,0,0,0,0,0,0,0,7,0,0,0,0,97,0,0,0,0,181,0,0,0,0
227845,2,1,1,17,60,1,0,0,-1,0,132400,9,0,120,0,0,0,0,0,0,0,0,0,0,0,0,0,0,215,0,0,0,0,322,0,0,0,0
227847,4,2,8,7,60,0,0,0,-1,0,134706,7,0,90,0,0,0,0,0,0,0,173,0,20,0,0,0,0,0,0,0,0,0,0,0,0,0,0
227848,4,2,8,10,60,0,0,0,-1,0,132960,7,0,40,0,0,0,0,0,0,0,123,0,15,0,0,0,0,0,0,0,0,0,0,0,0,0,0
227849,2,3,1,26,60,0,0,0,-1,0,135614,8,0,90,3,0,0,0,0,0,0,0,0,0,0,0,0,0,93,0,0,0,0,173,0,0,0,0
227850,2,7,4,21,60,3,0,0,-1,0,135361,8,0,105,0,0,0,0,0,0,0,0,0,0,0,0,0,0,65,0,0,0,0,121,0,0,0,0
227851,4,3,5,5,60,0,0,0,-1,0,132741,10,0,120,0,0,0,0,0,0,0,381,0,15,0,0,0,0,0,0,0,0,0,0,0,0,0,0
227852,4,3,5,7,60,0,0,0,-1,0,134583,10,0,90,0,0,0,0,0,0,0,334,0,15,0,0,0,0,0,0,0,0,0,0,0,0,0,0
227853,4,3,5,3,60,0,0,0,-1,0,135032,10,0,70,0,0,0,0,0,0,0,286,0,10,0,0,0,0,0,0,0,0,0,0,0,0,0,0
227857,2,8,1,17,58,1,0,0,-1,0,135277,9,0,100,0,0,0,0,0,0,0,0,0,0,0,0,0,0,151,0,0,0,0,227,0,0,0,0
227859,4,4,6,3,60,0,0,0,-1,0,135051,11,0,100,0,0,0,0,0,0,0,553,0,0,0,0,0,0,0,0,0,0,0,0,0,0,0,0
227865,4,4,6,10,60,0,0,0,-1,0,132937,11,0,45,0,0,0,0,0,0,0,379,0,10,0,0,0,0,0,0,0,0,0,0,0,0,0,0
227866,4,2,8,3,58,0,0,0,-1,0,135044,7,0,60,0,0,0,0,0,0,0,132,0,25,0,0,0,0,0,0,0,0,0,0,0,0,0,0
227867,4,2,8,7,55,0,0,0,-1,0,134586,7,0,75,0,0,0,0,0,0,0,148,0,30,0,0,0,0,0,0,0,0,0,0,0,0,0,0
227868,4,2,8,5,60,0,0,0,-1,0,132722,7,0,100,0,0,0,0,0,0,0,181,0,25,0,0,0,0,0,0,0,0,0,0,0,0,0,0
227869,4,1,7,16,57,0,0,0,-1,0,133754,7,0,0,0,0,0,0,0,0,0,48,0,8,0,0,8,0,0,0,0,0,0,0,0,0,0,0
227871,4,4,6,5,60,0,0,0,-1,0,132743,11,0,135,0,0,0,0,0,0,0,676,0,25,0,0,0,0,0,0,0,0,0,0,0,0,0,0
227876,4,3,5,5,60,0,0,0,-1,0,132629,10,0,140,0,0,0,0,0,0,0,416,0,0,0,0,0,0,0,0,0,0,0,0,0,0,0,0
227880,2,5,2,17,55,1,0,0,-1,0,133042,9,0,100,0,0,0,0,0,0,0,0,0,0,0,0,0,0,106,0,0,0,0,160,0,0,0,0
227881,2,4,2,21,58,3,0,0,-1,0,133477,8,0,90,0,0,0,0,0,0,0,0,0,0,0,0,0,0,43,0,0,0,0,81,0,0,0,0
227882,4,2,8,6,57,0,0,0,-1,0,132515,7,0,40,0,0,0,0,0,0,0,107,0,0,0,0,0,0,0,0,0,0,0,0,0,0,0,0
227884,2,15,1,13,60,3,0,0,-1,0,135315,8,0,65,0,0,0,0,0,0,0,0,0,0,0,0,0,0,50,0,0,0,0,95,0,0,0,0
227886,2,4,2,21,60,3,0,0,-1,0,133041,8,0,105,0,0,0,0,0,0,0,0,0,0,0,0,0,0,71,0,0,0,0,132,0,0,0,0
227887,2,7,1,21,60,3,0,0,-1,0,135291,8,0,90,0,0,0,0,0,0,0,0,0,0,0,0,0,0,54,0,0,0,0,101,0,0,0,0
227915,4,0,3,12,0,0,0,0,-1,0,132852,21,0,0,0,0,0,0,0,0,0,0,0,20,0,0,0,0,0,0,0,0,0,0,0,0,0,0
227934,2,6,1,17,53,2,0,0,-1,0,135124,9,0,100,0,0,0,0,0,0,0,0,0,0,0,0,0,0,131,0,0,0,0,197,0,0,0,0
227935,2,4,2,21,0,3,0,0,-1,0,133720,8,0,75,0,0,0,0,0,0,0,0,0,0,0,0,0,0,40,0,0,0,0,78,0,0,0,0
227936,4,0,5,11,0,0,0,0,-1,0,133396,14,0,0,0,0,0,0,0,0,0,150,0,0,0,0,0,0,0,0,0,0,0,0,0,0,0,0
227940,2,7,1,21,55,3,0,0,-1,0,135326,8,0,90,0,0,0,0,0,0,0,0,0,0,0,0,0,0,77,0,0,0,0,144,0,0,0,0
227941,2,0,1,21,55,3,0,0,-1,0,132404,8,0,90,0,0,0,0,0,0,0,0,0,0,0,0,0,0,38,0,0,0,0,72,0,0,0,0
227948,2,1,1,17,51,1,0,0,-1,0,135576,9,0,100,0,0,0,0,0,0,0,0,0,0,0,0,0,0,77,0,0,0,0,116,0,0,0,0
227958,4,2,8,1,52,0,0,0,-1,0,133143,7,0,60,0,0,0,0,0,0,0,132,0,0,0,0,0,0,0,0,0,0,0,0,0,0,0,0
227960,2,5,2,17,52,1,0,0,-1,0,133045,9,0,100,0,0,0,0,0,0,0,0,0,0,0,0,0,0,78,0,0,0,0,118,0,0,0,0
227962,2,15,1,21,58,7,0,0,-1,0,135124,8,0,65,0,0,0,0,0,0,0,0,0,0,0,0,0,0,52,0,0,0,0,97,0,0,0,0
227963,2,15,1,21,52,3,0,0,-1,0,135651,8,0,65,0,0,0,0,0,0,0,0,0,0,0,0,0,0,36,0,0,0,0,69,0,0,0,0
227967,4,0,3,12,54,0,0,0,-1,0,133439,24,0,0,0,0,0,0,0,0,0,0,0,0,0,0,0,0,0,0,0,0,0,0,0,0,0,0
227972,4,0,3,12,58,0,0,0,-1,0,133282,24,0,0,0,0,0,0,0,0,0,0,0,0,0,0,0,0,0,0,0,0,0,0,0,0,0,0
227978,4,0,3,23,53,7,0,0,-1,0,134337,21,0,0,0,0,0,0,0,0,0,0,0,10,0,0,0,0,0,0,0,0,0,0,0,0,0,0
227981,2,1,1,17,57,1,0,0,-1,0,132416,9,0,100,0,0,0,0,0,0,0,0,0,0,0,0,0,0,157,0,0,0,0,236,0,0,0,0
227982,2,10,2,17,58,2,0,0,-1,0,135167,13,0,100,0,0,0,0,0,0,0,0,0,10,0,0,0,0,142,0,0,0,0,214,0,0,0,0
227983,4,0,5,11,58,0,0,0,-1,0,133370,14,0,0,0,0,0,0,0,0,0,0,0,15,0,0,0,0,0,0,0,0,0,0,0,0,0,0
227984,4,0,3,23,58,3,0,0,-1,0,133488,8,0,0,0,0,0,0,0,0,0,0,0,0,0,0,0,0,0,0,0,0,0,0,0,0,0,0
227986,4,2,8,9,58,0,0,0,-1,0,132609,7,0,35,0,0,0,0,0,0,0,77,0,0,0,0,0,0,0,0,0,0,0,0,0,0,0,0
227987,4,3,5,6,58,0,0,0,-1,0,132517,10,0,40,0,0,0,0,0,0,0,208,0,0,0,0,0,0,0,0,0,0,0,0,0,0,0,0
227988,4,0,3,2,58,0,0,0,-1,0,134131,14,0,0,0,0,0,0,0,0,0,0,0,0,0,0,0,0,0,0,0,0,0,0,0,0,0,0
227990,4,0,3,12,58,0,0,0,-1,0,133438,24,0,0,0,0,0,0,0,0,0,0,0,0,0,0,0,0,0,0,0,0,0,0,0,0,0,0
227991,2,4,2,21,58,3,0,0,-1,0,135847,8,0,105,0,0,0,0,0,0,0,0,0,0,0,0,0,0,77,0,0,0,0,143,0,0,0,0
227996,2,2,2,15,56,0,0,0,-1,0,135496,12,0,75,2,0,0,0,0,0,0,0,0,0,0,0,0,0,68,0,0,0,0,126,0,0,0,0
227997,2,8,1,17,56,1,0,0,-1,0,135273,9,0,100,0,0,0,0,0,0,0,0,0,0,0,0,0,0,83,0,0,0,0,125,0,0,0,0
228021,2,15,1,21,57,3,0,0,-1,0,135661,8,0,65,0,0,0,0,0,0,0,0,0,0,0,0,0,0,45,0,0,0,0,85,0,0,0,0
228022,2,10,2,17,60,2,0,0,-1,0,133445,13,0,120,0,0,0,0,0,0,0,0,0,0,0,0,0,0,147,0,0,0,0,222,0,0,0,0
228026,2,7,1,13,57,3,0,0,-1,0,135275,9,0,90,0,0,0,0,0,0,0,0,0,0,0,0,0,0,40,0,0,0,0,74,0,0,0,0
228027,2,0,1,21,57,3,0,0,-1,0,132394,8,0,90,0,0,0,0,0,0,0,0,0,0,0,0,0,0,74,0,0,0,0,138,0,0,0,0
228028,2,7,1,21,57,3,0,0,-1,0,135326,8,0,90,0,0,0,0,0,0,0,0,0,0,0,0,0,0,46,0,0,0,0,86,0,0,0,0
228030,2,1,1,17,57,1,0,0,-1,0,132409,9,0,100,0,0,0,0,0,0,0,0,0,0,0,0,0,0,144,0,0,0,0,217,0,0,0,0
228033,2,5,1,17,57,1,0,0,-1,0,133041,9,0,100,0,0,0,0,0,0,0,0,0,0,0,0,0,0,84,0,0,0,0,127,0,0,0,0
228056,2,7,1,13,54,3,0,0,-1,0,135316,9,0,90,0,0,0,0,0,0,0,0,0,0,0,0,0,0,38,0,0,0,0,71,0,0,0,0
228076,4,0,5,11,57,0,0,0,-1,0,133407,14,0,0,0,0,0,0,0,0,0,0,0,0,0,0,0,0,0,0,0,0,0,0,0,0,0,0
228077,4,0,3,23,57,7,0,0,-1,0,306845,12,0,0,0,0,0,0,0,0,0,0,0,0,0,0,0,0,0,0,0,0,0,0,0,0,0,0
228078,4,0,3,12,57,0,0,0,-1,0,305294,14,0,0,0,0,0,0,0,0,0,0,0,0,0,0,0,0,0,0,0,0,0,0,0,0,0,0
228079,4,1,7,16,57,0,0,0,-1,0,133769,7,0,0,0,0,0,0,0,0,0,44,0,0,0,0,0,0,0,0,0,0,0,0,0,0,0,0
228080,4,0,5,11,57,0,0,0,-1,0,133355,14,0,0,0,0,0,0,0,0,0,0,0,0,0,0,0,0,0,0,0,0,0,0,0,0,0,0
228081,4,0,3,12,57,0,0,0,-1,0,134217,14,0,0,0,0,0,0,0,0,0,0,0,0,0,0,0,0,0,0,0,0,0,0,0,0,0,0
228082,2,0,1,13,57,3,0,0,-1,0,132392,8,0,90,0,0,0,0,0,0,0,0,0,0,0,0,0,0,71,0,0,0,0,133,0,0,0,0
228083,4,0,3,12,57,0,0,0,-1,0,134913,14,0,0,0,0,0,0,0,0,0,0,0,0,0,0,0,0,0,0,0,0,0,0,0,0,0,0
228084,4,0,3,12,57,0,0,0,-1,0,133882,14,0,0,0,0,0,0,0,0,0,0,0,20,0,0,0,0,0,0,0,0,0,0,0,0,0,0
228085,4,0,5,11,57,0,0,0,-1,0,133410,14,0,0,0,0,0,0,0,0,0,0,0,0,0,0,0,0,0,0,0,0,0,0,0,0,0,0
228086,2,8,1,17,57,1,0,0,-1,0,303690,9,0,100,0,0,0,0,0,0,0,0,0,0,0,0,0,0,152,0,0,0,0,229,0,0,0,0
228087,4,0,5,11,57,0,0,0,-1,0,133357,14,0,0,0,0,0,0,0,0,0,0,0,0,0,0,0,0,0,0,0,0,0,0,0,0,0,0
228088,4,0,3,2,57,0,0,0,-1,0,133330,14,0,0,0,0,0,0,0,0,0,100,0,0,0,0,0,0,0,0,0,0,0,0,0,0,0,0
228089,4,0,3,12,57,0,0,0,-1,0,133236,14,0,0,0,0,0,0,0,0,0,0,0,0,0,0,0,0,0,0,0,0,0,0,0,0,0,0
228091,4,2,7,8,57,0,0,0,-1,0,132561,7,0,50,0,0,0,0,0,0,0,120,0,0,0,0,0,0,0,0,0,0,0,0,0,0,0,0
228092,4,2,8,3,57,0,0,0,-1,0,135049,7,0,60,0,0,0,0,0,0,0,131,0,0,0,0,0,0,0,0,0,0,0,0,0,0,0,0
228093,4,0,3,12,57,0,0,0,-1,0,134338,14,0,0,0,0,0,0,0,0,0,0,0,0,0,0,20,0,0,0,0,0,0,0,0,0,0,0
228094,2,7,1,13,57,3,0,0,-1,0,135326,8,0,90,0,0,0,0,0,0,0,0,0,0,0,0,0,0,80,0,0,0,0,149,0,0,0,0
228100,4,1,7,16,60,0,0,0,-1,0,133770,7,0,0,0,0,0,0,0,0,0,59,0,10,0,0,0,0,0,0,0,0,0,0,0,0,0,0
228101,4,2,8,5,60,0,0,0,-1,0,132639,7,0,120,0,0,0,0,0,0,0,200,0,0,0,0,0,0,0,0,0,0,0,0,0,0,0,0
228102,4,1,7,16,60,0,0,0,-1,0,133772,7,0,0,0,0,0,0,0,0,0,54,0,0,0,0,0,0,0,0,0,0,0,0,0,0,0,0
228103,4,4,6,7,57,0,0,0,-1,0,134678,11,0,100,0,0,0,0,0,0,0,566,0,0,0,0,0,0,0,0,0,0,0,0,0,0,0,0
228106,4,6,1,14,57,4,0,0,-1,0,132390,9,0,100,0,0,0,0,0,0,0,2121,0,0,0,0,0,0,0,0,0,0,0,0,0,0,0,0
228107,2,2,2,15,0,0,0,0,-1,0,135500,12,0,75,2,0,0,0,0,0,0,0,0,0,0,0,0,0,66,0,0,0,0,124,0,0,0,0
228108,2,1,1,17,57,1,0,0,-1,0,132447,9,0,100,0,0,0,0,0,0,0,0,0,0,0,0,0,0,161,0,0,0,0,242,0,0,0,0
228109,4,3,5,7,57,0,0,0,-1,0,134655,11,0,90,0,0,0,0,0,0,0,320,0,0,0,0,0,0,0,0,0,0,0,0,0,0,0,0
228110,4,0,6,2,60,0,0,0,-1,0,133279,14,0,0,0,0,0,0,0,0,0,0,0,24,24,0,0,0,0,0,0,0,0,0,0,0,0,0
228111,4,2,8,1,57,0,0,0,-1,0,133136,7,0,60,0,0,0,0,0,0,0,141,0,0,0,0,0,0,0,0,0,0,0,0,0,0,0,0
228113,4,0,3,12,57,0,0,0,-1,0,236224,14,0,0,0,0,0,0,0,0,0,0,0,0,0,20,0,0,0,0,0,0,0,0,0,0,0,0
228116,2,1,1,17,58,1,0,0,-1,0,132636,9,0,100,0,0,0,0,0,0,0,0,0,0,0,0,0,0,153,0,0,0,0,256,0,0,0,0
228122,4,0,3,12,60,0,0,0,-1,0,236301,14,0,0,0,0,0,0,0,0,0,0,0,20,0,0,0,0,0,0,0,0,0,0,0,0,0,0
228125,2,8,1,17,60,1,0,0,-1,0,135349,9,0,100,0,0,0,0,0,0,0,0,0,0,0,0,0,0,107,0,0,0,0,161,0,0,0,0
228127,4,4,8,9,60,0,0,0,-1,0,132614,7,0,40,0,0,0,0,0,0,0,328,0,0,0,0,0,0,0,0,0,0,0,0,0,0,0,0
228128,2,4,2,13,60,3,0,0,-1,0,133040,8,0,105,0,0,0,0,0,0,0,0,0,0,0,0,0,0,102,0,0,0,0,188,0,0,0,0
228137,4,0,4,2,60,0,0,0,-1,0,133292,14,0,0,0,0,0,0,0,0,0,0,0,0,0,0,0,0,0,0,0,0,0,0,0,0,0,0
228139,2,4,2,13,60,3,0,0,-1,0,135814,8,0,105,0,0,0,0,0,0,0,0,0,0,0,0,0,0,59,0,0,0,0,110,0,0,0,0
228142,4,6,1,14,60,4,0,0,-1,0,134956,9,0,120,0,0,0,0,0,0,0,2504,0,0,0,0,0,0,0,0,0,0,0,0,0,0,0,0
228143,2,7,1,22,60,3,0,0,-1,0,135345,8,0,105,0,0,0,0,0,0,0,0,0,0,0,0,0,0,44,0,0,0,0,82,0,0,0,0
228145,2,13,1,21,60,7,0,0,-1,0,134296,8,0,75,0,0,0,0,0,0,0,0,0,0,0,0,0,0,92,0,0,0,0,171,0,0,0,0
228146,2,13,1,22,60,7,0,0,-1,0,134296,8,0,75,0,0,0,0,0,0,0,0,0,0,0,0,0,0,92,0,0,0,0,171,0,0,0,0
228147,4,0,8,2,60,0,0,0,-1,0,133309,14,0,0,0,0,0,0,0,0,0,0,0,0,0,0,0,0,0,0,0,0,0,0,0,0,0,0
228160,2,5,1,17,60,1,0,0,-1,0,133041,9,0,100,0,0,0,0,0,0,0,0,0,0,0,0,0,0,202,0,0,0,0,303,0,0,0,0
228162,2,15,1,13,60,3,0,0,-1,0,135648,8,0,75,0,0,0,0,0,0,0,0,0,0,0,0,0,0,54,0,0,0,0,101,0,0,0,0
228163,4,0,3,12,0,0,0,0,-1,0,134310,14,0,0,0,0,0,0,0,0,0,0,0,15,0,0,0,0,0,0,0,0,0,0,0,0,0,0
228165,2,16,1,25,60,0,0,0,-1,0,135130,8,0,0,0,0,0,0,0,0,0,0,0,0,0,0,0,0,104,0,0,0,0,195,0,0,0,0
228166,2,10,2,17,60,2,0,0,-1,0,237379,13,0,100,0,0,0,0,0,0,0,0,0,0,0,0,0,0,194,0,0,0,0,291,0,0,0,0
228168,2,4,1,21,58,2,0,0,-1,0,132996,8,0,105,0,0,0,0,0,0,0,0,0,0,0,0,0,0,82,0,0,0,0,154,0,0,0,0
228169,2,0,1,13,58,3,0,0,-1,0,134520,8,0,105,0,0,0,0,0,0,0,0,0,0,0,0,0,0,76,0,0,0,0,142,0,0,0,0
228170,2,10,1,17,58,2,0,0,-1,0,135131,8,0,120,0,0,0,0,0,0,0,0,0,0,0,0,0,0,158,0,0,0,0,238,0,0,0,0
228172,4,0,5,12,0,0,0,0,-1,0,136232,14,0,0,0,0,0,0,0,0,0,0,0,0,0,0,0,0,0,0,0,0,0,0,0,0,0,0
228185,2,15,1,21,58,7,0,0,-1,0,132797,8,0,75,0,0,0,0,0,0,0,0,0,0,0,0,0,0,60,0,0,0,0,113,0,0,0,0
228186,4,0,5,11,58,0,0,0,-1,0,133384,14,0,0,0,0,0,0,0,0,0,0,0,0,0,0,0,0,0,0,0,0,0,0,0,0,0,0
228187,2,19,2,26,58,0,0,0,-1,0,135464,21,0,65,0,0,4,0,0,0,0,0,0,0,0,0,0,0,58,0,0,0,0,109,0,0,0,0
228188,4,0,3,12,60,0,0,0,-1,0,133800,14,0,0,0,0,0,0,0,0,0,0,0,15,0,0,0,0,0,0,0,0,0,0,0,0,0,0
228229,2,8,1,17,60,1,0,0,-1,0,135329,9,0,120,0,0,0,0,0,0,0,0,0,0,0,0,0,0,187,0,0,0,0,280,0,0,0,0
228230,2,5,2,17,60,1,0,0,-1,0,133046,9,0,120,0,0,0,0,0,0,0,0,0,0,0,0,0,0,107,0,0,0,0,161,0,0,0,0
228240,4,4,6,7,60,0,0,0,-1,0,134584,11,0,120,0,0,0,0,0,0,0,655,0,20,0,0,0,0,0,0,0,0,0,0,0,0,0,0
228245,4,2,8,7,60,0,0,0,-1,0,134592,7,0,90,0,0,0,0,0,0,0,175,0,10,0,0,0,0,0,0,0,0,0,0,0,0,0,0
228246,4,2,8,9,60,0,0,0,-1,0,132603,7,0,40,0,0,0,0,0,0,0,88,0,0,0,0,0,0,0,0,0,0,0,0,0,0,0,0
228247,4,0,3,2,60,0,0,0,-1,0,133297,14,0,0,0,0,0,0,0,0,0,0,0,0,0,0,0,0,0,0,0,0,0,0,0,0,0,0
228252,2,2,2,15,60,0,0,0,-1,0,135496,12,0,90,2,0,0,0,0,0,0,0,0,0,0,0,0,0,92,0,0,0,0,171,0,0,0,0
228253,4,3,5,8,60,0,0,0,-1,0,132548,10,0,70,0,0,0,0,0,0,0,298,0,11,0,0,0,0,0,0,0,0,0,0,0,0,0,0
228254,4,4,6,8,60,0,0,0,-1,0,132589,11,0,75,0,0,0,0,0,0,0,552,0,20,0,0,0,0,0,0,0,0,0,0,0,0,0,0
228257,4,2,8,10,60,0,0,0,-1,0,132957,7,0,40,0,0,0,0,0,0,0,133,0,10,0,0,0,0,0,0,0,0,0,0,0,0,0,0
228260,4,4,6,10,60,0,0,0,-1,0,132960,11,0,55,0,0,0,0,0,0,0,502,0,0,0,0,0,0,0,0,0,0,0,0,0,0,0,0
228262,2,19,2,26,60,0,0,0,-1,0,135150,21,0,75,0,0,2,0,0,0,0,0,0,10,0,0,0,0,110,0,0,0,0,204,0,0,0,0
228263,2,15,1,21,60,3,0,0,-1,0,135643,8,0,75,0,0,0,0,0,0,0,60,0,0,0,0,0,0,49,0,0,0,0,91,0,0,0,0
228265,2,7,1,13,60,3,0,0,-1,0,135313,8,0,105,0,0,0,0,0,0,0,0,0,0,0,0,0,0,92,0,0,0,0,171,0,0,0,0
228266,4,6,1,14,60,4,0,0,-1,0,134956,9,0,120,0,0,0,0,0,0,0,2575,0,0,0,0,0,0,0,0,0,0,0,0,0,0,0,0
228267,2,15,1,13,60,3,0,0,-1,0,135654,8,0,75,0,0,0,0,0,0,0,0,0,0,0,0,0,0,66,0,0,0,0,123,0,0,0,0
228268,4,0,3,11,60,0,0,0,-1,0,133363,14,0,0,0,0,0,0,0,0,0,0,0,15,0,0,0,0,0,0,0,0,0,0,0,0,0,0
228270,2,3,1,26,60,0,0,0,-1,0,135618,8,0,90,3,0,0,0,0,0,0,0,0,0,0,0,0,0,87,0,0,0,0,162,0,0,0,0
228271,2,10,2,17,60,2,0,0,-1,0,135150,13,0,120,0,0,0,0,0,0,0,0,0,0,0,0,0,0,159,0,0,0,0,238,0,0,0,0
228272,2,6,1,17,58,2,0,0,-1,0,135131,9,0,120,0,0,0,0,0,0,0,0,0,0,0,0,0,0,186,0,0,0,0,279,0,0,0,0
228275,4,4,6,8,60,0,0,0,-1,0,132590,11,0,75,0,0,0,0,0,0,0,552,0,15,0,0,0,0,0,0,0,0,0,0,0,0,0,0
228277,2,15,1,13,60,3,0,0,-1,0,135647,8,0,75,0,0,0,0,0,0,0,0,0,0,0,0,0,0,48,0,0,0,0,89,0,0,0,0
228278,2,5,1,17,60,1,0,0,-1,0,132996,9,0,120,0,0,0,0,0,0,0,0,0,15,0,0,0,0,175,0,0,0,0,262,0,0,0,0
228279,4,2,8,3,60,0,0,0,-1,0,135054,7,0,70,0,0,0,0,0,0,0,159,0,25,0,0,0,0,0,0,0,0,0,0,0,0,0,0
228283,4,2,8,3,60,0,0,0,-1,0,135049,7,0,70,0,0,0,0,0,0,0,159,0,10,0,0,0,0,0,0,0,0,0,0,0,0,0,0
228285,4,3,5,1,60,0,0,0,-1,0,133120,10,0,85,0,0,0,0,0,0,0,343,0,0,0,0,0,0,0,0,0,0,0,0,0,0,0,0
228290,4,1,7,16,60,0,0,0,-1,0,133769,7,0,0,0,0,0,0,0,0,0,59,0,10,0,0,0,0,0,0,0,0,0,0,0,0,0,0
228291,4,3,1,1,60,0,0,0,-1,0,132768,10,0,85,0,0,0,0,0,0,0,397,0,15,0,0,0,0,0,0,0,0,0,0,0,0,0,0
228292,4,1,7,16,60,0,0,0,-1,0,133760,7,0,0,0,0,0,0,0,0,0,59,0,5,0,0,5,5,0,0,0,0,0,0,0,0,0,0
228293,4,0,3,12,60,0,0,0,-1,0,135805,14,0,0,0,0,0,0,0,0,0,0,0,20,0,0,0,0,0,0,0,0,0,0,0,0,0,0
228294,4,6,1,14,60,4,0,0,-1,0,134954,9,0,120,0,0,0,0,0,0,0,2893,0,0,0,0,0,0,0,0,0,0,0,0,0,0,0,0
228295,4,4,6,6,60,0,0,0,-1,0,132518,11,0,55,0,0,0,0,0,0,0,488,0,0,0,0,0,0,0,0,0,0,0,0,0,0,0,0
228296,2,15,1,13,60,3,0,0,-1,0,135358,8,0,75,0,0,0,0,0,0,0,0,0,0,0,0,0,0,78,0,0,0,0,145,0,0,0,0
228299,2,1,1,17,60,1,0,0,-1,0,132400,9,0,120,0,0,0,0,0,0,0,0,0,0,0,0,0,0,237,0,0,0,0,356,0,0,0,0
228332,2,10,2,17,60,2,0,0,-1,0,135158,13,0,120,0,0,0,0,0,0,0,0,0,0,10,0,0,0,187,0,0,0,0,282,0,0,0,0
228334,2,2,2,15,60,0,0,0,-1,0,135489,13,0,90,2,0,0,0,0,0,0,0,0,0,0,0,0,0,99,0,0,0,0,183,0,0,0,0
228347,2,8,1,17,60,1,0,0,-1,0,135351,9,0,120,0,0,0,0,0,0,0,0,0,0,0,0,0,0,104,0,0,0,0,156,0,0,0,0
228349,2,13,1,22,60,7,0,0,-1,0,134297,8,0,75,0,0,0,0,0,0,0,0,0,0,0,0,0,0,87,0,0,0,0,163,0,0,0,0
228350,2,13,1,21,60,7,0,0,-1,0,134297,8,0,75,0,0,0,0,0,0,0,0,0,0,0,0,0,0,87,0,0,0,0,163,0,0,0,0
228353,4,3,5,1,60,0,0,0,-1,0,133120,11,0,85,0,0,0,0,0,0,0,358,0,10,0,0,0,0,0,0,0,0,0,0,0,0,0,0
228354,4,0,3,2,60,0,0,0,-1,0,133434,14,0,0,0,0,0,0,0,0,0,0,0,12,0,0,0,0,0,0,0,0,0,0,0,0,0,0
228356,2,10,2,17,60,2,0,0,-1,0,135225,13,0,120,0,0,0,0,0,0,0,60,0,5,5,5,5,5,168,0,0,0,0,252,0,0,0,0
228382,2,15,1,21,60,3,0,0,-1,0,135642,8,0,75,0,0,0,0,0,0,0,0,0,0,0,0,0,0,54,0,0,0,0,101,0,0,0,0
228410,2,8,1,17,59,1,0,0,-1,0,135366,9,0,120,0,0,0,0,0,0,0,0,0,0,0,0,25,0,180,0,0,0,0,267,0,0,0,0
228432,4,0,1,12,60,0,0,0,-1,0,132161,14,0,0,0,0,0,0,0,0,0,0,0,0,0,0,0,0,0,0,0,0,0,0,0,0,0,0
228464,4,0,3,12,0,0,0,0,-1,0,133443,8,0,0,0,0,0,0,0,0,0,0,0,10,0,0,0,0,0,0,0,0,0,0,0,0,0,0
228486,2,1,6,17,58,1,0,0,-1,0,132401,9,0,120,0,0,0,0,0,0,0,0,0,0,0,0,0,0,161,0,0,0,0,243,0,0,0,0
228498,2,8,1,17,59,1,0,0,-1,0,135366,9,0,120,0,0,5,0,0,0,0,0,0,0,0,0,25,0,229,0,0,0,0,344,0,0,0,0
228522,2,3,1,26,56,0,0,0,-1,0,135616,8,0,75,3,0,0,0,0,0,0,0,0,0,0,0,0,0,70,0,0,0,0,130,0,0,0,0
228523,4,0,4,12,56,0,0,0,-1,0,133712,8,0,0,0,0,0,0,0,0,0,0,0,0,0,0,0,0,0,0,0,0,0,0,0,0,0,0
228535,2,0,1,13,57,3,0,0,-1,0,132402,8,0,90,0,0,0,0,0,0,0,0,0,0,0,0,0,0,77,0,0,0,0,143,0,0,0,0
228541,2,15,1,21,58,3,0,0,-1,0,135651,8,0,65,0,0,0,0,0,0,0,0,0,0,0,0,0,0,43,0,0,0,0,81,0,0,0,0
228555,2,7,1,13,52,3,0,0,-1,0,135346,8,0,90,0,0,0,0,0,0,0,0,0,0,0,0,0,0,69,0,0,0,0,127,0,0,0,0
228570,2,5,2,17,55,1,0,0,-1,0,133041,9,0,100,0,0,0,0,0,0,0,0,0,0,0,0,0,0,144,0,0,0,0,216,0,0,0,0
228576,4,0,3,12,55,0,0,0,-1,0,134120,24,0,0,0,0,0,0,0,0,0,0,0,0,0,0,0,0,0,0,0,0,0,0,0,0,0,0
228586,2,6,1,17,56,2,0,0,-1,0,135128,9,0,100,0,0,0,0,0,0,0,0,0,0,0,0,0,0,84,0,0,0,0,125,0,0,0,0
228589,4,0,3,12,56,0,0,0,-1,0,134084,24,0,0,0,0,0,0,0,0,0,0,0,10,0,0,0,0,0,0,0,0,0,0,0,0,0,0
228599,4,0,3,12,56,0,0,0,-1,0,134084,24,0,0,0,0,0,0,0,0,0,0,0,0,0,0,0,0,0,0,0,0,0,0,0,0,0,0
228600,2,4,2,13,56,3,0,0,-1,0,133490,8,0,90,0,0,0,0,0,0,0,0,0,0,0,0,0,0,37,0,0,0,0,68,0,0,0,0
228606,2,8,1,17,58,1,0,0,-1,0,135330,9,0,120,0,0,0,0,0,0,0,0,0,0,0,0,0,0,181,0,0,0,0,271,0,0,0,0
228652,2,7,1,22,58,3,0,0,-1,0,135350,8,0,90,0,0,0,0,0,0,0,0,0,0,0,0,0,0,41,0,0,0,0,76,0,0,0,0
228679,2,7,1,13,60,3,0,0,-1,0,135271,8,0,105,0,0,0,0,0,0,0,0,0,0,0,0,0,0,77,0,0,0,0,144,0,0,0,0
228686,4,0,3,12,0,0,0,0,-1,0,136168,14,0,0,0,0,0,0,0,0,0,0,0,20,0,0,0,0,0,0,0,0,0,0,0,0,0,0
228722,4,0,3,12,58,0,0,0,-1,0,133434,24,0,0,0,0,0,0,0,0,0,0,0,0,0,0,0,0,0,0,0,0,0,0,0,0,0,0
228759,4,0,4,2,60,0,0,0,-1,0,132501,14,0,0,0,0,0,0,0,0,0,0,0,0,0,0,0,0,0,0,0,0,0,0,0,0,0,0
229749,2,8,1,17,60,1,0,0,-1,0,5906169,9,0,120,0,0,0,0,0,0,0,0,0,0,0,0,0,0,132,0,0,0,0,199,0,0,0,0
229806,2,7,1,21,60,1,0,0,-1,0,5906169,9,0,105,0,0,0,0,0,0,0,0,0,0,0,0,0,0,63,0,0,0,0,118,0,0,0,0
229906,4,0,2,12,60,0,0,0,-1,0,4675218,16,0,0,0,0,0,0,0,0,0,0,0,0,0,0,0,0,0,0,0,0,0,0,0,0,0,0
229909,2,10,2,17,60,2,0,0,-1,0,5906162,13,0,120,0,0,0,0,0,0,0,0,0,0,0,0,0,0,202,0,0,0,0,303,0,0,0,0
229910,2,10,2,17,60,2,0,0,-1,0,5905006,13,0,120,0,0,0,0,0,0,0,0,0,0,0,0,0,0,202,0,0,0,0,303,0,0,0,0
229966,4,0,3,2,60,0,0,0,-1,0,133303,14,0,0,0,0,0,0,0,0,0,0,0,0,0,0,0,0,0,0,0,0,0,0,0,0,0,0
229971,2,10,2,17,60,2,0,0,-1,0,135217,13,0,120,0,0,0,0,0,0,0,0,0,0,0,0,0,0,202,0,0,0,0,303,0,0,0,0
229972,2,10,2,17,60,2,0,0,-1,0,135216,13,0,120,0,0,0,0,0,0,0,0,0,0,0,0,0,0,202,0,0,0,0,303,0,0,0,0
230002,2,0,1,13,60,3,0,0,-1,0,132405,8,0,90,0,0,0,0,0,0,0,0,0,0,0,0,0,0,112,0,0,0,0,209,0,0,0,0
230003,2,8,1,17,60,1,0,0,-1,0,3096527,9,0,120,0,0,0,0,0,0,0,0,0,0,0,0,0,0,310,0,0,0,0,466,0,0,0,0
230008,4,0,3,12,60,0,0,0,-1,0,134334,24,0,0,0,0,0,0,0,0,0,0,0,0,0,0,0,0,0,0,0,0,0,0,0,0,0,0
230224,2,7,1,13,60,1,0,0,-1,0,135349,9,0,125,0,0,0,3,0,0,0,0,0,8,9,0,0,0,82,0,0,0,0,153,0,0,0,0
230242,2,8,1,17,60,1,0,0,-1,0,135360,9,0,120,0,0,0,0,0,0,0,0,0,0,0,0,0,0,198,0,0,0,0,297,0,0,0,0
230244,4,0,4,12,60,0,0,0,-1,0,236161,21,0,0,0,0,0,0,0,0,0,0,0,0,0,0,0,0,0,0,0,0,0,0,0,0,0,0
230247,2,15,1,13,60,3,0,0,-1,0,135665,8,0,75,0,0,0,0,0,0,0,0,0,0,0,0,0,0,54,0,0,0,0,101,0,0,0,0
230253,2,2,2,15,60,0,0,0,-1,0,135497,12,0,90,2,0,0,0,0,0,0,0,0,0,0,0,0,0,98,0,0,0,0,183,0,0,0,0
230271,2,1,1,17,60,1,0,0,-1,0,132401,9,0,120,0,0,0,0,0,0,0,0,0,0,0,0,0,0,223,0,0,0,0,335,0,0,0,0
230276,2,13,1,21,60,7,0,0,-1,0,135663,8,0,75,0,0,0,0,0,0,0,0,0,0,0,0,0,0,110,0,0,0,0,206,0,0,0,0
230282,4,0,4,12,60,0,0,0,-1,0,133723,21,0,0,0,0,0,0,0,0,0,0,0,13,0,0,0,0,0,0,0,0,0,0,0,0,0,0
230726,2,3,2,26,60,0,0,0,-1,0,135611,12,0,90,3,0,0,0,0,0,0,0,0,0,0,0,0,0,92,0,0,0,0,172,0,0,0,0
230738,2,5,1,17,60,1,0,0,-1,0,133480,9,0,120,0,0,0,0,0,0,0,0,0,0,0,0,0,0,217,0,0,0,0,326,0,0,0,0
230747,2,7,1,13,60,3,0,0,-1,0,135361,8,0,105,0,0,0,0,0,0,0,0,0,0,0,0,0,0,110,0,0,0,0,205,0,0,0,0
230794,2,15,1,21,60,3,0,0,-1,0,135664,8,0,75,0,0,0,0,0,0,0,0,0,0,0,0,0,0,61,0,0,0,0,114,0,0,0,0
230818,2,8,1,17,60,1,0,0,-1,0,135360,9,0,120,0,0,0,0,0,0,0,0,0,0,0,0,0,0,235,0,0,0,0,354,0,0,0,0
230837,2,0,1,13,60,3,0,0,-1,0,132403,8,0,105,0,0,0,0,0,0,0,0,0,0,0,0,0,0,105,0,0,0,0,197,0,0,0,0
230842,4,1,7,16,60,0,0,0,-1,0,133763,7,0,0,0,0,0,0,0,0,0,57,0,0,0,0,0,0,0,0,0,0,0,0,0,0,0,0
230844,2,5,1,17,60,1,0,0,-1,0,133480,9,0,120,0,0,0,0,0,0,0,0,0,0,0,0,0,0,117,0,0,0,0,176,0,0,0,0
230845,2,0,1,13,60,3,0,0,-1,0,132406,8,0,105,0,0,0,0,0,0,0,0,0,0,0,0,0,0,100,0,0,0,0,187,0,0,0,0
230847,2,19,2,26,60,0,0,0,-1,0,135468,21,0,75,0,0,6,0,0,0,0,0,0,0,0,0,0,0,93,0,0,0,0,174,0,0,0,0
230848,4,2,8,5,60,0,0,0,-1,0,132718,7,0,120,0,0,0,0,0,0,0,220,0,0,0,0,30,0,0,0,0,0,0,0,0,0,0,0
230857,4,2,8,1,60,0,0,0,-1,0,133143,7,0,70,0,0,0,0,0,0,0,160,0,0,0,0,0,0,0,0,0,0,0,0,0,0,0,0
230858,4,1,7,16,60,0,0,0,-1,0,133768,7,0,0,0,0,0,0,0,0,0,50,0,0,0,0,0,0,0,0,0,0,0,0,0,0,0,0
230859,4,3,5,10,60,0,0,0,-1,0,132944,10,0,50,0,0,0,0,0,0,0,260,0,0,0,0,0,0,0,0,0,0,0,0,0,0,0,0
230861,4,4,6,10,60,0,0,0,-1,0,132965,8,0,55,0,0,0,0,0,0,0,461,0,0,0,0,0,0,0,0,0,0,0,0,0,0,0,0
230863,2,4,1,21,60,3,0,0,-1,0,135461,8,0,105,0,0,0,0,0,0,0,0,0,0,0,0,0,0,86,0,0,0,0,160,0,0,0,0
230864,4,3,5,5,60,0,0,0,-1,0,132743,11,0,140,0,0,0,0,0,0,0,434,0,0,0,0,0,0,0,0,0,0,0,0,0,0,0,0
230865,2,15,1,21,60,3,0,0,-1,0,135667,8,0,75,0,0,0,0,0,0,0,0,0,0,0,0,0,0,45,0,0,0,0,84,0,0,0,0
230866,4,2,8,8,60,0,0,0,-1,0,132547,7,0,60,0,0,0,0,0,0,0,136,0,0,0,0,0,0,0,0,0,0,0,0,0,0,0,0
230868,2,1,1,17,60,1,0,0,-1,0,132427,9,0,120,0,0,0,0,0,0,0,0,0,0,0,0,0,0,187,0,0,0,0,281,0,0,0,0
230911,2,5,1,17,60,1,0,0,-1,0,133494,9,0,120,0,0,0,0,0,0,0,0,0,0,0,0,0,0,191,0,0,0,0,288,0,0,0,0
230912,4,2,8,3,60,0,0,0,-1,0,135040,7,0,70,0,0,0,0,0,0,0,148,0,0,0,0,0,0,0,0,0,0,0,0,0,0,0,0
230914,4,4,5,8,60,0,0,0,-1,0,132584,11,0,75,0,0,0,0,0,0,0,507,0,0,0,0,0,0,0,0,0,0,0,0,0,0,0,0
230916,4,3,5,8,60,0,0,0,-1,0,132554,11,0,70,0,0,0,0,0,0,0,286,0,0,0,0,0,0,0,0,0,0,0,0,0,0,0,0
230918,2,19,3,26,60,0,0,0,-1,0,135468,24,0,75,0,0,3,0,0,0,0,0,0,0,0,0,0,0,97,0,0,0,0,181,0,0,0,0
230919,4,3,5,8,60,0,0,0,-1,0,132547,10,0,70,0,0,0,0,0,0,0,286,0,0,0,0,0,0,0,0,0,0,0,0,0,0,0,0
230925,2,13,1,21,60,7,0,0,-1,0,135592,8,0,75,0,0,0,0,0,0,0,0,0,0,0,0,0,0,94,0,0,0,0,175,0,0,0,0
230926,4,4,5,7,60,0,0,0,-1,0,134680,11,0,120,0,0,0,0,0,0,0,646,0,0,0,0,0,0,0,0,0,0,0,0,0,0,0,0
230928,4,3,5,7,60,0,0,0,-1,0,134658,11,0,105,0,0,0,0,0,0,0,364,0,0,0,0,0,0,0,0,0,0,0,0,0,0,0,0
230930,2,7,1,13,60,3,0,0,-1,0,135345,8,0,105,0,0,0,0,0,0,0,0,0,0,0,0,0,0,66,0,0,0,0,123,0,0,0,0
230934,2,13,1,22,60,7,0,0,-1,0,135592,8,0,75,0,0,0,0,0,0,0,0,0,0,0,0,0,0,94,0,0,0,0,175,0,0,0,0
230939,2,10,2,17,60,2,0,0,-1,0,135172,13,0,120,0,0,0,0,0,0,0,0,0,0,0,0,0,0,155,0,0,0,0,233,0,0,0,0
230942,4,4,6,8,60,0,0,0,-1,0,132587,8,0,75,0,0,0,0,0,0,0,507,0,0,0,0,0,0,0,0,0,0,0,0,0,0,0,0
230989,2,7,1,21,60,3,0,0,-1,0,135364,8,0,105,0,0,0,0,0,0,0,0,0,0,0,0,0,0,53,0,0,0,0,99,0,0,0,0
230991,2,6,1,17,60,1,0,0,-1,0,135582,9,0,120,0,0,0,0,0,0,0,0,0,0,0,0,0,0,105,0,0,0,0,158,0,0,0,0
230992,2,7,1,22,60,1,0,0,-1,0,135365,8,0,105,0,0,0,0,0,0,0,0,0,0,0,0,0,0,60,0,0,0,0,112,0,0,0,0
230993,2,2,2,15,60,0,0,0,-1,0,135461,12,0,90,2,0,0,0,0,0,0,0,0,0,0,0,0,0,80,0,0,0,0,149,0,0,0,0
230994,4,2,8,7,60,0,0,0,-1,0,134666,7,0,90,0,0,0,0,0,0,0,177,0,0,0,0,0,0,0,0,0,0,0,0,0,0,0,0
230995,4,2,8,10,60,0,0,0,-1,0,132960,7,0,40,0,0,0,0,0,0,0,127,0,0,0,0,0,0,0,0,0,0,0,0,0,0,0,0
230996,4,4,6,3,60,0,0,0,-1,0,135032,8,0,100,0,0,0,0,0,0,0,570,0,0,0,0,0,0,0,0,0,0,0,0,0,0,0,0
230998,4,1,7,16,60,0,0,0,-1,0,133770,7,0,0,0,0,0,0,0,0,0,52,0,0,0,0,0,0,0,0,0,0,0,0,0,0,0,0
231002,2,4,1,21,60,3,0,0,-1,0,133492,12,0,105,0,0,0,0,0,0,0,0,0,0,0,0,0,0,83,0,0,0,0,156,0,0,0,0
231004,2,10,2,17,60,2,0,0,-1,0,135170,13,0,120,0,0,0,0,0,0,0,0,0,0,0,0,0,0,177,0,0,0,0,266,0,0,0,0
231006,4,2,8,8,60,0,0,0,-1,0,132556,7,0,60,0,0,0,0,0,0,0,139,0,0,0,0,0,0,0,0,0,0,0,0,0,0,0,0
231007,4,3,5,1,60,0,0,0,-1,0,133141,10,0,85,0,0,0,0,0,0,0,348,0,0,0,0,0,0,0,0,0,0,0,0,0,0,0,0
231008,4,3,5,7,60,0,0,0,-1,0,134661,11,0,105,0,0,0,0,0,0,0,375,0,0,0,0,0,0,0,0,0,0,0,0,0,0,0,0
231009,4,2,8,7,60,0,0,0,-1,0,134634,7,0,90,0,0,0,0,0,0,0,177,0,0,0,0,0,0,0,0,0,0,0,0,0,0,0,0
231010,4,4,6,10,60,0,0,0,-1,0,132948,8,0,55,0,0,0,0,0,0,0,475,0,0,0,0,0,0,0,0,0,0,0,0,0,0,0,0
231012,4,1,7,16,60,0,0,0,-1,0,133773,11,0,0,0,0,0,0,0,0,0,52,0,0,0,0,0,0,0,0,0,0,0,0,0,0,0,0
231014,4,2,8,1,60,0,0,0,-1,0,133148,7,0,70,0,0,0,0,0,0,0,167,0,0,0,0,0,0,0,0,0,0,0,0,0,0,0,0
231016,2,10,2,17,60,1,0,0,-1,0,132932,13,0,120,0,0,0,0,0,0,0,0,0,0,0,0,0,0,207,0,0,0,0,311,0,0,0,0
231024,4,4,6,6,60,0,0,0,-1,0,132498,11,0,55,0,0,0,0,0,0,0,482,0,0,0,10,0,0,0,0,0,0,0,0,0,0,0,0
231025,4,4,6,3,60,0,0,0,-1,0,135065,11,0,100,0,0,0,0,0,0,0,642,0,0,0,10,0,0,0,0,0,0,0,0,0,0,0,0
231026,4,4,6,7,60,0,0,0,-1,0,134584,11,0,120,0,0,0,0,0,0,0,749,0,0,10,10,0,0,0,0,0,0,0,0,0,0,0,0
231027,4,4,6,1,60,0,0,0,-1,0,133173,11,0,100,0,0,0,0,0,0,0,696,0,0,10,10,0,0,0,0,0,0,0,0,0,0,0,0
231028,4,4,6,10,60,0,0,0,-1,0,132944,11,0,55,0,0,0,0,0,0,0,535,0,0,10,0,0,0,0,0,0,0,0,0,0,0,0,0
231029,4,4,6,8,60,0,0,0,-1,0,132585,11,0,75,0,0,0,0,0,0,0,589,0,0,10,0,0,0,0,0,0,0,0,0,0,0,0,0
231030,4,4,6,5,60,0,0,0,-1,0,132751,11,0,165,0,0,0,0,0,0,0,857,0,0,10,10,0,0,0,0,0,0,0,0,0,0,0,0
231039,4,2,8,3,60,0,0,0,-1,0,135054,7,0,70,0,0,0,0,0,0,0,169,0,0,0,10,0,0,0,0,0,0,0,0,0,0,0,0
231040,4,2,8,5,60,0,0,0,-1,0,132648,7,0,120,0,0,0,0,0,0,0,225,0,0,10,10,0,0,0,0,0,0,0,0,0,0,0,0
231041,4,2,8,8,60,0,0,0,-1,0,132542,7,0,60,0,0,0,0,0,0,0,154,0,0,10,0,0,0,0,0,0,0,0,0,0,0,0,0
231042,4,2,8,10,60,0,0,0,-1,0,132955,7,0,40,0,0,0,0,0,0,0,140,0,0,10,0,0,0,0,0,0,0,0,0,0,0,0,0
231043,4,2,8,1,60,0,0,0,-1,0,133143,7,0,70,0,0,0,0,0,0,0,183,0,0,10,10,0,0,0,0,0,0,0,0,0,0,0,0
231044,4,2,8,7,60,0,0,0,-1,0,134586,7,0,90,0,0,0,0,0,0,0,197,0,0,10,10,0,0,0,0,0,0,0,0,0,0,0,0
231045,4,2,8,6,60,0,0,0,-1,0,132512,7,0,40,0,0,0,0,0,0,0,126,0,0,0,10,0,0,0,0,0,0,0,0,0,0,0,0
231056,4,3,5,6,60,0,0,0,-1,0,132517,10,0,50,0,0,0,0,0,0,0,271,0,0,0,10,0,0,0,0,0,0,0,0,0,0,0,0
231057,4,3,5,3,60,0,0,0,-1,0,135041,10,0,85,0,0,0,0,0,0,0,362,0,0,0,10,0,0,0,0,0,0,0,0,0,0,0,0
231058,4,3,5,7,60,0,0,0,-1,0,134583,10,0,105,0,0,0,0,0,0,0,422,0,0,10,10,0,0,0,0,0,0,0,0,0,0,0,0
231059,4,3,5,1,60,0,0,0,-1,0,133073,10,0,85,0,0,0,0,0,0,0,392,0,0,10,10,0,0,0,0,0,0,0,0,0,0,0,0
231060,4,3,5,10,60,0,0,0,-1,0,132944,10,0,50,0,0,0,0,0,0,0,301,0,0,10,0,0,0,0,0,0,0,0,0,0,0,0,0
231061,4,3,5,8,60,0,0,0,-1,0,132588,10,0,70,0,0,0,0,0,0,0,332,0,0,10,0,0,0,0,0,0,0,0,0,0,0,0,0
231062,4,3,5,5,60,0,0,0,-1,0,132625,10,0,140,0,0,0,0,0,0,0,482,0,0,10,10,0,0,0,0,0,0,0,0,0,0,0,0
231175,4,4,6,6,60,0,0,0,-1,0,132516,11,0,55,0,0,0,0,0,0,0,482,0,0,0,10,0,0,0,0,0,0,0,0,0,0,0,0
231176,4,4,6,3,60,0,0,0,-1,0,135068,11,0,100,0,0,0,0,0,0,0,642,0,0,0,10,0,0,0,0,0,0,0,0,0,0,0,0
231178,4,4,6,1,60,0,0,0,-1,0,133176,11,0,100,0,0,0,0,0,0,0,696,0,0,10,10,0,0,0,0,0,0,0,0,0,0,0,0
231179,4,4,6,10,60,0,0,0,-1,0,132963,11,0,55,0,0,0,0,0,0,0,535,0,0,10,0,0,0,0,0,0,0,0,0,0,0,0,0
231180,4,4,6,8,60,0,0,0,-1,0,132590,11,0,75,0,0,0,0,0,0,0,589,0,0,10,0,0,0,0,0,0,0,0,0,0,0,0,0
231181,4,4,6,5,60,0,0,0,-1,0,132738,11,0,165,0,0,0,0,0,0,0,857,0,0,10,10,0,0,0,0,0,0,0,0,0,0,0,0
231198,4,3,5,10,60,0,0,0,-1,0,132945,10,0,50,0,0,0,0,0,0,0,301,0,0,10,0,0,0,0,0,0,0,0,0,0,0,0,0
231200,4,3,5,6,60,0,0,0,-1,0,132503,10,0,50,0,0,0,0,0,0,0,271,0,0,0,10,0,0,0,0,0,0,0,0,0,0,0,0
231201,4,3,5,3,60,0,0,0,-1,0,135064,10,0,85,0,0,0,0,0,0,0,362,0,0,0,10,0,0,0,0,0,0,0,0,0,0,0,0
231203,4,3,5,1,60,0,0,0,-1,0,133171,10,0,85,0,0,0,0,0,0,0,392,0,0,10,10,0,0,0,0,0,0,0,0,0,0,0,0
231204,4,3,5,8,60,0,0,0,-1,0,132587,10,0,70,0,0,0,0,0,0,0,332,0,0,10,0,0,0,0,0,0,0,0,0,0,0,0,0
231205,4,3,5,5,60,0,0,0,-1,0,132633,10,0,140,0,0,0,0,0,0,0,482,0,0,10,10,0,0,0,0,0,0,0,0,0,0,0,0
231230,4,2,8,5,60,0,0,0,-1,0,132638,7,0,120,0,0,0,0,0,0,0,225,0,0,10,10,0,0,0,0,0,0,0,0,0,0,0,0
231232,4,2,8,10,60,0,0,0,-1,0,132959,7,0,40,0,0,0,0,0,0,0,140,0,0,10,0,0,0,0,0,0,0,0,0,0,0,0,0
231233,4,2,8,1,60,0,0,0,-1,0,133077,7,0,70,0,0,0,0,0,0,0,183,0,0,10,10,0,0,0,0,0,0,0,0,0,0,0,0
231235,4,2,8,3,60,0,0,0,-1,0,135038,7,0,70,0,0,0,0,0,0,0,169,0,0,0,10,0,0,0,0,0,0,0,0,0,0,0,0
231236,4,2,8,6,60,0,0,0,-1,0,132495,7,0,40,0,0,0,0,0,0,0,126,0,0,0,10,0,0,0,0,0,0,0,0,0,0,0,0
231272,2,6,3,17,60,1,0,0,-1,0,135127,9,0,120,0,0,0,0,0,0,0,0,0,0,0,0,0,0,181,0,0,0,0,272,0,0,0,0
231273,2,1,1,17,60,1,0,0,-1,0,132418,9,0,120,0,0,0,0,0,0,0,0,0,0,0,0,0,0,192,0,0,0,0,288,0,0,0,0
231274,2,4,1,13,60,3,0,0,-1,0,133479,8,0,105,0,0,0,0,0,0,0,0,0,0,0,0,0,0,92,0,0,0,0,172,0,0,0,0
231275,2,7,1,21,60,3,0,0,-1,0,135271,8,0,105,0,0,0,0,0,0,0,0,0,0,0,0,0,0,53,0,0,0,0,98,0,0,0,0
231276,2,19,3,26,60,0,0,0,-1,0,135467,21,0,75,0,0,5,0,0,0,0,0,0,0,0,0,0,0,96,0,0,0,0,180,0,0,0,0
231277,2,6,1,17,60,1,0,0,-1,0,135126,9,0,120,0,0,0,0,0,0,0,0,0,0,0,0,0,0,186,0,0,0,0,280,0,0,0,0
231278,2,2,2,15,60,0,0,0,-1,0,135462,13,0,90,2,0,0,0,0,0,0,0,0,0,0,0,0,0,77,0,0,0,0,144,0,0,0,0
231279,2,15,1,21,60,3,0,0,-1,0,135347,8,0,75,0,0,0,0,0,0,0,0,0,0,0,0,0,0,53,0,0,0,0,98,0,0,0,0
231289,4,6,6,14,60,4,0,0,-1,0,134958,9,0,120,0,0,0,0,0,0,0,2645,0,0,0,0,0,0,0,0,0,0,0,0,0,0,0,0
231293,2,0,1,13,60,3,0,0,-1,0,132428,9,0,105,0,0,0,0,0,0,0,0,0,0,0,0,0,0,79,0,0,0,0,148,0,0,0,0
231296,2,7,1,21,60,3,0,0,-1,0,135316,8,0,105,0,0,0,0,0,0,0,0,0,0,0,0,0,0,72,0,0,0,0,134,0,0,0,0
231299,4,4,6,7,60,0,0,0,-1,0,134697,9,0,120,0,0,0,0,0,0,0,693,0,0,0,0,0,0,0,0,0,0,0,0,0,0,0,0
231300,4,1,7,16,60,0,0,0,-1,0,133774,7,0,0,0,0,0,0,0,0,0,54,0,0,0,0,0,0,0,0,0,0,0,0,0,0,0,0
231301,2,15,1,13,60,3,0,0,-1,0,135666,8,0,75,0,0,0,0,0,0,0,0,0,0,0,0,0,0,68,0,0,0,0,128,0,0,0,0
231302,2,3,1,26,60,0,0,0,-1,0,135619,8,0,90,3,0,0,0,0,0,0,0,0,0,0,0,0,0,87,0,0,0,0,162,0,0,0,0
231303,4,4,5,10,60,0,0,0,-1,0,132944,10,0,55,0,0,0,0,0,0,0,495,0,0,0,0,0,0,0,0,0,0,0,0,0,0,0,0
231305,4,3,5,10,60,0,0,0,-1,0,132964,10,0,50,0,0,0,0,0,0,0,279,0,0,0,0,0,0,0,0,0,0,0,0,0,0,0,0
231308,2,19,2,26,60,0,0,0,-1,0,135471,12,0,75,0,0,5,0,0,0,0,0,0,0,0,0,0,0,89,0,0,0,0,167,0,0,0,0
231309,2,7,1,21,60,1,0,0,-1,0,135365,8,0,105,0,0,0,0,0,0,0,0,0,0,0,0,0,0,61,0,0,0,0,114,0,0,0,0
231315,2,8,1,17,60,1,0,0,-1,0,135365,9,0,120,0,0,0,0,0,0,0,0,0,0,0,0,0,0,204,0,0,0,0,306,0,0,0,0
231316,4,0,3,2,0,0,0,0,-1,0,133313,24,0,0,0,0,0,0,0,0,0,0,0,0,0,0,0,0,0,0,0,0,0,0,0,0,0,0
231317,4,2,8,5,0,0,0,0,-1,0,132721,7,0,120,0,0,0,0,0,0,0,205,0,0,0,0,0,0,0,0,0,0,0,0,0,0,0,0
231318,4,2,8,6,0,0,0,0,-1,0,132490,7,0,40,0,0,0,0,0,0,0,111,0,0,0,0,0,0,0,0,0,0,0,0,0,0,0,0
231319,4,2,8,9,0,0,0,0,-1,0,132607,7,0,40,0,0,0,0,0,0,0,86,0,0,0,0,0,0,0,0,0,0,0,0,0,0,0,0
231322,4,3,5,6,0,0,0,0,-1,0,132508,10,0,50,0,0,0,0,0,0,0,234,0,0,0,0,0,0,0,0,0,0,0,0,0,0,0,0
231323,4,3,5,9,0,0,0,0,-1,0,132617,10,0,50,0,0,0,0,0,0,0,182,0,0,0,0,0,0,0,0,0,0,0,0,0,0,0,0
231329,4,4,6,5,0,0,0,0,-1,0,132742,9,0,165,0,0,0,0,0,0,0,771,0,0,0,0,0,0,0,0,0,0,0,0,0,0,0,0
231330,4,4,6,6,0,0,0,0,-1,0,132521,9,0,55,0,0,0,0,0,0,0,415,0,0,0,0,0,0,0,0,0,0,0,0,0,0,0,0
231331,4,4,6,9,0,0,0,0,-1,0,132613,9,0,55,0,0,0,0,0,0,0,323,0,0,0,0,0,0,0,0,0,0,0,0,0,0,0,0
231337,4,2,8,5,0,0,0,0,-1,0,132725,7,0,120,0,0,0,0,0,0,0,205,0,0,0,0,0,0,0,0,0,0,0,0,0,0,0,0
231338,4,2,8,3,0,0,0,0,-1,0,135060,7,0,70,0,0,0,0,0,0,0,148,0,0,0,0,0,0,0,0,0,0,0,0,0,0,0,0
231339,4,2,8,9,0,0,0,0,-1,0,132613,7,0,40,0,0,0,0,0,0,0,86,0,0,0,0,0,0,0,0,0,0,0,0,0,0,0,0
231341,4,3,5,5,0,0,0,0,-1,0,132715,11,0,140,0,0,0,0,0,0,0,434,0,0,0,0,0,0,0,0,0,0,0,0,0,0,0,0
231342,4,3,5,6,0,0,0,0,-1,0,132508,11,0,50,0,0,0,0,0,0,0,234,0,0,0,0,0,0,0,0,0,0,0,0,0,0,0,0
231343,4,3,5,9,0,0,0,0,-1,0,132614,10,0,50,0,0,0,0,0,0,0,182,0,0,0,0,0,0,0,0,0,0,0,0,0,0,0,0
231387,2,15,1,21,60,3,0,0,-1,0,135347,9,0,75,0,0,0,0,0,0,0,0,0,0,0,0,0,0,77,0,0,0,0,145,0,0,0,0
231460,2,5,1,17,60,1,0,0,-1,0,133503,9,0,120,0,0,0,0,0,0,0,0,0,0,0,0,0,0,189,0,0,0,0,313,0,0,0,0
231509,4,0,2,12,60,0,0,0,-1,0,5933402,16,0,0,0,0,0,0,0,0,0,0,0,0,0,0,0,0,0,0,0,0,0,0,0,0,0,0
231753,2,4,1,21,60,3,0,0,-1,0,132325,8,0,105,0,0,0,0,0,0,0,0,0,0,0,0,0,0,86,0,0,0,0,160,0,0,0,0
231754,2,7,1,21,60,3,0,0,-1,0,5904994,8,0,105,0,0,0,0,0,0,0,0,0,0,0,0,0,0,123,0,0,0,0,229,0,0,0,0
231755,2,7,1,22,60,3,0,0,-1,0,5904994,8,0,105,0,0,0,0,0,0,0,0,0,0,0,0,0,0,123,0,0,0,0,229,0,0,0,0
231777,4,0,3,23,60,0,0,0,-1,0,135469,7,0,0,0,0,0,0,0,0,0,0,0,0,0,0,0,0,0,0,0,0,0,0,0,0,0,0
231779,4,0,3,12,60,0,0,0,-1,0,236392,14,0,0,0,0,0,0,0,0,0,0,0,0,10,0,0,0,0,0,0,0,0,0,0,0,0,0
231781,4,0,8,12,60,0,0,0,-1,0,136030,8,0,0,0,0,0,0,0,0,0,0,0,0,20,0,0,0,0,0,0,0,0,0,0,0,0,0
231782,4,3,6,1,60,0,0,0,-1,0,133111,11,0,85,0,0,0,0,0,0,0,397,0,0,30,0,0,0,0,0,0,0,0,0,0,0,0,0
231783,4,1,7,16,60,0,0,0,-1,0,336784,7,0,0,0,0,0,0,0,0,0,59,0,0,20,0,0,0,0,0,0,0,0,0,0,0,0,0
231784,4,0,3,12,60,0,0,0,-1,0,136111,8,0,0,0,0,0,0,0,0,0,0,0,0,0,0,0,0,0,0,0,0,0,0,0,0,0,0
231785,4,0,3,12,60,0,0,0,-1,0,338667,14,0,0,0,0,0,0,0,0,0,0,0,0,0,0,0,0,0,0,0,0,0,0,0,0,0,0
231815,2,0,1,13,60,3,0,0,-1,0,132456,8,0,105,0,0,0,0,0,0,0,0,0,0,0,0,0,0,114,0,0,0,0,213,0,0,0,0
231817,2,15,1,13,60,3,0,0,-1,0,304583,8,0,75,0,0,0,0,0,0,0,0,0,0,0,0,0,0,69,0,0,0,0,129,0,0,0,0
231823,2,6,1,17,60,2,0,0,-1,0,135133,8,0,120,0,0,0,0,0,0,0,0,0,0,0,0,0,0,121,0,0,0,0,183,0,0,0,0
231910,4,0,3,12,57,0,0,0,-1,0,134339,14,0,0,0,0,0,0,0,0,0,0,0,0,0,0,0,0,0,0,0,0,0,0,0,0,0,0
231911,4,0,5,11,57,0,0,0,-1,0,133389,14,0,0,0,0,0,0,0,0,0,0,0,0,0,0,0,0,0,0,0,0,0,0,0,0,0,0
231912,2,15,1,21,57,3,0,0,-1,0,135696,8,0,90,0,0,0,0,0,0,0,0,0,0,0,0,0,0,59,0,0,0,0,111,0,0,0,0
231913,4,0,3,2,57,0,0,0,-1,0,237298,14,0,0,0,0,0,0,0,0,0,0,0,0,0,0,0,0,0,0,0,0,0,0,0,0,0,0
232299,4,6,6,14,60,4,0,0,-1,0,134968,9,0,120,0,0,0,0,0,0,0,2468,0,0,0,0,0,0,0,0,0,0,0,0,0,0,0,0
232309,2,7,1,21,60,3,0,0,-1,0,135347,8,0,105,0,0,0,0,0,0,0,0,0,0,0,0,0,0,69,0,0,0,0,129,0,0,0,0
232311,4,1,7,16,60,0,0,0,-1,0,133762,7,0,0,0,0,0,0,0,0,0,50,0,0,0,0,0,0,0,0,0,0,0,0,0,0,0,0
232357,2,1,1,17,60,1,0,0,-1,0,132415,9,0,120,0,0,0,0,0,0,0,0,0,0,0,0,0,0,201,0,0,0,0,303,0,0,0,0
233417,2,4,1,21,60,3,0,0,-1,0,133474,8,0,105,0,0,0,0,0,0,0,0,0,0,0,0,0,0,110,0,0,0,0,205,0,0,0,0
233418,4,1,7,16,60,0,0,0,-1,0,133767,7,0,0,0,0,0,0,0,0,0,58,0,0,0,0,0,0,0,0,0,0,0,0,0,0,0,0
233421,2,0,1,13,60,3,0,0,-1,0,132406,8,0,105,0,0,0,0,0,0,0,0,0,0,0,0,0,0,102,0,0,0,0,189,0,0,0,0
233423,2,7,1,21,60,3,0,0,-1,0,135367,8,0,105,0,0,0,0,0,0,0,0,0,0,0,0,0,0,97,0,0,0,0,182,0,0,0,0
233424,4,1,7,16,60,0,0,0,-1,0,133771,7,0,0,0,0,0,0,0,0,0,58,0,0,0,0,0,0,0,0,0,0,0,0,0,0,0,0
233426,2,7,1,21,60,3,0,0,-1,0,135367,8,0,105,0,0,0,0,0,0,0,0,0,0,0,0,0,0,123,0,0,0,0,229,0,0,0,0
233427,4,1,7,16,60,0,0,0,-1,0,133766,7,0,0,0,0,0,0,0,0,0,58,0,0,0,0,0,0,0,0,0,0,0,0,0,0,0,0
233429,2,4,1,21,60,3,0,0,-1,0,133474,8,0,105,0,0,0,0,0,0,0,0,0,0,0,0,0,0,114,0,0,0,0,213,0,0,0,0
233430,4,1,7,16,60,0,0,0,-1,0,133768,7,0,0,0,0,0,0,0,0,0,58,0,0,0,0,0,0,0,0,0,0,0,0,0,0,0,0
233433,2,15,1,13,60,3,0,0,-1,0,135663,8,0,75,0,0,0,0,0,0,0,0,0,0,0,0,0,0,76,0,0,0,0,142,0,0,0,0
233435,2,4,1,21,60,3,0,0,-1,0,133474,8,0,105,0,0,0,0,0,0,0,0,0,0,0,0,0,0,102,0,0,0,0,189,0,0,0,0
233438,4,1,7,16,60,0,0,0,-1,0,133772,7,0,0,0,0,0,0,0,0,0,58,0,0,0,0,0,0,0,0,0,0,0,0,0,0,0,0
233439,2,15,1,21,60,3,0,0,-1,0,135663,8,0,75,0,0,0,0,0,0,0,50,0,0,0,0,0,0,55,0,0,0,0,103,0,0,0,0
233442,2,0,1,13,60,3,0,0,-1,0,132406,8,0,105,0,0,0,0,0,0,0,0,0,0,0,0,0,0,97,0,0,0,0,182,0,0,0,0
233490,2,8,1,17,60,1,0,0,-1,0,135349,9,0,120,0,0,0,0,0,0,0,0,0,0,0,0,0,0,117,0,0,0,0,176,0,0,0,0
233491,2,1,1,17,60,1,0,0,-1,0,132400,9,0,120,0,0,0,0,0,0,0,0,0,0,0,0,0,0,203,0,0,0,0,340,0,0,0,0
233492,4,4,6,5,60,0,0,0,-1,0,132636,9,0,165,0,0,0,0,0,0,0,889,0,0,0,0,0,0,0,0,0,0,0,0,0,0,0,0
233496,4,3,5,3,60,0,0,0,-1,0,135045,10,0,85,0,0,0,0,0,0,0,362,0,0,0,0,0,0,0,0,0,0,0,0,0,0,0,0
233502,4,0,4,2,60,0,0,0,-1,0,133299,14,0,0,0,0,0,0,0,0,0,0,0,0,10,0,0,0,0,0,0,0,0,0,0,0,0,0
233504,4,1,7,16,60,0,0,0,-1,0,133754,7,0,0,0,0,0,0,0,0,0,58,0,0,0,0,0,0,0,0,0,0,0,0,0,0,0,0
233505,4,2,8,7,60,0,0,0,-1,0,134636,7,0,90,0,0,0,0,0,0,0,197,0,0,0,0,0,0,0,0,0,0,0,0,0,0,0,0
233506,4,2,8,9,60,0,0,0,-1,0,132611,7,0,40,0,0,0,0,0,0,0,98,0,0,15,0,0,0,0,0,0,0,0,0,0,0,0,0
233509,2,10,2,17,60,2,0,0,-1,0,135138,13,0,120,0,0,0,0,0,0,0,0,0,0,20,0,0,0,172,0,0,0,0,260,0,0,0,0
233514,4,4,6,8,60,0,0,0,-1,0,132587,11,0,75,0,0,0,0,0,0,0,589,0,0,0,0,0,0,0,0,0,0,0,0,0,0,0,0
233515,2,5,1,17,60,1,0,0,-1,0,133498,9,0,120,0,0,0,0,0,0,0,0,0,0,0,0,0,0,233,0,0,0,0,350,0,0,0,0
233516,4,4,6,5,60,0,0,0,-1,0,132737,11,0,165,0,0,0,0,0,0,0,857,0,0,0,0,0,0,0,0,0,0,0,0,0,0,0,0
233517,4,4,6,8,60,0,0,0,-1,0,132589,11,0,75,0,0,0,0,0,0,0,589,0,0,0,0,0,0,0,0,0,0,0,0,0,0,0,0
233518,4,3,5,8,60,0,0,0,-1,0,132549,10,0,70,0,0,0,0,0,0,0,332,0,0,0,0,0,0,0,0,0,0,0,0,0,0,0,0
233519,4,1,7,16,60,0,0,0,-1,0,133770,7,0,0,0,0,0,0,0,0,0,58,0,0,0,0,0,0,0,0,0,0,0,0,0,0,0,0
233522,4,2,8,1,60,0,0,0,-1,0,133074,7,0,70,0,0,0,0,0,0,0,183,0,0,0,0,0,0,0,0,0,0,0,0,0,0,0,0
233523,4,4,6,6,60,0,0,0,-1,0,132507,11,0,55,0,0,0,0,0,0,0,482,0,0,0,0,0,0,0,0,0,0,0,0,0,0,0,0
233559,4,2,8,10,60,0,0,0,-1,0,132957,7,0,40,0,0,0,0,0,0,0,143,0,0,0,0,0,0,0,0,0,0,0,0,0,0,0,0
233560,4,4,6,10,60,0,0,0,-1,0,132945,11,0,55,0,0,0,0,0,0,0,549,0,0,25,0,0,0,0,0,0,0,0,0,0,0,0,0
233561,4,4,6,8,60,0,0,0,-1,0,132582,11,0,75,0,0,0,0,0,0,0,604,0,0,0,0,0,0,0,0,0,0,0,0,0,0,0,0
233566,4,3,5,3,60,0,0,0,-1,0,135059,10,0,85,0,0,0,0,0,0,0,371,0,0,0,0,0,0,0,0,0,0,0,0,0,0,0,0
233567,4,4,6,3,60,0,0,0,-1,0,135060,11,0,100,0,0,0,0,0,0,0,659,0,0,0,0,0,0,0,0,0,0,0,0,0,0,0,0
233572,4,0,7,2,60,0,0,0,-1,0,133342,14,0,0,0,0,0,0,0,0,0,0,0,0,10,0,0,0,0,0,0,0,0,0,0,0,0,0
233576,2,13,1,21,60,7,0,0,-1,0,134296,8,0,75,0,0,0,0,0,0,0,0,0,0,0,0,0,0,121,0,0,0,0,225,0,0,0,0
233577,4,2,8,6,60,0,0,0,-1,0,132504,7,0,40,0,0,0,0,0,0,0,129,0,0,0,0,0,0,0,0,0,0,0,0,0,0,0,0
233578,4,2,8,1,60,0,0,0,-1,0,133069,7,0,70,0,0,0,0,0,0,0,186,0,0,0,0,0,0,0,0,0,0,0,0,0,0,0,0
233582,4,4,2,10,60,0,0,0,-1,0,132965,11,0,55,0,0,0,0,0,0,0,549,0,0,0,0,0,0,0,0,0,0,0,0,0,0,0,0
233583,4,4,6,7,60,0,0,0,-1,0,134687,11,0,120,0,0,0,0,0,0,0,768,0,0,0,0,0,0,0,0,0,0,0,0,0,0,0,0
233584,4,3,5,7,60,0,0,0,-1,0,134667,10,0,105,0,0,0,0,0,0,0,432,0,0,0,0,0,0,0,0,0,0,0,0,0,0,0,0
233585,2,7,1,13,60,3,0,0,-1,0,135369,8,0,105,0,0,0,0,0,0,0,0,0,0,0,0,0,0,123,0,0,0,0,229,0,0,0,0
233586,2,6,1,17,60,2,0,0,-1,0,132438,9,0,120,0,0,0,0,0,0,0,0,0,0,0,0,0,0,214,0,0,0,0,322,0,0,0,0
233588,4,1,7,16,60,0,0,0,-1,0,133772,7,0,0,0,0,0,0,0,0,0,60,0,0,0,0,20,0,0,0,0,0,0,0,0,0,0,0
233590,4,2,8,8,60,0,0,0,-1,0,132538,7,0,60,0,0,0,0,0,0,0,159,0,0,0,0,0,0,0,0,0,0,0,0,0,0,0,0
233591,4,4,6,5,60,0,0,0,-1,0,132744,11,0,165,0,0,0,0,0,0,0,889,0,0,35,0,0,0,0,0,0,0,0,0,0,0,0,0
233592,4,2,8,3,60,0,0,0,-1,0,135061,7,0,70,0,0,0,0,0,0,0,174,0,0,0,0,0,0,0,0,0,0,0,0,0,0,0,0
233593,4,4,6,3,60,0,0,0,-1,0,135060,11,0,100,0,0,0,0,0,0,0,667,0,0,0,0,0,0,0,0,0,0,0,0,0,0,0,0
233595,4,3,5,7,60,0,0,0,-1,0,134662,10,0,105,0,0,0,0,0,0,0,438,0,0,0,0,0,0,0,0,0,0,0,0,0,0,0,0
233598,4,3,5,7,60,0,0,0,-1,0,134663,10,0,105,0,0,0,0,0,0,0,438,0,0,30,0,0,0,0,0,0,0,0,0,0,0,0,0
233599,2,7,1,21,60,3,0,0,-1,0,135368,8,0,105,0,0,0,0,0,0,0,0,0,0,0,0,0,0,97,0,0,0,0,182,0,0,0,0
233603,4,4,6,10,60,0,0,0,-1,0,132960,11,0,55,0,0,0,0,0,0,0,556,0,0,0,0,0,0,0,0,0,0,0,0,0,0,0,0
233604,4,3,5,10,60,0,0,0,-1,0,132960,10,0,50,0,0,0,0,0,0,0,313,0,0,0,0,0,0,0,0,0,0,0,0,0,0,0,0
233605,2,2,2,15,60,0,0,0,-1,0,135502,12,0,90,2,0,0,0,0,0,0,0,0,0,0,0,0,0,112,0,0,0,0,209,0,0,0,0
233606,4,1,7,16,60,0,0,0,-1,0,133753,7,0,0,0,0,0,0,0,0,0,60,0,0,0,0,0,0,0,0,0,0,0,0,0,0,0,0
233608,4,2,8,10,60,0,0,0,-1,0,132951,7,0,40,0,0,0,0,0,0,0,145,0,0,0,0,0,0,0,0,0,0,0,0,0,0,0,0
233610,4,4,6,9,60,0,0,0,-1,0,132601,11,0,55,0,0,0,0,0,0,0,389,0,0,0,0,0,0,0,0,0,0,0,0,0,0,0,0
233621,2,8,1,17,60,1,0,0,-1,0,135366,9,0,120,0,0,0,0,0,0,0,0,0,0,0,0,0,0,124,0,0,0,0,187,0,0,0,0
233626,2,3,1,26,60,0,0,0,-1,0,135619,8,0,90,3,0,0,0,0,0,0,0,0,0,0,0,0,0,106,0,0,0,0,198,0,0,0,0
233634,2,15,1,13,60,3,0,0,-1,0,135669,8,0,75,0,0,0,0,0,0,0,0,0,0,0,0,0,0,101,0,0,0,0,152,0,0,0,0
233640,2,1,1,17,60,1,0,0,-1,0,132418,9,0,120,0,0,0,0,0,0,0,0,0,0,0,0,0,0,256,0,0,0,0,385,0,0,0,0
233643,2,4,1,13,60,3,0,0,-1,0,133048,8,0,105,0,0,0,0,0,0,0,0,0,0,0,0,0,0,72,0,0,0,0,135,0,0,0,0
233646,4,4,6,10,60,0,0,0,-1,0,132953,8,0,55,0,0,0,0,0,0,0,549,0,0,0,0,0,0,0,0,0,0,0,0,0,0,0,0
233647,2,1,1,17,60,1,0,0,-1,0,132400,9,0,120,0,0,0,0,0,0,0,0,0,0,0,0,0,0,227,0,0,0,0,341,0,0,0,0
233724,4,4,6,6,60,0,0,0,-1,0,132498,11,0,55,0,0,0,0,0,0,0,470,0,0,0,0,0,0,0,0,0,0,0,0,0,0,0,0
233725,4,4,6,6,60,0,0,0,-1,0,132516,11,0,55,0,0,0,0,0,0,0,470,0,0,0,0,0,0,0,0,0,0,0,0,0,0,0,0
233726,4,4,6,9,60,0,0,0,-1,0,132618,11,0,55,0,0,0,0,0,0,0,365,0,0,0,0,0,0,0,0,0,0,0,0,0,0,0,0
233727,4,4,6,9,60,0,0,0,-1,0,132617,11,0,55,0,0,0,0,0,0,0,365,0,0,0,0,0,0,0,0,0,0,0,0,0,0,0,0
233729,4,0,4,2,60,0,0,0,-1,0,133325,14,0,0,0,0,0,0,0,0,0,0,0,0,0,0,0,0,0,0,0,0,0,0,0,0,0,0
233730,4,0,4,2,60,0,0,0,-1,0,133330,14,0,0,0,0,0,0,0,0,0,0,0,0,0,0,0,0,0,0,0,0,0,0,0,0,0,0
233731,4,0,4,2,60,0,0,0,-1,0,133333,14,0,0,0,0,0,0,0,0,0,0,0,0,0,0,0,0,0,0,0,0,0,0,0,0,0,0
233732,4,0,4,2,60,0,0,0,-1,0,133335,14,0,0,0,0,0,0,0,0,0,0,0,0,0,0,0,0,0,0,0,0,0,0,0,0,0,0
233733,4,0,4,11,60,0,0,0,-1,0,133378,14,0,0,0,0,0,0,0,0,0,0,0,0,0,0,0,0,0,0,0,0,0,0,0,0,0,0
233734,4,0,4,11,60,0,0,0,-1,0,133381,14,0,0,0,0,0,0,0,0,0,0,0,0,0,0,0,0,0,0,0,0,0,0,0,0,0,0
233735,4,0,4,11,60,0,0,0,-1,0,133419,14,0,0,0,0,0,0,0,0,0,0,0,0,0,0,0,0,0,0,0,0,0,0,0,0,0,0
233736,4,0,4,11,60,0,0,0,-1,0,133420,14,0,0,0,0,0,0,0,0,0,0,0,0,0,0,0,0,0,0,0,0,0,0,0,0,0,0
233738,4,1,7,16,60,0,0,0,-1,0,133760,7,0,0,0,0,0,0,0,0,0,57,0,0,0,0,0,0,0,0,0,0,0,0,0,0,0,0
233739,4,1,7,16,60,0,0,0,-1,0,133774,7,0,0,0,0,0,0,0,0,0,57,0,0,0,0,0,0,0,0,0,0,0,0,0,0,0,0
233740,4,1,7,16,60,0,0,0,-1,0,132657,7,0,0,0,0,0,0,0,0,0,57,0,0,0,0,0,0,0,0,0,0,0,0,0,0,0,0
233745,4,3,5,6,60,0,0,0,-1,0,132503,10,0,50,0,0,0,0,0,0,0,265,0,0,0,0,0,0,0,0,0,0,0,0,0,0,0,0
233748,4,3,5,9,60,0,0,0,-1,0,132615,10,0,50,0,0,0,0,0,0,0,206,0,0,0,0,0,0,0,0,0,0,0,0,0,0,0,0
233752,4,3,5,6,60,0,0,0,-1,0,132517,10,0,50,0,0,0,0,0,0,0,265,0,0,0,0,0,0,0,0,0,0,0,0,0,0,0,0
233756,4,3,5,9,60,0,0,0,-1,0,132616,10,0,50,0,0,0,0,0,0,0,206,0,0,0,0,0,0,0,0,0,0,0,0,0,0,0,0
233759,4,2,8,9,60,0,0,0,-1,0,132602,7,0,40,0,0,0,0,0,0,0,96,0,0,0,0,0,0,0,0,0,0,0,0,0,0,0,0
233760,4,2,8,9,60,0,0,0,-1,0,132601,7,0,40,0,0,0,0,0,0,0,96,0,0,0,0,0,0,0,0,0,0,0,0,0,0,0,0
233761,4,2,8,6,60,0,0,0,-1,0,132495,7,0,40,0,0,0,0,0,0,0,124,0,0,0,0,0,0,0,0,0,0,0,0,0,0,0,0
233762,4,2,8,6,60,0,0,0,-1,0,132512,7,0,40,0,0,0,0,0,0,0,124,0,0,0,0,0,0,0,0,0,0,0,0,0,0,0,0
233793,4,4,7,3,60,0,0,0,-1,0,135047,9,0,100,0,0,0,0,0,0,0,667,0,0,0,0,0,0,0,0,0,0,0,0,0,0,0,0
233795,4,4,7,1,60,0,0,0,-1,0,133074,9,0,100,0,0,0,0,0,0,0,722,0,0,0,0,0,0,0,0,0,0,0,0,0,0,0,0
233796,2,5,2,17,60,1,0,0,-1,0,133062,9,0,120,0,0,0,0,0,0,0,0,0,0,0,0,0,0,117,0,0,0,0,176,0,0,0,0
233797,2,4,2,21,60,3,0,0,-1,0,133041,8,0,105,0,0,0,0,0,0,0,0,0,0,0,0,0,0,79,0,0,0,0,147,0,0,0,0
233798,2,7,4,21,60,3,0,0,-1,0,135361,8,0,105,0,0,0,0,0,0,0,0,0,0,0,0,0,0,59,0,0,0,0,110,0,0,0,0
233801,2,0,1,21,60,3,0,0,-1,0,132403,8,0,105,0,0,0,0,0,0,0,0,0,0,0,0,0,0,106,0,0,0,0,198,0,0,0,0
233808,4,2,8,1,60,0,0,0,-1,0,133069,7,0,70,0,0,0,0,0,0,0,188,0,0,0,0,0,0,0,0,0,0,0,0,0,0,0,0
233813,4,2,8,5,60,0,0,0,-1,0,132686,7,0,120,0,0,0,0,0,0,0,232,0,0,0,0,0,0,0,0,0,0,0,0,0,0,0,0
233956,4,1,7,16,60,0,0,0,-1,0,133770,7,0,0,0,0,0,0,0,0,0,56,0,0,0,0,0,0,0,0,0,0,0,0,0,0,0,0
233958,4,1,7,16,60,0,0,0,-1,0,133760,7,0,0,0,0,0,0,0,0,0,56,0,0,0,0,0,0,0,0,0,0,0,0,0,0,0,0
233959,4,1,7,16,60,0,0,0,-1,0,133774,7,0,0,0,0,0,0,0,0,0,56,0,0,0,0,0,0,0,0,0,0,0,0,0,0,0,0
233960,4,1,7,16,60,0,0,0,-1,0,132657,7,0,0,0,0,0,0,0,0,0,56,0,0,0,0,0,0,0,0,0,0,0,0,0,0,0,0
233988,4,6,6,14,60,4,0,0,-1,0,237508,9,0,120,0,0,0,0,0,0,0,2822,0,0,0,0,0,0,0,0,0,0,0,0,0,0,0,0
233990,4,0,3,12,60,0,0,0,-1,0,294481,8,0,0,0,0,0,0,0,0,0,0,0,0,0,0,0,0,0,0,0,0,0,0,0,0,0,0
233991,4,0,3,12,60,0,0,0,-1,0,237004,8,0,0,0,0,0,0,0,0,0,0,0,0,0,0,0,0,0,0,0,0,0,0,0,0,0,0
233992,4,0,3,12,60,0,0,0,-1,0,135234,8,0,0,0,0,0,0,0,0,0,0,0,0,0,0,0,0,0,0,0,0,0,0,0,0,0,0
233993,4,0,3,12,60,0,0,0,-1,0,134377,8,0,0,0,0,0,0,0,0,0,0,0,0,0,0,0,0,0,0,0,0,0,0,0,0,0,0
233994,4,0,3,12,60,0,0,0,-1,0,133302,8,0,0,0,0,0,0,0,0,0,0,0,0,0,0,0,0,0,0,0,0,0,0,0,0,0,0
234061,2,15,1,13,60,3,0,0,-1,0,135648,8,0,75,0,0,0,0,0,0,0,0,0,0,0,0,0,0,75,0,0,0,0,139,0,0,0,0
234063,4,4,6,6,60,0,0,0,-1,0,132502,11,0,55,0,0,0,0,0,0,0,476,0,0,0,0,0,0,0,0,0,0,0,0,0,0,0,0
234065,4,3,5,9,60,0,0,0,-1,0,132618,10,0,50,0,0,0,0,0,0,0,208,0,0,0,0,0,0,0,0,0,0,0,0,0,0,0,0
234066,4,2,8,10,60,0,0,0,-1,0,132958,7,0,40,0,0,0,0,0,0,0,139,0,0,0,0,0,0,0,0,0,0,0,0,0,0,0,0
234067,2,8,1,17,60,1,0,0,-1,0,135366,9,0,120,0,0,0,0,0,0,0,0,0,0,0,0,0,0,223,0,0,0,0,335,0,0,0,0
234068,4,2,8,8,60,0,0,0,-1,0,132542,7,0,60,0,0,0,0,0,0,0,153,0,0,0,0,0,0,0,0,0,0,0,0,0,0,0,0
234069,4,3,5,8,60,0,0,0,-1,0,132554,10,0,70,0,0,0,0,0,0,0,327,0,0,0,0,0,0,0,0,0,0,0,0,0,0,0,0
234071,4,4,6,7,60,0,0,0,-1,0,134691,11,0,120,0,0,0,0,0,0,0,740,0,0,0,0,0,0,0,0,0,0,0,0,0,0,0,0
234072,4,2,8,6,60,0,0,0,-1,0,132514,7,0,40,0,0,0,0,0,0,0,125,0,0,0,0,0,0,0,0,0,0,0,0,0,0,0,0
234075,4,4,6,10,60,0,0,0,-1,0,132965,11,0,55,0,0,0,0,0,0,0,529,0,0,0,0,0,0,0,0,0,0,0,0,0,0,0,0
234077,4,2,8,5,60,0,0,0,-1,0,132722,7,0,120,0,0,0,0,0,0,0,222,0,0,15,0,0,0,0,0,0,0,0,0,0,0,0,0
234078,4,2,8,3,60,0,0,0,-1,0,135060,7,0,70,0,0,0,0,0,0,0,167,0,0,0,0,0,0,0,0,0,0,0,0,0,0,0,0
234081,4,2,8,10,60,0,0,0,-1,0,132939,7,0,40,0,0,0,0,0,0,0,139,0,0,0,0,0,0,0,0,0,0,0,0,0,0,0,0
234084,4,2,8,1,60,0,0,0,-1,0,133069,7,0,70,0,0,0,0,0,0,0,180,0,0,0,0,0,0,0,0,0,0,0,0,0,0,0,0
234086,4,3,5,10,60,0,0,0,-1,0,132965,10,0,50,0,0,0,0,0,0,0,298,0,0,0,0,0,0,0,0,0,0,0,0,0,0,0,0
234087,4,3,5,7,60,0,0,0,-1,0,134667,11,0,105,0,0,0,0,0,0,0,417,0,0,0,0,0,0,0,0,0,0,0,0,0,0,0,0
234088,4,4,6,7,60,0,0,0,-1,0,134677,11,0,120,0,0,0,0,0,0,0,740,0,0,0,0,0,0,0,0,0,0,0,0,0,0,0,0
234089,4,6,6,14,60,4,0,0,-1,0,134968,9,0,120,0,0,0,0,0,0,0,2822,0,0,0,0,0,0,0,0,0,0,0,0,0,0,0,0
234090,4,4,6,10,60,0,0,0,-1,0,132964,11,0,55,0,0,0,0,0,0,0,529,0,0,0,0,0,0,0,0,0,0,0,0,0,0,0,0
234091,4,3,5,10,60,0,0,0,-1,0,132946,11,0,50,0,0,0,0,0,0,0,298,0,0,0,0,0,0,0,0,0,0,0,0,0,0,0,0
234094,4,2,8,9,60,0,0,0,-1,0,132602,7,0,40,0,0,0,0,0,0,0,97,0,0,0,0,0,0,0,0,0,0,0,0,0,0,0,0
234095,4,4,6,8,60,0,0,0,-1,0,132585,11,0,75,0,0,0,0,0,0,0,581,0,0,0,0,0,0,0,0,0,0,0,0,0,0,0,0
234096,2,2,2,15,60,0,0,0,-1,0,135501,12,0,90,2,0,0,0,0,0,0,0,0,0,8,0,0,0,105,0,0,0,0,196,0,0,0,0
234097,2,4,1,21,60,3,0,0,-1,0,2245030,8,0,105,0,0,0,0,0,0,0,0,0,0,0,0,0,0,98,0,0,0,0,183,0,0,0,0
234098,4,4,6,8,60,0,0,0,-1,0,132586,11,0,75,0,0,0,0,0,0,0,581,0,0,0,0,0,0,0,0,0,0,0,0,0,0,0,0
234099,4,3,5,8,60,0,0,0,-1,0,132545,10,0,70,0,0,0,0,0,0,0,327,0,0,0,0,0,0,0,0,0,0,0,0,0,0,0,0
234100,4,2,8,1,60,0,0,0,-1,0,133117,7,0,70,0,0,0,0,0,0,0,180,0,0,0,0,0,0,0,0,0,0,0,0,0,0,0,0
234102,4,3,5,10,60,0,0,0,-1,0,132944,10,0,50,0,0,0,0,0,0,0,298,0,0,0,0,0,0,0,0,0,0,0,0,0,0,0,0
234103,4,4,6,9,60,0,0,0,-1,0,132618,11,0,55,0,0,0,0,0,0,0,379,0,0,0,0,0,0,0,0,0,0,0,0,0,0,0,0
234104,2,18,2,26,60,0,0,0,-1,0,135535,12,0,90,2,0,0,0,0,0,0,0,0,0,0,0,0,0,116,0,0,0,0,175,0,0,0,0
234105,4,2,8,10,60,0,0,0,-1,0,132958,7,0,40,0,0,0,0,0,0,0,142,0,0,0,0,0,0,0,0,0,0,0,0,0,0,0,0
234107,4,4,6,1,60,0,0,0,-1,0,133077,11,0,100,0,0,0,0,0,0,0,705,0,0,0,0,0,0,0,0,0,0,0,0,0,0,0,0
234109,4,4,6,3,60,0,0,0,-1,0,135059,11,0,100,0,0,0,0,0,0,0,650,0,0,0,0,0,0,0,0,0,0,0,0,0,0,0,0
234110,4,3,5,6,60,0,0,0,-1,0,132507,10,0,50,0,0,0,0,0,0,0,275,0,0,0,0,0,0,0,0,0,0,0,0,0,0,0,0
234111,4,3,5,3,60,0,0,0,-1,0,135049,10,0,85,0,0,0,0,0,0,0,366,0,0,0,0,0,0,0,0,0,0,0,0,0,0,0,0
234112,2,4,1,13,60,3,0,0,-1,0,133501,8,0,105,0,0,0,0,0,0,0,0,0,0,0,0,0,0,110,0,0,0,0,205,0,0,0,0
234113,4,1,7,16,60,0,0,0,-1,0,133758,7,0,0,0,0,0,0,0,0,0,59,0,0,0,0,0,0,0,0,0,0,0,0,0,0,0,0
234115,2,10,2,17,60,2,0,0,-1,0,135149,13,0,120,0,0,0,0,0,0,0,0,0,0,0,0,0,0,206,0,0,0,0,310,0,0,0,0
234116,4,0,3,2,60,0,0,0,-1,0,133301,14,0,0,0,0,0,0,0,0,0,0,0,0,0,0,0,0,0,0,0,0,0,0,0,0,0,0
234118,2,5,1,17,60,1,0,0,-1,0,133041,9,0,100,0,0,0,0,0,0,0,0,0,0,0,0,0,0,117,0,0,0,0,176,0,0,0,0
234119,2,19,2,26,60,0,0,0,-1,0,135466,21,0,75,0,0,3,0,0,0,0,0,0,0,0,0,0,0,107,0,0,0,0,199,0,0,0,0
234120,4,4,6,1,60,0,0,0,-1,0,133071,9,0,100,0,0,0,0,0,0,0,687,0,0,0,0,0,0,0,0,0,0,0,0,0,0,0,0
234121,2,3,1,26,60,0,0,0,-1,0,135619,8,0,90,3,0,0,0,0,0,0,0,0,0,0,0,0,0,92,0,0,0,0,172,0,0,0,0
234122,2,15,1,21,60,3,0,0,-1,0,135342,8,0,75,0,0,0,0,0,0,0,0,0,0,0,0,0,0,59,0,0,0,0,110,0,0,0,0
234129,4,3,5,7,60,0,0,0,-1,0,134656,10,0,105,0,0,0,0,0,0,0,438,0,0,0,0,0,0,0,0,0,0,0,0,0,0,0,0
234133,4,2,8,8,60,0,0,0,-1,0,132542,7,0,60,0,0,0,0,0,0,0,159,0,0,20,0,0,0,0,0,0,0,0,0,0,0,0,0
234137,2,15,4,21,60,3,0,0,-1,0,135665,8,0,75,0,0,0,0,0,0,0,0,0,0,0,0,0,0,76,0,0,0,0,142,0,0,0,0
234138,2,15,4,13,60,3,0,0,-1,0,135661,8,0,75,0,0,0,0,0,0,0,0,0,0,0,0,0,0,68,0,0,0,0,126,0,0,0,0
234139,2,7,4,13,60,3,0,0,-1,0,135359,8,0,105,0,0,0,0,0,0,0,0,0,0,0,0,0,0,119,0,0,0,0,221,0,0,0,0
234141,2,7,4,21,60,3,0,0,-1,0,135361,8,0,105,0,0,0,0,0,0,0,0,0,0,0,0,0,0,93,0,0,0,0,174,0,0,0,0
234146,4,4,6,8,60,0,0,0,-1,0,132585,11,0,75,0,0,0,0,0,0,0,581,0,0,25,0,0,0,0,0,0,0,0,0,0,0,0,0
234147,4,3,5,7,60,0,0,0,-1,0,134660,10,0,105,0,0,0,0,0,0,0,417,0,0,0,0,0,0,0,0,0,0,0,0,0,0,0,0
234148,4,4,1,9,60,0,0,0,-1,0,132613,11,0,55,0,0,0,0,0,0,0,370,0,0,0,0,0,0,0,0,0,0,0,0,0,0,0,0
234149,4,2,8,9,60,0,0,0,-1,0,132614,7,0,40,0,0,0,0,0,0,0,97,0,0,15,0,0,0,0,0,0,0,0,0,0,0,0,0
234151,4,1,7,16,60,0,0,0,-1,0,133769,7,0,0,0,0,0,0,0,0,0,57,0,0,20,0,0,0,0,0,0,0,0,0,0,0,0,0
234152,2,4,1,21,60,3,0,0,-1,0,133497,8,0,105,0,0,0,0,0,0,0,100,0,0,0,0,0,0,75,0,0,0,0,139,0,0,0,0
234153,2,10,2,17,60,2,0,0,-1,0,135173,13,0,120,0,0,0,0,0,0,0,0,0,0,20,0,0,0,152,0,0,0,0,229,0,0,0,0
234156,4,3,5,8,60,0,0,0,-1,0,132554,10,0,70,0,0,0,0,0,0,0,327,0,0,25,0,0,0,0,0,0,0,0,0,0,0,0,0
234157,4,2,8,1,60,0,0,0,-1,0,133119,7,0,70,0,0,0,0,0,0,0,180,0,0,0,0,0,0,0,0,0,0,0,0,0,0,0,0
234159,2,18,2,26,60,0,0,0,-1,0,135540,12,0,90,2,0,0,0,0,0,0,0,0,0,8,0,0,0,112,0,0,0,0,169,0,0,0,0
234163,4,2,8,7,60,0,0,0,-1,0,134636,7,0,90,0,0,0,0,0,0,0,194,0,0,0,0,0,0,0,0,0,0,0,0,0,0,0,0
234164,4,2,8,1,60,0,0,0,-1,0,133145,7,0,70,0,0,0,0,0,0,0,180,0,0,0,0,0,0,0,0,0,0,0,0,0,0,0,0
234165,4,4,6,10,60,0,0,0,-1,0,132963,11,0,55,0,0,0,0,0,0,0,529,0,0,20,0,0,0,0,0,0,0,0,0,0,0,0,0
234166,4,3,5,8,60,0,0,0,-1,0,132551,10,0,70,0,0,0,0,0,0,0,327,0,0,20,0,0,0,0,0,0,0,0,0,0,0,0,0
234170,2,7,1,13,60,3,0,0,-1,0,135354,8,0,105,0,0,0,0,0,0,0,0,0,0,0,0,0,0,106,0,0,0,0,198,0,0,0,0
234171,4,2,8,3,60,0,0,0,-1,0,135060,7,0,70,0,0,0,0,0,0,0,167,0,0,25,0,0,0,0,0,0,0,0,0,0,0,0,0
234172,2,15,1,13,60,3,0,0,-1,0,135658,8,0,75,0,0,0,0,0,0,0,0,0,0,0,0,0,0,75,0,0,0,0,139,0,0,0,0
234173,4,3,5,7,60,0,0,0,-1,0,134667,10,0,105,0,0,0,0,0,0,0,417,0,0,0,0,0,0,0,0,0,0,0,0,0,0,0,0
234174,4,4,6,3,60,0,0,0,-1,0,135042,11,0,100,0,0,0,0,0,0,0,634,0,0,25,0,0,0,0,0,0,0,0,0,0,0,0,0
234176,4,0,7,12,60,0,0,0,-1,0,134488,19,0,0,0,0,0,0,0,0,0,0,0,0,0,0,0,0,0,0,0,0,0,0,0,0,0,0
234177,4,0,7,12,60,0,0,0,-1,0,134484,19,0,0,0,0,0,0,0,0,0,0,0,0,0,0,0,0,0,0,0,0,0,0,0,0,0,0
234178,4,0,7,12,60,0,0,0,-1,0,134491,19,0,0,0,0,0,0,0,0,0,0,0,0,0,0,0,0,0,0,0,0,0,0,0,0,0,0
234179,4,0,7,12,60,0,0,0,-1,0,134495,19,0,0,0,0,0,0,0,0,0,0,0,0,0,0,0,0,0,0,0,0,0,0,0,0,0,0
234288,4,4,5,6,60,0,0,0,-1,0,132510,8,0,55,0,0,0,0,0,0,0,476,0,0,25,0,0,0,0,0,0,0,0,0,0,0,0,0
234290,4,4,5,10,60,0,0,0,-1,0,132963,9,0,55,0,0,0,0,0,0,0,529,0,0,20,0,0,0,0,0,0,0,0,0,0,0,0,0
234292,4,4,5,5,60,0,0,0,-1,0,132742,9,0,165,0,0,0,0,0,0,0,846,0,0,30,0,0,0,0,0,0,0,0,0,0,0,0,0
234294,4,3,5,9,60,0,0,0,-1,0,132611,10,0,50,0,0,0,0,0,0,0,208,0,0,20,0,0,0,0,0,0,0,0,0,0,0,0,0
234296,4,3,5,10,60,0,0,0,-1,0,132945,10,0,50,0,0,0,0,0,0,0,298,0,0,25,0,0,0,0,0,0,0,0,0,0,0,0,0
234298,4,3,5,5,60,0,0,0,-1,0,132742,11,0,140,0,0,0,0,0,0,0,476,0,0,30,0,0,0,0,0,0,0,0,0,0,0,0,0
234300,4,3,5,9,60,0,0,0,-1,0,132604,10,0,50,0,0,0,0,0,0,0,208,0,0,20,0,0,0,0,0,0,0,0,0,0,0,0,0
234304,4,3,5,5,60,0,0,0,-1,0,132717,11,0,140,0,0,0,0,0,0,0,476,0,0,30,0,0,0,0,0,0,0,0,0,0,0,0,0
234306,4,2,5,6,60,0,0,0,-1,0,132506,7,0,40,0,0,0,0,0,0,0,125,0,0,25,0,0,0,0,0,0,0,0,0,0,0,0,0
234308,4,2,5,8,60,0,0,0,-1,0,132561,7,0,60,0,0,0,0,0,0,0,153,0,0,25,0,0,0,0,0,0,0,0,0,0,0,0,0
234310,4,2,5,1,60,0,0,0,-1,0,133160,7,0,70,0,0,0,0,0,0,0,180,0,0,30,0,0,0,0,0,0,0,0,0,0,0,0,0
234319,4,4,1,6,60,0,0,0,-1,0,132505,11,0,55,0,0,0,0,0,0,0,476,0,0,25,0,0,0,0,0,0,0,0,0,0,0,0,0
234321,4,3,1,6,60,0,0,0,-1,0,132505,10,0,50,0,0,0,0,0,0,0,268,0,0,25,0,0,0,0,0,0,0,0,0,0,0,0,0
234324,4,3,5,5,60,0,0,0,-1,0,132743,11,0,140,0,0,0,0,0,0,0,506,0,0,30,0,0,0,0,0,0,0,0,0,0,0,0,0
234428,2,15,1,13,60,3,0,0,-1,0,135315,8,0,65,0,0,0,0,0,0,0,0,0,0,0,0,0,0,67,0,0,0,0,125,0,0,0,0
234434,2,3,1,26,60,0,0,0,-1,0,135618,8,0,90,3,0,0,0,0,0,0,0,0,0,0,0,0,0,101,0,0,0,0,189,0,0,0,0
234460,4,3,5,5,60,0,0,0,-1,0,132639,10,0,140,0,0,0,0,0,0,0,476,0,0,0,0,0,0,0,0,0,0,0,0,0,0,0,0
234482,4,2,8,7,60,0,0,0,-1,0,134636,7,0,90,0,0,0,0,0,0,0,205,0,0,30,0,0,0,0,0,0,0,0,0,0,0,0,0
234487,4,4,7,1,60,0,0,0,-1,0,133069,9,0,100,0,0,0,0,0,0,0,731,0,0,35,0,0,0,0,0,0,0,0,0,0,0,0,0
234542,2,8,1,17,60,1,0,0,-1,0,135358,9,0,120,0,0,0,0,0,0,0,0,0,0,0,0,0,0,250,0,0,0,0,376,0,0,0,0
234543,2,1,1,17,60,1,0,0,-1,0,132415,9,0,120,0,0,0,0,0,0,0,0,0,0,0,0,0,0,250,0,0,0,0,376,0,0,0,0
234545,2,5,2,17,60,1,0,0,-1,0,133047,9,0,120,0,0,0,0,0,0,0,0,0,0,0,0,0,0,250,0,0,0,0,376,0,0,0,0
234546,2,5,2,17,60,1,0,0,-1,0,133484,9,0,120,0,0,0,0,0,0,0,0,0,0,0,0,0,0,250,0,0,0,0,376,0,0,0,0
234547,2,6,1,17,60,2,0,0,-1,0,135124,9,0,120,0,0,0,0,0,0,0,0,0,0,0,0,0,0,250,0,0,0,0,376,0,0,0,0
234548,2,6,1,17,60,2,0,0,-1,0,135124,9,0,120,0,0,0,0,0,0,0,0,0,0,0,0,0,0,218,0,0,0,0,328,0,0,0,0
234549,2,10,2,17,60,2,0,0,-1,0,133729,13,0,120,0,0,0,0,0,0,0,0,0,0,0,0,0,0,192,0,0,0,0,289,0,0,0,0
234550,2,15,1,21,60,3,0,0,-1,0,135662,8,0,75,0,0,0,0,0,0,0,0,0,0,0,0,0,0,98,0,0,0,0,148,0,0,0,0
234551,2,4,2,21,60,3,0,0,-1,0,133039,8,0,105,0,0,0,0,0,0,0,0,0,0,0,0,0,0,143,0,0,0,0,215,0,0,0,0
234552,2,7,1,13,60,3,0,0,-1,0,135291,8,0,105,0,0,0,0,0,0,0,0,0,0,0,0,0,0,143,0,0,0,0,215,0,0,0,0
234553,2,7,1,13,60,3,0,0,-1,0,135275,8,0,105,0,0,0,0,0,0,0,0,0,0,0,0,0,0,89,0,0,0,0,134,0,0,0,0
234554,2,0,1,13,60,3,0,0,-1,0,132393,8,0,105,0,0,0,0,0,0,0,0,0,0,0,0,0,0,143,0,0,0,0,215,0,0,0,0
234555,2,4,2,13,60,3,0,0,-1,0,133057,8,0,105,0,0,0,0,0,0,0,0,0,0,0,0,0,0,143,0,0,0,0,215,0,0,0,0
234556,2,15,1,13,60,3,0,0,-1,0,135649,8,0,75,0,0,0,0,0,0,0,0,0,0,0,0,0,0,98,0,0,0,0,148,0,0,0,0
234557,2,13,1,21,60,7,0,0,-1,0,134296,8,0,75,0,0,0,0,0,0,0,0,0,0,0,0,0,0,143,0,0,0,0,215,0,0,0,0
234558,2,13,1,22,60,7,0,0,-1,0,134297,8,0,75,0,0,0,0,0,0,0,0,0,0,0,0,0,0,143,0,0,0,0,215,0,0,0,0
234559,2,2,2,15,60,0,0,0,-1,0,135496,12,0,90,2,0,0,0,0,0,0,0,0,0,0,0,0,0,127,0,0,0,0,191,0,0,0,0
234560,2,18,2,26,60,0,0,0,-1,0,135539,12,0,90,2,0,0,0,0,0,0,0,0,0,0,0,0,0,127,0,0,0,0,191,0,0,0,0
234561,2,3,1,26,60,0,0,0,-1,0,135615,8,0,90,3,0,0,0,0,0,0,0,0,0,0,0,0,0,127,0,0,0,0,191,0,0,0,0
234562,4,6,1,14,60,4,0,0,-1,0,134965,9,0,120,0,0,0,0,0,0,0,3000,0,0,0,0,0,0,0,0,0,0,0,0,0,0,0,0
234565,2,8,1,17,60,1,0,0,-1,0,135349,9,0,120,0,0,0,0,0,0,0,0,0,0,0,0,0,0,250,0,0,0,0,376,0,0,0,0
234566,2,1,1,17,60,1,0,0,-1,0,132401,9,0,120,0,0,0,0,0,0,0,0,0,0,0,0,0,0,250,0,0,0,0,376,0,0,0,0
234567,2,5,2,17,60,1,0,0,-1,0,133040,9,0,120,0,0,0,0,0,0,0,0,0,0,0,0,0,0,250,0,0,0,0,376,0,0,0,0
234568,2,5,2,17,60,1,0,0,-1,0,133060,9,0,120,0,0,0,0,0,0,0,0,0,0,0,0,0,0,250,0,0,0,0,376,0,0,0,0
234569,2,6,1,17,60,2,0,0,-1,0,135131,9,0,120,0,0,0,0,0,0,0,0,0,0,0,0,0,0,250,0,0,0,0,376,0,0,0,0
234570,2,6,1,17,60,2,0,0,-1,0,135131,9,0,120,0,0,0,0,0,0,0,0,0,0,0,0,0,0,218,0,0,0,0,328,0,0,0,0
234571,2,10,2,17,60,2,0,0,-1,0,135151,13,0,120,0,0,0,0,0,0,0,0,0,0,0,0,0,0,192,0,0,0,0,289,0,0,0,0
234580,2,0,1,13,60,3,0,0,-1,0,132418,8,0,105,0,0,0,0,0,0,0,0,0,0,0,0,0,0,143,0,0,0,0,215,0,0,0,0
234581,2,4,2,13,60,3,0,0,-1,0,133488,8,0,105,0,0,0,0,0,0,0,0,0,0,0,0,0,0,143,0,0,0,0,215,0,0,0,0
234582,2,15,1,13,60,3,0,0,-1,0,135662,8,0,75,0,0,0,0,0,0,0,0,0,0,0,0,0,0,98,0,0,0,0,148,0,0,0,0
234583,2,13,1,21,60,7,0,0,-1,0,135643,8,0,75,0,0,0,0,0,0,0,0,0,0,0,0,0,0,143,0,0,0,0,215,0,0,0,0
234584,2,13,1,22,60,7,0,0,-1,0,132302,8,0,75,0,0,0,0,0,0,0,0,0,0,0,0,0,0,143,0,0,0,0,215,0,0,0,0
234585,2,2,2,15,60,0,0,0,-1,0,135500,12,0,90,2,0,0,0,0,0,0,0,0,0,0,0,0,0,127,0,0,0,0,191,0,0,0,0
234586,2,18,2,26,60,0,0,0,-1,0,135533,12,0,90,2,0,0,0,0,0,0,0,0,0,0,0,0,0,127,0,0,0,0,191,0,0,0,0
234587,2,3,1,26,60,0,0,0,-1,0,135617,8,0,90,3,0,0,0,0,0,0,0,0,0,0,0,0,0,127,0,0,0,0,191,0,0,0,0
234588,4,6,1,14,60,4,0,0,-1,0,134951,9,0,120,0,0,0,0,0,0,0,3000,0,0,0,0,0,0,0,0,0,0,0,0,0,0,0,0
234747,2,5,2,17,60,1,0,0,-1,0,133060,9,0,120,0,0,0,0,0,0,0,150,0,0,0,0,0,0,205,0,0,0,0,308,0,0,0,0
234748,4,4,6,9,0,0,0,0,-1,0,132606,11,0,55,0,0,0,0,0,0,0,370,0,0,0,0,0,0,0,0,0,0,0,0,0,0,0,0
234761,4,0,3,11,0,0,0,0,-1,0,133383,14,0,0,0,0,0,0,0,0,0,0,0,0,0,0,0,0,0,0,0,0,0,0,0,0,0,0
234785,4,2,8,10,0,0,0,0,-1,0,132952,7,0,40,0,0,0,0,0,0,0,123,0,0,0,0,0,0,0,0,0,0,0,0,0,0,0,0
234786,4,0,3,11,0,0,0,0,-1,0,133360,14,0,0,0,0,0,0,0,0,0,0,0,0,0,0,0,0,0,0,0,0,0,0,0,0,0,0
234788,4,1,7,16,0,0,0,0,-1,0,133759,7,0,0,0,0,0,0,0,0,0,50,0,0,0,0,0,0,0,0,0,0,0,0,0,0,0,0
234792,2,7,1,13,0,3,0,0,-1,0,135348,8,0,105,0,0,0,0,0,0,0,0,0,0,0,0,0,0,101,0,0,0,0,188,0,0,0,0
234793,2,15,1,21,0,3,0,0,-1,0,135322,8,0,75,0,0,0,0,0,0,0,0,0,0,0,0,0,0,54,0,0,0,0,101,0,0,0,0
234797,2,15,1,13,0,3,0,0,-1,0,135315,8,0,75,0,0,0,0,0,0,0,0,0,0,0,0,0,0,65,0,0,0,0,121,0,0,0,0
234798,2,5,1,17,0,1,0,0,-1,0,133047,9,0,120,0,0,0,0,0,0,0,0,0,0,0,0,0,0,191,0,0,0,0,319,0,0,0,0
234799,2,18,2,26,0,0,0,0,-1,0,135533,12,0,90,2,0,0,0,0,0,0,0,0,0,0,0,0,0,103,0,0,0,0,155,0,0,0,0
234800,2,4,1,21,0,3,0,0,-1,0,133042,8,0,105,0,0,0,0,0,0,0,0,0,0,0,0,0,0,65,0,0,0,0,121,0,0,0,0
234804,2,0,1,13,60,3,0,0,-1,0,132420,9,0,105,0,0,0,0,0,0,0,0,0,0,0,0,0,0,123,0,0,0,0,229,0,0,0,0
234805,2,3,1,26,60,0,0,0,-1,0,135620,9,0,90,3,0,0,0,0,0,0,0,0,0,0,0,0,0,106,0,0,0,0,197,0,0,0,0
234806,2,15,1,13,60,3,0,0,-1,0,135671,9,0,75,0,0,0,0,0,0,0,0,0,0,0,0,0,0,59,0,0,0,0,111,0,0,0,0
234810,2,4,1,13,60,3,0,0,-1,0,133501,9,0,105,0,0,0,0,0,0,0,70,0,0,0,0,0,0,106,0,0,0,0,197,0,0,0,0
234963,4,4,6,7,60,0,0,0,-1,0,134681,11,0,120,0,0,0,0,0,0,0,740,0,0,0,0,0,0,0,0,0,0,0,0,0,0,0,0
234983,2,3,1,26,60,0,0,0,19,0,135619,8,0,90,3,0,0,0,0,0,0,0,0,0,0,0,0,0,106,0,0,0,0,198,0,0,0,0
235040,4,4,5,5,60,0,0,0,-1,0,132639,10,0,165,0,0,0,0,0,0,0,846,0,0,0,0,0,0,0,0,0,0,0,0,0,0,0,0
235047,4,3,5,10,60,0,0,0,-1,0,132945,10,0,50,0,0,0,0,0,0,0,309,0,0,0,0,0,0,0,0,0,0,0,0,0,0,0,0
235476,2,0,1,13,60,3,0,0,-1,0,132393,8,0,105,0,0,0,0,0,0,0,0,0,0,0,0,0,0,89,0,0,0,0,134,0,0,0,0
235477,2,4,2,13,60,3,0,0,-1,0,133057,8,0,105,0,0,0,0,0,0,0,0,0,0,0,0,0,0,89,0,0,0,0,134,0,0,0,0
235478,2,15,1,13,60,3,0,0,-1,0,135649,8,0,75,0,0,0,0,0,0,0,0,0,0,0,0,0,0,69,0,0,0,0,104,0,0,0,0
235479,2,15,1,13,60,3,0,0,-1,0,135662,8,0,75,0,0,0,0,0,0,0,0,0,0,0,0,0,0,69,0,0,0,0,104,0,0,0,0
235480,2,4,2,13,60,3,0,0,-1,0,133488,8,0,105,0,0,0,0,0,0,0,0,0,0,0,0,0,0,89,0,0,0,0,134,0,0,0,0
235481,2,0,1,13,60,3,0,0,-1,0,132418,8,0,105,0,0,0,0,0,0,0,0,0,0,0,0,0,0,89,0,0,0,0,134,0,0,0,0
236219,2,15,1,13,60,3,0,0,-1,0,133456,8,0,75,0,0,0,0,0,0,0,0,0,0,0,0,0,0,68,0,0,0,0,102,0,0,0,0
236221,2,4,2,13,60,3,0,0,-1,0,133505,8,0,105,0,0,0,0,0,0,0,0,0,0,0,0,0,0,132,0,0,0,0,247,0,0,0,0
236256,4,0,3,2,60,0,0,0,-1,0,133279,24,0,0,0,0,0,0,0,0,0,0,0,0,0,20,0,0,0,0,0,0,0,0,0,0,0,0
236263,2,7,1,13,60,3,0,0,-1,0,135370,8,0,105,0,0,0,0,0,0,0,0,0,0,0,0,0,0,54,0,0,0,0,102,0,0,0,0
236264,2,4,1,21,60,3,0,0,-1,0,133506,8,0,105,0,0,0,0,0,0,0,0,0,0,0,0,0,0,86,0,0,0,0,162,0,0,0,0
236265,2,7,1,21,60,3,0,0,-1,0,135291,8,0,105,0,0,0,0,0,0,0,0,0,0,0,0,0,0,85,0,0,0,0,159,0,0,0,0
236269,2,15,1,13,60,3,0,0,-1,0,133454,8,0,75,0,0,0,0,0,0,0,0,0,0,0,0,0,0,108,0,0,0,0,163,0,0,0,0
236270,2,0,1,13,60,3,0,0,-1,0,132399,9,0,105,0,0,0,0,0,0,0,0,0,0,0,0,0,0,132,0,0,0,0,247,0,0,0,0
236284,2,10,2,17,60,2,0,0,-1,0,135150,13,0,120,0,0,0,0,0,0,0,0,0,0,0,0,0,0,226,0,0,0,0,339,0,0,0,0
236285,2,6,1,17,60,1,0,0,-1,0,135574,9,0,120,0,0,0,0,0,0,0,0,0,0,0,0,0,0,240,0,0,0,0,360,0,0,0,0
236287,2,1,1,17,60,1,0,0,-1,0,132416,9,0,120,0,0,0,0,0,0,0,0,0,0,0,0,0,0,258,0,0,0,0,388,0,0,0,0
236292,2,15,1,21,60,3,0,0,-1,0,133455,8,0,75,0,0,0,0,0,0,0,70,0,0,0,0,0,0,59,0,0,0,0,111,0,0,0,0
236293,2,3,1,26,60,0,0,0,-1,0,135620,8,0,90,3,0,0,0,0,0,0,0,0,0,0,0,0,0,71,0,0,0,0,133,0,0,0,0
236297,2,4,1,21,60,3,0,0,-1,0,133496,8,0,105,0,0,0,0,0,0,0,0,0,0,0,0,0,0,86,0,0,0,0,162,0,0,0,0
236299,2,8,1,17,60,1,0,0,-1,0,135356,9,0,120,0,0,0,0,0,0,0,0,0,0,0,0,0,0,122,0,0,0,0,184,0,0,0,0
236305,2,10,2,17,60,2,0,0,-1,0,135168,13,0,120,0,0,0,0,0,0,0,0,0,0,0,0,0,0,226,0,0,0,0,339,0,0,0,0
236306,2,4,1,13,60,3,0,0,-1,0,133495,8,0,105,0,0,0,0,0,0,0,0,0,0,0,0,0,0,133,0,0,0,0,247,0,0,0,0
236312,2,7,1,13,60,3,0,0,-1,0,135277,8,0,105,0,0,0,0,0,0,0,0,0,0,0,0,0,0,59,0,0,0,0,111,0,0,0,0
236319,4,2,8,7,60,0,0,0,-1,0,134634,7,0,90,0,0,0,0,0,0,0,215,0,0,0,0,0,0,0,0,0,0,0,0,0,0,0,0
236321,2,5,1,17,60,1,0,0,-1,0,133503,9,0,120,0,0,0,0,0,0,0,0,0,0,0,0,0,0,261,0,0,0,0,392,0,0,0,0
236322,2,2,2,15,60,0,0,0,-1,0,135501,12,0,90,2,0,0,0,0,0,0,0,0,0,0,0,0,0,126,0,0,0,0,234,0,0,0,0
236338,2,13,1,22,60,7,0,0,-1,0,135594,8,0,75,0,0,0,0,0,0,0,0,0,0,0,0,0,0,55,0,0,0,0,103,0,0,0,0
236339,2,7,1,13,60,3,0,0,-1,0,135371,8,0,105,0,0,0,0,0,0,0,0,0,0,0,0,0,0,153,0,0,0,0,286,0,0,0,0
236340,2,5,1,17,60,1,0,0,-1,0,133502,9,0,120,0,0,0,0,0,0,0,0,0,0,0,0,0,0,304,0,0,0,0,457,0,0,0,0
236341,2,7,1,13,60,3,0,0,-1,0,135372,8,0,105,0,0,0,0,0,0,0,140,0,0,0,0,0,0,61,0,0,0,0,114,0,0,0,0
236343,2,15,1,13,60,3,0,0,-1,0,135672,8,0,75,0,0,0,0,0,0,0,0,0,0,0,0,0,0,123,0,0,0,0,185,0,0,0,0
236344,2,18,2,26,60,0,0,0,-1,0,135541,12,0,90,2,0,0,0,0,0,0,0,0,0,0,0,0,0,136,0,0,0,0,253,0,0,0,0
236348,2,4,1,21,60,3,0,0,-1,0,133504,8,0,105,0,0,0,0,0,0,0,0,0,0,0,0,0,0,97,0,0,0,0,181,0,0,0,0
236351,4,0,3,12,0,0,0,0,-1,0,134501,24,0,0,0,0,0,0,0,0,0,0,0,0,0,0,0,0,0,0,0,0,0,0,0,0,0,0
236352,4,0,3,12,0,0,0,0,-1,0,134500,8,0,0,0,0,0,0,0,0,0,0,0,0,0,0,0,0,0,0,0,0,0,0,0,0,0,0
236707,4,2,8,5,58,0,0,0,-1,0,132721,7,0,120,0,0,0,0,0,0,0,210,0,0,0,0,0,0,0,0,0,0,0,0,0,0,0,0
236708,4,4,1,5,58,0,0,0,-1,0,132745,9,0,165,0,0,0,0,0,0,0,792,0,0,0,0,0,0,0,0,0,0,0,0,0,0,0,0
236709,4,3,5,5,58,0,0,0,-1,0,132630,11,0,140,0,0,0,0,0,0,0,446,0,0,0,0,0,0,0,0,0,0,0,0,0,0,0,0
236710,4,3,5,9,58,0,0,0,-1,0,132615,11,0,50,0,0,0,0,0,0,0,195,0,0,0,0,0,0,0,0,0,0,0,0,0,0,0,0
236711,4,2,8,9,58,0,0,0,-1,0,132607,7,0,40,0,0,0,0,0,0,0,92,0,0,0,0,0,0,0,0,0,0,0,0,0,0,0,0
236712,4,4,1,9,58,0,0,0,-1,0,132613,9,0,55,0,0,0,0,0,0,0,346,0,0,0,0,0,0,0,0,0,0,0,0,0,0,0,0
236713,4,2,8,10,0,0,0,0,-1,0,132940,7,0,40,0,0,0,0,0,0,0,131,0,0,0,0,0,0,0,0,0,0,0,0,0,0,0,0
236714,4,4,1,10,0,0,0,0,-1,0,132963,9,0,55,0,0,0,0,0,0,0,495,0,0,0,0,0,0,0,0,0,0,0,0,0,0,0,0
236715,4,3,5,10,0,0,0,0,-1,0,132945,11,0,50,0,0,0,0,0,0,0,279,0,0,0,0,0,0,0,0,0,0,0,0,0,0,0,0
237278,2,3,1,26,0,0,0,0,-1,0,135615,8,0,90,3,0,0,0,0,0,0,0,0,0,0,0,0,0,102,0,0,0,0,190,0,0,0,0
237279,4,0,3,2,0,0,0,0,-1,0,133279,14,0,0,0,0,0,0,0,0,0,0,0,0,0,0,0,0,0,0,0,0,0,0,0,0,0,0
237282,4,2,8,9,0,0,0,0,-1,0,132603,7,0,40,0,0,0,0,0,0,0,99,0,0,0,0,0,0,0,0,0,0,0,0,0,0,0,0
237285,4,0,3,11,0,0,0,0,-1,0,133343,14,0,0,0,0,0,0,0,0,0,0,0,0,0,0,0,0,0,0,0,0,0,0,0,0,0,0
237286,4,0,3,11,0,0,0,0,-1,0,133375,14,0,0,0,0,0,0,0,0,0,0,0,0,0,0,0,0,0,0,0,0,0,0,0,0,0,0
237287,2,15,1,21,0,3,0,0,-1,0,135639,8,0,75,0,0,0,0,0,0,0,0,0,0,0,0,0,0,55,0,0,0,0,103,0,0,0,0
237288,4,2,8,1,0,0,0,0,-1,0,133111,7,0,70,0,0,0,0,0,0,0,180,0,0,0,0,0,0,0,0,0,0,0,0,0,0,0,0
237289,4,3,5,7,0,0,0,0,-1,0,134583,11,0,105,0,0,0,0,0,0,0,417,0,0,0,0,0,0,0,0,0,0,0,0,0,0,0,0
237368,2,8,1,17,60,4,0,0,-1,0,135349,8,0,50,0,0,0,0,0,0,0,0,0,0,0,0,0,0,18,0,0,0,0,28,0,0,0,0
237512,2,8,1,17,60,1,0,0,-1,0,135336,9,0,120,0,0,0,0,0,0,0,0,0,0,0,0,0,0,280,0,0,0,0,421,0,0,0,0
237577,2,5,2,17,60,4,0,0,4,0,132318,8,0,120,0,0,0,0,0,0,0,0,0,0,0,0,0,0,272,0,0,0,0,408,0,0,0,0
237814,4,4,6,7,60,0,0,0,-1,0,134691,9,0,120,0,0,0,0,0,0,0,768,0,0,0,0,0,0,0,0,0,0,0,0,0,0,0,0
237817,4,2,8,7,60,0,0,0,-1,0,134586,7,0,90,0,0,0,0,0,0,0,201,0,0,0,0,0,0,0,0,0,0,0,0,0,0,0,0
237818,4,2,8,7,60,0,0,0,-1,0,134637,7,0,90,0,0,0,0,0,0,0,201,0,0,0,0,0,0,0,0,0,0,0,0,0,0,0,0
237819,4,3,5,7,60,0,0,0,-1,0,134583,11,0,105,0,0,0,0,0,0,0,432,0,0,0,0,0,0,0,0,0,0,0,0,0,0,0,0
237825,4,4,6,7,60,0,0,0,-1,0,134696,9,0,120,0,0,0,0,0,0,0,768,0,0,0,0,0,0,0,0,0,0,0,0,0,0,0,0
238348,2,1,1,17,20,1,0,0,-1,0,132394,9,0,105,0,0,0,0,0,0,0,0,0,0,0,0,0,0,69,0,0,0,0,105,0,0,0,0
238350,2,15,1,21,30,3,0,0,-1,0,135643,8,0,75,0,0,0,0,0,0,0,0,0,0,0,0,0,0,27,0,0,0,0,51,0,0,0,0
238351,4,3,5,10,30,0,0,0,-1,0,132945,10,0,50,0,0,0,0,0,0,0,160,0,0,0,0,0,0,0,0,0,0,0,0,0,0,0,0
238353,4,1,7,16,36,0,0,0,-1,0,133769,7,0,0,0,0,0,0,0,0,0,32,0,0,0,0,0,0,0,0,0,0,0,0,0,0,0,0
238354,2,19,2,26,36,0,0,0,-1,0,135474,21,0,65,0,0,5,0,0,0,0,0,0,0,0,0,0,0,40,0,0,0,0,75,0,0,0,0
238357,2,10,2,17,55,2,0,0,-1,0,135144,13,0,120,0,0,0,0,0,0,0,0,0,0,0,0,0,0,176,0,0,0,0,265,0,0,0,0
238360,4,6,1,14,57,4,0,0,-1,0,134948,9,0,120,0,0,0,0,0,0,0,2362,0,0,0,0,0,0,0,0,0,0,0,0,0,0,0,0
238361,2,7,1,13,57,3,0,0,-1,0,135275,9,0,105,0,0,0,0,0,0,0,0,0,0,0,0,0,0,40,0,0,0,0,76,0,0,0,0
238364,4,1,7,16,58,0,0,0,-1,0,133754,7,0,0,0,0,0,0,0,0,0,49,0,0,0,0,0,0,0,0,0,0,0,0,0,0,0,0
12976,2,7,1,13,15,3,0,0,-1,0,135327,8,0,65,0,0,0,0,0,0,0,0,0,0,0,0,0,0,24,0,0,0,0,46,0,0,0,0
22680,4,0,0,11,0,0,0,0,-1,0,133343,14,0,0,0,0,0,0,0,0,0,0,0,0,0,0,0,0,0,0,0,0,0,0,0,0,0,0
5357,4,6,1,14,0,4,0,0,-1,0,134955,9,0,80,0,0,0,0,0,0,0,528,0,0,0,0,0,0,0,0,0,0,0,0,0,0,0,0
6676,4,6,1,14,0,4,0,0,-1,0,134955,9,0,80,0,0,0,0,0,0,0,528,0,0,0,0,0,0,0,0,0,0,0,0,0,0,0,0
5312,4,3,5,10,0,0,0,0,-1,0,132938,10,0,30,0,0,0,0,0,0,0,105,0,0,0,0,0,0,0,0,0,0,0,0,0,0,0,0
6480,4,2,8,7,0,0,0,0,-1,0,134582,7,0,55,0,0,0,0,0,0,0,68,0,0,0,0,0,0,0,0,0,0,0,0,0,0,0,0
6749,4,0,5,11,0,1,0,0,-1,0,133355,14,0,0,0,0,0,0,0,0,0,0,0,0,0,0,0,0,0,0,0,0,0,0,0,0,0,0
2986,4,2,8,7,15,0,0,0,-1,0,134582,7,0,55,0,0,0,0,0,0,0,68,0,0,0,0,0,0,0,0,0,0,0,0,0,0,0,0
5422,4,2,8,7,15,0,0,0,-1,0,134582,7,0,55,0,0,0,0,0,0,0,68,0,0,0,0,0,0,0,0,0,0,0,0,0,0,0,0
5009,4,0,0,11,31,0,0,0,-1,0,133357,14,0,0,0,0,0,0,0,0,0,0,0,0,0,0,0,0,0,0,0,0,0,0,0,0,0,0
2906,4,3,5,7,0,0,0,0,-1,0,134583,10,0,70,0,0,0,0,0,0,0,163,0,0,0,0,0,0,0,0,0,0,0,0,0,0,0,0
227691,2,8,1,17,59,1,0,0,-1,0,135280,9,0,120,0,0,0,0,0,0,0,0,0,0,0,0,0,0,101,0,0,0,0,152,0,0,0,0
4909,4,2,8,7,0,0,0,0,-1,0,134582,7,0,45,0,0,0,0,0,0,0,61,0,0,0,0,0,0,0,0,0,0,0,0,0,0,0,0
9605,4,1,7,16,0,0,0,0,-1,0,133758,7,0,0,0,0,0,0,0,0,0,21,0,0,0,0,0,0,0,0,0,0,0,0,0,0,0,0
7749,4,0,3,23,0,7,0,0,-1,0,134335,21,0,0,0,0,0,0,0,0,0,0,0,0,0,0,0,0,0,0,0,0,0,0,0,0,0,0
14574,4,2,8,7,21,0,0,0,-1,0,134587,7,0,60,0,0,0,0,0,0,0,76,0,0,0,0,0,0,0,0,0,0,0,0,0,0,0,0
14756,4,3,5,8,24,0,0,0,-1,0,132535,10,0,50,0,0,0,0,0,0,0,134,0,0,0,0,0,0,0,0,0,0,0,0,0,0,0,0
16987,4,2,8,6,0,0,0,0,-1,0,132494,7,0,30,0,0,0,0,0,0,0,50,0,0,0,0,0,0,0,0,0,0,0,0,0,0,0,0
15471,4,2,8,5,0,0,0,0,-1,0,132716,7,0,85,0,0,0,0,0,0,0,92,0,0,0,0,0,0,0,0,0,0,0,0,0,0,0,0
6087,4,3,5,7,0,0,0,0,-1,0,134583,10,0,75,0,0,0,0,0,0,0,173,0,0,0,0,0,0,0,0,0,0,0,0,0,0,0,0
9698,4,2,8,10,0,0,0,0,-1,0,132955,7,0,30,0,0,0,0,0,0,0,61,0,0,0,0,0,0,0,0,0,0,0,0,0,0,0,0
7107,4,3,5,6,0,0,0,0,-1,0,132495,10,0,35,0,0,0,0,0,0,0,117,0,0,0,0,0,0,0,0,0,0,0,0,0,0,0,0
219022,4,0,1,11,0,0,0,0,-1,0,133345,14,0,0,0,0,0,0,0,0,0,0,0,0,0,0,0,0,0,0,0,0,0,0,0,0,0,0
219023,4,0,1,11,0,0,0,0,-1,0,133345,14,0,0,0,0,0,0,0,0,0,0,0,0,0,0,0,0,0,0,0,0,0,0,0,0,0,0
219024,4,0,1,11,0,0,0,0,-1,0,133345,14,0,0,0,0,0,0,0,0,0,0,0,0,0,0,0,0,0,0,0,0,0,0,0,0,0,0
6746,4,6,1,14,0,4,0,0,-1,0,134956,9,0,85,0,0,0,0,0,0,0,963,0,0,0,0,0,0,0,0,0,0,0,0,0,0,0,0
6747,4,3,5,3,0,0,0,0,-1,0,135034,10,0,60,0,0,0,0,0,0,0,173,0,0,0,0,0,0,0,0,0,0,0,0,0,0,0,0
217279,4,3,5,1,33,0,0,0,-1,0,133138,10,0,60,0,0,0,0,0,0,0,181,0,0,0,0,0,0,0,0,0,0,0,0,0,0,0,0
217283,4,3,5,3,30,0,0,0,-1,0,135040,10,0,60,0,0,0,0,0,0,0,160,0,0,0,0,0,0,0,0,0,0,0,0,0,0,0,0
217285,4,3,5,7,29,0,0,0,-1,0,134584,10,0,75,0,0,0,0,0,0,0,184,0,0,0,0,0,0,0,0,0,0,0,0,0,0,0,0
217277,4,3,5,5,35,0,0,0,-1,0,132628,10,0,100,0,0,0,0,0,0,0,231,0,0,0,0,0,0,0,0,0,0,0,0,0,0,0,0
217275,4,3,5,8,35,0,0,0,-1,0,132535,10,0,50,0,0,0,0,0,0,0,159,0,0,0,0,0,0,0,0,0,0,0,0,0,0,0,0
217281,2,8,1,17,31,1,0,0,-1,0,135326,9,0,85,0,0,0,0,0,0,0,0,0,0,0,0,0,0,55,0,0,0,0,83,0,0,0,0
14584,4,2,8,1,30,0,0,0,-1,0,133117,7,0,50,0,0,0,0,0,0,0,83,0,0,0,0,0,0,0,0,0,0,0,0,0,0,0,0
4980,4,2,8,10,0,0,0,0,-1,0,132938,7,0,30,0,0,0,0,0,0,0,65,0,0,0,0,0,0,0,0,0,0,0,0,0,0,0,0
10748,4,2,8,8,0,0,0,0,-1,0,132541,7,0,45,0,0,0,0,0,0,0,77,0,0,0,0,0,0,0,0,0,0,0,0,0,0,0,0
11262,4,0,3,23,0,7,0,0,-1,0,134333,21,0,0,0,0,0,0,0,0,0,0,0,0,0,0,0,0,0,0,0,0,0,0,0,0,0,0
11862,4,0,5,11,0,1,0,0,-1,0,133722,14,0,0,0,0,0,0,0,0,0,0,0,0,0,0,0,0,0,0,0,0,0,0,0,0,0,0
15702,4,0,5,11,0,1,0,0,-1,0,133722,14,0,0,0,0,0,0,0,0,0,0,0,0,0,0,0,0,0,0,0,0,0,0,0,0,0,0
9663,4,3,5,5,0,0,0,0,-1,0,132638,10,0,100,0,0,0,0,0,0,0,248,0,0,0,0,0,0,0,0,0,0,0,0,0,0,0,0
217265,4,2,8,6,29,0,0,0,-1,0,132492,7,0,30,0,0,0,0,0,0,0,56,0,0,0,0,0,0,0,0,0,0,0,0,0,0,0,0
217263,4,2,8,9,34,0,0,0,-1,0,132609,7,0,30,0,0,0,0,0,0,0,48,0,0,0,0,0,0,0,0,0,0,0,0,0,0,0,0
217252,4,1,7,16,32,0,0,0,-1,0,133754,7,0,0,0,0,0,0,0,0,0,24,0,0,0,0,0,0,0,0,0,0,0,0,0,0,0,0
215112,4,1,7,16,35,0,0,0,-1,0,133756,7,0,0,0,0,0,0,0,0,0,29,0,0,0,11,0,0,0,0,0,0,0,0,0,0,0,0
5971,4,1,7,16,21,0,0,0,-1,0,133756,7,0,0,0,0,0,0,0,0,0,20,0,0,0,0,0,0,0,0,0,0,0,0,0,0,0,0
10710,4,0,5,11,0,1,0,0,-1,0,133346,14,0,0,0,0,0,0,0,0,0,0,0,0,0,0,0,0,0,0,0,0,0,0,0,0,0,0
9699,4,1,7,16,0,0,0,0,-1,0,133754,7,0,0,0,0,0,0,0,0,0,23,0,0,0,0,0,0,0,0,0,0,0,0,0,0,0,0
14566,4,2,8,3,20,0,0,0,-1,0,135039,7,0,45,0,0,0,0,0,0,0,64,0,0,0,0,0,0,0,0,0,0,0,0,0,0,0,0
14582,4,1,7,16,23,0,0,0,-1,0,133762,7,0,0,0,0,0,0,0,0,0,21,0,0,0,0,0,0,0,0,0,0,0,0,0,0,0,0
14752,4,1,7,16,22,0,0,0,-1,0,133760,7,0,0,0,0,0,0,0,0,0,20,0,0,0,0,0,0,0,0,0,0,0,0,0,0,0,0
4796,4,2,8,9,20,0,0,0,-1,0,132603,7,0,30,0,0,0,0,0,0,0,37,0,0,0,0,0,0,0,0,0,0,0,0,0,0,0,0
4822,4,6,1,14,18,4,0,0,-1,0,134955,9,0,70,0,0,0,0,0,0,0,461,0,0,0,0,0,0,0,0,0,0,0,0,0,0,0,0
9513,2,10,2,17,0,2,0,0,-1,0,135158,13,0,45,0,0,0,0,0,0,0,0,0,0,0,0,0,0,16,0,0,0,0,25,0,0,0,0
9603,2,10,2,17,0,2,0,0,-1,0,135159,13,0,45,0,0,0,0,0,0,0,0,0,0,0,0,0,0,14,0,0,0,0,22,0,0,0,0
15865,4,6,1,14,0,4,0,0,-1,0,134956,9,0,85,0,0,0,0,0,0,0,728,0,0,0,0,0,0,0,0,0,0,0,0,0,0,0,0
12054,4,0,5,11,19,0,0,0,-1,0,133346,14,0,0,0,0,0,0,0,0,0,0,0,0,0,0,0,0,0,0,0,0,0,0,0,0,0,0
5958,4,2,8,7,16,0,0,0,-1,0,134582,7,0,55,0,0,0,0,0,0,0,69,0,0,0,0,0,0,0,0,0,0,0,0,0,0,0,0
14565,4,2,8,7,16,0,0,0,-1,0,134582,7,0,55,0,0,0,0,0,0,0,69,0,0,0,0,0,0,0,0,0,0,0,0,0,0,0,0
12522,4,2,8,10,0,0,0,0,-1,0,132939,7,0,20,0,0,0,0,0,0,0,43,0,0,0,0,0,0,0,0,0,0,0,0,0,0,0,0
5387,4,1,7,16,0,0,0,0,-1,0,133762,7,0,0,0,0,0,0,0,0,0,17,0,0,0,0,0,0,0,0,0,0,0,0,0,0,0,0
15202,4,2,8,7,0,0,0,0,-1,0,134582,7,0,50,0,0,0,0,0,0,0,65,0,0,0,0,0,0,0,0,0,0,0,0,0,0,0,0
5630,4,2,8,10,0,0,0,0,-1,0,132939,7,0,25,0,0,0,0,0,0,0,48,0,0,0,0,0,0,0,0,0,0,0,0,0,0,0,0
6188,4,3,5,8,0,0,0,0,-1,0,132535,10,0,35,0,0,0,0,0,0,0,99,0,0,0,0,0,0,0,0,0,0,0,0,0,0,0,0
217267,4,2,8,7,27,0,0,0,-1,0,134582,7,0,65,0,0,0,0,0,0,0,85,0,0,0,0,0,0,0,0,0,0,0,0,0,0,0,0
6382,4,2,8,6,18,0,0,0,-1,0,132492,7,0,25,0,0,0,0,0,0,0,46,0,0,0,0,0,0,0,0,0,0,0,0,0,0,0,0
14567,4,2,8,6,18,0,0,0,-1,0,132492,7,0,25,0,0,0,0,0,0,0,46,0,0,0,0,0,0,0,0,0,0,0,0,0,0,0,0
6688,4,2,8,1,27,0,0,0,-1,0,133119,7,0,50,0,0,0,0,0,0,0,79,0,0,0,0,0,0,0,0,0,0,0,0,0,0,0,0
14578,4,2,8,6,24,0,0,0,-1,0,132500,7,0,30,0,0,0,0,0,0,0,52,0,0,0,0,0,0,0,0,0,0,0,0,0,0,0,0
7924,4,3,5,9,38,0,0,0,-1,0,132606,10,0,35,0,0,0,0,0,0,0,106,0,0,0,0,0,0,0,0,0,0,0,0,0,0,0,0
12253,4,1,7,16,36,0,0,0,-1,0,133770,7,0,0,0,0,0,0,0,0,0,27,0,0,0,0,0,0,0,0,0,0,0,0,0,0,0,0
15117,4,2,8,7,19,0,563,0,-1,0,134582,7,0,60,0,0,0,0,0,0,0,73,0,0,0,0,0,0,0,0,0,0,0,0,0,0,0,0
15121,4,2,8,8,23,0,817,0,-1,0,132537,7,0,40,0,0,0,0,0,0,0,62,0,0,0,0,0,0,0,0,0,0,0,0,0,0,0,0
17006,4,3,5,7,0,0,0,0,-1,0,134583,10,0,70,0,0,0,0,0,0,0,165,0,0,0,0,0,0,0,0,0,0,0,0,0,0,0,0
7003,4,3,5,9,0,0,0,0,-1,0,132605,10,0,35,0,0,0,0,0,0,0,83,0,0,0,0,0,0,0,0,0,0,0,0,0,0,0,0
12059,4,0,3,2,0,0,0,0,-1,0,133278,14,0,0,0,0,0,0,0,0,0,0,0,0,0,0,0,0,0,0,0,0,0,0,0,0,0,0
15704,4,0,3,2,0,0,0,0,-1,0,133278,14,0,0,0,0,0,0,0,0,0,0,0,0,0,0,0,0,0,0,0,0,0,0,0,0,0,0
15799,4,0,3,2,0,0,0,0,-1,0,133278,14,0,0,0,0,0,0,0,0,0,0,0,0,0,0,0,0,0,0,0,0,0,0,0,0,0,0
15469,4,2,8,6,0,0,0,0,-1,0,132499,7,0,30,0,0,0,0,0,0,0,52,0,0,0,0,0,0,0,0,0,0,0,0,0,0,0,0
211462,4,0,4,11,0,0,0,0,-1,0,133350,14,0,0,0,0,0,0,0,0,0,0,0,0,0,0,0,0,0,0,0,0,0,0,0,0,0,0
11869,4,0,5,11,0,1,0,0,-1,0,133348,14,0,0,0,0,0,0,0,0,0,0,0,0,0,0,0,0,0,0,0,0,0,0,0,0,0,0
7751,4,2,8,8,0,0,0,0,-1,0,132537,7,0,45,0,0,0,0,0,0,0,64,0,0,0,0,0,0,0,0,0,0,0,0,0,0,0,0
10653,4,2,8,8,0,0,0,0,-1,0,132537,7,0,45,0,0,0,0,0,0,0,64,0,0,0,0,0,0,0,0,0,0,0,0,0,0,0,0
12543,4,0,5,11,0,0,0,0,-1,0,133347,14,0,0,0,0,0,0,0,0,0,0,0,0,0,0,0,0,0,0,0,0,0,0,0,0,0,0
12544,4,0,5,11,0,0,0,0,-1,0,133347,14,0,0,0,0,0,0,0,0,0,0,0,0,0,0,0,0,0,0,0,0,0,0,0,0,0,0
12545,4,0,5,11,0,0,0,0,-1,0,133347,14,0,0,0,0,0,0,0,0,0,0,0,0,0,0,0,0,0,0,0,0,0,0,0,0,0,0
12548,4,0,5,11,0,0,0,0,-1,0,133347,14,0,0,0,0,0,0,0,0,0,0,0,0,0,0,0,0,0,0,0,0,0,0,0,0,0,0
7515,4,0,0,23,0,7,0,0,-1,0,134335,21,0,0,0,0,0,0,0,0,0,0,0,0,0,0,0,0,0,0,0,0,0,0,0,0,0,0
15107,4,0,0,23,0,7,0,0,-1,0,134335,21,0,0,0,0,0,0,0,0,0,0,0,0,0,0,0,0,0,0,0,0,0,0,0,0,0,0
15108,4,0,0,23,0,7,0,0,-1,0,134335,21,0,0,0,0,0,0,0,0,0,0,0,0,0,0,0,0,0,0,0,0,0,0,0,0,0,0
6984,2,7,1,21,0,3,0,0,-1,0,135274,8,0,50,0,0,0,0,0,0,0,0,0,0,0,0,0,0,11,0,0,0,0,21,0,0,0,0
6985,2,7,1,21,0,3,0,0,-1,0,135274,8,0,50,0,0,0,0,0,0,0,0,0,0,0,0,0,0,11,0,0,0,0,21,0,0,0,0
7118,2,7,1,21,0,3,0,0,-1,0,135274,8,0,50,0,0,0,0,0,0,0,0,0,0,0,0,0,0,11,0,0,0,0,21,0,0,0,0
7329,2,7,1,21,0,3,0,0,-1,0,135274,8,0,50,0,0,0,0,0,0,0,0,0,0,0,0,0,0,11,0,0,0,0,21,0,0,0,0
7327,2,15,1,13,0,3,0,0,-1,0,135641,8,0,35,0,0,0,0,0,0,0,0,0,0,0,0,0,0,9,0,0,0,0,17,0,0,0,0
7133,4,3,5,5,0,0,0,0,-1,0,132629,10,0,120,0,0,0,0,0,0,0,218,0,0,0,0,0,0,0,0,0,0,0,0,0,0,0,0
7132,4,3,5,7,0,0,0,0,-1,0,134583,10,0,75,0,0,0,0,0,0,0,171,0,0,0,0,0,0,0,0,0,0,0,0,0,0,0,0
15470,4,3,5,7,0,0,0,0,-1,0,134583,10,0,75,0,0,0,0,0,0,0,171,0,0,0,0,0,0,0,0,0,0,0,0,0,0,0,0
7129,4,3,5,10,0,0,0,0,-1,0,132938,10,0,35,0,0,0,0,0,0,0,126,0,0,0,0,0,0,0,0,0,0,0,0,0,0,0,0
7115,2,0,1,21,0,3,0,0,-1,0,132408,8,0,50,0,0,0,0,0,0,0,0,0,0,0,0,0,0,14,0,0,0,0,28,0,0,0,0
7326,2,0,1,21,0,3,0,0,-1,0,132392,8,0,50,0,0,0,0,0,0,0,0,0,0,0,0,0,0,14,0,0,0,0,28,0,0,0,0
6981,2,15,1,13,0,3,0,0,-1,0,135651,8,0,35,0,0,0,0,0,0,0,0,0,0,0,0,0,0,9,0,0,0,0,17,0,0,0,0
7116,2,15,1,13,0,3,0,0,-1,0,135651,8,0,35,0,0,0,0,0,0,0,0,0,0,0,0,0,0,9,0,0,0,0,17,0,0,0,0
7328,2,4,2,21,0,3,0,0,-1,0,133487,8,0,50,0,0,0,0,0,0,0,0,0,0,0,0,0,0,12,0,0,0,0,23,0,0,0,0
7285,4,2,8,10,19,0,0,0,-1,0,132939,7,0,25,0,0,0,0,0,0,0,52,0,0,0,0,0,0,0,0,0,0,0,0,0,0,0,0
7344,4,0,0,23,0,3,0,0,-1,0,135142,21,0,0,0,0,0,0,0,0,0,0,0,0,0,0,0,0,0,0,0,0,0,0,0,0,0,0
9843,4,6,1,14,28,4,2028,0,-1,0,134955,9,0,85,0,0,0,0,0,0,0,628,0,0,0,0,0,0,0,0,0,0,0,0,0,0,0,0
14573,4,2,8,3,22,0,0,0,-1,0,135037,7,0,50,0,0,0,0,0,0,0,67,0,0,0,0,0,0,0,0,0,0,0,0,0,0,0,0
10298,4,0,5,11,25,0,3476,0,-1,0,133352,14,0,0,0,0,0,0,0,0,0,0,0,0,0,0,0,0,0,0,0,0,0,0,0,0,0,0
10299,4,0,3,2,26,0,3506,0,-1,0,133290,14,0,0,0,0,0,0,0,0,0,0,0,0,0,0,0,0,0,0,0,0,0,0,0,0,0,0
15353,4,2,8,1,33,0,652,0,-1,0,133117,7,0,50,0,0,0,0,0,0,0,86,0,0,0,0,0,0,0,0,0,0,0,0,0,0,0,0
14251,4,1,7,16,35,0,968,0,-1,0,133754,7,0,0,0,0,0,0,0,0,0,26,0,0,0,0,0,0,0,0,0,0,0,0,0,0,0,0
15593,4,3,5,1,37,0,674,0,-1,0,132767,10,0,60,0,0,0,0,0,0,0,193,0,0,0,0,0,0,0,0,0,0,0,0,0,0,0,0
7508,4,0,0,23,0,7,0,0,-1,0,134333,21,0,0,0,0,0,0,0,0,0,0,0,0,0,0,0,0,0,0,0,0,0,0,0,0,0,0
15378,4,2,8,6,41,0,907,0,-1,0,132501,7,0,30,0,0,0,0,0,0,0,70,0,0,0,0,0,0,0,0,0,0,0,0,0,0,0,0
7888,4,0,0,2,0,0,0,0,-1,0,133289,14,0,0,0,0,0,0,0,0,0,0,0,0,0,0,0,0,0,0,0,0,0,0,0,0,0,0
217295,2,19,2,26,30,0,0,0,-1,0,135466,21,0,65,0,0,5,0,0,0,0,0,0,0,0,0,0,0,32,0,0,0,0,61,0,0,0,0
217299,2,10,2,17,34,2,0,0,-1,0,135466,13,0,100,0,0,0,0,0,0,0,0,0,0,0,0,0,0,94,0,0,0,0,142,0,0,0,0
217301,4,0,3,2,39,0,0,0,-1,0,133276,14,0,0,0,0,0,0,0,0,0,0,0,0,0,0,0,0,0,0,0,0,0,0,0,0,0,0
217296,4,0,3,2,30,0,0,0,-1,0,133293,14,0,0,0,0,0,0,0,0,0,0,0,0,0,0,0,0,0,0,0,0,0,0,0,0,0,0
17508,4,6,1,14,0,4,0,0,-1,0,134948,9,0,85,0,0,0,0,0,0,0,1051,0,0,0,0,0,0,0,0,0,0,0,0,0,0,0,0
7929,4,3,5,7,37,0,0,0,-1,0,134583,10,0,75,0,0,0,0,0,0,0,208,0,0,0,0,0,0,0,0,0,0,0,0,0,0,0,0
213391,4,4,6,10,40,0,0,0,-1,0,132963,11,0,45,0,0,0,0,0,0,0,300,0,0,0,0,0,0,0,0,0,0,0,0,0,0,0,0
8282,4,6,1,14,46,4,0,0,-1,0,134948,9,0,85,0,0,0,0,0,0,0,1578,0,0,0,0,0,0,0,0,0,0,0,0,0,0,0,0
14591,4,2,8,1,35,0,0,0,-1,0,133117,7,0,50,0,0,0,0,0,0,0,90,0,0,0,0,0,0,0,0,0,0,0,0,0,0,0,0
217270,4,3,5,10,36,0,0,0,-1,0,132939,10,0,35,0,0,0,0,0,0,0,146,0,0,0,0,0,0,0,0,0,0,0,0,0,0,0,0
217268,4,3,5,5,37,0,0,0,-1,0,132634,10,0,100,0,0,0,0,0,0,0,238,0,0,0,0,0,0,0,0,0,0,0,0,0,0,0,0
217261,4,2,8,20,38,0,0,0,-1,0,132666,7,0,85,0,0,0,0,0,0,0,117,0,0,0,0,0,0,0,0,0,0,0,0,0,0,0,0
217259,4,2,8,1,39,0,0,0,-1,0,132482,7,0,50,0,0,0,0,0,0,0,97,0,0,0,0,0,0,0,0,0,0,0,0,0,0,0,0
14044,4,1,7,16,50,0,0,0,-1,0,133770,7,0,0,0,0,0,0,0,0,0,36,0,0,0,0,0,0,0,0,0,0,0,0,0,0,0,0
209842,4,2,8,1,40,0,0,0,-1,0,133072,7,0,60,0,0,0,0,0,0,0,109,0,0,0,0,0,0,0,0,0,0,0,0,0,0,0,0
213320,4,3,5,10,40,0,0,0,-1,0,132944,10,0,40,0,0,0,0,0,0,0,171,0,0,0,0,0,0,0,0,0,0,0,0,0,0,0,0
9538,4,0,0,11,0,0,0,0,-1,0,133345,14,0,0,0,0,0,0,0,0,0,0,0,0,0,0,0,0,0,0,0,0,0,0,0,0,0,0
9588,4,0,0,11,0,0,0,0,-1,0,133345,14,0,0,0,0,0,0,0,0,0,0,0,0,0,0,0,0,0,0,0,0,0,0,0,0,0,0
217273,4,3,5,10,36,0,0,0,-1,0,132963,10,0,35,0,0,0,0,0,0,0,146,0,0,0,0,0,0,0,0,0,0,0,0,0,0,0,0
217704,2,10,2,17,37,2,0,0,-1,0,135165,13,0,100,0,0,0,0,0,0,0,0,0,0,0,0,0,0,74,0,0,0,0,112,0,0,0,0
213303,4,3,5,3,40,0,0,0,-1,0,135049,10,0,70,0,0,0,0,0,0,0,205,0,0,0,0,0,0,0,0,0,0,0,0,0,0,0,0
213304,4,3,5,3,40,0,0,0,-1,0,135049,10,0,70,0,0,0,0,0,0,0,205,0,0,0,0,0,0,0,0,0,0,0,0,0,0,0,0
223537,4,4,6,9,40,0,0,0,-1,0,132613,11,0,45,0,0,0,0,0,0,0,163,0,0,0,0,0,0,0,0,0,0,0,0,0,0,0,0
10584,4,3,5,10,31,0,0,0,-1,0,132945,10,0,40,0,0,0,0,0,0,0,149,0,0,0,0,0,0,0,0,0,0,0,0,0,0,0,0
212566,2,5,2,17,29,1,0,0,-1,0,133489,9,0,100,0,0,0,0,0,0,0,0,0,0,0,0,0,0,46,0,0,0,0,70,0,0,0,0
223528,4,3,5,5,43,0,0,0,-1,0,132628,10,0,120,0,0,0,0,0,0,0,290,0,0,0,0,0,0,0,0,0,0,0,0,0,0,0,0
223529,4,2,8,5,44,0,0,0,-1,0,132720,7,0,100,0,0,0,0,0,0,0,144,0,0,0,0,0,0,0,0,0,0,0,0,0,0,0,0
223530,4,2,8,7,44,0,0,0,-1,0,134585,7,0,75,0,0,0,0,0,0,0,126,0,0,0,0,0,0,0,0,0,0,0,0,0,0,0,0
223531,4,4,6,3,45,0,0,0,-1,0,135032,11,0,80,0,0,0,0,0,0,0,396,0,0,0,0,0,0,0,0,0,0,0,0,0,0,0,0
223963,4,2,8,1,45,0,0,0,-1,0,132266,7,0,60,0,0,0,0,0,0,0,118,0,0,0,0,0,0,0,0,0,0,0,0,0,0,0,0
16788,4,6,1,14,0,4,0,0,-1,0,134956,9,0,85,0,0,0,0,0,0,0,678,0,0,0,0,0,0,0,0,0,0,0,0,0,0,0,0
9632,4,2,8,10,0,0,0,0,-1,0,132957,7,0,30,0,0,0,0,0,0,0,76,0,0,0,0,0,0,0,0,0,0,0,0,0,0,0,0
10518,4,1,7,16,0,0,0,0,-1,0,133763,7,0,0,0,0,0,0,0,0,0,30,0,0,0,0,0,0,0,0,0,0,0,0,0,0,0,0
223532,4,0,3,2,43,0,0,0,-1,0,133289,14,0,0,0,0,0,0,0,0,0,0,0,0,0,0,0,0,0,0,0,0,0,0,0,0,0,0
15571,4,3,5,6,30,0,924,0,-1,0,132515,10,0,35,0,0,0,0,0,0,0,120,0,0,0,0,0,0,0,0,0,0,0,0,0,0,0,0
15563,4,6,1,14,32,4,2040,0,-1,0,134953,9,0,85,0,0,0,0,0,0,0,695,0,0,0,0,0,0,0,0,0,0,0,0,0,0,0,0
15370,4,2,8,8,39,0,822,0,-1,0,132542,7,0,45,0,0,0,0,0,0,0,82,0,0,0,0,0,0,0,0,0,0,0,0,0,0,0,0
15384,4,2,8,1,45,0,656,0,-1,0,133126,7,0,50,0,0,0,0,0,0,0,107,0,0,0,0,0,0,0,0,0,0,0,0,0,0,0,0
14912,4,6,1,14,45,4,2064,0,-1,0,134948,9,0,85,0,0,0,0,0,0,0,1550,0,0,0,0,0,0,0,0,0,0,0,0,0,0,0,0
15440,4,2,8,7,58,0,576,0,-1,0,134586,7,0,65,0,0,0,0,0,0,0,140,0,0,0,0,0,0,0,0,0,0,0,0,0,0,0,0
15685,4,3,5,7,58,0,597,0,-1,0,134586,10,0,75,0,0,0,0,0,0,0,295,0,0,0,0,0,0,0,0,0,0,0,0,0,0,0,0
14300,4,1,7,16,47,0,972,0,-1,0,133754,7,0,0,0,0,0,0,0,0,0,34,0,0,0,0,0,0,0,0,0,0,0,0,0,0,0,0
15680,4,3,5,5,60,0,514,0,-1,0,132751,10,0,100,0,0,0,0,0,0,0,347,0,0,0,0,0,0,0,0,0,0,0,0,0,0,0,0
15682,4,3,5,10,58,0,765,0,-1,0,132938,10,0,35,0,0,0,0,0,0,0,210,0,0,0,0,0,0,0,0,0,0,0,0,0,0,0,0
15678,4,3,5,8,58,0,849,0,-1,0,132584,10,0,50,0,0,0,0,0,0,0,231,0,0,0,0,0,0,0,0,0,0,0,0,0,0,0,0
14982,4,6,1,14,60,4,2094,0,-1,0,134948,9,0,85,0,0,0,0,0,0,0,1975,0,0,0,0,0,0,0,0,0,0,0,0,0,0,0,0
15686,4,3,5,3,58,0,1185,0,-1,0,135054,10,0,60,0,0,0,0,0,0,0,253,0,0,0,0,0,0,0,0,0,0,0,0,0,0,0,0
217289,4,3,5,5,39,0,0,0,-1,0,132747,10,0,120,0,0,0,0,0,0,0,270,0,0,0,0,0,0,0,0,0,0,0,0,0,0,0,0
217290,4,0,3,2,36,0,0,0,-1,0,134335,14,0,0,0,0,0,0,0,0,0,0,0,0,0,0,0,0,0,0,0,0,0,0,0,0,0,0
217293,4,1,7,16,35,0,0,0,-1,0,133769,7,0,0,0,0,0,0,0,0,0,30,0,0,0,0,0,0,0,0,0,0,0,0,0,0,0,0
223327,4,0,5,11,0,1,0,0,-1,0,133347,14,0,0,0,0,0,0,0,0,0,0,0,0,0,0,0,0,0,0,0,0,0,0,0,0,0,0
11196,4,0,3,2,0,0,0,0,-1,0,133294,14,0,0,0,0,0,0,0,0,0,0,0,0,0,0,0,0,0,0,0,0,0,0,0,0,0,0
221782,4,3,5,1,0,0,0,0,-1,0,133123,10,0,70,0,0,0,0,0,0,0,266,0,0,0,0,0,0,0,0,0,0,0,0,0,0,0,0
217287,2,19,2,26,30,0,0,0,-1,0,135469,21,0,55,0,0,6,0,0,0,0,0,0,0,0,0,0,0,40,0,0,0,0,76,0,0,0,0
223539,4,0,3,23,48,7,0,0,-1,0,134335,21,0,0,0,0,0,0,0,0,0,0,0,0,0,0,0,0,0,0,0,0,0,0,0,0,0,0
19527,4,1,7,16,48,0,0,0,-1,0,133770,7,0,0,0,0,0,0,0,0,0,38,0,0,0,0,0,0,0,0,0,0,0,0,0,0,0,0
220670,4,2,8,8,50,0,0,0,-1,0,132535,7,0,50,0,0,0,0,0,0,0,109,0,0,0,0,0,0,0,0,0,0,0,0,0,0,0,0
220677,4,2,8,8,50,0,0,0,-1,0,132535,7,0,50,0,0,0,0,0,0,0,109,0,0,0,0,0,0,0,0,0,0,0,0,0,0,0,0
220780,4,2,8,8,50,0,0,0,-1,0,132535,7,0,50,0,0,0,0,0,0,0,109,0,0,0,0,0,0,0,0,0,0,0,0,0,0,0,0
223986,4,1,7,16,50,0,0,0,-1,0,133771,7,0,0,0,0,0,0,0,0,0,39,0,0,0,0,0,0,0,0,0,0,0,0,0,0,0,0
223987,4,2,8,3,50,0,0,0,-1,0,135044,7,0,60,0,0,0,0,0,0,0,118,0,0,0,0,0,0,0,0,0,0,0,0,0,0,0,0
223544,4,3,5,3,50,0,0,0,-1,0,135061,10,0,70,0,0,0,0,0,0,0,246,0,0,0,0,0,0,0,0,0,0,0,0,0,0,0,0
227952,4,3,5,5,52,0,0,0,-1,0,132637,10,0,140,0,0,0,0,0,0,0,369,0,0,0,0,0,0,0,0,0,0,0,0,0,0,0,0
227955,4,3,5,1,52,0,0,0,-1,0,133069,10,0,70,0,0,0,0,0,0,0,275,0,0,0,0,0,0,0,0,0,0,0,0,0,0,0,0
227961,4,3,5,10,52,0,0,0,-1,0,132938,10,0,40,0,0,0,0,0,0,0,211,0,0,0,0,0,0,0,0,0,0,0,0,0,0,0,0
227957,4,3,5,8,52,0,0,0,-1,0,132535,10,0,60,0,0,0,0,0,0,0,233,0,0,0,0,0,0,0,0,0,0,0,0,0,0,0,0
223981,4,2,8,20,48,0,0,0,-1,0,132648,7,0,100,0,0,0,0,0,0,0,153,0,10,0,0,0,0,0,0,0,0,0,0,0,0,0,0
223980,4,3,5,7,48,0,0,0,-1,0,134583,10,0,90,0,0,0,0,0,0,0,277,0,10,0,0,0,0,0,0,0,0,0,0,0,0,0,0
223538,2,10,2,17,48,2,0,0,-1,0,135155,13,0,100,0,0,0,0,0,0,0,0,0,10,0,0,0,0,106,0,0,0,0,160,0,0,0,0
227970,4,1,7,16,53,0,0,0,-1,0,133770,7,0,0,0,0,0,0,0,0,0,41,0,12,0,0,0,0,0,0,0,0,0,0,0,0,0,0
227971,4,3,5,10,53,0,0,0,-1,0,132938,10,0,40,0,0,0,0,0,0,0,215,0,10,0,0,0,0,0,0,0,0,0,0,0,0,0,0
227964,4,2,8,7,54,0,0,0,-1,0,134593,7,0,75,0,0,0,0,0,0,0,147,0,0,0,0,0,0,0,0,0,0,0,0,0,0,0,0
223985,4,0,5,11,49,0,0,0,-1,0,133350,14,0,0,0,0,0,0,0,0,0,0,0,0,0,0,0,0,0,0,0,0,0,0,0,0,0,0
220527,4,3,5,3,50,0,0,0,-1,0,135046,10,0,70,0,0,0,0,0,0,0,246,0,0,0,0,0,0,0,0,0,0,0,0,0,0,0,0
220528,4,3,5,3,50,0,0,0,-1,0,135046,10,0,70,0,0,0,0,0,0,0,246,0,0,0,0,0,0,0,0,0,0,0,0,0,0,0,0
12102,4,0,5,11,0,1,0,0,-1,0,133357,14,0,0,0,0,0,0,0,0,0,0,0,0,0,0,0,0,0,0,0,0,0,0,0,0,0,0
12021,4,4,6,8,0,0,0,0,-1,0,132582,11,0,55,0,0,0,0,0,0,0,354,0,0,0,0,0,0,0,0,0,0,0,0,0,0,0,0
227956,4,3,5,5,52,0,0,0,-1,0,132629,10,0,120,0,0,0,0,0,0,0,338,0,0,0,0,0,0,0,0,0,0,0,0,0,0,0,0
227959,4,4,6,7,52,0,0,0,-1,0,134584,11,0,100,0,0,0,0,0,0,0,522,0,0,0,0,0,0,0,0,0,0,0,0,0,0,0,0
13475,4,0,5,11,0,0,0,0,-1,0,133345,14,0,0,0,0,0,0,0,0,0,0,0,0,0,0,0,0,0,0,0,0,0,0,0,0,0,0
228536,4,0,5,2,58,0,0,0,-1,0,133441,14,0,0,0,0,0,0,0,0,0,0,0,0,0,0,0,0,0,0,0,0,0,0,0,0,0,0
223962,4,2,8,8,42,0,0,0,-1,0,132603,7,0,50,0,0,0,0,0,0,0,95,0,0,0,0,0,0,0,0,0,0,0,0,0,0,0,0
211941,2,6,1,17,58,1,0,0,-1,0,135574,9,0,100,0,0,0,0,0,0,0,0,0,0,0,0,0,0,151,0,0,0,0,227,0,0,0,0
211944,2,6,1,17,58,1,0,0,-1,0,135574,9,0,100,0,0,0,0,0,0,0,0,0,0,0,0,0,0,151,0,0,0,0,227,0,0,0,0
228603,2,6,1,17,58,1,0,0,-1,0,135574,9,0,100,0,0,0,0,0,0,0,0,0,0,0,0,0,0,151,0,0,0,0,227,0,0,0,0
16345,2,7,1,13,60,3,0,0,-1,0,135291,8,0,105,0,0,0,0,0,0,0,0,0,0,0,0,0,0,138,0,0,0,0,207,0,0,0,0
228604,4,2,8,1,58,0,0,0,-1,0,133148,7,0,60,0,0,0,0,0,0,0,143,0,0,0,0,0,0,0,0,0,0,0,0,0,0,0,0
228605,4,3,5,3,58,0,0,0,-1,0,135042,10,0,70,0,0,0,0,0,0,0,278,0,0,0,0,0,0,0,0,0,0,0,0,0,0,0,0
228757,2,15,1,13,58,3,0,0,-1,0,135661,8,0,75,0,0,0,0,0,0,0,0,0,0,0,0,0,0,54,0,0,0,0,101,0,0,0,0
228579,4,2,8,6,56,0,0,0,-1,0,132499,7,0,35,0,0,0,0,0,0,0,97,0,0,0,0,0,0,0,0,0,0,0,0,0,0,0,0
228556,4,1,7,16,53,0,0,0,-1,0,133770,7,0,0,0,0,0,0,0,0,0,41,0,0,0,0,0,0,0,0,0,0,0,0,0,0,0,0
12935,4,4,6,7,58,0,0,0,-1,0,134584,11,0,100,0,0,0,0,0,0,0,575,0,0,0,0,0,0,0,0,0,0,0,0,0,0,0,0
13075,4,4,6,7,58,0,0,0,-1,0,134584,11,0,100,0,0,0,0,0,0,0,575,0,0,0,0,0,0,0,0,0,0,0,0,0,0,0,0
16431,4,4,6,7,58,0,0,0,-1,0,134584,11,0,100,0,0,0,0,0,0,0,575,0,0,0,0,0,0,0,0,0,0,0,0,0,0,0,0
22328,4,4,6,7,58,0,0,0,-1,0,134584,11,0,100,0,0,0,0,0,0,0,575,0,0,0,0,0,0,0,0,0,0,0,0,0,0,0,0
228650,4,4,6,7,58,0,0,0,-1,0,134584,11,0,100,0,0,0,0,0,0,0,575,0,0,0,0,0,0,0,0,0,0,0,0,0,0,0,0
16731,4,4,6,1,57,0,0,0,-1,0,133070,11,0,80,0,0,0,0,0,0,0,526,0,0,0,0,0,0,0,0,0,0,0,0,0,0,0,0
226769,4,4,6,1,57,0,0,0,-1,0,133070,11,0,80,0,0,0,0,0,0,0,526,0,0,0,0,0,0,0,0,0,0,0,0,0,0,0,0
227870,4,3,5,10,54,0,0,0,-1,0,132964,10,0,40,0,0,0,0,0,0,0,218,0,10,0,0,0,0,0,0,0,0,0,0,0,0,0,0
228567,4,3,5,6,55,0,0,0,-1,0,132502,10,0,40,0,0,0,0,0,0,0,199,0,0,0,0,0,0,0,0,0,0,0,0,0,0,0,0
227872,4,3,5,1,56,0,0,0,-1,0,133126,10,0,70,0,0,0,0,0,0,0,292,0,0,0,0,0,0,0,0,0,0,0,0,0,0,0,0
228568,4,4,6,10,55,0,0,0,-1,0,132960,11,0,45,0,0,0,0,0,0,0,392,0,0,0,0,0,0,0,0,0,0,0,0,0,0,0,0
227885,4,4,6,10,57,0,0,0,-1,0,132964,11,0,55,0,0,0,0,0,0,0,441,0,0,0,0,0,0,0,0,0,0,0,0,0,0,0,0
228559,2,18,2,26,54,0,0,0,-1,0,135533,12,0,75,2,0,0,0,0,0,0,0,0,0,0,0,0,0,77,0,0,0,0,117,0,0,0,0
227846,2,8,1,17,58,1,0,0,-1,0,135349,9,0,100,0,0,0,0,0,0,0,0,0,0,0,0,0,0,129,0,0,0,0,194,0,0,0,0
231887,2,15,1,21,50,7,0,0,-1,0,132797,8,0,65,0,0,0,0,0,0,0,0,0,0,0,0,0,0,51,0,0,0,0,95,0,0,0,0
235583,2,15,1,21,50,7,0,0,-1,0,132797,8,0,65,0,0,0,0,0,0,0,0,0,0,0,0,0,0,51,0,0,0,0,95,0,0,0,0
227858,2,5,2,17,58,1,0,0,-1,0,133046,9,0,100,0,0,0,0,0,0,0,0,0,0,0,0,0,0,163,0,0,0,0,246,0,0,0,0
12945,4,3,5,7,0,0,0,0,-1,0,134583,10,0,105,0,0,0,0,0,0,0,349,0,5,5,5,5,5,0,0,0,0,0,0,0,0,0,0
228583,4,2,8,3,56,0,0,0,-1,0,135041,7,0,60,0,0,0,0,0,0,0,129,0,0,0,0,0,0,0,0,0,0,0,0,0,0,0,0
228584,4,0,3,2,56,0,0,0,-1,0,133292,14,0,0,0,0,0,0,0,0,0,0,0,7,0,0,0,0,0,0,0,0,0,0,0,0,0,0
228651,4,4,6,9,58,0,0,0,-1,0,132616,11,0,45,0,0,0,0,0,0,0,287,0,0,0,0,0,0,0,0,0,0,0,0,0,0,0,0
228653,2,7,1,21,58,3,0,0,-1,0,135353,8,0,90,0,0,0,0,0,0,0,0,0,0,0,0,0,0,81,0,0,0,0,151,0,0,0,0
16422,4,2,8,7,58,0,0,0,-1,0,134586,7,0,75,0,0,0,0,0,0,0,154,0,0,0,0,0,0,0,0,0,0,0,0,0,0,0,0
16502,4,2,8,7,58,0,0,0,-1,0,134586,7,0,75,0,0,0,0,0,0,0,154,0,0,0,0,0,0,0,0,0,0,0,0,0,0,0,0
228660,4,2,8,7,58,0,0,0,-1,0,134586,7,0,75,0,0,0,0,0,0,0,154,0,0,0,0,0,0,0,0,0,0,0,0,0,0,0,0
228661,4,3,5,7,58,0,0,0,-1,0,134584,10,0,90,0,0,0,0,0,0,0,324,0,0,0,0,0,0,0,0,0,0,0,0,0,0,0,0
228662,4,2,8,9,58,0,0,0,-1,0,132606,7,0,35,0,0,0,0,0,0,0,77,0,0,0,0,10,0,0,0,0,0,0,0,0,0,0,0
228663,4,1,7,16,58,0,0,0,-1,0,133757,7,0,0,0,0,0,0,0,0,0,45,0,0,0,0,0,7,0,0,0,0,0,0,0,0,0,0
228664,4,1,7,16,58,0,0,0,-1,0,133770,7,0,0,0,0,0,0,0,0,0,45,0,0,0,10,0,0,0,0,0,0,0,0,0,0,0,0
228666,2,5,2,17,58,1,0,0,-1,0,133054,9,0,100,0,0,0,0,0,0,0,0,0,0,0,0,0,0,155,0,0,0,0,233,0,0,0,0
16522,4,3,5,5,58,0,0,0,-1,0,132638,10,0,120,0,0,0,0,0,0,0,370,0,0,0,0,0,0,0,0,0,0,0,0,0,0,0,0
228667,4,0,5,11,58,0,0,0,-1,0,133360,14,0,0,0,0,0,0,0,0,0,0,0,0,0,0,0,0,0,0,0,0,0,0,0,0,0,0
213302,4,2,8,3,40,0,0,0,-1,0,135050,7,0,60,0,0,0,0,0,0,0,100,0,0,0,0,0,0,0,0,0,0,0,0,0,0,0,0
220615,4,1,7,16,50,0,0,0,-1,0,133773,7,0,0,0,0,0,0,0,0,0,39,0,0,0,0,0,0,0,0,0,0,0,0,0,0,0,0
228669,4,0,3,2,58,0,0,0,-1,0,133296,14,0,0,0,0,0,0,0,0,0,0,0,0,0,0,0,0,0,0,0,0,0,0,0,0,0,0
228670,4,4,6,6,58,0,0,0,-1,0,132522,11,0,45,0,0,0,0,0,0,0,369,0,0,0,0,0,0,0,0,0,0,0,0,0,0,0,0
228585,4,0,1,11,56,0,0,0,-1,0,133359,14,0,0,0,0,0,0,0,0,0,0,0,0,0,0,0,0,0,0,0,0,0,0,0,0,0,0
228587,2,10,2,17,56,2,0,0,-1,0,135166,13,0,100,0,0,0,0,0,0,0,0,0,0,0,0,0,0,87,0,0,0,0,132,0,0,0,0
228588,4,4,6,10,56,0,0,0,-1,0,132963,11,0,45,0,0,0,0,0,0,0,398,0,0,0,0,0,0,0,0,0,0,0,0,0,0,0,0
228601,2,8,1,17,57,1,0,0,-1,0,135316,9,0,100,0,0,0,0,0,0,0,0,0,0,0,0,0,0,140,0,0,0,0,210,0,0,0,0
22321,4,0,0,12,56,0,0,0,-1,0,134084,24,0,0,0,0,0,0,0,0,0,0,0,0,0,0,0,0,0,0,0,0,0,0,0,0,0,0
228571,4,4,6,5,55,0,0,0,-1,0,132748,11,0,135,0,0,0,0,0,0,0,627,0,0,0,0,0,0,0,0,0,0,0,0,0,0,0,0
228574,4,0,3,2,55,0,0,0,-1,0,133279,14,0,0,0,0,0,0,0,0,0,0,0,0,0,0,0,0,0,0,0,0,0,0,0,0,0,0
228572,4,3,5,9,55,0,0,0,-1,0,132608,10,0,40,0,0,0,0,0,0,0,155,0,0,0,0,0,0,0,0,0,0,0,0,0,0,0,0
228573,2,4,2,13,55,3,0,0,-1,0,135472,8,0,90,0,0,0,0,0,0,0,0,0,0,0,0,0,0,52,0,0,0,0,98,0,0,0,0
228591,4,6,1,14,56,4,0,0,-1,0,134960,9,0,100,0,0,0,0,0,0,0,2089,0,0,0,0,0,0,0,0,0,0,0,0,0,0,0,0
228575,4,3,5,9,55,0,0,0,-1,0,132606,10,0,40,0,0,0,0,0,0,0,155,0,0,0,0,0,0,0,0,0,0,0,0,0,0,0,0
18022,4,0,0,11,0,0,0,0,-1,0,133372,14,0,0,0,0,0,0,0,0,0,0,0,0,0,0,0,0,0,0,0,0,0,0,0,0,0,0
228577,4,3,5,10,55,0,0,0,-1,0,132963,10,0,40,0,0,0,0,0,0,0,221,0,0,0,0,0,0,0,0,0,0,0,0,0,0,0,0
228561,4,3,5,10,54,0,0,0,-1,0,132964,10,0,40,0,0,0,0,0,0,0,218,0,0,0,0,0,0,0,0,0,0,0,0,0,0,0,0
228562,4,2,8,3,54,0,0,0,-1,0,135038,7,0,60,0,0,0,0,0,0,0,126,0,0,0,0,0,0,0,0,0,0,0,0,0,0,0,0
14616,4,3,5,8,56,0,0,0,-1,0,132535,10,0,60,0,0,0,0,0,0,0,247,0,0,0,0,0,0,0,0,0,0,0,0,0,0,0,0
227998,4,3,5,8,56,0,0,0,-1,0,132535,10,0,60,0,0,0,0,0,0,0,247,0,0,0,0,0,0,0,0,0,0,0,0,0,0,0,0
228593,4,3,5,8,56,0,0,0,-1,0,132535,10,0,60,0,0,0,0,0,0,0,247,0,0,0,0,0,0,0,0,0,0,0,0,0,0,0,0
228563,4,0,3,23,54,7,0,0,-1,0,135471,21,0,0,0,0,0,0,0,0,0,0,0,0,0,0,7,0,0,0,0,0,0,0,0,0,0,0
228565,4,0,5,11,54,0,0,0,-1,0,135926,14,0,0,0,0,0,0,0,0,0,0,0,0,0,0,0,0,0,0,0,0,0,0,0,0,0,0
228557,4,3,5,8,53,0,0,0,-1,0,132535,10,0,60,0,0,0,0,0,0,0,236,0,0,0,0,0,0,0,0,0,0,0,0,0,0,0,0
18602,4,0,0,23,0,0,0,0,-1,0,133738,19,0,0,0,0,0,0,0,0,0,0,0,0,0,0,0,0,0,0,0,0,0,0,0,0,0,0
22269,4,1,7,16,58,0,0,0,-1,0,133772,7,0,0,0,0,0,0,0,0,0,45,0,0,0,0,0,0,0,0,0,0,0,0,0,0,0,0
227985,4,1,7,16,58,0,0,0,-1,0,133772,7,0,0,0,0,0,0,0,0,0,45,0,0,0,0,0,0,0,0,0,0,0,0,0,0,0,0
228537,4,3,5,10,58,0,0,0,-1,0,132965,10,0,40,0,0,0,0,0,0,0,231,0,0,0,0,0,0,0,0,0,0,0,0,0,0,0,0
18103,4,0,5,11,58,0,0,0,-1,0,133358,14,0,0,0,0,0,0,0,0,0,0,0,0,0,0,0,0,0,0,0,0,0,0,0,0,0,0
22433,4,0,5,11,58,0,0,0,-1,0,133358,14,0,0,0,0,0,0,0,0,0,0,0,0,0,0,0,0,0,0,0,0,0,0,0,0,0,0
228046,4,0,5,11,58,0,0,0,-1,0,133358,14,0,0,0,0,0,0,0,0,0,0,0,0,0,0,0,0,0,0,0,0,0,0,0,0,0,0
228538,4,0,5,11,58,0,0,0,-1,0,133358,14,0,0,0,0,0,0,0,0,0,0,0,0,0,0,0,0,0,0,0,0,0,0,0,0,0,0
228675,4,0,5,11,58,0,0,0,-1,0,133358,14,0,0,0,0,0,0,0,0,0,0,0,0,0,0,0,0,0,0,0,0,0,0,0,0,0,0
228539,4,0,3,23,58,7,0,0,-1,0,133738,19,0,0,0,0,0,0,0,0,0,0,0,0,0,0,0,0,0,0,0,0,0,0,0,0,0,0
16526,4,3,5,1,58,0,0,0,-1,0,133071,10,0,70,0,0,0,0,0,0,0,301,0,0,0,0,0,0,0,0,0,0,0,0,0,0,0,0
228540,4,3,5,1,58,0,0,0,-1,0,133071,10,0,70,0,0,0,0,0,0,0,301,0,0,0,0,0,0,0,0,0,0,0,0,0,0,0,0
228542,2,7,1,13,58,1,0,0,-1,0,135302,8,0,90,0,0,0,0,0,0,0,0,0,0,0,0,0,0,72,0,0,0,0,135,0,0,0,0
208774,4,6,1,14,55,4,0,0,-1,0,134965,9,0,100,0,0,0,0,0,0,0,2057,0,0,0,0,0,0,0,0,0,0,0,0,0,0,0,0
228505,4,1,7,16,54,0,0,0,-1,0,133766,7,0,0,0,0,0,0,0,0,0,42,0,0,0,0,0,0,0,0,0,0,0,0,0,0,0,0
228501,4,2,8,5,53,0,0,0,-1,0,132679,7,0,100,0,0,0,0,0,0,0,165,0,0,0,0,0,0,0,0,0,0,0,0,0,0,0,0
228503,4,3,5,7,53,0,0,0,-1,0,134594,10,0,90,0,0,0,0,0,0,0,301,0,0,0,0,0,0,0,0,0,0,0,0,0,0,0,0
228504,4,4,6,6,53,0,0,0,-1,0,132519,11,0,45,0,0,0,0,0,0,0,341,0,0,0,0,0,0,0,0,0,0,0,0,0,0,0,0
228524,4,0,5,11,56,0,0,0,-1,0,133365,14,0,0,0,0,0,0,0,0,0,0,0,0,0,0,0,0,0,0,0,0,0,0,0,0,0,0
228513,4,4,6,9,54,0,0,0,-1,0,132616,11,0,45,0,0,0,0,0,0,0,270,0,0,0,0,0,0,0,0,0,0,0,0,0,0,0,0
228514,4,3,5,8,54,0,0,0,-1,0,132535,10,0,60,0,0,0,0,0,0,0,240,0,0,0,0,0,0,0,0,0,0,0,0,0,0,0,0
228500,4,2,8,1,52,0,0,0,-1,0,133693,7,0,60,0,0,0,0,0,0,0,132,0,0,0,0,0,0,0,0,0,0,0,0,0,0,0,0
228672,4,4,6,6,58,0,0,0,-1,0,132512,11,0,45,0,0,0,0,0,0,0,369,0,0,0,0,0,0,0,0,0,0,0,0,0,0,0,0
228543,2,8,1,17,58,1,0,0,-1,0,135315,9,0,120,0,0,0,0,0,0,0,0,0,0,0,0,0,0,171,0,0,0,0,257,0,0,0,0
231885,2,8,1,17,58,1,0,0,-1,0,135315,9,0,120,0,0,0,0,0,0,0,0,0,0,0,0,0,0,171,0,0,0,0,257,0,0,0,0
22681,4,0,0,11,0,0,0,0,-1,0,133375,14,0,0,0,0,0,0,0,0,0,0,0,0,0,0,0,0,0,0,0,0,0,0,0,0,0,0
228025,4,2,8,5,57,0,0,0,-1,0,132639,7,0,100,0,0,0,0,0,0,0,174,0,0,0,0,0,0,0,0,0,0,0,0,0,0,0,0
228042,4,3,5,6,57,0,0,0,-1,0,132498,10,0,40,0,0,0,0,0,0,0,205,0,0,0,0,0,0,0,0,0,0,0,0,0,0,0,0
228024,2,7,1,21,57,3,0,0,-1,0,135351,8,0,90,0,0,0,0,0,0,0,0,0,0,0,0,0,0,45,0,0,0,0,85,0,0,0,0
18716,4,2,8,8,56,0,0,0,-1,0,132542,7,0,50,0,0,0,0,0,0,0,118,0,0,0,0,0,0,0,0,0,0,0,0,0,0,0,0
22472,4,2,8,8,56,0,0,0,-1,0,132542,7,0,50,0,0,0,0,0,0,0,118,0,0,0,0,0,0,0,0,0,0,0,0,0,0,0,0
228001,4,4,6,3,56,0,0,0,-1,0,135056,11,0,80,0,0,0,0,0,0,0,478,0,0,0,0,0,0,0,0,0,0,0,0,0,0,0,0
228007,4,2,8,10,56,0,0,0,-1,0,132943,7,0,35,0,0,0,0,0,0,0,107,0,0,0,0,0,0,0,0,0,0,0,0,0,0,0,0
228019,4,0,5,2,56,0,0,0,-1,0,134335,14,0,0,0,0,0,0,0,0,0,0,0,0,0,0,0,0,0,0,0,0,0,0,0,0,0,0
228004,4,3,5,8,56,0,0,0,-1,0,132585,10,0,60,0,0,0,0,0,0,0,247,0,0,0,0,0,0,0,0,0,0,0,0,0,0,0,0
228029,2,1,1,17,57,1,0,0,-1,0,135579,9,0,100,0,0,0,0,0,0,0,0,0,0,0,0,0,0,144,0,0,0,0,217,0,0,0,0
14023,4,0,0,12,0,0,0,0,-1,0,133706,21,0,0,0,0,0,0,0,0,0,0,0,0,0,0,0,0,0,0,0,0,0,0,0,0,0,0
228015,2,15,1,13,56,3,0,0,-1,0,135652,8,0,65,0,0,0,0,0,0,0,0,0,0,0,0,0,0,39,0,0,0,0,73,0,0,0,0
228592,2,15,1,13,56,3,0,0,-1,0,135652,8,0,65,0,0,0,0,0,0,0,0,0,0,0,0,0,0,39,0,0,0,0,73,0,0,0,0
228036,4,2,8,3,57,0,0,0,-1,0,135056,7,0,60,0,0,0,0,0,0,0,131,0,0,0,0,0,0,0,0,0,0,0,0,0,0,0,0
228044,4,3,5,7,57,0,0,0,-1,0,134584,10,0,90,0,0,0,0,0,0,0,320,0,0,0,0,0,0,0,0,0,0,0,0,0,0,0,0
228037,4,6,1,14,57,4,0,0,-1,0,134948,9,0,100,0,0,0,0,0,0,0,2121,0,0,0,0,7,0,0,0,0,0,0,0,0,0,0,0
227994,2,5,2,17,54,1,0,0,-1,0,133050,9,0,100,0,0,0,0,0,0,0,0,0,0,0,0,0,0,137,0,0,0,0,206,0,0,0,0
228032,4,2,8,1,57,0,0,0,-1,0,133116,7,0,60,0,0,0,0,0,0,0,141,0,0,0,0,0,0,0,0,0,0,0,0,0,0,0,0
228040,4,2,8,7,57,0,0,0,-1,0,134591,7,0,75,0,0,0,0,0,0,0,152,0,0,0,0,0,0,0,0,0,0,0,0,0,0,0,0
227993,2,7,1,21,54,3,0,0,-1,0,135313,8,0,90,0,0,0,0,0,0,0,0,0,0,0,0,0,0,73,0,0,0,0,137,0,0,0,0
228012,4,3,5,5,56,0,0,0,-1,0,132720,10,0,120,0,0,0,0,0,0,0,360,0,0,0,0,0,0,0,0,0,0,0,0,0,0,0,0
228003,4,3,5,7,56,0,0,0,-1,0,134586,10,0,90,0,0,0,0,0,0,0,315,0,0,0,0,0,0,0,0,0,0,0,0,0,0,0,0
228014,4,3,5,6,56,0,0,0,-1,0,132512,10,0,40,0,0,0,0,0,0,0,202,0,0,0,0,0,0,0,0,0,0,0,0,0,0,0,0
228020,4,3,5,10,56,0,0,0,-1,0,132960,10,0,40,0,0,0,0,0,0,0,225,0,0,0,0,0,0,0,0,0,0,0,0,0,0,0,0
228002,4,4,6,6,56,0,0,0,-1,0,132501,11,0,45,0,0,0,0,0,0,0,358,0,0,0,0,0,0,0,0,0,0,0,0,0,0,0,0
227999,4,4,6,8,56,0,0,0,-1,0,132535,11,0,65,0,0,0,0,0,0,0,438,0,0,0,0,0,0,0,0,0,0,0,0,0,0,0,0
228006,4,4,6,10,56,0,0,0,-1,0,132962,11,0,45,0,0,0,0,0,0,0,398,0,0,0,0,0,0,0,0,0,0,0,0,0,0,0,0
16728,4,4,6,7,56,0,0,0,-1,0,134584,11,0,100,0,0,0,0,0,0,0,557,0,0,0,0,0,0,0,0,0,0,0,0,0,0,0,0
16732,4,4,6,7,56,0,0,0,-1,0,134584,11,0,100,0,0,0,0,0,0,0,557,0,0,0,0,0,0,0,0,0,0,0,0,0,0,0,0
18739,4,4,6,7,56,0,0,0,-1,0,134584,11,0,100,0,0,0,0,0,0,0,557,0,0,0,0,0,0,0,0,0,0,0,0,0,0,0,0
226736,4,4,6,7,56,0,0,0,-1,0,134584,11,0,100,0,0,0,0,0,0,0,557,0,0,0,0,0,0,0,0,0,0,0,0,0,0,0,0
226767,4,4,6,7,56,0,0,0,-1,0,134584,11,0,100,0,0,0,0,0,0,0,557,0,0,0,0,0,0,0,0,0,0,0,0,0,0,0,0
228008,4,4,6,7,56,0,0,0,-1,0,134584,11,0,100,0,0,0,0,0,0,0,557,0,0,0,0,0,0,0,0,0,0,0,0,0,0,0,0
228530,4,4,6,7,56,0,0,0,-1,0,134584,11,0,100,0,0,0,0,0,0,0,557,0,0,0,0,0,0,0,0,0,0,0,0,0,0,0,0
228000,4,4,6,5,56,0,0,0,-1,0,132637,11,0,135,0,0,0,0,0,0,0,637,0,0,0,0,0,0,0,0,0,0,0,0,0,0,0,0
14852,4,6,1,14,49,4,0,0,-1,0,134948,9,0,85,0,0,0,0,0,0,0,1663,0,0,0,0,0,0,0,0,0,0,0,0,0,0,0,0
227879,4,3,5,5,47,0,0,0,-1,0,132628,10,0,120,0,0,0,0,0,0,0,311,0,0,11,0,0,0,0,0,0,0,0,0,0,0,0,0
227877,4,3,5,7,49,0,0,0,-1,0,134585,10,0,90,0,0,0,0,0,0,0,282,0,0,11,0,0,0,0,0,0,0,0,0,0,0,0,0
227875,4,3,5,5,52,0,0,0,-1,0,132626,10,0,120,0,0,0,0,0,0,0,338,0,0,0,0,0,8,0,0,0,0,0,0,0,0,0,0
227873,4,3,5,3,54,0,0,0,-1,0,135049,10,0,70,0,0,0,0,0,0,0,262,0,0,0,0,0,6,0,0,0,0,0,0,0,0,0,0
215113,4,2,8,3,35,0,1157,0,-1,0,135053,7,0,50,0,0,0,0,0,0,0,83,0,0,0,0,0,0,0,0,0,0,0,0,0,0,0,0
16986,4,3,5,10,0,0,0,0,-1,0,132943,10,0,30,0,0,0,0,0,0,0,114,0,0,0,0,0,0,0,0,0,0,0,0,0,0,0,0
213087,4,1,7,16,25,0,0,0,-1,0,133773,7,0,0,0,0,0,0,0,0,0,24,0,0,0,0,0,0,0,0,0,0,0,0,0,0,0,0
213088,4,1,7,16,25,0,0,0,-1,0,133773,7,0,0,0,0,0,0,0,0,0,24,0,0,0,0,0,0,0,0,0,0,0,0,0,0,0,0
16498,4,2,8,8,58,0,0,0,-1,0,132539,7,0,50,0,0,0,0,0,0,0,121,0,0,0,0,0,0,0,0,0,0,0,0,0,0,0,0
16395,4,2,8,9,55,0,0,0,-1,0,132601,7,0,35,0,0,0,0,0,0,0,74,0,0,0,0,0,0,0,0,0,0,0,0,0,0,0,0
16499,4,2,8,10,58,0,0,0,-1,0,132949,7,0,35,0,0,0,0,0,0,0,110,0,0,0,0,0,0,0,0,0,0,0,0,0,0,0,0
16399,4,2,8,6,55,0,0,0,-1,0,132512,7,0,35,0,0,0,0,0,0,0,95,0,0,0,0,0,0,0,0,0,0,0,0,0,0,0,0
22207,4,3,5,6,55,0,0,0,-1,0,132517,10,0,40,0,0,0,0,0,0,0,199,0,0,0,0,0,0,0,0,0,0,0,0,0,0,0,0
16518,4,3,5,8,58,0,0,0,-1,0,132541,10,0,60,0,0,0,0,0,0,0,255,0,0,0,0,0,0,0,0,0,0,0,0,0,0,0,0
16412,4,4,6,9,55,0,0,0,-1,0,132617,11,0,45,0,0,0,0,0,0,0,274,0,0,0,0,0,0,0,0,0,0,0,0,0,0,0,0
16509,4,4,6,8,58,0,0,0,-1,0,132590,11,0,65,0,0,0,0,0,0,0,452,0,0,0,0,0,0,0,0,0,0,0,0,0,0,0,0
16411,4,4,6,6,55,0,0,0,-1,0,132516,11,0,45,0,0,0,0,0,0,0,353,0,0,0,0,0,0,0,0,0,0,0,0,0,0,0,0
16504,4,2,8,5,58,0,0,0,-1,0,132722,7,0,100,0,0,0,0,0,0,0,176,0,0,0,0,0,0,0,0,0,0,0,0,0,0,0,0
16721,4,2,8,5,58,0,0,0,-1,0,132722,7,0,100,0,0,0,0,0,0,0,176,0,0,0,0,0,0,0,0,0,0,0,0,0,0,0,0
226700,4,2,8,5,58,0,0,0,-1,0,132722,7,0,100,0,0,0,0,0,0,0,176,0,0,0,0,0,0,0,0,0,0,0,0,0,0,0,0
16434,4,4,6,1,58,0,0,0,-1,0,133073,11,0,80,0,0,0,0,0,0,0,534,0,0,0,0,0,0,0,0,0,0,0,0,0,0,0,0
16513,4,4,6,5,58,0,0,0,-1,0,132751,11,0,135,0,0,0,0,0,0,0,657,0,0,0,0,0,0,0,0,0,0,0,0,0,0,0,0
16726,4,4,6,5,58,0,0,0,-1,0,132738,11,0,135,0,0,0,0,0,0,0,657,0,0,0,0,0,0,0,0,0,0,0,0,0,0,0,0
16730,4,4,6,5,58,0,0,0,-1,0,132738,11,0,135,0,0,0,0,0,0,0,657,0,0,0,0,0,0,0,0,0,0,0,0,0,0,0,0
226734,4,4,6,5,58,0,0,0,-1,0,132738,11,0,135,0,0,0,0,0,0,0,657,0,0,0,0,0,0,0,0,0,0,0,0,0,0,0,0
226770,4,4,6,5,58,0,0,0,-1,0,132738,11,0,135,0,0,0,0,0,0,0,657,0,0,0,0,0,0,0,0,0,0,0,0,0,0,0,0
16515,4,4,6,7,58,0,0,0,-1,0,134586,11,0,100,0,0,0,0,0,0,0,575,0,0,0,0,0,0,0,0,0,0,0,0,0,0,0,0
16460,4,2,8,9,60,0,0,0,-1,0,132601,7,0,40,0,0,0,0,0,0,0,86,0,0,0,0,0,0,0,0,0,0,0,0,0,0,0,0
16459,4,2,8,8,60,0,0,0,-1,0,132542,7,0,60,0,0,0,0,0,0,0,146,0,0,0,0,0,0,0,0,0,0,0,0,0,0,0,0
16554,4,2,8,8,60,0,0,0,-1,0,132542,7,0,60,0,0,0,0,0,0,0,146,0,0,0,0,0,0,0,0,0,0,0,0,0,0,0,0
16558,4,2,8,8,60,0,0,0,-1,0,132542,7,0,60,0,0,0,0,0,0,0,146,0,0,0,0,0,0,0,0,0,0,0,0,0,0,0,0
231546,4,2,8,8,60,0,0,0,-1,0,132542,7,0,60,0,0,0,0,0,0,0,146,0,0,0,0,0,0,0,0,0,0,0,0,0,0,0,0
231552,4,2,8,8,60,0,0,0,-1,0,132542,7,0,60,0,0,0,0,0,0,0,146,0,0,0,0,0,0,0,0,0,0,0,0,0,0,0,0
231671,4,2,8,8,60,0,0,0,-1,0,132542,7,0,60,0,0,0,0,0,0,0,146,0,0,0,0,0,0,0,0,0,0,0,0,0,0,0,0
231682,4,2,8,8,60,0,0,0,-1,0,132542,7,0,60,0,0,0,0,0,0,0,146,0,0,0,0,0,0,0,0,0,0,0,0,0,0,0,0
231683,4,2,8,8,60,0,0,0,-1,0,132542,7,0,60,0,0,0,0,0,0,0,146,0,0,0,0,0,0,0,0,0,0,0,0,0,0,0,0
231692,4,2,8,8,60,0,0,0,-1,0,132542,7,0,60,0,0,0,0,0,0,0,146,0,0,0,0,0,0,0,0,0,0,0,0,0,0,0,0
231698,4,2,8,8,60,0,0,0,-1,0,132542,7,0,60,0,0,0,0,0,0,0,146,0,0,0,0,0,0,0,0,0,0,0,0,0,0,0,0
231704,4,2,8,8,60,0,0,0,-1,0,132542,7,0,60,0,0,0,0,0,0,0,146,0,0,0,0,0,0,0,0,0,0,0,0,0,0,0,0
16458,4,2,8,6,60,0,0,0,-1,0,132512,7,0,40,0,0,0,0,0,0,0,111,0,0,0,0,0,0,0,0,0,0,0,0,0,0,0,0
16454,4,2,8,10,60,0,0,0,-1,0,132955,7,0,40,0,0,0,0,0,0,0,133,0,0,0,0,0,0,0,0,0,0,0,0,0,0,0,0
231544,4,2,8,10,60,0,0,0,-1,0,132955,7,0,40,0,0,0,0,0,0,0,133,0,0,0,0,0,0,0,0,0,0,0,0,0,0,0,0
231694,4,2,8,10,60,0,0,0,-1,0,132955,7,0,40,0,0,0,0,0,0,0,133,0,0,0,0,0,0,0,0,0,0,0,0,0,0,0,0
231700,4,2,8,10,60,0,0,0,-1,0,132955,7,0,40,0,0,0,0,0,0,0,133,0,0,0,0,0,0,0,0,0,0,0,0,0,0,0,0
231706,4,2,8,10,60,0,0,0,-1,0,132955,7,0,40,0,0,0,0,0,0,0,133,0,0,0,0,0,0,0,0,0,0,0,0,0,0,0,0
16457,4,2,8,3,60,0,0,0,-1,0,135054,7,0,70,0,0,0,0,0,0,0,165,0,0,0,0,0,0,0,0,0,0,0,0,0,0,0,0
231547,4,2,8,3,60,0,0,0,-1,0,135054,7,0,70,0,0,0,0,0,0,0,165,0,0,0,0,0,0,0,0,0,0,0,0,0,0,0,0
231693,4,2,8,3,60,0,0,0,-1,0,135054,7,0,70,0,0,0,0,0,0,0,165,0,0,0,0,0,0,0,0,0,0,0,0,0,0,0,0
231699,4,2,8,3,60,0,0,0,-1,0,135054,7,0,70,0,0,0,0,0,0,0,165,0,0,0,0,0,0,0,0,0,0,0,0,0,0,0,0
231705,4,2,8,3,60,0,0,0,-1,0,135054,7,0,70,0,0,0,0,0,0,0,165,0,0,0,0,0,0,0,0,0,0,0,0,0,0,0,0
16456,4,2,8,7,60,0,0,0,-1,0,134586,7,0,90,0,0,0,0,0,0,0,186,0,0,0,0,0,0,0,0,0,0,0,0,0,0,0,0
16552,4,2,8,7,60,0,0,0,-1,0,134586,7,0,90,0,0,0,0,0,0,0,186,0,0,0,0,0,0,0,0,0,0,0,0,0,0,0,0
16564,4,2,8,7,60,0,0,0,-1,0,134586,7,0,90,0,0,0,0,0,0,0,186,0,0,0,0,0,0,0,0,0,0,0,0,0,0,0,0
231548,4,2,8,7,60,0,0,0,-1,0,134586,7,0,90,0,0,0,0,0,0,0,186,0,0,0,0,0,0,0,0,0,0,0,0,0,0,0,0
231554,4,2,8,7,60,0,0,0,-1,0,134586,7,0,90,0,0,0,0,0,0,0,186,0,0,0,0,0,0,0,0,0,0,0,0,0,0,0,0
231673,4,2,8,7,60,0,0,0,-1,0,134586,7,0,90,0,0,0,0,0,0,0,186,0,0,0,0,0,0,0,0,0,0,0,0,0,0,0,0
231680,4,2,8,7,60,0,0,0,-1,0,134586,7,0,90,0,0,0,0,0,0,0,186,0,0,0,0,0,0,0,0,0,0,0,0,0,0,0,0
231685,4,2,8,7,60,0,0,0,-1,0,134586,7,0,90,0,0,0,0,0,0,0,186,0,0,0,0,0,0,0,0,0,0,0,0,0,0,0,0
231691,4,2,8,7,60,0,0,0,-1,0,134586,7,0,90,0,0,0,0,0,0,0,186,0,0,0,0,0,0,0,0,0,0,0,0,0,0,0,0
231697,4,2,8,7,60,0,0,0,-1,0,134586,7,0,90,0,0,0,0,0,0,0,186,0,0,0,0,0,0,0,0,0,0,0,0,0,0,0,0
231703,4,2,8,7,60,0,0,0,-1,0,134586,7,0,90,0,0,0,0,0,0,0,186,0,0,0,0,0,0,0,0,0,0,0,0,0,0,0,0
16455,4,2,8,1,60,0,0,0,-1,0,133143,7,0,70,0,0,0,0,0,0,0,179,0,0,0,0,0,0,0,0,0,0,0,0,0,0,0,0
231545,4,2,8,1,60,0,0,0,-1,0,133143,7,0,70,0,0,0,0,0,0,0,179,0,0,0,0,0,0,0,0,0,0,0,0,0,0,0,0
231689,4,2,8,1,60,0,0,0,-1,0,133143,7,0,70,0,0,0,0,0,0,0,179,0,0,0,0,0,0,0,0,0,0,0,0,0,0,0,0
231695,4,2,8,1,60,0,0,0,-1,0,133143,7,0,70,0,0,0,0,0,0,0,179,0,0,0,0,0,0,0,0,0,0,0,0,0,0,0,0
231701,4,2,8,1,60,0,0,0,-1,0,133143,7,0,70,0,0,0,0,0,0,0,179,0,0,0,0,0,0,0,0,0,0,0,0,0,0,0,0
16453,4,2,8,5,60,0,0,0,-1,0,132648,7,0,120,0,0,0,0,0,0,0,220,0,0,0,0,0,0,0,0,0,0,0,0,0,0,0,0
231543,4,2,8,5,60,0,0,0,-1,0,132648,7,0,120,0,0,0,0,0,0,0,220,0,0,0,0,0,0,0,0,0,0,0,0,0,0,0,0
231690,4,2,8,5,60,0,0,0,-1,0,132648,7,0,120,0,0,0,0,0,0,0,220,0,0,0,0,0,0,0,0,0,0,0,0,0,0,0,0
231696,4,2,8,5,60,0,0,0,-1,0,132648,7,0,120,0,0,0,0,0,0,0,220,0,0,0,0,0,0,0,0,0,0,0,0,0,0,0,0
231702,4,2,8,5,60,0,0,0,-1,0,132648,7,0,120,0,0,0,0,0,0,0,220,0,0,0,0,0,0,0,0,0,0,0,0,0,0,0,0
231561,4,3,5,8,60,0,0,0,-1,0,132588,10,0,70,0,0,0,0,0,0,0,311,0,0,0,0,0,0,0,0,0,0,0,0,0,0,0,0
231579,4,3,5,8,60,0,0,0,-1,0,132588,10,0,70,0,0,0,0,0,0,0,311,0,0,0,0,0,0,0,0,0,0,0,0,0,0,0,0
231560,4,3,5,10,60,0,0,0,-1,0,132944,10,0,50,0,0,0,0,0,0,0,283,0,0,0,0,0,0,0,0,0,0,0,0,0,0,0,0
231578,4,3,5,10,60,0,0,0,-1,0,132944,10,0,50,0,0,0,0,0,0,0,283,0,0,0,0,0,0,0,0,0,0,0,0,0,0,0,0
231562,4,3,5,1,60,0,0,0,-1,0,133073,10,0,85,0,0,0,0,0,0,0,382,0,0,0,0,0,0,0,0,0,0,0,0,0,0,0,0
231580,4,3,5,1,60,0,0,0,-1,0,133073,10,0,85,0,0,0,0,0,0,0,382,0,0,0,0,0,0,0,0,0,0,0,0,0,0,0,0
231563,4,3,5,5,60,0,0,0,-1,0,132625,10,0,140,0,0,0,0,0,0,0,470,0,0,0,0,0,0,0,0,0,0,0,0,0,0,0,0
231581,4,3,5,5,60,0,0,0,-1,0,132625,10,0,140,0,0,0,0,0,0,0,470,0,0,0,0,0,0,0,0,0,0,0,0,0,0,0,0
231558,4,3,5,7,60,0,0,0,-1,0,134669,10,0,105,0,0,0,0,0,0,0,396,0,0,0,0,0,0,0,0,0,0,0,0,0,0,0,0
231577,4,3,5,7,60,0,0,0,-1,0,134669,10,0,105,0,0,0,0,0,0,0,396,0,0,0,0,0,0,0,0,0,0,0,0,0,0,0,0
231557,4,3,5,3,60,0,0,0,-1,0,135041,10,0,85,0,0,0,0,0,0,0,353,0,0,0,0,0,0,0,0,0,0,0,0,0,0,0,0
231576,4,3,5,3,60,0,0,0,-1,0,135041,10,0,85,0,0,0,0,0,0,0,353,0,0,0,0,0,0,0,0,0,0,0,0,0,0,0,0
16481,4,4,6,9,60,0,0,0,-1,0,132617,11,0,55,0,0,0,0,0,0,0,323,0,0,0,0,0,0,0,0,0,0,0,0,0,0,0,0
16482,4,4,6,6,60,0,0,0,-1,0,132516,11,0,55,0,0,0,0,0,0,0,415,0,0,0,0,0,0,0,0,0,0,0,0,0,0,0,0
16484,4,4,6,10,60,0,0,0,-1,0,132963,11,0,55,0,0,0,0,0,0,0,502,0,0,0,0,0,0,0,0,0,0,0,0,0,0,0,0
231541,4,4,6,10,60,0,0,0,-1,0,132963,11,0,55,0,0,0,0,0,0,0,502,0,0,0,0,0,0,0,0,0,0,0,0,0,0,0,0
231643,4,4,6,10,60,0,0,0,-1,0,132963,11,0,55,0,0,0,0,0,0,0,502,0,0,0,0,0,0,0,0,0,0,0,0,0,0,0,0
231650,4,4,6,10,60,0,0,0,-1,0,132963,11,0,55,0,0,0,0,0,0,0,502,0,0,0,0,0,0,0,0,0,0,0,0,0,0,0,0
16483,4,4,6,8,60,0,0,0,-1,0,132590,11,0,75,0,0,0,0,0,0,0,552,0,0,0,0,0,0,0,0,0,0,0,0,0,0,0,0
231539,4,4,6,8,60,0,0,0,-1,0,132590,11,0,75,0,0,0,0,0,0,0,552,0,0,0,0,0,0,0,0,0,0,0,0,0,0,0,0
231646,4,4,6,8,60,0,0,0,-1,0,132590,11,0,75,0,0,0,0,0,0,0,552,0,0,0,0,0,0,0,0,0,0,0,0,0,0,0,0
231652,4,4,6,8,60,0,0,0,-1,0,132590,11,0,75,0,0,0,0,0,0,0,552,0,0,0,0,0,0,0,0,0,0,0,0,0,0,0,0
16477,4,4,6,5,60,0,0,0,-1,0,132738,11,0,165,0,0,0,0,0,0,0,835,0,0,0,0,0,0,0,0,0,0,0,0,0,0,0,0
231536,4,4,6,5,60,0,0,0,-1,0,132738,11,0,165,0,0,0,0,0,0,0,835,0,0,0,0,0,0,0,0,0,0,0,0,0,0,0,0
231641,4,4,6,5,60,0,0,0,-1,0,132738,11,0,165,0,0,0,0,0,0,0,835,0,0,0,0,0,0,0,0,0,0,0,0,0,0,0,0
231649,4,4,6,5,60,0,0,0,-1,0,132738,11,0,165,0,0,0,0,0,0,0,835,0,0,0,0,0,0,0,0,0,0,0,0,0,0,0,0
16478,4,4,6,1,60,0,0,0,-1,0,133073,11,0,100,0,0,0,0,0,0,0,679,0,0,0,0,0,0,0,0,0,0,0,0,0,0,0,0
231538,4,4,6,1,60,0,0,0,-1,0,133073,11,0,100,0,0,0,0,0,0,0,679,0,0,0,0,0,0,0,0,0,0,0,0,0,0,0,0
231640,4,4,6,1,60,0,0,0,-1,0,133073,11,0,100,0,0,0,0,0,0,0,679,0,0,0,0,0,0,0,0,0,0,0,0,0,0,0,0
231648,4,4,6,1,60,0,0,0,-1,0,133073,11,0,100,0,0,0,0,0,0,0,679,0,0,0,0,0,0,0,0,0,0,0,0,0,0,0,0
16479,4,4,6,7,60,0,0,0,-1,0,134584,11,0,120,0,0,0,0,0,0,0,703,0,0,0,0,0,0,0,0,0,0,0,0,0,0,0,0
16543,4,4,6,7,60,0,0,0,-1,0,134584,11,0,120,0,0,0,0,0,0,0,703,0,0,0,0,0,0,0,0,0,0,0,0,0,0,0,0
231533,4,4,6,7,60,0,0,0,-1,0,134584,11,0,120,0,0,0,0,0,0,0,703,0,0,0,0,0,0,0,0,0,0,0,0,0,0,0,0
231540,4,4,6,7,60,0,0,0,-1,0,134584,11,0,120,0,0,0,0,0,0,0,703,0,0,0,0,0,0,0,0,0,0,0,0,0,0,0,0
231639,4,4,6,7,60,0,0,0,-1,0,134584,11,0,120,0,0,0,0,0,0,0,703,0,0,0,0,0,0,0,0,0,0,0,0,0,0,0,0
231647,4,4,6,7,60,0,0,0,-1,0,134584,11,0,120,0,0,0,0,0,0,0,703,0,0,0,0,0,0,0,0,0,0,0,0,0,0,0,0
16480,4,4,6,3,60,0,0,0,-1,0,135051,11,0,100,0,0,0,0,0,0,0,626,0,0,0,0,0,0,0,0,0,0,0,0,0,0,0,0
231537,4,4,6,3,60,0,0,0,-1,0,135051,11,0,100,0,0,0,0,0,0,0,626,0,0,0,0,0,0,0,0,0,0,0,0,0,0,0,0
231645,4,4,6,3,60,0,0,0,-1,0,135051,11,0,100,0,0,0,0,0,0,0,626,0,0,0,0,0,0,0,0,0,0,0,0,0,0,0,0
231651,4,4,6,3,60,0,0,0,-1,0,135051,11,0,100,0,0,0,0,0,0,0,626,0,0,0,0,0,0,0,0,0,0,0,0,0,0,0,0
16500,4,2,8,6,55,0,0,0,-1,0,132495,7,0,35,0,0,0,0,0,0,0,95,0,0,0,0,0,0,0,0,0,0,0,0,0,0,0,0
18452,4,2,8,9,58,0,0,0,-1,0,132606,7,0,35,0,0,0,0,0,0,0,77,0,0,0,0,0,0,0,0,0,0,0,0,0,0,0,0
16506,4,2,8,1,58,0,0,0,-1,0,133077,7,0,60,0,0,0,0,0,0,0,143,0,0,0,0,0,0,0,0,0,0,0,0,0,0,0,0
22343,4,3,5,10,58,0,0,0,-1,0,132945,10,0,40,0,0,0,0,0,0,0,231,0,0,0,0,0,0,0,0,0,0,0,0,0,0,0,0
22410,4,3,5,10,58,0,0,0,-1,0,132945,10,0,40,0,0,0,0,0,0,0,231,0,0,0,0,0,0,0,0,0,0,0,0,0,0,0,0
228552,4,3,5,10,58,0,0,0,-1,0,132945,10,0,40,0,0,0,0,0,0,0,231,0,0,0,0,0,0,0,0,0,0,0,0,0,0,0,0
16529,4,3,5,6,55,0,0,0,-1,0,132503,10,0,40,0,0,0,0,0,0,0,199,0,0,0,0,0,0,0,0,0,0,0,0,0,0,0,0
231530,4,4,6,5,60,0,0,0,-1,0,132751,11,0,165,0,0,0,0,0,0,0,835,0,0,0,0,0,0,0,0,0,0,0,0,0,0,0,0
231535,4,4,6,1,60,0,0,0,-1,0,133077,11,0,100,0,0,0,0,0,0,0,679,0,0,0,0,0,0,0,0,0,0,0,0,0,0,0,0
231534,4,4,6,3,60,0,0,0,-1,0,135042,11,0,100,0,0,0,0,0,0,0,626,0,0,0,0,0,0,0,0,0,0,0,0,0,0,0,0
231531,4,4,6,8,60,0,0,0,-1,0,132585,11,0,75,0,0,0,0,0,0,0,552,0,0,0,0,0,0,0,0,0,0,0,0,0,0,0,0
231532,4,4,6,10,60,0,0,0,-1,0,132944,11,0,55,0,0,0,0,0,0,0,502,0,0,0,0,0,0,0,0,0,0,0,0,0,0,0,0
16563,4,2,8,5,60,0,0,0,-1,0,132638,7,0,120,0,0,0,0,0,0,0,220,0,0,0,0,0,0,0,0,0,0,0,0,0,0,0,0
231549,4,2,8,5,60,0,0,0,-1,0,132638,7,0,120,0,0,0,0,0,0,0,220,0,0,0,0,0,0,0,0,0,0,0,0,0,0,0,0
231674,4,2,8,5,60,0,0,0,-1,0,132638,7,0,120,0,0,0,0,0,0,0,220,0,0,0,0,0,0,0,0,0,0,0,0,0,0,0,0
231679,4,2,8,5,60,0,0,0,-1,0,132638,7,0,120,0,0,0,0,0,0,0,220,0,0,0,0,0,0,0,0,0,0,0,0,0,0,0,0
231686,4,2,8,5,60,0,0,0,-1,0,132638,7,0,120,0,0,0,0,0,0,0,220,0,0,0,0,0,0,0,0,0,0,0,0,0,0,0,0
16561,4,2,8,1,60,0,0,0,-1,0,133077,7,0,70,0,0,0,0,0,0,0,179,0,0,0,0,0,0,0,0,0,0,0,0,0,0,0,0
231553,4,2,8,1,60,0,0,0,-1,0,133077,7,0,70,0,0,0,0,0,0,0,179,0,0,0,0,0,0,0,0,0,0,0,0,0,0,0,0
231675,4,2,8,1,60,0,0,0,-1,0,133077,7,0,70,0,0,0,0,0,0,0,179,0,0,0,0,0,0,0,0,0,0,0,0,0,0,0,0
231678,4,2,8,1,60,0,0,0,-1,0,133077,7,0,70,0,0,0,0,0,0,0,179,0,0,0,0,0,0,0,0,0,0,0,0,0,0,0,0
231687,4,2,8,1,60,0,0,0,-1,0,133077,7,0,70,0,0,0,0,0,0,0,179,0,0,0,0,0,0,0,0,0,0,0,0,0,0,0,0
16562,4,2,8,3,60,0,0,0,-1,0,135038,7,0,70,0,0,0,0,0,0,0,165,0,0,0,0,0,0,0,0,0,0,0,0,0,0,0,0
231551,4,2,8,3,60,0,0,0,-1,0,135038,7,0,70,0,0,0,0,0,0,0,165,0,0,0,0,0,0,0,0,0,0,0,0,0,0,0,0
231672,4,2,8,3,60,0,0,0,-1,0,135038,7,0,70,0,0,0,0,0,0,0,165,0,0,0,0,0,0,0,0,0,0,0,0,0,0,0,0
231681,4,2,8,3,60,0,0,0,-1,0,135038,7,0,70,0,0,0,0,0,0,0,165,0,0,0,0,0,0,0,0,0,0,0,0,0,0,0,0
231684,4,2,8,3,60,0,0,0,-1,0,135038,7,0,70,0,0,0,0,0,0,0,165,0,0,0,0,0,0,0,0,0,0,0,0,0,0,0,0
16559,4,2,8,9,60,0,0,0,-1,0,132602,7,0,40,0,0,0,0,0,0,0,86,0,0,0,0,0,0,0,0,0,0,0,0,0,0,0,0
16560,4,2,8,10,60,0,0,0,-1,0,132959,7,0,40,0,0,0,0,0,0,0,133,0,0,0,0,0,0,0,0,0,0,0,0,0,0,0,0
231555,4,2,8,10,60,0,0,0,-1,0,132959,7,0,40,0,0,0,0,0,0,0,133,0,0,0,0,0,0,0,0,0,0,0,0,0,0,0,0
231676,4,2,8,10,60,0,0,0,-1,0,132959,7,0,40,0,0,0,0,0,0,0,133,0,0,0,0,0,0,0,0,0,0,0,0,0,0,0,0
231677,4,2,8,10,60,0,0,0,-1,0,132959,7,0,40,0,0,0,0,0,0,0,133,0,0,0,0,0,0,0,0,0,0,0,0,0,0,0,0
231688,4,2,8,10,60,0,0,0,-1,0,132959,7,0,40,0,0,0,0,0,0,0,133,0,0,0,0,0,0,0,0,0,0,0,0,0,0,0,0
16557,4,2,8,6,60,0,0,0,-1,0,132495,7,0,40,0,0,0,0,0,0,0,111,0,0,0,0,0,0,0,0,0,0,0,0,0,0,0,0
16577,4,3,5,5,60,0,0,0,-1,0,132633,10,0,140,0,0,0,0,0,0,0,470,0,0,0,0,0,0,0,0,0,0,0,0,0,0,0,0
231566,4,3,5,5,60,0,0,0,-1,0,132633,10,0,140,0,0,0,0,0,0,0,470,0,0,0,0,0,0,0,0,0,0,0,0,0,0,0,0
231573,4,3,5,5,60,0,0,0,-1,0,132633,10,0,140,0,0,0,0,0,0,0,470,0,0,0,0,0,0,0,0,0,0,0,0,0,0,0,0
231653,4,3,5,5,60,0,0,0,-1,0,132633,10,0,140,0,0,0,0,0,0,0,470,0,0,0,0,0,0,0,0,0,0,0,0,0,0,0,0
231662,4,3,5,5,60,0,0,0,-1,0,132633,10,0,140,0,0,0,0,0,0,0,470,0,0,0,0,0,0,0,0,0,0,0,0,0,0,0,0
231668,4,3,5,5,60,0,0,0,-1,0,132633,10,0,140,0,0,0,0,0,0,0,470,0,0,0,0,0,0,0,0,0,0,0,0,0,0,0,0
16578,4,3,5,1,60,0,0,0,-1,0,133077,10,0,85,0,0,0,0,0,0,0,382,0,0,0,0,0,0,0,0,0,0,0,0,0,0,0,0
231568,4,3,5,1,60,0,0,0,-1,0,133077,10,0,85,0,0,0,0,0,0,0,382,0,0,0,0,0,0,0,0,0,0,0,0,0,0,0,0
231571,4,3,5,1,60,0,0,0,-1,0,133077,10,0,85,0,0,0,0,0,0,0,382,0,0,0,0,0,0,0,0,0,0,0,0,0,0,0,0
231657,4,3,5,1,60,0,0,0,-1,0,133077,10,0,85,0,0,0,0,0,0,0,382,0,0,0,0,0,0,0,0,0,0,0,0,0,0,0,0
231663,4,3,5,1,60,0,0,0,-1,0,133077,10,0,85,0,0,0,0,0,0,0,382,0,0,0,0,0,0,0,0,0,0,0,0,0,0,0,0
231669,4,3,5,1,60,0,0,0,-1,0,133077,10,0,85,0,0,0,0,0,0,0,382,0,0,0,0,0,0,0,0,0,0,0,0,0,0,0,0
231567,4,3,5,7,60,0,0,0,-1,0,134668,10,0,105,0,0,0,0,0,0,0,396,0,0,0,0,0,0,0,0,0,0,0,0,0,0,0,0
231574,4,3,5,7,60,0,0,0,-1,0,134668,10,0,105,0,0,0,0,0,0,0,396,0,0,0,0,0,0,0,0,0,0,0,0,0,0,0,0
16580,4,3,5,3,60,0,0,0,-1,0,135060,10,0,85,0,0,0,0,0,0,0,353,0,0,0,0,0,0,0,0,0,0,0,0,0,0,0,0
231565,4,3,5,3,60,0,0,0,-1,0,135060,10,0,85,0,0,0,0,0,0,0,353,0,0,0,0,0,0,0,0,0,0,0,0,0,0,0,0
231572,4,3,5,3,60,0,0,0,-1,0,135060,10,0,85,0,0,0,0,0,0,0,353,0,0,0,0,0,0,0,0,0,0,0,0,0,0,0,0
231654,4,3,5,3,60,0,0,0,-1,0,135060,10,0,85,0,0,0,0,0,0,0,353,0,0,0,0,0,0,0,0,0,0,0,0,0,0,0,0
231659,4,3,5,3,60,0,0,0,-1,0,135060,10,0,85,0,0,0,0,0,0,0,353,0,0,0,0,0,0,0,0,0,0,0,0,0,0,0,0
231665,4,3,5,3,60,0,0,0,-1,0,135060,10,0,85,0,0,0,0,0,0,0,353,0,0,0,0,0,0,0,0,0,0,0,0,0,0,0,0
16573,4,3,5,8,60,0,0,0,-1,0,132587,10,0,70,0,0,0,0,0,0,0,311,0,0,0,0,0,0,0,0,0,0,0,0,0,0,0,0
231564,4,3,5,8,60,0,0,0,-1,0,132587,10,0,70,0,0,0,0,0,0,0,311,0,0,0,0,0,0,0,0,0,0,0,0,0,0,0,0
231570,4,3,5,8,60,0,0,0,-1,0,132587,10,0,70,0,0,0,0,0,0,0,311,0,0,0,0,0,0,0,0,0,0,0,0,0,0,0,0
231656,4,3,5,8,60,0,0,0,-1,0,132587,10,0,70,0,0,0,0,0,0,0,311,0,0,0,0,0,0,0,0,0,0,0,0,0,0,0,0
231661,4,3,5,8,60,0,0,0,-1,0,132587,10,0,70,0,0,0,0,0,0,0,311,0,0,0,0,0,0,0,0,0,0,0,0,0,0,0,0
231667,4,3,5,8,60,0,0,0,-1,0,132587,10,0,70,0,0,0,0,0,0,0,311,0,0,0,0,0,0,0,0,0,0,0,0,0,0,0,0
16576,4,3,5,9,60,0,0,0,-1,0,132615,10,0,50,0,0,0,0,0,0,0,182,0,0,0,0,0,0,0,0,0,0,0,0,0,0,0,0
16574,4,3,5,10,60,0,0,0,-1,0,132945,10,0,50,0,0,0,0,0,0,0,283,0,0,0,0,0,0,0,0,0,0,0,0,0,0,0,0
231569,4,3,5,10,60,0,0,0,-1,0,132945,10,0,50,0,0,0,0,0,0,0,283,0,0,0,0,0,0,0,0,0,0,0,0,0,0,0,0
231575,4,3,5,10,60,0,0,0,-1,0,132945,10,0,50,0,0,0,0,0,0,0,283,0,0,0,0,0,0,0,0,0,0,0,0,0,0,0,0
231655,4,3,5,10,60,0,0,0,-1,0,132945,10,0,50,0,0,0,0,0,0,0,283,0,0,0,0,0,0,0,0,0,0,0,0,0,0,0,0
231660,4,3,5,10,60,0,0,0,-1,0,132945,10,0,50,0,0,0,0,0,0,0,283,0,0,0,0,0,0,0,0,0,0,0,0,0,0,0,0
231666,4,3,5,10,60,0,0,0,-1,0,132945,10,0,50,0,0,0,0,0,0,0,283,0,0,0,0,0,0,0,0,0,0,0,0,0,0,0,0
16575,4,3,5,6,60,0,0,0,-1,0,132503,10,0,50,0,0,0,0,0,0,0,234,0,0,0,0,0,0,0,0,0,0,0,0,0,0,0,0
231658,4,3,5,7,60,0,0,0,-1,0,134667,10,0,105,0,0,0,0,0,0,0,396,0,0,0,0,0,0,0,0,0,0,0,0,0,0,0,0
231664,4,3,5,7,60,0,0,0,-1,0,134667,10,0,105,0,0,0,0,0,0,0,396,0,0,0,0,0,0,0,0,0,0,0,0,0,0,0,0
231670,4,3,5,7,60,0,0,0,-1,0,134667,10,0,105,0,0,0,0,0,0,0,396,0,0,0,0,0,0,0,0,0,0,0,0,0,0,0,0
226749,4,3,5,5,58,0,0,0,-1,0,132633,10,0,120,0,0,0,0,0,0,0,370,0,0,0,0,0,0,0,0,0,0,0,0,0,0,0,0
226755,4,3,5,1,57,0,0,0,-1,0,133072,10,0,70,0,0,0,0,0,0,0,297,0,0,0,0,0,0,0,0,0,0,0,0,0,0,0,0
16678,4,3,5,7,56,0,0,0,-1,0,134583,10,0,90,0,0,0,0,0,0,0,315,0,0,0,0,0,0,0,0,0,0,0,0,0,0,0,0
226719,4,3,5,7,56,0,0,0,-1,0,134583,10,0,90,0,0,0,0,0,0,0,315,0,0,0,0,0,0,0,0,0,0,0,0,0,0,0,0
226750,4,3,5,7,56,0,0,0,-1,0,134583,10,0,90,0,0,0,0,0,0,0,315,0,0,0,0,0,0,0,0,0,0,0,0,0,0,0,0
226753,4,3,5,3,55,0,0,0,-1,0,135060,10,0,70,0,0,0,0,0,0,0,266,0,0,0,0,0,0,0,0,0,0,0,0,0,0,0,0
226752,4,3,5,8,54,0,0,0,-1,0,132592,10,0,60,0,0,0,0,0,0,0,240,0,0,0,0,0,0,0,0,0,0,0,0,0,0,0,0
226751,4,3,5,9,52,0,0,0,-1,0,132601,10,0,40,0,0,0,0,0,0,0,148,0,0,0,0,0,0,0,0,0,0,0,0,0,0,0,0
226748,4,3,5,10,54,0,0,0,-1,0,132945,10,0,40,0,0,0,0,0,0,0,218,0,0,0,0,0,0,0,0,0,0,0,0,0,0,0,0
226754,4,3,5,6,53,0,0,0,-1,0,132505,10,0,40,0,0,0,0,0,0,0,193,0,0,0,0,0,0,0,0,0,0,0,0,0,0,0,0
226723,4,3,5,5,58,0,0,0,-1,0,132625,10,0,120,0,0,0,0,0,0,0,370,0,0,0,0,0,0,0,0,0,0,0,0,0,0,0,0
226722,4,3,5,8,54,0,0,0,-1,0,132588,10,0,60,0,0,0,0,0,0,0,240,0,0,0,0,0,0,0,0,0,0,0,0,0,0,0,0
226721,4,3,5,10,54,0,0,0,-1,0,132944,10,0,40,0,0,0,0,0,0,0,218,0,0,0,0,0,0,0,0,0,0,0,0,0,0,0,0
226720,4,3,5,1,57,0,0,0,-1,0,133126,10,0,70,0,0,0,0,0,0,0,297,0,0,0,0,0,0,0,0,0,0,0,0,0,0,0,0
226716,4,3,5,3,55,0,0,0,-1,0,135041,10,0,70,0,0,0,0,0,0,0,266,0,0,0,0,0,0,0,0,0,0,0,0,0,0,0,0
226718,4,3,5,6,53,0,0,0,-1,0,132517,10,0,40,0,0,0,0,0,0,0,193,0,0,0,0,0,0,0,0,0,0,0,0,0,0,0,0
226717,4,3,5,9,52,0,0,0,-1,0,132616,10,0,40,0,0,0,0,0,0,0,148,0,0,0,0,0,0,0,0,0,0,0,0,0,0,0,0
226715,4,2,8,5,58,0,0,0,-1,0,132741,7,0,100,0,0,0,0,0,0,0,176,0,0,0,0,0,0,0,0,0,0,0,0,0,0,0,0
226707,4,2,8,1,57,0,0,0,-1,0,133143,7,0,60,0,0,0,0,0,0,0,141,0,0,0,0,0,0,0,0,0,0,0,0,0,0,0,0
226706,4,2,8,3,55,0,0,0,-1,0,135038,7,0,60,0,0,0,0,0,0,0,127,0,0,0,0,0,0,0,0,0,0,0,0,0,0,0,0
18682,4,2,8,7,56,0,0,0,-1,0,134582,7,0,75,0,0,0,0,0,0,0,150,0,0,0,0,0,0,0,0,0,0,0,0,0,0,0,0
226705,4,2,8,7,56,0,0,0,-1,0,134582,7,0,75,0,0,0,0,0,0,0,150,0,0,0,0,0,0,0,0,0,0,0,0,0,0,0,0
226704,4,2,8,9,52,0,0,0,-1,0,132606,7,0,35,0,0,0,0,0,0,0,71,0,0,0,0,0,0,0,0,0,0,0,0,0,0,0,0
16715,4,2,8,8,54,0,0,0,-1,0,132542,7,0,50,0,0,0,0,0,0,0,115,0,0,0,0,0,0,0,0,0,0,0,0,0,0,0,0
226703,4,2,8,8,54,0,0,0,-1,0,132542,7,0,50,0,0,0,0,0,0,0,115,0,0,0,0,0,0,0,0,0,0,0,0,0,0,0,0
226713,4,2,8,8,54,0,0,0,-1,0,132542,7,0,50,0,0,0,0,0,0,0,115,0,0,0,0,0,0,0,0,0,0,0,0,0,0,0,0
226702,4,2,8,10,54,0,0,0,-1,0,132958,7,0,35,0,0,0,0,0,0,0,105,0,0,0,0,0,0,0,0,0,0,0,0,0,0,0,0
226701,4,2,8,6,53,0,0,0,-1,0,132492,7,0,35,0,0,0,0,0,0,0,93,0,0,0,0,0,0,0,0,0,0,0,0,0,0,0,0
226714,4,2,8,9,52,0,0,0,-1,0,132608,7,0,35,0,0,0,0,0,0,0,71,0,0,0,0,0,0,0,0,0,0,0,0,0,0,0,0
226712,4,2,8,6,53,0,0,0,-1,0,132504,7,0,35,0,0,0,0,0,0,0,93,0,0,0,0,0,0,0,0,0,0,0,0,0,0,0,0
226711,4,2,8,10,54,0,0,0,-1,0,132951,7,0,35,0,0,0,0,0,0,0,105,0,0,0,0,0,0,0,0,0,0,0,0,0,0,0,0
226710,4,2,8,3,55,0,0,0,-1,0,135032,7,0,60,0,0,0,0,0,0,0,127,0,0,0,0,0,0,0,0,0,0,0,0,0,0,0,0
226709,4,2,8,7,56,0,0,0,-1,0,134588,7,0,75,0,0,0,0,0,0,0,150,0,0,0,0,0,0,0,0,0,0,0,0,0,0,0,0
226708,4,2,8,1,57,0,0,0,-1,0,133129,7,0,60,0,0,0,0,0,0,0,141,0,0,0,0,0,0,0,0,0,0,0,0,0,0,0,0
22205,4,4,6,9,52,0,0,0,-1,0,132613,11,0,45,0,0,0,0,0,0,0,261,0,0,0,0,0,0,0,0,0,0,0,0,0,0,0,0
226739,4,4,6,9,52,0,0,0,-1,0,132613,11,0,45,0,0,0,0,0,0,0,261,0,0,0,0,0,0,0,0,0,0,0,0,0,0,0,0
226732,4,4,6,6,53,0,0,0,-1,0,132500,11,0,45,0,0,0,0,0,0,0,341,0,0,0,0,0,0,0,0,0,0,0,0,0,0,0,0
226737,4,4,6,10,54,0,0,0,-1,0,132953,11,0,45,0,0,0,0,0,0,0,386,0,0,0,0,0,0,0,0,0,0,0,0,0,0,0,0
16734,4,4,6,8,54,0,0,0,-1,0,132584,11,0,65,0,0,0,0,0,0,0,424,0,0,0,0,0,0,0,0,0,0,0,0,0,0,0,0
226738,4,4,6,8,54,0,0,0,-1,0,132584,11,0,65,0,0,0,0,0,0,0,424,0,0,0,0,0,0,0,0,0,0,0,0,0,0,0,0
226764,4,4,6,8,54,0,0,0,-1,0,132584,11,0,65,0,0,0,0,0,0,0,424,0,0,0,0,0,0,0,0,0,0,0,0,0,0,0,0
226733,4,4,6,1,57,0,0,0,-1,0,133076,11,0,80,0,0,0,0,0,0,0,526,0,0,0,0,0,0,0,0,0,0,0,0,0,0,0,0
226735,4,4,6,3,55,0,0,0,-1,0,135041,11,0,80,0,0,0,0,0,0,0,470,0,0,0,0,0,0,0,0,0,0,0,0,0,0,0,0
226768,4,4,6,3,55,0,0,0,-1,0,135061,11,0,80,0,0,0,0,0,0,0,470,0,0,0,0,0,0,0,0,0,0,0,0,0,0,0,0
226766,4,4,6,9,52,0,0,0,-1,0,132617,11,0,45,0,0,0,0,0,0,0,261,0,0,0,0,0,0,0,0,0,0,0,0,0,0,0,0
226765,4,4,6,6,53,0,0,0,-1,0,132523,11,0,45,0,0,0,0,0,0,0,341,0,0,0,0,0,0,0,0,0,0,0,0,0,0,0,0
226771,4,4,6,10,54,0,0,0,-1,0,132960,11,0,45,0,0,0,0,0,0,0,386,0,0,0,0,0,0,0,0,0,0,0,0,0,0,0,0
227812,4,0,3,23,0,7,0,0,-1,0,133644,18,0,0,0,0,0,0,0,0,0,0,0,0,0,0,0,0,0,0,0,0,0,0,0,0,0,0
226447,4,2,8,5,60,0,0,0,-1,0,132648,7,0,120,0,0,0,0,0,0,0,200,0,10,0,0,0,0,0,0,0,0,0,0,0,0,0,0
226473,4,2,8,5,60,0,0,0,-1,0,132648,7,0,120,0,0,0,0,0,0,0,200,0,10,0,0,0,0,0,0,0,0,0,0,0,0,0,0
221784,4,2,8,1,60,0,0,0,-1,0,133143,7,0,70,0,0,0,0,0,0,0,163,0,10,0,0,0,0,0,0,0,0,0,0,0,0,0,0
226446,4,2,8,1,60,0,0,0,-1,0,133143,7,0,70,0,0,0,0,0,0,0,163,0,10,0,0,0,0,0,0,0,0,0,0,0,0,0,0
226480,4,2,8,1,60,0,0,0,-1,0,133143,7,0,70,0,0,0,0,0,0,0,163,0,10,0,0,0,0,0,0,0,0,0,0,0,0,0,0
16835,4,2,8,7,60,0,0,0,-1,0,134586,7,0,90,0,0,0,0,0,0,0,175,0,0,0,0,10,0,0,0,0,0,0,0,0,0,0,0
16829,4,2,8,8,60,0,0,0,-1,0,132542,7,0,60,0,0,0,0,0,0,0,138,0,0,0,0,7,0,0,0,0,0,0,0,0,0,0,0
226441,4,2,8,10,60,0,0,0,-1,0,132955,7,0,40,0,0,0,0,0,0,0,125,0,7,0,0,0,0,0,0,0,0,0,0,0,0,0,0
226475,4,2,8,10,60,0,0,0,-1,0,132955,7,0,40,0,0,0,0,0,0,0,125,0,7,0,0,0,0,0,0,0,0,0,0,0,0,0,0
226440,4,2,8,6,60,0,0,0,-1,0,132512,7,0,40,0,0,0,0,0,0,0,113,0,7,0,0,0,0,0,0,0,0,0,0,0,0,0,0
226474,4,2,8,6,60,0,0,0,-1,0,132512,7,0,40,0,0,0,0,0,0,0,113,0,7,0,0,0,0,0,0,0,0,0,0,0,0,0,0
226650,4,2,8,6,60,0,0,0,-1,0,132495,7,0,40,0,0,0,0,0,0,0,113,0,7,0,0,0,0,0,0,0,0,0,0,0,0,0,0
226657,4,2,8,6,60,0,0,0,-1,0,132495,7,0,40,0,0,0,0,0,0,0,113,0,7,0,0,0,0,0,0,0,0,0,0,0,0,0,0
226660,4,2,8,6,60,0,0,0,-1,0,132495,7,0,40,0,0,0,0,0,0,0,113,0,7,0,0,0,0,0,0,0,0,0,0,0,0,0,0
226667,4,2,8,6,60,0,0,0,-1,0,132495,7,0,40,0,0,0,0,0,0,0,113,0,7,0,0,0,0,0,0,0,0,0,0,0,0,0,0
226648,4,2,8,10,60,0,0,0,-1,0,132941,7,0,40,0,0,0,0,0,0,0,125,0,7,0,0,0,0,0,0,0,0,0,0,0,0,0,0
226654,4,2,8,10,60,0,0,0,-1,0,132941,7,0,40,0,0,0,0,0,0,0,125,0,7,0,0,0,0,0,0,0,0,0,0,0,0,0,0
226664,4,2,8,10,60,0,0,0,-1,0,132941,7,0,40,0,0,0,0,0,0,0,125,0,7,0,0,0,0,0,0,0,0,0,0,0,0,0,0
226669,4,2,8,10,60,0,0,0,-1,0,132941,7,0,40,0,0,0,0,0,0,0,125,0,7,0,0,0,0,0,0,0,0,0,0,0,0,0,0
221785,4,2,8,20,60,0,0,0,-1,0,132647,7,0,120,0,0,0,0,0,0,0,200,0,10,0,0,0,0,0,0,0,0,0,0,0,0,0,0
226656,4,2,8,20,60,0,0,0,-1,0,132647,7,0,120,0,0,0,0,0,0,0,200,0,10,0,0,0,0,0,0,0,0,0,0,0,0,0,0
226661,4,2,8,20,60,0,0,0,-1,0,132647,7,0,120,0,0,0,0,0,0,0,200,0,10,0,0,0,0,0,0,0,0,0,0,0,0,0,0
226675,4,2,8,20,60,0,0,0,-1,0,132647,7,0,120,0,0,0,0,0,0,0,200,0,10,0,0,0,0,0,0,0,0,0,0,0,0,0,0
226647,4,2,8,1,60,0,0,0,-1,0,133077,7,0,70,0,0,0,0,0,0,0,163,0,10,0,0,0,0,0,0,0,0,0,0,0,0,0,0
226658,4,2,8,1,60,0,0,0,-1,0,133077,7,0,70,0,0,0,0,0,0,0,163,0,10,0,0,0,0,0,0,0,0,0,0,0,0,0,0
226659,4,2,8,1,60,0,0,0,-1,0,133077,7,0,70,0,0,0,0,0,0,0,163,0,10,0,0,0,0,0,0,0,0,0,0,0,0,0,0
226670,4,2,8,1,60,0,0,0,-1,0,133077,7,0,70,0,0,0,0,0,0,0,163,0,10,0,0,0,0,0,0,0,0,0,0,0,0,0,0
226616,4,3,5,6,60,0,0,0,-1,0,132503,10,0,50,0,0,0,0,0,0,0,237,0,7,0,0,0,0,0,0,0,0,0,0,0,0,0,0
226625,4,3,5,6,60,0,0,0,-1,0,132503,10,0,50,0,0,0,0,0,0,0,237,0,7,0,0,0,0,0,0,0,0,0,0,0,0,0,0
226633,4,3,5,6,60,0,0,0,-1,0,132503,10,0,50,0,0,0,0,0,0,0,237,0,7,0,0,0,0,0,0,0,0,0,0,0,0,0,0
226641,4,3,5,6,60,0,0,0,-1,0,132503,10,0,50,0,0,0,0,0,0,0,237,0,7,0,0,0,0,0,0,0,0,0,0,0,0,0,0
226615,4,3,5,10,60,0,0,0,-1,0,132945,10,0,50,0,0,0,0,0,0,0,264,0,7,0,0,0,0,0,0,0,0,0,0,0,0,0,0
226621,4,3,5,10,60,0,0,0,-1,0,132945,10,0,50,0,0,0,0,0,0,0,264,0,7,0,0,0,0,0,0,0,0,0,0,0,0,0,0
226629,4,3,5,10,60,0,0,0,-1,0,132945,10,0,50,0,0,0,0,0,0,0,264,0,7,0,0,0,0,0,0,0,0,0,0,0,0,0,0
226637,4,3,5,10,60,0,0,0,-1,0,132945,10,0,50,0,0,0,0,0,0,0,264,0,7,0,0,0,0,0,0,0,0,0,0,0,0,0,0
226617,4,3,5,20,60,0,0,0,-1,0,132633,10,0,140,0,0,0,0,0,0,0,422,0,10,0,0,0,0,0,0,0,0,0,0,0,0,0,0
226619,4,3,5,20,60,0,0,0,-1,0,132633,10,0,140,0,0,0,0,0,0,0,422,0,10,0,0,0,0,0,0,0,0,0,0,0,0,0,0
226627,4,3,5,20,60,0,0,0,-1,0,132633,10,0,140,0,0,0,0,0,0,0,422,0,10,0,0,0,0,0,0,0,0,0,0,0,0,0,0
226635,4,3,5,20,60,0,0,0,-1,0,132633,10,0,140,0,0,0,0,0,0,0,422,0,10,0,0,0,0,0,0,0,0,0,0,0,0,0,0
226612,4,3,5,1,60,0,0,0,-1,0,133077,10,0,85,0,0,0,0,0,0,0,343,0,10,0,0,0,0,0,0,0,0,0,0,0,0,0,0
226622,4,3,5,1,60,0,0,0,-1,0,133077,10,0,85,0,0,0,0,0,0,0,343,0,10,0,0,0,0,0,0,0,0,0,0,0,0,0,0
226630,4,3,5,1,60,0,0,0,-1,0,133077,10,0,85,0,0,0,0,0,0,0,343,0,10,0,0,0,0,0,0,0,0,0,0,0,0,0,0
226638,4,3,5,1,60,0,0,0,-1,0,133077,10,0,85,0,0,0,0,0,0,0,343,0,10,0,0,0,0,0,0,0,0,0,0,0,0,0,0
226534,4,3,5,5,60,0,0,0,-1,0,132625,10,0,140,0,0,0,0,0,0,0,422,0,10,0,0,0,0,0,0,0,0,0,0,0,0,0,0
226535,4,3,5,5,60,0,0,0,-1,0,132625,10,0,140,0,0,0,0,0,0,0,422,0,10,0,0,0,0,0,0,0,0,0,0,0,0,0,0
226533,4,3,5,1,60,0,0,0,-1,0,133073,10,0,85,0,0,0,0,0,0,0,343,0,10,0,0,0,0,0,0,0,0,0,0,0,0,0,0
226536,4,3,5,1,60,0,0,0,-1,0,133073,10,0,85,0,0,0,0,0,0,0,343,0,10,0,0,0,0,0,0,0,0,0,0,0,0,0,0
226529,4,3,5,6,60,0,0,0,-1,0,132517,10,0,50,0,0,0,0,0,0,0,237,0,7,0,0,0,0,0,0,0,0,0,0,0,0,0,0
226542,4,3,5,6,60,0,0,0,-1,0,132517,10,0,50,0,0,0,0,0,0,0,237,0,7,0,0,0,0,0,0,0,0,0,0,0,0,0,0
226528,4,3,5,10,60,0,0,0,-1,0,132944,10,0,50,0,0,0,0,0,0,0,264,0,7,0,0,0,0,0,0,0,0,0,0,0,0,0,0
226540,4,3,5,10,60,0,0,0,-1,0,132944,10,0,50,0,0,0,0,0,0,0,264,0,7,0,0,0,0,0,0,0,0,0,0,0,0,0,0
226595,4,4,6,5,60,0,0,0,-1,0,132738,11,0,165,0,0,0,0,0,0,0,749,0,10,0,0,0,0,0,0,0,0,0,0,0,0,0,0
226602,4,4,6,5,60,0,0,0,-1,0,132738,11,0,165,0,0,0,0,0,0,0,749,0,10,0,0,0,0,0,0,0,0,0,0,0,0,0,0
226610,4,4,6,5,60,0,0,0,-1,0,132738,11,0,165,0,0,0,0,0,0,0,749,0,10,0,0,0,0,0,0,0,0,0,0,0,0,0,0
226590,4,4,6,1,60,0,0,0,-1,0,133073,11,0,100,0,0,0,0,0,0,0,608,0,10,0,0,0,0,0,0,0,0,0,0,0,0,0,0
226599,4,4,6,1,60,0,0,0,-1,0,133073,11,0,100,0,0,0,0,0,0,0,608,0,10,0,0,0,0,0,0,0,0,0,0,0,0,0,0
226607,4,4,6,1,60,0,0,0,-1,0,133073,11,0,100,0,0,0,0,0,0,0,608,0,10,0,0,0,0,0,0,0,0,0,0,0,0,0,0
16867,4,4,6,7,60,0,0,0,-1,0,134584,11,0,120,0,0,0,0,0,0,0,655,0,0,0,0,10,0,0,0,0,0,0,0,0,0,0,0
226592,4,4,6,6,60,0,0,0,-1,0,132516,11,0,55,0,0,0,0,0,0,0,421,0,7,0,0,0,0,0,0,0,0,0,0,0,0,0,0
226597,4,4,6,6,60,0,0,0,-1,0,132516,11,0,55,0,0,0,0,0,0,0,421,0,7,0,0,0,0,0,0,0,0,0,0,0,0,0,0
226604,4,4,6,6,60,0,0,0,-1,0,132516,11,0,55,0,0,0,0,0,0,0,421,0,7,0,0,0,0,0,0,0,0,0,0,0,0,0,0
226591,4,4,6,10,60,0,0,0,-1,0,132963,11,0,55,0,0,0,0,0,0,0,468,0,7,0,0,0,0,0,0,0,0,0,0,0,0,0,0
226600,4,4,6,10,60,0,0,0,-1,0,132963,11,0,55,0,0,0,0,0,0,0,468,0,7,0,0,0,0,0,0,0,0,0,0,0,0,0,0
226608,4,4,6,10,60,0,0,0,-1,0,132963,11,0,55,0,0,0,0,0,0,0,468,0,7,0,0,0,0,0,0,0,0,0,0,0,0,0,0
226486,4,4,6,10,60,0,0,0,-1,0,132944,11,0,55,0,0,0,0,0,0,0,468,0,7,0,0,0,0,0,0,0,0,0,0,0,0,0,0
226497,4,4,6,10,60,0,0,0,-1,0,132944,11,0,55,0,0,0,0,0,0,0,468,0,7,0,0,0,0,0,0,0,0,0,0,0,0,0,0
226485,4,4,6,6,60,0,0,0,-1,0,132498,11,0,55,0,0,0,0,0,0,0,421,0,7,0,0,0,0,0,0,0,0,0,0,0,0,0,0
226498,4,4,6,6,60,0,0,0,-1,0,132498,11,0,55,0,0,0,0,0,0,0,421,0,7,0,0,0,0,0,0,0,0,0,0,0,0,0,0
211501,4,4,6,5,60,0,0,0,-1,0,132751,11,0,165,0,0,0,0,0,0,0,749,0,10,0,0,0,0,0,0,0,0,0,0,0,0,0,0
226489,4,4,6,5,60,0,0,0,-1,0,132751,11,0,165,0,0,0,0,0,0,0,749,0,10,0,0,0,0,0,0,0,0,0,0,0,0,0,0
226494,4,4,6,5,60,0,0,0,-1,0,132751,11,0,165,0,0,0,0,0,0,0,749,0,10,0,0,0,0,0,0,0,0,0,0,0,0,0,0
226488,4,4,6,1,60,0,0,0,-1,0,133077,11,0,100,0,0,0,0,0,0,0,608,0,10,0,0,0,0,0,0,0,0,0,0,0,0,0,0
226495,4,4,6,1,60,0,0,0,-1,0,133077,11,0,100,0,0,0,0,0,0,0,608,0,10,0,0,0,0,0,0,0,0,0,0,0,0,0,0
16906,4,2,8,8,60,0,0,0,-1,0,132542,7,0,60,0,0,0,0,0,0,0,154,0,10,0,0,0,0,0,0,0,0,0,0,0,0,0,0
16909,4,2,8,7,60,0,0,0,-1,0,134586,7,0,90,0,0,0,0,0,0,0,197,0,10,0,0,0,10,0,0,0,0,0,0,0,0,0,0
231237,4,2,8,9,60,0,0,0,-1,0,132602,7,0,40,0,0,0,0,0,0,0,98,0,0,0,0,0,0,0,0,0,0,0,0,0,0,0,0
231245,4,2,8,9,60,0,0,0,-1,0,132602,7,0,40,0,0,0,0,0,0,0,98,0,0,0,0,0,0,0,0,0,0,0,0,0,0,0,0
231253,4,2,8,9,60,0,0,0,-1,0,132602,7,0,40,0,0,0,0,0,0,0,98,0,0,0,0,0,0,0,0,0,0,0,0,0,0,0,0
231261,4,2,8,9,60,0,0,0,-1,0,132602,7,0,40,0,0,0,0,0,0,0,98,0,0,0,0,0,0,0,0,0,0,0,0,0,0,0,0
232079,4,2,8,9,60,0,0,0,-1,0,132602,7,0,40,0,0,0,0,0,0,0,98,0,0,0,0,0,0,0,0,0,0,0,0,0,0,0,0
232087,4,2,8,9,60,0,0,0,-1,0,132602,7,0,40,0,0,0,0,0,0,0,98,0,0,0,0,0,0,0,0,0,0,0,0,0,0,0,0
232095,4,2,8,9,60,0,0,0,-1,0,132602,7,0,40,0,0,0,0,0,0,0,98,0,0,0,0,0,0,0,0,0,0,0,0,0,0,0,0
232103,4,2,8,9,60,0,0,0,-1,0,132602,7,0,40,0,0,0,0,0,0,0,98,0,0,0,0,0,0,0,0,0,0,0,0,0,0,0,0
231046,4,2,8,9,60,0,0,0,-1,0,132601,7,0,40,0,0,0,0,0,0,0,98,0,0,0,0,0,0,0,0,0,0,0,0,0,0,0,0
231054,4,2,8,9,60,0,0,0,-1,0,132601,7,0,40,0,0,0,0,0,0,0,98,0,0,0,0,0,0,0,0,0,0,0,0,0,0,0,0
232183,4,2,8,9,60,0,0,0,-1,0,132601,7,0,40,0,0,0,0,0,0,0,98,0,0,0,0,0,0,0,0,0,0,0,0,0,0,0,0
232191,4,2,8,9,60,0,0,0,-1,0,132601,7,0,40,0,0,0,0,0,0,0,98,0,0,0,0,0,0,0,0,0,0,0,0,0,0,0,0
231055,4,3,5,9,60,0,0,0,-1,0,132616,10,0,50,0,0,0,0,0,0,0,211,0,0,0,0,0,0,0,0,0,0,0,0,0,0,0,0
231063,4,3,5,9,60,0,0,0,-1,0,132616,10,0,50,0,0,0,0,0,0,0,211,0,0,0,0,0,0,0,0,0,0,0,0,0,0,0,0
232111,4,3,5,9,60,0,0,0,-1,0,132616,10,0,50,0,0,0,0,0,0,0,211,0,0,0,0,0,0,0,0,0,0,0,0,0,0,0,0
232119,4,3,5,9,60,0,0,0,-1,0,132616,10,0,50,0,0,0,0,0,0,0,211,0,0,0,0,0,0,0,0,0,0,0,0,0,0,0,0
16946,4,3,5,7,60,0,0,0,-1,0,134583,10,0,105,0,0,0,0,0,0,0,422,0,10,0,0,0,10,0,0,0,0,0,0,0,0,0,0
231199,4,3,5,9,60,0,0,0,-1,0,132615,10,0,50,0,0,0,0,0,0,0,211,0,0,0,0,0,0,0,0,0,0,0,0,0,0,0,0
231207,4,3,5,9,60,0,0,0,-1,0,132615,10,0,50,0,0,0,0,0,0,0,211,0,0,0,0,0,0,0,0,0,0,0,0,0,0,0,0
231215,4,3,5,9,60,0,0,0,-1,0,132615,10,0,50,0,0,0,0,0,0,0,211,0,0,0,0,0,0,0,0,0,0,0,0,0,0,0,0
231223,4,3,5,9,60,0,0,0,-1,0,132615,10,0,50,0,0,0,0,0,0,0,211,0,0,0,0,0,0,0,0,0,0,0,0,0,0,0,0
232199,4,3,5,9,60,0,0,0,-1,0,132615,10,0,50,0,0,0,0,0,0,0,211,0,0,0,0,0,0,0,0,0,0,0,0,0,0,0,0
232207,4,3,5,9,60,0,0,0,-1,0,132615,10,0,50,0,0,0,0,0,0,0,211,0,0,0,0,0,0,0,0,0,0,0,0,0,0,0,0
232215,4,3,5,9,60,0,0,0,-1,0,132615,10,0,50,0,0,0,0,0,0,0,211,0,0,0,0,0,0,0,0,0,0,0,0,0,0,0,0
232223,4,3,5,9,60,0,0,0,-1,0,132615,10,0,50,0,0,0,0,0,0,0,211,0,0,0,0,0,0,0,0,0,0,0,0,0,0,0,0
231174,4,4,6,9,60,0,0,0,-1,0,132617,11,0,55,0,0,0,0,0,0,0,375,0,0,0,0,0,0,0,0,0,0,0,0,0,0,0,0
231182,4,4,6,9,60,0,0,0,-1,0,132617,11,0,55,0,0,0,0,0,0,0,375,0,0,0,0,0,0,0,0,0,0,0,0,0,0,0,0
231190,4,4,6,9,60,0,0,0,-1,0,132617,11,0,55,0,0,0,0,0,0,0,375,0,0,0,0,0,0,0,0,0,0,0,0,0,0,0,0
232143,4,4,6,9,60,0,0,0,-1,0,132617,11,0,55,0,0,0,0,0,0,0,375,0,0,0,0,0,0,0,0,0,0,0,0,0,0,0,0
232151,4,4,6,9,60,0,0,0,-1,0,132617,11,0,55,0,0,0,0,0,0,0,375,0,0,0,0,0,0,0,0,0,0,0,0,0,0,0,0
232159,4,4,6,9,60,0,0,0,-1,0,132617,11,0,55,0,0,0,0,0,0,0,375,0,0,0,0,0,0,0,0,0,0,0,0,0,0,0,0
16962,4,4,6,7,60,0,0,0,-1,0,134584,11,0,120,0,0,0,0,0,0,0,749,0,10,0,0,0,10,0,0,0,0,0,0,0,0,0,0
230001,4,4,6,1,60,0,0,0,-1,0,133176,11,0,100,0,0,0,0,0,0,0,696,0,0,0,10,10,0,0,0,0,0,0,0,0,0,0,0
211263,4,4,6,5,60,0,0,0,-1,0,132738,11,0,165,0,0,0,0,0,0,0,857,0,10,10,0,0,0,0,0,0,0,0,0,0,0,0,0
231023,4,4,6,9,60,0,0,0,-1,0,132618,11,0,55,0,0,0,0,0,0,0,375,0,0,0,0,0,0,0,0,0,0,0,0,0,0,0,0
231031,4,4,6,9,60,0,0,0,-1,0,132618,11,0,55,0,0,0,0,0,0,0,375,0,0,0,0,0,0,0,0,0,0,0,0,0,0,0,0
232247,4,4,6,9,60,0,0,0,-1,0,132618,11,0,55,0,0,0,0,0,0,0,375,0,0,0,0,0,0,0,0,0,0,0,0,0,0,0,0
232255,4,4,6,9,60,0,0,0,-1,0,132618,11,0,55,0,0,0,0,0,0,0,375,0,0,0,0,0,0,0,0,0,0,0,0,0,0,0,0
228286,4,0,3,11,60,0,0,0,-1,0,133357,14,0,0,0,0,0,0,0,0,0,0,0,0,0,0,0,0,0,0,0,0,0,0,0,0,0,0
228298,4,0,2,12,60,0,0,0,-1,0,134317,16,0,0,0,0,0,0,0,0,0,0,0,0,0,0,0,0,0,0,0,0,0,0,0,0,0,0
228955,4,0,3,23,60,7,0,0,-1,0,133739,19,0,0,0,0,0,0,0,0,0,0,0,0,0,0,0,0,0,0,0,0,0,0,0,0,0,0
228248,2,5,2,17,60,1,0,0,-1,0,133041,9,0,120,0,0,0,0,0,0,0,0,0,0,0,0,0,0,175,0,0,0,0,263,0,0,0,0
228463,2,5,2,17,60,1,0,0,-1,0,133041,9,0,120,0,0,0,0,0,0,0,0,0,0,0,0,0,0,175,0,0,0,0,263,0,0,0,0
17223,2,6,1,17,58,2,0,0,-1,0,135131,9,0,120,0,0,0,0,0,0,0,0,0,0,0,0,0,0,147,0,0,0,0,221,0,0,0,0
228288,2,8,1,17,60,1,0,0,-1,0,135302,9,0,120,0,0,0,0,0,0,0,0,0,0,0,0,0,0,206,0,0,0,0,310,0,0,0,0
228461,2,8,1,17,60,1,0,0,-1,0,135302,9,0,120,0,0,0,0,0,0,0,0,0,0,0,0,0,0,206,0,0,0,0,310,0,0,0,0
228297,4,0,2,12,60,0,0,0,-1,0,134337,16,0,0,0,0,0,0,0,0,0,0,0,0,0,0,0,0,0,0,0,0,0,0,0,0,0,0
228269,2,7,1,21,60,3,0,0,-1,0,135349,8,0,105,0,0,0,0,0,0,0,0,0,0,0,0,0,0,88,0,0,0,0,164,0,0,0,0
228517,2,7,1,21,60,3,0,0,-1,0,135349,8,0,105,0,0,0,0,0,0,0,0,0,0,0,0,0,0,88,0,0,0,0,164,0,0,0,0
228264,2,4,2,21,60,3,0,0,-1,0,133042,8,0,105,0,0,0,0,0,0,0,0,0,0,0,0,0,0,94,0,0,0,0,175,0,0,0,0
228397,2,4,2,21,60,3,0,0,-1,0,133042,8,0,105,0,0,0,0,0,0,0,0,0,0,0,0,0,0,94,0,0,0,0,175,0,0,0,0
228462,2,4,2,21,60,3,0,0,-1,0,133042,8,0,105,0,0,0,0,0,0,0,0,0,0,0,0,0,0,94,0,0,0,0,175,0,0,0,0
17905,4,0,0,12,0,0,0,0,-1,0,133283,8,0,0,0,0,0,0,0,0,0,0,0,0,0,5,0,0,0,0,0,0,0,0,0,0,0,0
17900,4,0,0,12,0,0,0,0,-1,0,133429,8,0,0,0,0,0,0,0,0,0,0,0,0,0,5,0,0,0,0,0,0,0,0,0,0,0,0
17694,4,0,0,11,0,0,0,0,-1,0,133344,14,0,0,0,0,0,0,0,0,0,0,0,0,0,0,0,0,0,0,0,0,0,0,0,0,0,0
223541,4,0,3,2,49,0,0,0,-1,0,135227,14,0,0,0,0,0,0,0,0,0,0,0,0,0,0,0,0,0,0,0,0,0,0,0,0,0,0
223518,2,15,1,21,49,3,0,0,-1,0,135650,8,0,65,0,0,0,0,0,0,0,0,0,0,0,0,0,0,40,0,0,0,0,75,0,0,0,0
223545,4,6,1,14,48,4,0,0,-1,0,134956,9,0,100,0,0,0,0,0,0,0,1835,0,0,0,0,0,0,0,0,0,0,0,0,0,0,0,0
17943,2,4,2,21,48,3,0,0,-1,0,133054,8,0,90,0,0,0,0,0,0,0,0,0,0,0,0,0,0,44,0,0,0,0,83,0,0,0,0
223522,4,4,6,1,48,0,0,0,-1,0,133122,11,0,80,0,0,0,0,0,0,0,453,0,0,10,0,0,0,0,0,0,0,0,0,0,0,0,0
223523,4,0,3,23,48,7,0,0,-1,0,134333,21,0,0,0,0,0,0,0,0,0,0,0,0,0,0,0,10,0,0,0,0,0,0,0,0,0,0
223525,4,2,8,1,47,0,0,0,-1,0,133101,7,0,60,0,0,0,0,0,0,0,122,0,0,0,0,0,0,0,0,0,0,0,0,0,0,0,0
17773,4,0,3,2,0,0,0,0,-1,0,133293,14,0,0,0,0,0,0,0,0,0,0,0,0,0,0,0,0,0,0,0,0,0,0,0,0,0,0
223964,2,15,1,21,49,3,0,0,-1,0,135279,8,0,75,0,0,0,0,0,0,0,0,0,0,0,0,0,0,41,0,0,0,0,77,0,0,0,0
228602,4,3,5,8,57,0,0,0,-1,0,132536,10,0,60,0,0,0,0,0,0,0,251,0,18,0,0,0,0,0,0,0,0,0,0,0,0,0,0
228676,4,3,5,6,58,0,0,0,-1,0,132492,10,0,40,0,0,0,0,0,0,0,208,0,0,0,0,0,0,0,0,0,0,0,0,0,0,0,0
228360,4,1,7,16,60,0,0,0,-1,0,133759,7,0,0,0,0,0,0,0,0,0,51,0,0,0,0,0,0,0,0,0,0,0,0,0,0,0,0
228389,4,1,7,16,60,0,0,0,-1,0,133756,7,0,0,0,0,0,0,0,0,0,52,0,0,0,0,0,0,0,0,0,0,0,0,0,0,0,0
228051,2,10,2,17,53,2,0,0,-1,0,135151,13,0,100,0,0,0,0,0,0,0,0,0,0,0,0,0,0,111,0,0,0,0,167,0,0,0,0
228055,4,4,6,5,54,0,0,0,-1,0,132746,9,0,135,0,0,0,0,0,0,0,617,0,0,0,0,0,0,0,0,0,0,0,0,0,0,0,0
228699,4,0,5,11,54,0,0,0,-1,0,133373,14,0,0,0,0,0,0,0,0,0,0,0,0,0,0,0,0,0,0,0,0,0,0,0,0,0,0
228057,4,0,5,11,54,0,0,0,-1,0,133370,14,0,0,0,0,0,0,0,0,0,0,0,0,0,0,0,0,0,0,0,0,0,0,0,0,0,0
228054,4,0,3,2,53,0,0,0,-1,0,133290,14,0,0,0,0,0,0,0,0,0,0,0,0,0,0,0,0,0,0,0,0,0,0,0,0,0,0
228053,4,3,5,1,53,0,3441,0,-1,0,133140,11,0,70,0,0,0,0,0,0,0,279,0,0,0,0,0,0,0,0,0,0,0,0,0,0,0,0
228050,2,2,2,15,53,0,0,0,-1,0,135491,12,0,75,2,0,0,0,0,0,0,0,0,0,0,0,0,0,50,0,0,0,0,93,0,0,0,0
228052,2,1,6,17,53,1,0,0,-1,0,132408,9,0,100,0,0,0,0,0,0,0,0,0,0,0,0,0,0,123,0,0,0,0,185,0,0,0,0
228470,4,3,5,7,57,0,0,0,-1,0,134583,11,0,90,0,0,0,0,0,0,0,320,0,0,0,0,0,0,0,0,0,0,0,0,0,0,0,0
228069,4,4,6,7,57,0,0,0,-1,0,134584,9,0,100,0,0,0,0,0,0,0,566,0,0,0,0,0,0,0,0,0,0,0,0,0,0,0,0
228471,2,18,2,26,57,0,0,0,-1,0,135537,12,0,75,2,0,0,0,0,0,0,0,0,0,0,0,0,0,73,0,0,0,0,111,0,0,0,0
228468,4,2,8,7,57,0,0,0,-1,0,134594,7,0,75,0,0,0,0,0,0,0,150,0,0,0,0,0,0,0,0,0,0,0,0,0,0,0,0
18504,4,2,8,6,57,0,0,0,-1,0,132515,7,0,35,0,0,0,0,0,0,0,98,0,0,0,0,0,0,0,0,0,0,0,0,0,0,0,0
228472,2,15,1,22,57,3,0,0,-1,0,135641,8,0,65,0,0,0,0,0,0,0,0,0,0,0,0,0,0,42,0,0,0,0,64,0,0,0,0
228063,4,3,2,6,56,0,0,0,-1,0,132523,12,0,40,0,0,0,0,0,0,0,202,0,0,0,0,0,0,0,0,0,0,0,0,0,0,0,0
18508,4,3,5,9,57,0,0,0,-1,0,132604,10,0,40,0,0,0,0,0,0,0,160,0,0,0,0,0,0,0,0,0,0,0,0,0,0,0,0
20481,4,3,5,9,57,0,0,0,-1,0,132604,10,0,40,0,0,0,0,0,0,0,160,0,0,0,0,0,0,0,0,0,0,0,0,0,0,0,0
227883,4,3,5,9,57,0,0,0,-1,0,132604,10,0,40,0,0,0,0,0,0,0,160,0,0,0,0,0,0,0,0,0,0,0,0,0,0,0,0
228067,4,0,3,2,56,0,0,0,-1,0,133294,14,0,0,0,0,0,0,0,0,0,0,0,10,0,0,0,0,0,0,0,0,0,0,0,0,0,0
234780,4,0,3,11,0,0,0,0,-1,0,133361,14,0,0,0,0,0,0,0,0,0,0,0,0,0,0,0,0,0,0,0,0,0,0,0,0,0,0
228687,4,0,3,11,0,0,0,0,-1,0,133369,14,0,0,0,0,0,0,0,0,0,0,0,10,0,0,0,0,0,0,0,0,0,0,0,0,0,0
228685,4,0,3,2,0,0,0,0,-1,0,133296,14,0,0,0,0,0,0,0,0,0,0,0,10,0,0,0,0,0,0,0,0,0,0,0,0,0,0
18712,4,4,6,9,45,0,0,0,-1,0,132618,11,0,45,0,0,0,0,0,0,0,231,0,0,0,0,0,0,0,0,0,0,0,0,0,0,0,0
18454,4,2,8,9,58,0,0,0,-1,0,132602,7,0,35,0,0,0,0,0,0,0,77,0,0,0,0,0,0,0,0,0,0,0,0,0,0,0,0
18453,4,2,8,9,45,0,0,0,-1,0,132606,7,0,35,0,0,0,0,0,0,0,64,0,0,0,0,0,0,0,0,0,0,0,0,0,0,0,0
18455,4,2,8,9,45,0,0,0,-1,0,132602,7,0,35,0,0,0,0,0,0,0,64,0,0,0,0,0,0,0,0,0,0,0,0,0,0,0,0
19112,4,4,6,9,58,0,0,0,-1,0,132617,11,0,45,0,0,0,0,0,0,0,287,0,0,0,0,0,0,0,0,0,0,0,0,0,0,0,0
18466,4,0,0,12,0,0,0,0,-1,0,133443,8,0,0,0,0,0,0,0,0,0,0,0,10,0,0,0,0,0,0,0,0,0,0,0,0,0,0
18467,4,0,0,12,0,0,0,0,-1,0,133443,8,0,0,0,0,0,0,0,0,0,0,0,10,0,0,0,0,0,0,0,0,0,0,0,0,0,0
18468,4,0,0,12,0,0,0,0,-1,0,133443,8,0,0,0,0,0,0,0,0,0,0,0,10,0,0,0,0,0,0,0,0,0,0,0,0,0,0
18469,4,0,0,12,0,0,0,0,-1,0,133443,8,0,0,0,0,0,0,0,0,0,0,0,10,0,0,0,0,0,0,0,0,0,0,0,0,0,0
18470,4,0,0,12,0,0,0,0,-1,0,133443,8,0,0,0,0,0,0,0,0,0,0,0,10,0,0,0,0,0,0,0,0,0,0,0,0,0,0
18471,4,0,0,12,0,0,0,0,-1,0,133443,8,0,0,0,0,0,0,0,0,0,0,0,10,0,0,0,0,0,0,0,0,0,0,0,0,0,0
18472,4,0,0,12,0,0,0,0,-1,0,133443,8,0,0,0,0,0,0,0,0,0,0,0,10,0,0,0,0,0,0,0,0,0,0,0,0,0,0
18473,4,0,0,12,0,0,0,0,-1,0,133443,8,0,0,0,0,0,0,0,0,0,0,0,10,0,0,0,0,0,0,0,0,0,0,0,0,0,0
228064,4,6,6,14,56,4,0,0,-1,0,134959,9,0,100,0,0,0,0,0,0,0,2089,0,0,0,0,0,0,0,0,0,0,0,0,0,0,0,0
22407,4,2,8,1,56,0,0,0,-1,0,133143,7,0,60,0,0,0,0,0,0,0,139,0,0,0,0,0,0,0,0,0,0,0,0,0,0,0,0
228062,4,2,8,1,56,0,0,0,-1,0,133143,7,0,60,0,0,0,0,0,0,0,139,0,0,0,0,0,0,0,0,0,0,0,0,0,0,0,0
228058,4,4,6,3,55,0,0,0,-1,0,135057,9,0,80,0,0,0,0,0,0,0,470,0,0,0,0,0,0,0,0,0,0,0,0,0,0,0,0
228059,4,3,5,3,55,0,0,0,-1,0,135046,11,0,70,0,0,0,0,0,0,0,266,0,0,0,0,0,0,0,0,0,0,0,0,0,0,0,0
228060,4,1,7,16,55,0,0,0,-1,0,133754,7,0,0,0,0,0,0,0,0,0,43,0,0,0,0,0,0,0,0,0,0,0,0,0,0,0,0
228469,4,0,3,11,56,0,0,0,-1,0,133355,14,0,0,0,0,0,0,0,0,0,0,0,0,0,0,0,0,0,0,0,0,0,0,0,0,0,0
228075,2,6,6,17,57,1,0,0,-1,0,135579,9,0,100,0,0,0,0,0,0,0,0,0,0,0,0,0,0,123,0,0,0,0,185,0,0,0,0
228068,4,2,8,6,57,0,0,0,-1,0,132491,7,0,35,0,0,0,0,0,0,0,98,0,0,0,0,0,0,0,0,0,0,0,0,0,0,0,0
227854,4,1,7,16,57,0,0,0,-1,0,133772,7,0,0,0,0,0,0,0,0,0,48,0,0,0,0,0,0,0,0,0,0,0,0,0,0,0,0
228478,2,8,1,17,58,1,0,0,-1,0,135291,9,0,100,0,0,0,0,0,0,0,0,0,0,0,0,0,0,138,0,0,0,0,207,0,0,0,0
228479,4,3,5,7,58,0,0,0,-1,0,134583,11,0,90,0,0,0,0,0,0,0,324,0,0,0,0,0,0,0,0,0,0,0,0,0,0,0,0
228065,4,2,8,3,56,0,0,0,-1,0,135057,7,0,60,0,0,0,0,0,0,0,129,0,0,0,0,0,0,0,0,0,0,0,0,0,0,0,0
228070,4,3,5,5,57,0,0,0,-1,0,132634,11,0,120,0,0,0,0,0,0,0,365,0,0,0,0,0,0,0,0,0,0,0,0,0,0,0,0
228473,2,5,6,17,57,1,0,0,-1,0,133059,9,0,100,0,0,0,0,0,0,0,250,0,0,0,0,0,0,135,0,0,0,0,204,0,0,0,0
228484,2,10,2,17,58,2,0,0,-1,0,135169,12,0,100,0,0,0,0,0,0,0,0,0,0,0,0,0,0,116,0,0,0,0,175,0,0,0,0
228383,4,1,7,16,60,0,0,0,-1,0,133758,7,0,0,0,0,0,0,0,0,0,54,0,0,0,0,0,0,0,0,0,0,0,0,0,0,0,0
22722,4,0,3,11,60,0,0,0,-1,0,133362,14,0,0,0,0,0,0,0,0,0,0,0,0,0,0,0,0,0,0,0,0,0,0,0,0,0,0
228359,4,0,3,11,60,0,0,0,-1,0,133362,14,0,0,0,0,0,0,0,0,0,0,0,0,0,0,0,0,0,0,0,0,0,0,0,0,0,0
230855,4,0,3,11,60,0,0,0,-1,0,133362,14,0,0,0,0,0,0,0,0,0,0,0,0,0,0,0,0,0,0,0,0,0,0,0,0,0,0
228351,4,2,8,10,60,0,0,0,-1,0,132956,7,0,40,0,0,0,0,0,0,0,133,0,8,0,0,8,0,0,0,0,0,0,0,0,0,0,0
228340,4,4,6,6,60,0,0,0,-1,0,132520,10,0,55,0,0,0,0,0,0,0,452,0,0,0,16,0,0,0,0,0,0,0,0,0,0,0,0
228335,2,10,2,17,60,2,0,0,-1,0,135167,13,0,120,0,0,0,0,0,0,0,0,0,0,0,0,20,0,176,0,0,0,0,264,0,0,0,0
228336,2,10,2,17,60,2,0,0,-1,0,135149,13,0,120,0,0,0,0,0,0,0,0,0,0,0,0,20,0,176,0,0,0,0,264,0,0,0,0
228016,4,0,3,11,56,0,3306,0,-1,0,133357,14,0,0,0,0,0,0,0,0,0,0,0,0,0,0,0,0,0,0,0,0,0,0,0,0,0,0
228041,4,4,6,7,57,0,0,0,-1,0,134584,11,0,100,0,0,0,0,0,0,0,566,0,0,0,0,0,0,0,0,0,0,0,0,0,0,0,0
227992,4,4,6,8,54,0,0,0,-1,0,132589,11,0,65,0,0,0,0,0,0,0,424,0,0,0,0,0,0,0,0,0,0,0,0,0,0,0,0
228039,4,0,8,23,57,0,0,0,-1,0,133738,19,0,0,0,0,0,0,0,0,0,0,0,0,0,0,0,0,0,0,0,0,0,0,0,0,0,0
228704,4,2,8,1,51,0,0,0,-1,0,133143,7,0,60,0,0,0,0,0,0,0,130,0,0,0,0,0,0,0,0,0,0,0,0,0,0,0,0
20487,2,10,0,17,60,2,0,0,-1,0,135158,13,0,120,0,0,0,0,0,0,0,0,0,0,10,0,0,0,187,0,0,0,0,282,0,0,0,0
228544,2,5,1,17,58,1,0,0,-1,0,133043,9,0,100,0,0,0,0,0,0,0,0,0,0,0,0,0,0,116,0,0,0,0,175,0,0,0,0
228545,4,4,6,1,58,0,0,0,-1,0,133078,11,0,80,0,0,0,0,0,0,0,534,0,0,0,0,15,0,0,0,0,0,0,0,0,0,0,0
228516,2,6,2,17,54,2,0,0,-1,0,135130,9,0,100,0,0,0,0,0,0,0,0,0,0,0,0,0,0,137,0,0,0,0,206,0,0,0,0
228518,4,2,8,9,54,0,0,0,-1,0,132610,7,0,35,0,0,0,0,0,0,0,73,0,0,0,0,0,0,0,0,0,0,0,0,0,0,0,0
228534,4,2,8,7,57,0,0,0,-1,0,134592,7,0,75,0,0,0,0,0,0,0,152,0,0,0,0,0,0,0,0,0,0,0,0,0,0,0,0
228532,4,4,6,9,56,0,0,0,-1,0,132616,11,0,45,0,0,0,0,0,0,0,279,0,0,0,0,0,0,0,0,0,0,0,0,0,0,0,0
228045,4,0,3,11,57,0,0,0,-1,0,133351,14,0,0,0,0,0,0,0,0,0,0,0,0,0,0,0,0,0,0,0,0,0,0,0,0,0,0
228280,4,1,7,16,60,0,0,0,-1,0,133770,7,0,0,0,0,0,0,0,0,0,54,0,18,0,0,0,0,0,0,0,0,0,0,0,0,0,0
228284,4,3,5,9,60,0,0,0,-1,0,132601,10,0,50,0,0,0,0,0,0,0,198,0,0,0,0,0,0,0,0,0,0,0,0,0,0,0,0
228289,4,0,3,2,60,0,0,0,-1,0,133280,14,0,0,0,0,0,0,0,0,0,0,0,0,0,0,0,0,0,0,0,0,0,0,0,0,0,0
228255,4,0,3,12,60,0,0,0,-1,0,134465,14,0,0,0,0,0,0,0,0,0,0,0,0,0,0,0,0,0,0,0,0,0,0,0,0,0,0
228261,4,0,3,11,60,0,0,0,-1,0,133349,14,0,0,0,0,0,0,0,0,0,0,0,0,0,0,0,0,0,0,0,0,0,0,0,0,0,0
228258,4,3,5,3,60,0,0,0,-1,0,135035,10,0,85,0,0,0,0,0,0,0,339,0,0,0,0,0,0,0,0,0,0,0,0,0,0,0,0
23451,2,15,1,13,60,3,0,0,-1,0,135662,8,0,75,0,0,0,0,0,0,0,0,0,0,0,0,0,0,95,0,0,0,0,143,0,0,0,0
23466,2,15,1,13,60,3,0,0,-1,0,135662,8,0,75,0,0,0,0,0,0,0,0,0,0,0,0,0,0,95,0,0,0,0,143,0,0,0,0
228242,4,0,1,11,60,0,0,0,-1,0,133356,14,0,0,0,0,0,0,0,0,0,0,0,0,0,0,0,0,0,0,0,0,0,0,0,0,0,0
230028,4,0,7,19,0,0,0,0,-1,0,135026,7,0,0,0,0,0,0,0,0,0,0,0,0,0,0,0,0,0,0,0,0,0,0,0,0,0,0
230099,4,0,7,19,0,0,0,0,-1,0,135026,7,0,0,0,0,0,0,0,0,0,0,0,0,0,0,0,0,0,0,0,0,0,0,0,0,0,0
230100,4,0,7,19,0,0,0,0,-1,0,135026,7,0,0,0,0,0,0,0,0,0,0,0,0,0,0,0,0,0,0,0,0,0,0,0,0,0,0
230750,4,0,7,19,0,0,0,0,-1,0,135026,7,0,0,0,0,0,0,0,0,0,0,0,0,0,0,0,0,0,0,0,0,0,0,0,0,0,0
230760,4,0,7,19,0,0,0,0,-1,0,135026,7,0,0,0,0,0,0,0,0,0,0,0,0,0,0,0,0,0,0,0,0,0,0,0,0,0,0
216662,4,0,3,11,0,0,0,0,-1,0,133345,14,0,0,0,0,0,0,0,0,0,0,0,0,0,0,0,0,0,0,0,0,0,0,0,0,0,0
19085,4,1,7,16,55,0,0,0,-1,0,133768,7,0,0,0,0,0,0,0,0,0,43,0,0,0,5,0,0,0,0,0,0,0,0,0,0,0,0
19086,4,1,7,16,55,0,0,0,-1,0,133770,7,0,0,0,0,0,0,0,0,0,43,0,0,0,5,0,0,0,0,0,0,0,0,0,0,0,0
19091,4,4,5,6,55,0,0,0,-1,0,132524,11,0,45,0,0,0,0,0,0,0,353,0,0,0,5,0,0,0,0,0,0,0,0,0,0,0,0
19092,4,3,5,6,55,0,0,0,-1,0,132507,10,0,40,0,0,0,0,0,0,0,199,0,0,0,5,0,0,0,0,0,0,0,0,0,0,0,0
19093,4,2,8,6,55,0,0,0,-1,0,132515,7,0,35,0,0,0,0,0,0,0,95,0,0,0,5,0,0,0,0,0,0,0,0,0,0,0,0
23093,4,2,8,9,58,0,0,0,-1,0,132607,7,0,35,0,0,0,0,0,0,0,77,0,0,0,0,0,0,0,0,0,0,0,0,0,0,0,0
228381,2,19,2,26,60,0,0,0,-1,0,135463,21,0,75,0,0,4,0,0,0,0,0,0,0,0,0,0,0,101,0,0,0,0,189,0,0,0,0
228355,4,2,8,6,60,0,0,0,-1,0,132505,7,0,40,0,0,0,0,0,0,0,115,0,0,0,0,0,0,0,0,0,0,0,0,0,0,0,0
228287,4,0,3,11,60,0,0,0,-1,0,133378,14,0,0,0,0,0,0,0,0,0,0,0,0,0,0,0,0,0,0,0,0,0,0,0,0,0,0
227280,4,0,3,11,60,0,0,0,-1,0,133381,14,0,0,0,0,0,0,0,0,0,0,0,0,0,0,0,0,0,0,0,0,0,0,0,0,0,0
228274,4,0,3,11,60,0,0,0,-1,0,133381,14,0,0,0,0,0,0,0,0,0,0,0,0,0,0,0,0,0,0,0,0,0,0,0,0,0,0
228259,4,0,8,23,60,0,0,0,-1,0,133741,19,0,0,0,0,0,0,0,0,0,0,0,0,0,0,0,0,0,0,0,0,0,0,0,0,0,0
228243,4,0,3,11,60,0,0,0,-1,0,133380,14,0,0,0,0,0,0,0,0,0,0,0,0,0,0,0,0,0,0,0,0,0,0,0,0,0,0
227843,2,1,1,17,60,1,0,0,-1,0,132403,8,0,120,0,0,0,0,0,0,0,0,0,0,0,0,0,0,187,0,0,0,0,282,0,0,0,0
230241,2,4,1,21,60,3,0,0,-1,0,133481,8,0,105,0,0,0,0,0,0,0,0,0,0,0,0,0,0,99,0,0,0,0,184,0,0,0,0
232567,2,4,1,21,60,3,0,0,-1,0,133481,8,0,105,0,0,0,0,0,0,0,0,0,0,0,0,0,0,99,0,0,0,0,184,0,0,0,0
230237,4,0,4,12,60,0,0,0,-1,0,136116,21,0,0,0,0,0,0,0,0,0,0,0,0,0,0,0,0,0,0,0,0,0,0,0,0,0,0
230238,4,0,4,12,60,0,0,0,-1,0,133738,21,0,0,0,0,0,0,0,0,0,0,0,0,0,0,0,0,0,0,0,0,0,0,0,0,0,0
230243,4,0,4,12,60,0,0,0,-1,0,136115,21,0,0,0,0,0,0,0,0,0,0,0,0,0,0,0,0,0,0,0,0,0,0,0,0,0,0
230249,4,0,4,12,60,0,0,0,-1,0,134124,21,0,0,0,0,0,0,0,0,0,0,0,0,0,0,0,0,0,0,0,0,0,0,0,0,0,0
230250,4,0,4,12,60,0,0,0,-1,0,134232,21,0,0,0,0,0,0,0,0,0,0,0,0,0,0,0,0,0,0,0,0,0,0,0,0,0,0
230272,4,0,4,12,60,0,0,0,-1,0,134944,21,0,0,0,0,0,0,0,0,0,0,0,0,0,0,0,0,0,0,0,0,0,0,0,0,0,0
230273,4,0,4,12,60,0,0,0,-1,0,134073,21,0,0,0,0,0,0,0,0,0,0,0,0,0,0,0,0,0,0,0,0,0,0,0,0,0,0
230280,4,0,4,12,60,0,0,0,-1,0,135880,21,0,0,0,0,0,0,0,0,0,0,0,0,0,0,0,0,0,0,0,0,0,0,0,0,0,0
230248,4,6,6,14,60,4,0,0,-1,0,134966,9,0,120,0,0,0,0,0,0,0,2787,0,0,0,0,0,0,0,0,0,0,0,0,0,0,0,0
230802,4,6,6,14,60,4,0,0,-1,0,134963,9,0,120,0,0,0,0,0,0,0,2893,0,0,0,0,0,0,0,0,0,0,0,0,0,0,0,0
230254,2,7,1,13,60,3,0,0,-1,0,135359,8,0,105,0,0,0,0,0,0,0,0,0,0,0,0,0,0,86,0,0,0,0,162,0,0,0,0
232564,2,7,1,13,60,3,0,0,-1,0,135359,8,0,105,0,0,0,0,0,0,0,0,0,0,0,0,0,0,86,0,0,0,0,162,0,0,0,0
230270,2,10,2,17,60,2,0,0,-1,0,135150,13,0,120,0,0,0,0,0,0,0,0,0,0,0,0,0,0,187,0,0,0,0,282,0,0,0,0
232563,2,10,2,17,60,2,0,0,-1,0,135150,13,0,120,0,0,0,0,0,0,0,0,0,0,0,0,0,0,187,0,0,0,0,282,0,0,0,0
230813,2,10,2,17,60,2,0,0,-1,0,135143,13,0,120,0,0,0,0,0,0,0,0,0,0,0,0,0,0,209,0,0,0,0,315,0,0,0,0
232556,2,10,2,17,60,2,0,0,-1,0,135143,13,0,120,0,0,0,0,0,0,0,0,0,0,0,0,0,0,209,0,0,0,0,315,0,0,0,0
230838,2,4,1,21,60,3,0,0,-1,0,133481,8,0,105,0,0,0,0,0,0,0,0,0,0,0,0,0,0,92,0,0,0,0,172,0,0,0,0
232552,2,4,1,21,60,3,0,0,-1,0,133481,8,0,105,0,0,0,0,0,0,0,0,0,0,0,0,0,0,92,0,0,0,0,172,0,0,0,0
230801,2,18,2,26,60,0,0,0,-1,0,135538,12,0,90,2,0,0,0,0,0,0,0,0,0,0,0,0,0,124,0,0,0,0,186,0,0,0,0
232606,2,18,2,26,60,0,0,0,-1,0,135538,12,0,90,2,0,0,0,0,0,0,0,0,0,0,0,0,0,124,0,0,0,0,186,0,0,0,0
230841,4,0,3,23,60,0,0,0,-1,0,134335,21,0,0,0,0,0,0,0,0,0,0,0,0,0,0,0,0,0,0,0,0,0,0,0,0,0,0
230737,2,19,2,26,60,0,0,0,-1,0,135473,21,0,75,0,0,2,0,0,0,0,0,0,0,0,0,0,0,107,0,0,0,0,199,0,0,0,0
232560,2,19,2,26,60,0,0,0,-1,0,135473,21,0,75,0,0,2,0,0,0,0,0,0,0,0,0,0,0,107,0,0,0,0,199,0,0,0,0
230245,4,0,3,2,60,0,0,0,-1,0,133299,14,0,0,0,0,0,0,0,0,0,0,0,0,0,0,0,0,0,0,0,0,0,0,0,0,0,0
230246,4,4,6,1,60,0,0,0,-1,0,133078,11,0,100,0,0,0,0,0,0,0,679,0,0,0,0,0,0,0,0,0,0,0,0,0,0,0,0
230251,4,3,5,3,60,0,0,0,-1,0,135045,10,0,85,0,0,0,0,0,0,0,357,0,0,0,0,0,0,0,0,0,0,0,0,0,0,0,0
230808,4,0,3,11,60,0,0,0,-1,0,133382,14,0,0,0,0,0,0,0,0,0,0,0,0,0,0,0,0,0,0,0,0,0,0,0,0,0,0
231803,4,0,3,2,60,0,0,0,-1,0,133304,14,0,0,0,0,0,0,0,0,0,0,0,0,0,0,0,0,0,0,0,0,0,0,0,0,0,0
230804,4,1,7,16,60,0,0,0,-1,0,133772,7,0,0,0,0,0,0,0,0,0,63,0,0,0,0,0,0,0,0,0,0,0,0,0,0,0,0
230810,4,0,4,12,60,0,0,0,-1,0,135241,21,0,0,0,0,0,0,0,0,0,0,0,0,0,0,0,0,0,0,0,0,0,0,0,0,0,0
230806,4,3,5,6,60,0,0,0,-1,0,132507,10,0,50,0,0,0,0,0,0,0,295,0,0,0,0,0,0,0,0,0,0,0,0,0,0,0,0
230805,4,2,8,8,60,0,0,0,-1,0,132562,7,0,60,0,0,0,0,0,0,0,166,0,0,0,0,0,0,0,0,0,0,0,0,0,0,0,0
230811,4,0,4,11,60,0,0,0,-1,0,133384,14,0,0,0,0,0,0,0,0,0,0,0,0,0,0,0,0,0,0,0,0,0,0,0,0,0,0
20622,4,0,4,2,60,0,0,0,-1,0,133305,14,0,0,0,0,0,0,0,0,0,0,0,0,0,0,0,0,0,0,0,0,0,0,0,0,0,0
230840,4,0,4,2,60,0,0,0,-1,0,133305,14,0,0,0,0,0,0,0,0,0,0,0,0,0,0,0,0,0,0,0,0,0,0,0,0,0,0
234158,4,0,4,2,60,0,0,0,-1,0,133305,14,0,0,0,0,0,0,0,0,0,0,0,0,0,0,0,0,0,0,0,0,0,0,0,0,0,0
230839,4,0,4,11,60,0,0,0,-1,0,133383,14,0,0,0,0,0,0,0,0,0,0,0,0,0,0,0,0,0,0,0,0,0,0,0,0,0,0
21621,4,1,7,16,60,0,0,0,-1,0,133753,7,0,0,0,0,0,0,0,0,0,59,0,0,0,0,0,0,0,0,0,0,0,0,0,0,0,0
230744,4,1,7,16,60,0,0,0,-1,0,133753,7,0,0,0,0,0,0,0,0,0,59,0,0,0,0,0,0,0,0,0,0,0,0,0,0,0,0
230741,4,4,6,8,60,0,0,0,-1,0,132585,11,0,75,0,0,0,0,0,0,0,596,0,0,0,0,0,0,0,0,0,0,0,0,0,0,0,0
230740,4,2,8,3,60,0,0,0,-1,0,135039,7,0,70,0,0,0,0,0,0,0,170,0,0,0,0,0,0,0,0,0,0,0,0,0,0,0,0
230742,4,2,8,10,60,0,0,0,-1,0,132953,7,0,40,0,0,0,0,0,0,0,142,0,0,0,0,0,0,0,0,0,0,0,0,0,0,0,0
230745,4,4,6,6,60,0,0,0,-1,0,132500,11,0,55,0,0,0,0,0,0,0,488,0,0,0,0,0,0,0,0,0,0,0,0,0,0,0,0
230800,4,3,5,6,60,0,0,0,-1,0,132510,10,0,50,0,0,0,0,0,0,0,275,0,0,0,0,0,0,0,0,0,0,0,0,0,0,0,0
230256,4,4,6,3,60,0,0,0,-1,0,135054,11,0,100,0,0,0,0,0,0,0,634,0,0,0,0,0,0,0,0,0,0,0,0,0,0,0,0
230269,4,0,3,12,60,0,0,0,-1,0,134136,24,0,0,0,0,0,0,0,0,0,0,0,0,0,0,0,0,0,0,0,0,0,0,0,0,0,0
230255,4,2,8,6,60,0,0,0,-1,0,132505,7,0,40,0,0,0,0,0,0,0,125,0,0,0,0,0,0,0,0,0,0,0,0,0,0,0,0
230257,4,0,4,11,60,0,0,0,-1,0,133385,14,0,0,0,0,0,0,0,0,0,0,0,0,0,0,0,0,0,0,0,0,0,0,0,0,0,0
21697,4,1,7,16,60,0,0,0,-1,0,133770,7,0,0,0,0,0,0,0,0,0,57,0,0,0,0,0,0,0,0,0,0,0,0,0,0,0,0
230277,4,1,7,16,60,0,0,0,-1,0,133770,7,0,0,0,0,0,0,0,0,0,57,0,0,0,0,0,0,0,0,0,0,0,0,0,0,0,0
233737,4,1,7,16,60,0,0,0,-1,0,133770,7,0,0,0,0,0,0,0,0,0,57,0,0,0,0,0,0,0,0,0,0,0,0,0,0,0,0
230279,4,3,5,7,60,0,0,0,-1,0,134671,10,0,105,0,0,0,0,0,0,0,417,0,0,0,0,0,0,0,0,0,0,0,0,0,0,0,0
230278,4,4,6,7,60,0,0,0,-1,0,134692,11,0,120,0,0,0,0,0,0,0,740,0,0,0,0,0,0,0,0,0,0,0,0,0,0,0,0
230281,4,0,3,11,60,0,0,0,-1,0,133376,14,0,0,0,0,0,0,0,0,0,0,0,0,0,0,0,0,0,0,0,0,0,0,0,0,0,0
230725,4,2,8,5,60,0,0,0,-1,0,132723,7,0,120,0,0,0,0,0,0,0,222,0,0,0,0,0,0,0,0,0,0,0,0,0,0,0,0
230733,4,1,7,16,60,0,0,0,-1,0,133768,7,0,0,0,0,0,0,0,0,0,57,0,0,0,0,0,0,0,0,0,0,0,0,0,0,0,0
234079,4,1,7,16,60,0,0,0,-1,0,133768,7,0,0,0,0,0,0,0,0,0,57,0,0,0,0,0,0,0,0,0,0,0,0,0,0,0,0
230736,4,0,4,12,60,0,0,0,-1,0,133605,21,0,0,0,0,0,0,0,0,0,0,0,0,0,0,0,0,0,0,0,0,0,0,0,0,0,0
230734,4,0,4,11,60,0,0,0,-1,0,133379,14,0,0,0,0,0,0,0,0,0,0,0,0,0,0,0,0,0,0,0,0,0,0,0,0,0,0
230735,4,3,5,7,60,0,0,0,-1,0,134669,10,0,105,0,0,0,0,0,0,0,417,0,35,0,0,0,0,0,0,0,0,0,0,0,0,0,0
230846,4,0,3,11,60,0,0,0,-1,0,133366,14,0,0,0,0,0,0,0,0,0,0,0,0,0,0,0,0,0,0,0,0,0,0,0,0,0,0
21809,4,0,0,2,60,0,0,0,-1,0,133301,14,0,0,0,0,0,0,0,0,0,0,0,0,0,0,0,0,0,0,0,0,0,0,0,0,0,0
19579,4,0,4,2,0,0,0,0,-1,0,133310,24,0,0,0,0,0,0,0,0,0,0,0,0,0,0,0,0,0,0,0,0,0,0,0,0,0,0
19591,4,0,4,2,0,0,0,0,-1,0,133310,24,0,0,0,0,0,0,0,0,0,0,0,0,0,0,0,0,0,0,0,0,0,0,0,0,0,0
19585,4,0,4,2,0,0,0,0,-1,0,133311,24,0,0,0,0,0,0,0,0,0,0,0,0,0,0,0,0,0,0,0,0,0,0,0,0,0,0
19586,4,0,4,2,0,0,0,0,-1,0,133312,24,0,0,0,0,0,0,0,0,0,0,0,0,0,0,0,0,0,0,0,0,0,0,0,0,0,0
19594,4,0,0,2,0,0,0,0,-1,0,133313,24,0,0,0,0,0,0,0,0,0,0,0,0,0,0,0,0,0,0,0,0,0,0,0,0,0,0
19601,4,0,0,2,0,0,0,0,-1,0,133313,24,0,0,0,0,0,0,0,0,0,0,0,0,0,0,0,0,0,0,0,0,0,0,0,0,0,0
19605,4,0,0,2,0,0,0,0,-1,0,133313,24,0,0,0,0,0,0,0,0,0,0,0,0,0,0,0,0,0,0,0,0,0,0,0,0,0,0
19609,4,0,0,2,0,0,0,0,-1,0,133313,24,0,0,0,0,0,0,0,0,0,0,0,0,0,0,0,0,0,0,0,0,0,0,0,0,0,0
19613,4,0,0,2,0,0,0,0,-1,0,133313,24,0,0,0,0,0,0,0,0,0,0,0,0,0,0,0,0,0,0,0,0,0,0,0,0,0,0
19617,4,0,0,2,0,0,0,0,-1,0,133313,24,0,0,0,0,0,0,0,0,0,0,0,0,0,0,0,0,0,0,0,0,0,0,0,0,0,0
19621,4,0,0,2,0,0,0,0,-1,0,133313,24,0,0,0,0,0,0,0,0,0,0,0,0,0,0,0,0,0,0,0,0,0,0,0,0,0,0
231328,4,0,4,2,0,0,0,0,-1,0,133313,24,0,0,0,0,0,0,0,0,0,0,0,0,0,0,0,0,0,0,0,0,0,0,0,0,0,0
19599,4,0,0,2,0,0,0,0,-1,0,133311,24,0,0,0,0,0,0,0,0,0,0,0,0,0,0,0,0,0,0,0,0,0,0,0,0,0,0
19603,4,0,0,2,0,0,0,0,-1,0,133311,24,0,0,0,0,0,0,0,0,0,0,0,0,0,0,0,0,0,0,0,0,0,0,0,0,0,0
19607,4,0,0,2,0,0,0,0,-1,0,133311,24,0,0,0,0,0,0,0,0,0,0,0,0,0,0,0,0,0,0,0,0,0,0,0,0,0,0
19611,4,0,0,2,0,0,0,0,-1,0,133311,24,0,0,0,0,0,0,0,0,0,0,0,0,0,0,0,0,0,0,0,0,0,0,0,0,0,0
19615,4,0,0,2,0,0,0,0,-1,0,133311,24,0,0,0,0,0,0,0,0,0,0,0,0,0,0,0,0,0,0,0,0,0,0,0,0,0,0
19619,4,0,0,2,0,0,0,0,-1,0,133311,24,0,0,0,0,0,0,0,0,0,0,0,0,0,0,0,0,0,0,0,0,0,0,0,0,0,0
19600,4,0,0,2,0,0,0,0,-1,0,133312,24,0,0,0,0,0,0,0,0,0,0,0,0,0,0,0,0,0,0,0,0,0,0,0,0,0,0
19604,4,0,0,2,0,0,0,0,-1,0,133312,24,0,0,0,0,0,0,0,0,0,0,0,0,0,0,0,0,0,0,0,0,0,0,0,0,0,0
19608,4,0,0,2,0,0,0,0,-1,0,133312,24,0,0,0,0,0,0,0,0,0,0,0,0,0,0,0,0,0,0,0,0,0,0,0,0,0,0
19612,4,0,0,2,0,0,0,0,-1,0,133312,24,0,0,0,0,0,0,0,0,0,0,0,0,0,0,0,0,0,0,0,0,0,0,0,0,0,0
19616,4,0,0,2,0,0,0,0,-1,0,133312,24,0,0,0,0,0,0,0,0,0,0,0,0,0,0,0,0,0,0,0,0,0,0,0,0,0,0
19620,4,0,0,2,0,0,0,0,-1,0,133312,24,0,0,0,0,0,0,0,0,0,0,0,0,0,0,0,0,0,0,0,0,0,0,0,0,0,0
19602,4,0,0,2,0,0,0,0,-1,0,133310,24,0,0,0,0,0,0,0,0,0,0,0,0,0,0,0,0,0,0,0,0,0,0,0,0,0,0
19606,4,0,0,2,0,0,0,0,-1,0,133310,24,0,0,0,0,0,0,0,0,0,0,0,0,0,0,0,0,0,0,0,0,0,0,0,0,0,0
19610,4,0,0,2,0,0,0,0,-1,0,133310,24,0,0,0,0,0,0,0,0,0,0,0,0,0,0,0,0,0,0,0,0,0,0,0,0,0,0
19614,4,0,0,2,0,0,0,0,-1,0,133310,24,0,0,0,0,0,0,0,0,0,0,0,0,0,0,0,0,0,0,0,0,0,0,0,0,0,0
19618,4,0,0,2,0,0,0,0,-1,0,133310,24,0,0,0,0,0,0,0,0,0,0,0,0,0,0,0,0,0,0,0,0,0,0,0,0,0,0
19825,4,4,6,5,0,0,0,0,-1,0,132742,9,0,165,0,0,0,0,0,0,0,738,0,0,0,0,0,0,0,0,0,0,0,0,0,0,0,0
19826,4,4,6,6,0,0,0,0,-1,0,132521,9,0,55,0,0,0,0,0,0,0,391,0,0,0,0,0,0,0,0,0,0,0,0,0,0,0,0
19827,4,4,6,9,0,0,0,0,-1,0,132613,9,0,55,0,0,0,0,0,0,0,304,0,0,0,0,0,0,0,0,0,0,0,0,0,0,0,0
231321,4,3,5,3,0,0,0,0,-1,0,135053,11,0,85,0,0,0,0,0,0,0,326,0,0,0,0,0,0,0,0,0,0,0,0,0,0,0,0
231307,4,0,3,2,60,0,0,0,-1,0,133309,24,0,0,0,0,0,0,0,0,0,0,0,0,0,0,0,0,0,0,0,0,0,0,0,0,0,0
19920,4,0,3,11,60,0,0,0,-1,0,133389,24,0,0,0,0,0,0,0,0,0,0,0,0,0,0,0,0,0,0,0,0,0,0,0,0,0,0
230915,4,0,3,11,60,0,0,0,-1,0,133389,24,0,0,0,0,0,0,0,0,0,0,0,0,0,0,0,0,0,0,0,0,0,0,0,0,0,0
231000,4,0,3,11,60,0,0,0,-1,0,133389,24,0,0,0,0,0,0,0,0,0,0,0,0,0,0,0,0,0,0,0,0,0,0,0,0,0,0
230922,4,0,3,2,60,0,0,0,-1,0,133308,24,0,0,0,0,0,0,0,0,0,0,0,0,0,0,0,0,0,0,0,0,0,0,0,0,0,0
19912,4,0,3,11,60,0,0,0,-1,0,133381,24,0,0,0,0,0,0,0,0,0,0,0,0,0,0,0,0,0,0,0,0,0,0,0,0,0,0
230943,4,0,3,11,60,0,0,0,-1,0,133381,24,0,0,0,0,0,0,0,0,0,0,0,0,0,0,0,0,0,0,0,0,0,0,0,0,0,0
230999,4,0,3,11,60,0,0,0,-1,0,133381,24,0,0,0,0,0,0,0,0,0,0,0,0,0,0,0,0,0,0,0,0,0,0,0,0,0,0
211925,2,6,1,17,60,1,0,0,-1,0,135582,9,0,120,0,0,0,0,0,0,0,0,0,0,0,0,0,0,175,0,0,0,0,263,0,0,0,0
231306,4,0,3,2,60,0,0,0,-1,0,133306,24,0,0,0,0,0,0,0,0,0,0,0,0,0,0,0,0,0,0,0,0,0,0,0,0,0,0
231003,4,0,3,2,60,0,0,0,-1,0,133387,24,0,0,0,0,0,0,0,0,0,0,0,0,0,0,0,0,0,0,0,0,0,0,0,0,0,0
231005,4,0,7,23,60,7,0,0,-1,0,133640,18,0,0,0,0,0,0,0,0,0,0,0,0,0,0,0,0,0,0,0,0,0,0,0,0,0,0
19905,4,0,3,11,60,0,0,0,-1,0,133388,24,0,0,0,0,0,0,0,0,0,0,0,0,0,0,0,0,0,0,0,0,0,0,0,0,0,0
230867,4,0,3,11,60,0,0,0,-1,0,133388,24,0,0,0,0,0,0,0,0,0,0,0,0,0,0,0,0,0,0,0,0,0,0,0,0,0,0
231001,4,0,3,11,60,0,0,0,-1,0,133388,24,0,0,0,0,0,0,0,0,0,0,0,0,0,0,0,0,0,0,0,0,0,0,0,0,0,0
19925,4,0,3,11,60,0,0,0,-1,0,133386,24,0,0,0,0,0,0,0,0,0,0,0,0,0,0,0,0,0,0,0,0,0,0,0,0,0,0
230921,4,0,3,11,60,0,0,0,-1,0,133386,24,0,0,0,0,0,0,0,0,0,0,0,0,0,0,0,0,0,0,0,0,0,0,0,0,0,0
230929,4,0,3,11,60,0,0,0,-1,0,133386,24,0,0,0,0,0,0,0,0,0,0,0,0,0,0,0,0,0,0,0,0,0,0,0,0,0,0
230941,4,0,3,23,60,7,0,0,-1,0,133728,24,0,0,0,0,0,0,0,0,0,0,0,0,0,0,0,0,0,0,0,0,0,0,0,0,0,0
230913,4,0,3,2,60,0,0,0,-1,0,133290,24,0,0,0,0,0,0,0,0,0,0,0,0,0,0,0,0,0,0,0,0,0,0,0,0,0,0
230920,4,0,3,12,60,0,0,0,-1,0,135723,24,0,0,0,0,0,0,0,0,0,0,0,0,0,0,0,0,0,0,0,0,0,0,0,0,0,0
231271,4,0,1,12,60,0,0,0,-1,0,133003,24,0,0,0,0,0,0,0,0,0,0,0,0,0,0,0,0,0,0,0,0,0,0,0,0,0,0
19949,4,0,3,12,0,0,0,0,-1,0,133300,24,0,0,0,0,0,0,0,0,0,0,0,0,0,0,0,0,0,0,0,0,0,0,0,0,0,0
19950,4,0,3,12,0,0,0,0,-1,0,133300,24,0,0,0,0,0,0,0,0,0,0,0,0,0,0,0,0,0,0,0,0,0,0,0,0,0,0
19952,4,0,1,12,60,0,0,0,-1,0,133306,24,0,0,0,0,0,0,0,0,0,0,0,0,0,0,0,0,0,0,0,0,0,0,0,0,0,0
19953,4,0,1,12,60,0,0,0,-1,0,133306,24,0,0,0,0,0,0,0,0,0,0,0,0,0,0,0,0,0,0,0,0,0,0,0,0,0,0
19954,4,0,1,12,60,0,0,0,-1,0,133306,24,0,0,0,0,0,0,0,0,0,0,0,0,0,0,0,0,0,0,0,0,0,0,0,0,0,0
19955,4,0,1,12,60,0,0,0,-1,0,133306,24,0,0,0,0,0,0,0,0,0,0,0,0,0,0,0,0,0,0,0,0,0,0,0,0,0,0
19956,4,0,1,12,60,0,0,0,-1,0,133306,24,0,0,0,0,0,0,0,0,0,0,0,0,0,0,0,0,0,0,0,0,0,0,0,0,0,0
19957,4,0,1,12,60,0,0,0,-1,0,133306,24,0,0,0,0,0,0,0,0,0,0,0,0,0,0,0,0,0,0,0,0,0,0,0,0,0,0
19958,4,0,1,12,60,0,0,0,-1,0,133306,24,0,0,0,0,0,0,0,0,0,0,0,0,0,0,0,0,0,0,0,0,0,0,0,0,0,0
19959,4,0,1,12,60,0,0,0,-1,0,133306,24,0,0,0,0,0,0,0,0,0,0,0,0,0,0,0,0,0,0,0,0,0,0,0,0,0,0
231280,4,0,1,12,60,0,0,0,-1,0,133306,24,0,0,0,0,0,0,0,0,0,0,0,0,0,0,0,0,0,0,0,0,0,0,0,0,0,0
231281,4,0,1,12,60,0,0,0,-1,0,133306,24,0,0,0,0,0,0,0,0,0,0,0,0,0,0,0,0,0,0,0,0,0,0,0,0,0,0
231282,4,0,1,12,60,0,0,0,-1,0,133306,24,0,0,0,0,0,0,0,0,0,0,0,0,0,0,0,0,0,0,0,0,0,0,0,0,0,0
231283,4,0,1,12,60,0,0,0,-1,0,133306,24,0,0,0,0,0,0,0,0,0,0,0,0,0,0,0,0,0,0,0,0,0,0,0,0,0,0
231284,4,0,1,12,60,0,0,0,-1,0,133306,24,0,0,0,0,0,0,0,0,0,0,0,0,0,0,0,0,0,0,0,0,0,0,0,0,0,0
231285,4,0,1,12,60,0,0,0,-1,0,133306,24,0,0,0,0,0,0,0,0,0,0,0,0,0,0,0,0,0,0,0,0,0,0,0,0,0,0
231286,4,0,1,12,60,0,0,0,-1,0,133306,24,0,0,0,0,0,0,0,0,0,0,0,0,0,0,0,0,0,0,0,0,0,0,0,0,0,0
231287,4,0,1,12,60,0,0,0,-1,0,133306,24,0,0,0,0,0,0,0,0,0,0,0,0,0,0,0,0,0,0,0,0,0,0,0,0,0,0
231288,4,0,1,12,60,0,0,0,-1,0,133306,24,0,0,0,0,0,0,0,0,0,0,0,0,0,0,0,0,0,0,0,0,0,0,0,0,0,0
20042,4,4,6,6,58,0,0,0,-1,0,132503,11,0,45,0,0,0,0,0,0,0,369,0,0,0,0,0,0,0,0,0,0,0,0,0,0,0,0
20177,4,4,6,6,58,0,0,0,-1,0,132503,11,0,45,0,0,0,0,0,0,0,369,0,0,0,0,0,0,0,0,0,0,0,0,0,0,0,0
20204,4,4,6,6,58,0,0,0,-1,0,132503,11,0,45,0,0,0,0,0,0,0,369,0,0,0,0,0,0,0,0,0,0,0,0,0,0,0,0
20044,4,3,5,6,58,0,0,0,-1,0,132509,10,0,40,0,0,0,0,0,0,0,208,0,0,0,0,0,0,0,0,0,0,0,0,0,0,0,0
20150,4,3,5,6,58,0,0,0,-1,0,132509,10,0,40,0,0,0,0,0,0,0,208,0,0,0,0,0,0,0,0,0,0,0,0,0,0,0,0
20195,4,3,5,6,58,0,0,0,-1,0,132509,10,0,40,0,0,0,0,0,0,0,208,0,0,0,0,0,0,0,0,0,0,0,0,0,0,0,0
20046,4,2,8,6,58,0,0,0,-1,0,132506,7,0,35,0,0,0,0,0,0,0,99,0,0,0,0,0,0,0,0,0,0,0,0,0,0,0,0
20171,4,2,8,6,58,0,0,0,-1,0,132506,7,0,35,0,0,0,0,0,0,0,99,0,0,0,0,0,0,0,0,0,0,0,0,0,0,0,0
20190,4,2,8,6,58,0,0,0,-1,0,132506,7,0,35,0,0,0,0,0,0,0,99,0,0,0,0,0,0,0,0,0,0,0,0,0,0,0,0
20049,4,4,6,8,58,0,0,0,-1,0,132585,11,0,65,0,0,0,0,0,0,0,452,0,0,0,0,0,0,0,0,0,0,0,0,0,0,0,0
20181,4,4,6,8,58,0,0,0,-1,0,132585,11,0,65,0,0,0,0,0,0,0,452,0,0,0,0,0,0,0,0,0,0,0,0,0,0,0,0
20208,4,4,6,8,58,0,0,0,-1,0,132585,11,0,65,0,0,0,0,0,0,0,452,0,0,0,0,0,0,0,0,0,0,0,0,0,0,0,0
20051,4,3,5,8,58,0,0,0,-1,0,132545,10,0,60,0,0,0,0,0,0,0,255,0,0,0,0,0,0,0,0,0,0,0,0,0,0,0,0
20154,4,3,5,8,58,0,0,0,-1,0,132545,10,0,60,0,0,0,0,0,0,0,255,0,0,0,0,0,0,0,0,0,0,0,0,0,0,0,0
20199,4,3,5,8,58,0,0,0,-1,0,132545,10,0,60,0,0,0,0,0,0,0,255,0,0,0,0,0,0,0,0,0,0,0,0,0,0,0,0
20186,4,2,8,8,58,0,0,0,-1,0,132562,7,0,50,0,0,0,0,0,0,0,121,0,0,0,0,0,0,0,0,0,0,0,0,0,0,0,0
20167,4,2,8,8,58,0,0,0,-1,0,132561,7,0,50,0,0,0,0,0,0,0,121,0,0,0,0,0,0,0,0,0,0,0,0,0,0,0,0
20158,4,3,6,3,60,0,0,0,-1,0,135032,10,0,85,0,0,0,0,0,0,0,312,0,0,0,0,0,0,0,0,0,0,0,0,0,0,0,0
20203,4,3,6,3,60,0,0,0,-1,0,135050,10,0,85,0,0,0,0,0,0,0,312,0,0,0,0,0,0,0,0,0,0,0,0,0,0,0,0
20058,4,4,5,3,60,0,0,0,-1,0,135032,11,0,100,0,0,0,0,0,0,0,553,0,0,0,0,0,0,0,0,0,0,0,0,0,0,0,0
20212,4,4,5,3,60,0,0,0,-1,0,135032,11,0,100,0,0,0,0,0,0,0,553,0,0,0,0,0,0,0,0,0,0,0,0,0,0,0,0
20060,4,2,8,3,60,0,0,0,-1,0,135055,7,0,70,0,0,0,0,0,0,0,148,0,0,0,0,0,0,0,0,0,0,0,0,0,0,0,0
20175,4,2,8,3,60,0,0,0,-1,0,135055,7,0,70,0,0,0,0,0,0,0,148,0,0,0,0,0,0,0,0,0,0,0,0,0,0,0,0
20194,4,2,8,3,60,0,0,0,-1,0,135055,7,0,70,0,0,0,0,0,0,0,148,0,0,0,0,0,0,0,0,0,0,0,0,0,0,0,0
20073,4,1,7,16,60,0,0,0,-1,0,133754,7,0,0,0,0,0,0,0,0,0,50,0,0,0,0,0,0,0,0,0,0,0,0,0,0,0,0
20220,2,10,2,17,60,2,0,0,-1,0,135466,13,0,120,0,0,0,0,0,0,0,100,0,0,0,0,0,0,156,0,0,0,0,262,0,0,0,0
20214,2,15,1,21,60,3,0,0,-1,0,135311,8,0,75,0,0,0,0,0,0,0,40,0,0,0,0,0,0,56,0,0,0,0,105,0,0,0,0
20072,4,0,4,12,58,0,0,0,-1,0,133438,14,0,0,0,0,0,0,0,0,0,0,0,0,0,0,0,0,0,0,0,0,0,0,0,0,0,0
20118,4,3,5,6,48,0,0,0,-1,0,132509,10,0,40,0,0,0,0,0,0,0,178,0,0,0,0,0,0,0,0,0,0,0,0,0,0,0,0
20151,4,3,5,6,48,0,0,0,-1,0,132509,10,0,40,0,0,0,0,0,0,0,178,0,0,0,0,0,0,0,0,0,0,0,0,0,0,0,0
20196,4,3,5,6,48,0,0,0,-1,0,132509,10,0,40,0,0,0,0,0,0,0,178,0,0,0,0,0,0,0,0,0,0,0,0,0,0,0,0
20119,4,3,5,6,40,0,0,0,-1,0,132509,10,0,40,0,0,0,0,0,0,0,149,0,0,0,0,0,0,0,0,0,0,0,0,0,0,0,0
20153,4,3,5,6,40,0,0,0,-1,0,132509,10,0,40,0,0,0,0,0,0,0,149,0,0,0,0,0,0,0,0,0,0,0,0,0,0,0,0
20198,4,3,5,6,40,0,0,0,-1,0,132509,10,0,40,0,0,0,0,0,0,0,149,0,0,0,0,0,0,0,0,0,0,0,0,0,0,0,0
20120,4,2,5,6,28,0,0,0,-1,0,132509,7,0,35,0,0,0,0,0,0,0,61,0,0,0,0,0,0,0,0,0,0,0,0,0,0,0,0
20152,4,2,5,6,28,0,0,0,-1,0,132509,7,0,35,0,0,0,0,0,0,0,61,0,0,0,0,0,0,0,0,0,0,0,0,0,0,0,0
20197,4,2,5,6,28,0,0,0,-1,0,132509,7,0,35,0,0,0,0,0,0,0,61,0,0,0,0,0,0,0,0,0,0,0,0,0,0,0,0
20121,4,3,5,8,48,0,0,0,-1,0,132545,10,0,60,0,0,0,0,0,0,0,218,0,0,0,0,0,0,0,0,0,0,0,0,0,0,0,0
20155,4,3,5,8,48,0,0,0,-1,0,132545,10,0,60,0,0,0,0,0,0,0,218,0,0,0,0,0,0,0,0,0,0,0,0,0,0,0,0
20202,4,3,5,8,48,0,0,0,-1,0,132545,10,0,60,0,0,0,0,0,0,0,218,0,0,0,0,0,0,0,0,0,0,0,0,0,0,0,0
20122,4,3,5,8,40,0,0,0,-1,0,132545,10,0,60,0,0,0,0,0,0,0,183,0,0,0,0,0,0,0,0,0,0,0,0,0,0,0,0
20156,4,3,5,8,40,0,0,0,-1,0,132545,10,0,60,0,0,0,0,0,0,0,183,0,0,0,0,0,0,0,0,0,0,0,0,0,0,0,0
20200,4,3,5,8,40,0,0,0,-1,0,132545,10,0,60,0,0,0,0,0,0,0,183,0,0,0,0,0,0,0,0,0,0,0,0,0,0,0,0
20123,4,2,5,8,28,0,0,0,-1,0,132545,7,0,50,0,0,0,0,0,0,0,74,0,0,0,0,0,0,0,0,0,0,0,0,0,0,0,0
20201,4,2,5,8,28,0,0,0,-1,0,132545,7,0,50,0,0,0,0,0,0,0,74,0,0,0,0,0,0,0,0,0,0,0,0,0,0,0,0
20170,4,2,8,8,48,0,0,0,-1,0,132561,7,0,50,0,0,0,0,0,0,0,105,0,0,0,0,0,0,0,0,0,0,0,0,0,0,0,0
20168,4,2,8,8,38,0,0,0,-1,0,132561,7,0,50,0,0,0,0,0,0,0,89,0,0,0,0,0,0,0,0,0,0,0,0,0,0,0,0
20169,4,2,8,8,28,0,0,0,-1,0,132561,7,0,50,0,0,0,0,0,0,0,74,0,0,0,0,0,0,0,0,0,0,0,0,0,0,0,0
20115,4,2,8,6,48,0,0,0,-1,0,132506,7,0,35,0,0,0,0,0,0,0,86,0,0,0,0,0,0,0,0,0,0,0,0,0,0,0,0
20174,4,2,8,6,48,0,0,0,-1,0,132506,7,0,35,0,0,0,0,0,0,0,86,0,0,0,0,0,0,0,0,0,0,0,0,0,0,0,0
20193,4,2,8,6,48,0,0,0,-1,0,132506,7,0,35,0,0,0,0,0,0,0,86,0,0,0,0,0,0,0,0,0,0,0,0,0,0,0,0
20116,4,2,8,6,38,0,0,0,-1,0,132506,7,0,35,0,0,0,0,0,0,0,73,0,0,0,0,0,0,0,0,0,0,0,0,0,0,0,0
20173,4,2,8,6,38,0,0,0,-1,0,132506,7,0,35,0,0,0,0,0,0,0,73,0,0,0,0,0,0,0,0,0,0,0,0,0,0,0,0
20192,4,2,8,6,38,0,0,0,-1,0,132506,7,0,35,0,0,0,0,0,0,0,73,0,0,0,0,0,0,0,0,0,0,0,0,0,0,0,0
20117,4,2,8,6,28,0,0,0,-1,0,132506,7,0,35,0,0,0,0,0,0,0,61,0,0,0,0,0,0,0,0,0,0,0,0,0,0,0,0
20172,4,2,8,6,28,0,0,0,-1,0,132506,7,0,35,0,0,0,0,0,0,0,61,0,0,0,0,0,0,0,0,0,0,0,0,0,0,0,0
20191,4,2,8,6,28,0,0,0,-1,0,132506,7,0,35,0,0,0,0,0,0,0,61,0,0,0,0,0,0,0,0,0,0,0,0,0,0,0,0
20124,4,4,6,6,48,0,0,0,-1,0,132503,11,0,45,0,0,0,0,0,0,0,313,0,0,0,0,0,0,0,0,0,0,0,0,0,0,0,0
20179,4,4,6,6,48,0,0,0,-1,0,132503,11,0,45,0,0,0,0,0,0,0,313,0,0,0,0,0,0,0,0,0,0,0,0,0,0,0,0
20205,4,4,6,6,48,0,0,0,-1,0,132503,11,0,45,0,0,0,0,0,0,0,313,0,0,0,0,0,0,0,0,0,0,0,0,0,0,0,0
20125,4,4,6,6,40,0,0,0,-1,0,132503,11,0,45,0,0,0,0,0,0,0,236,0,0,0,0,0,0,0,0,0,0,0,0,0,0,0,0
20180,4,4,6,6,40,0,0,0,-1,0,132503,11,0,45,0,0,0,0,0,0,0,236,0,0,0,0,0,0,0,0,0,0,0,0,0,0,0,0
20206,4,4,6,6,40,0,0,0,-1,0,132503,11,0,45,0,0,0,0,0,0,0,236,0,0,0,0,0,0,0,0,0,0,0,0,0,0,0,0
20178,4,3,6,6,28,0,0,0,-1,0,132503,11,0,40,0,0,0,0,0,0,0,128,0,0,0,0,0,0,0,0,0,0,0,0,0,0,0,0
20127,4,4,6,8,48,0,0,0,-1,0,132585,11,0,65,0,0,0,0,0,0,0,383,0,0,0,0,0,0,0,0,0,0,0,0,0,0,0,0
20185,4,4,6,8,48,0,0,0,-1,0,132585,11,0,65,0,0,0,0,0,0,0,383,0,0,0,0,0,0,0,0,0,0,0,0,0,0,0,0
20211,4,4,6,8,48,0,0,0,-1,0,132585,11,0,65,0,0,0,0,0,0,0,383,0,0,0,0,0,0,0,0,0,0,0,0,0,0,0,0
20128,4,4,6,8,40,0,0,0,-1,0,132585,11,0,65,0,0,0,0,0,0,0,289,0,0,0,0,0,0,0,0,0,0,0,0,0,0,0,0
20183,4,4,6,8,40,0,0,0,-1,0,132585,11,0,65,0,0,0,0,0,0,0,289,0,0,0,0,0,0,0,0,0,0,0,0,0,0,0,0
20209,4,4,6,8,40,0,0,0,-1,0,132585,11,0,65,0,0,0,0,0,0,0,289,0,0,0,0,0,0,0,0,0,0,0,0,0,0,0,0
20182,4,3,6,8,28,0,0,0,-1,0,132585,11,0,60,0,0,0,0,0,0,0,157,0,0,0,0,0,0,0,0,0,0,0,0,0,0,0,0
20189,4,2,8,8,48,0,0,0,-1,0,132562,7,0,50,0,0,0,0,0,0,0,105,0,0,0,0,0,0,0,0,0,0,0,0,0,0,0,0
20187,4,2,8,8,38,0,0,0,-1,0,132562,7,0,50,0,0,0,0,0,0,0,89,0,0,0,0,0,0,0,0,0,0,0,0,0,0,0,0
20188,4,2,8,8,28,0,0,0,-1,0,132562,7,0,50,0,0,0,0,0,0,0,74,0,0,0,0,0,0,0,0,0,0,0,0,0,0,0,0
20207,4,3,6,6,28,0,0,0,-1,0,132503,10,0,40,0,0,0,0,0,0,0,128,0,0,0,0,0,0,0,0,0,0,0,0,0,0,0,0
20210,4,3,6,8,28,0,0,0,-1,0,132585,10,0,60,0,0,0,0,0,0,0,157,0,0,0,0,0,0,0,0,0,0,0,0,0,0,0,0
228249,4,0,3,2,60,0,0,0,-1,0,133278,14,0,0,0,0,0,0,0,0,0,0,0,0,0,0,0,0,0,0,0,0,0,0,0,0,0,0
227874,4,3,5,7,55,0,0,0,-1,0,134667,10,0,90,0,0,0,0,0,0,0,310,0,0,0,0,0,12,0,0,0,0,0,0,0,0,0,0
227878,4,3,5,10,51,0,0,0,-1,0,132946,10,0,40,0,0,0,0,0,0,0,208,0,0,9,0,0,0,0,0,0,0,0,0,0,0,0,0
20592,4,0,0,1,0,0,0,0,-1,0,134164,0,0,0,0,0,0,0,0,0,0,0,0,0,0,0,0,0,0,0,0,0,0,0,0,0,0,0
20584,4,0,0,1,0,0,0,0,-1,0,134165,0,0,0,0,0,0,0,0,0,0,0,0,0,0,0,0,0,0,0,0,0,0,0,0,0,0,0
20591,4,0,0,1,0,0,0,0,-1,0,134159,0,0,0,0,0,0,0,0,0,0,0,0,0,0,0,0,0,0,0,0,0,0,0,0,0,0,0
20583,4,0,0,1,0,0,0,0,-1,0,134160,0,0,0,0,0,0,0,0,0,0,0,0,0,0,0,0,0,0,0,0,0,0,0,0,0,0,0
20586,4,0,0,1,0,0,0,0,-1,0,134162,0,0,0,0,0,0,0,0,0,0,0,0,0,0,0,0,0,0,0,0,0,0,0,0,0,0,0
20594,4,0,0,1,0,0,0,0,-1,0,132089,0,0,0,0,0,0,0,0,0,0,0,0,0,0,0,0,0,0,0,0,0,0,0,0,0,0,0
20585,4,0,0,1,0,0,0,0,-1,0,134167,0,0,0,0,0,0,0,0,0,0,0,0,0,0,0,0,0,0,0,0,0,0,0,0,0,0,0
20593,4,0,0,1,0,0,0,0,-1,0,134173,0,0,0,0,0,0,0,0,0,0,0,0,0,0,0,0,0,0,0,0,0,0,0,0,0,0,0
20589,4,0,0,1,0,0,0,0,-1,0,134178,0,0,0,0,0,0,0,0,0,0,0,0,0,0,0,0,0,0,0,0,0,0,0,0,0,0,0
20597,4,0,0,1,0,0,0,0,-1,0,134177,0,0,0,0,0,0,0,0,0,0,0,0,0,0,0,0,0,0,0,0,0,0,0,0,0,0,0
20587,4,0,0,1,0,0,0,0,-1,0,134171,0,0,0,0,0,0,0,0,0,0,0,0,0,0,0,0,0,0,0,0,0,0,0,0,0,0,0
20595,4,0,0,1,0,0,0,0,-1,0,132366,0,0,0,0,0,0,0,0,0,0,0,0,0,0,0,0,0,0,0,0,0,0,0,0,0,0,0
20588,4,0,0,1,0,0,0,0,-1,0,134175,0,0,0,0,0,0,0,0,0,0,0,0,0,0,0,0,0,0,0,0,0,0,0,0,0,0,0
20596,4,0,0,1,0,0,0,0,-1,0,134174,0,0,0,0,0,0,0,0,0,0,0,0,0,0,0,0,0,0,0,0,0,0,0,0,0,0,0
20598,4,0,0,1,0,0,0,0,-1,0,134179,0,0,0,0,0,0,0,0,0,0,0,0,0,0,0,0,0,0,0,0,0,0,0,0,0,0,0
20590,4,0,0,1,0,0,0,0,-1,0,134180,0,0,0,0,0,0,0,0,0,0,0,0,0,0,0,0,0,0,0,0,0,0,0,0,0,0,0
234154,4,0,3,23,60,0,0,0,-1,0,134333,14,0,0,0,0,0,0,0,0,0,0,0,0,0,0,0,0,0,0,0,0,0,0,0,0,0,0
234155,4,0,4,11,60,0,0,0,-1,0,133379,14,0,0,0,0,0,0,0,0,0,0,0,0,20,0,0,0,0,0,0,0,0,0,0,0,0,0
234160,4,0,1,11,60,0,0,0,-1,0,133380,14,0,0,0,0,0,0,0,0,0,0,0,0,0,0,0,0,0,0,0,0,0,0,0,0,0,0
234169,4,0,4,11,60,0,0,0,-1,0,133346,14,0,0,0,0,0,0,0,0,0,0,0,0,0,0,0,0,0,0,0,0,0,0,0,0,0,0
234175,4,0,3,12,60,0,0,0,-1,0,134134,24,0,0,0,0,0,0,0,0,0,0,0,0,0,0,0,0,0,0,0,0,0,0,0,0,0,0
22337,4,1,7,16,58,0,0,0,-1,0,133771,7,0,0,0,0,0,0,0,0,0,45,0,0,0,0,0,0,0,0,0,0,0,0,0,0,0,0
20700,4,4,6,7,0,0,0,0,-1,0,134694,11,0,100,0,0,0,0,0,0,0,575,0,0,25,0,0,0,0,0,0,0,0,0,0,0,0,0
20702,4,3,5,7,0,0,0,0,-1,0,134660,11,0,90,0,0,0,0,0,0,0,324,0,0,25,0,0,0,0,0,0,0,0,0,0,0,0,0
20704,4,2,8,7,0,0,0,0,-1,0,134626,7,0,75,0,0,0,0,0,0,0,154,0,0,25,0,0,0,0,0,0,0,0,0,0,0,0,0
20711,4,4,6,8,0,0,0,0,-1,0,132583,11,0,65,0,0,0,0,0,0,0,452,0,0,0,0,0,0,0,0,0,0,0,0,0,0,0,0
20713,4,3,5,10,0,0,0,0,-1,0,132945,10,0,40,0,0,0,0,0,0,0,231,0,0,0,0,0,0,0,0,0,0,0,0,0,0,0,0
20715,4,2,8,8,0,0,0,0,-1,0,132542,7,0,50,0,0,0,0,0,0,0,121,0,0,0,0,0,0,0,0,0,0,0,0,0,0,0,0
21117,4,0,4,12,48,0,0,0,-1,0,133438,14,0,0,0,0,0,0,0,0,0,0,0,0,0,0,0,0,0,0,0,0,0,0,0,0,0,0
21118,4,0,4,12,38,0,0,0,-1,0,133438,14,0,0,0,0,0,0,0,0,0,0,0,0,0,0,0,0,0,0,0,0,0,0,0,0,0,0
21120,4,0,4,12,28,0,0,0,-1,0,133438,14,0,0,0,0,0,0,0,0,0,0,0,0,0,0,0,0,0,0,0,0,0,0,0,0,0,0
234462,4,0,3,12,0,0,0,0,-1,0,136006,14,0,0,0,0,0,0,0,0,0,0,0,0,0,0,0,0,0,0,0,0,0,0,0,0,0,0
234779,4,0,3,12,0,0,0,0,-1,0,134182,14,0,0,0,0,0,0,0,0,0,0,0,0,0,0,0,0,0,0,0,0,0,0,0,0,0,0
234749,4,0,3,23,0,7,0,0,-1,0,134125,19,0,0,0,0,0,0,0,0,0,0,0,0,0,0,0,0,0,0,0,0,0,0,0,0,0,0
234463,4,0,3,11,0,0,0,0,-1,0,133382,14,0,0,0,0,0,0,0,0,0,0,0,0,0,0,0,0,0,0,0,0,0,0,0,0,0,0
21197,4,0,3,11,60,0,0,0,-1,0,133382,24,0,0,0,0,0,0,0,0,0,0,0,0,0,0,0,0,0,0,0,0,0,0,0,0,0,0
21198,4,0,3,11,60,0,0,0,-1,0,133382,24,0,0,0,0,0,0,0,0,0,0,0,0,0,0,0,0,0,0,0,0,0,0,0,0,0,0
21199,4,0,3,11,60,0,0,0,-1,0,133382,24,0,0,0,0,0,0,0,0,0,0,0,0,0,0,0,0,0,0,0,0,0,0,0,0,0,0
21200,4,0,3,11,60,0,0,0,-1,0,133382,24,0,0,0,0,0,0,0,0,0,0,0,0,0,0,0,0,0,0,0,0,0,0,0,0,0,0
21201,4,0,3,11,60,0,0,0,-1,0,133382,24,0,0,0,0,0,0,0,0,0,0,0,0,0,0,0,0,0,0,0,0,0,0,0,0,0,0
21202,4,0,3,11,60,0,0,0,-1,0,133382,24,0,0,0,0,0,0,0,0,0,0,0,0,0,0,0,0,0,0,0,0,0,0,0,0,0,0
21203,4,0,3,11,60,0,0,0,-1,0,133382,24,0,0,0,0,0,0,0,0,0,0,0,0,0,0,0,0,0,0,0,0,0,0,0,0,0,0
21204,4,0,3,11,60,0,0,0,-1,0,133382,24,0,0,0,0,0,0,0,0,0,0,0,0,0,0,0,0,0,0,0,0,0,0,0,0,0,0
21205,4,0,3,11,60,0,0,0,-1,0,133382,24,0,0,0,0,0,0,0,0,0,0,0,0,0,0,0,0,0,0,0,0,0,0,0,0,0,0
21206,4,0,3,11,60,0,0,0,-1,0,133382,24,0,0,0,0,0,0,0,0,0,0,0,0,0,0,0,0,0,0,0,0,0,0,0,0,0,0
21207,4,0,3,11,60,0,0,0,-1,0,133382,24,0,0,0,0,0,0,0,0,0,0,0,0,0,0,0,0,0,0,0,0,0,0,0,0,0,0
21208,4,0,3,11,60,0,0,0,-1,0,133382,24,0,0,0,0,0,0,0,0,0,0,0,0,0,0,0,0,0,0,0,0,0,0,0,0,0,0
21209,4,0,3,11,60,0,0,0,-1,0,133382,24,0,0,0,0,0,0,0,0,0,0,0,0,0,0,0,0,0,0,0,0,0,0,0,0,0,0
21210,4,0,3,11,60,0,0,0,-1,0,133382,24,0,0,0,0,0,0,0,0,0,0,0,0,0,0,0,0,0,0,0,0,0,0,0,0,0,0
234016,4,0,3,11,60,0,0,0,-1,0,133382,24,0,0,0,0,0,0,0,0,0,0,0,0,0,0,0,0,0,0,0,0,0,0,0,0,0,0
234017,4,0,3,11,60,0,0,0,-1,0,133382,24,0,0,0,0,0,0,0,0,0,0,0,0,0,0,0,0,0,0,0,0,0,0,0,0,0,0
234018,4,0,3,11,60,0,0,0,-1,0,133382,24,0,0,0,0,0,0,0,0,0,0,0,0,0,0,0,0,0,0,0,0,0,0,0,0,0,0
234019,4,0,3,11,60,0,0,0,-1,0,133382,24,0,0,0,0,0,0,0,0,0,0,0,0,0,0,0,0,0,0,0,0,0,0,0,0,0,0
234020,4,0,3,11,60,0,0,0,-1,0,133382,24,0,0,0,0,0,0,0,0,0,0,0,0,0,0,0,0,0,0,0,0,0,0,0,0,0,0
234021,4,0,3,11,60,0,0,0,-1,0,133382,24,0,0,0,0,0,0,0,0,0,0,0,0,0,0,0,0,0,0,0,0,0,0,0,0,0,0
234022,4,0,3,11,60,0,0,0,-1,0,133382,24,0,0,0,0,0,0,0,0,0,0,0,0,0,0,0,0,0,0,0,0,0,0,0,0,0,0
234023,4,0,3,11,60,0,0,0,-1,0,133382,24,0,0,0,0,0,0,0,0,0,0,0,0,0,0,0,0,0,0,0,0,0,0,0,0,0,0
234024,4,0,3,11,60,0,0,0,-1,0,133382,24,0,0,0,0,0,0,0,0,0,0,0,0,0,0,0,0,0,0,0,0,0,0,0,0,0,0
234025,4,0,3,11,60,0,0,0,-1,0,133382,24,0,0,0,0,0,0,0,0,0,0,0,0,0,0,0,0,0,0,0,0,0,0,0,0,0,0
234026,4,0,3,11,60,0,0,0,-1,0,133382,24,0,0,0,0,0,0,0,0,0,0,0,0,0,0,0,0,0,0,0,0,0,0,0,0,0,0
234027,4,0,3,11,60,0,0,0,-1,0,133382,24,0,0,0,0,0,0,0,0,0,0,0,0,0,0,0,0,0,0,0,0,0,0,0,0,0,0
234028,4,0,3,11,60,0,0,0,-1,0,133382,24,0,0,0,0,0,0,0,0,0,0,0,0,0,0,0,0,0,0,0,0,0,0,0,0,0,0
234029,4,0,3,11,60,0,0,0,-1,0,133382,24,0,0,0,0,0,0,0,0,0,0,0,0,0,0,0,0,0,0,0,0,0,0,0,0,0,0
234030,4,0,3,11,60,0,0,0,-1,0,133382,24,0,0,0,0,0,0,0,0,0,0,0,0,0,0,0,0,0,0,0,0,0,0,0,0,0,0
234031,4,0,3,11,60,0,0,0,-1,0,133382,24,0,0,0,0,0,0,0,0,0,0,0,0,0,0,0,0,0,0,0,0,0,0,0,0,0,0
234032,4,0,3,11,60,0,0,0,-1,0,133382,24,0,0,0,0,0,0,0,0,0,0,0,0,0,0,0,0,0,0,0,0,0,0,0,0,0,0
234033,4,0,3,11,60,0,0,0,-1,0,133382,24,0,0,0,0,0,0,0,0,0,0,0,0,0,0,0,0,0,0,0,0,0,0,0,0,0,0
234034,4,0,3,11,60,0,0,0,-1,0,133382,24,0,0,0,0,0,0,0,0,0,0,0,0,0,0,0,0,0,0,0,0,0,0,0,0,0,0
234035,4,0,3,11,60,0,0,0,-1,0,133382,24,0,0,0,0,0,0,0,0,0,0,0,0,0,0,0,0,0,0,0,0,0,0,0,0,0,0
234198,4,0,3,11,60,0,0,0,-1,0,133382,24,0,0,0,0,0,0,0,0,0,0,0,0,0,0,0,0,0,0,0,0,0,0,0,0,0,0
234199,4,0,3,11,60,0,0,0,-1,0,133382,24,0,0,0,0,0,0,0,0,0,0,0,0,0,0,0,0,0,0,0,0,0,0,0,0,0,0
234200,4,0,3,11,60,0,0,0,-1,0,133382,24,0,0,0,0,0,0,0,0,0,0,0,0,0,0,0,0,0,0,0,0,0,0,0,0,0,0
234201,4,0,3,11,60,0,0,0,-1,0,133382,24,0,0,0,0,0,0,0,0,0,0,0,0,0,0,0,0,0,0,0,0,0,0,0,0,0,0
234202,4,0,3,11,60,0,0,0,-1,0,133382,24,0,0,0,0,0,0,0,0,0,0,0,0,0,0,0,0,0,0,0,0,0,0,0,0,0,0
234436,4,0,3,11,60,0,0,0,-1,0,133382,24,0,0,0,0,0,0,0,0,0,0,0,0,0,0,0,0,0,0,0,0,0,0,0,0,0,0
234437,4,0,3,11,60,0,0,0,-1,0,133382,24,0,0,0,0,0,0,0,0,0,0,0,0,0,0,0,0,0,0,0,0,0,0,0,0,0,0
234438,4,0,3,11,60,0,0,0,-1,0,133382,24,0,0,0,0,0,0,0,0,0,0,0,0,0,0,0,0,0,0,0,0,0,0,0,0,0,0
234439,4,0,3,11,60,0,0,0,-1,0,133382,24,0,0,0,0,0,0,0,0,0,0,0,0,0,0,0,0,0,0,0,0,0,0,0,0,0,0
234440,4,0,3,11,60,0,0,0,-1,0,133382,24,0,0,0,0,0,0,0,0,0,0,0,0,0,0,0,0,0,0,0,0,0,0,0,0,0,0
234964,4,0,3,11,60,0,0,0,-1,0,133382,24,0,0,0,0,0,0,0,0,0,0,0,0,0,0,0,0,0,0,0,0,0,0,0,0,0,0
234965,4,0,3,11,60,0,0,0,-1,0,133382,24,0,0,0,0,0,0,0,0,0,0,0,0,0,0,0,0,0,0,0,0,0,0,0,0,0,0
234966,4,0,3,11,60,0,0,0,-1,0,133382,24,0,0,0,0,0,0,0,0,0,0,0,0,0,0,0,0,0,0,0,0,0,0,0,0,0,0
234967,4,0,3,11,60,0,0,0,-1,0,133382,24,0,0,0,0,0,0,0,0,0,0,0,0,0,0,0,0,0,0,0,0,0,0,0,0,0,0
234968,4,0,3,11,60,0,0,0,-1,0,133382,24,0,0,0,0,0,0,0,0,0,0,0,0,0,0,0,0,0,0,0,0,0,0,0,0,0,0
234807,4,6,1,14,60,4,0,0,-1,0,134969,9,0,120,0,0,0,0,0,0,0,2964,0,0,0,0,0,0,0,0,0,0,0,0,0,0,0,0
21275,2,10,2,17,60,2,0,0,-1,0,135157,13,0,120,0,0,0,0,0,0,0,0,0,0,0,0,0,0,189,0,0,0,0,284,0,0,0,0
234808,2,10,2,17,60,2,0,0,-1,0,135157,13,0,120,0,0,0,0,0,0,0,0,0,0,0,0,0,0,189,0,0,0,0,284,0,0,0,0
234809,2,10,2,17,60,2,0,0,-1,0,135157,13,0,120,0,0,0,0,0,0,0,0,0,0,0,0,0,0,189,0,0,0,0,284,0,0,0,0
235000,2,10,2,17,60,2,0,0,-1,0,135157,13,0,120,0,0,0,0,0,0,0,0,0,0,0,0,0,0,189,0,0,0,0,284,0,0,0,0
235001,2,10,2,17,60,2,0,0,-1,0,135157,13,0,120,0,0,0,0,0,0,0,0,0,0,0,0,0,0,189,0,0,0,0,284,0,0,0,0
233375,4,4,1,1,60,0,0,0,-1,0,133174,11,0,100,0,0,0,0,0,0,0,739,0,0,0,0,0,0,0,0,0,0,0,0,0,0,0,0
233653,4,4,1,1,60,0,0,0,-1,0,133174,11,0,100,0,0,0,0,0,0,0,739,0,0,0,0,0,0,0,0,0,0,0,0,0,0,0,0
21391,4,4,6,3,60,0,0,0,-1,0,135066,11,0,100,0,0,0,0,0,0,0,659,0,0,0,0,0,0,0,0,0,0,0,0,0,0,0,0
233376,4,4,6,3,60,0,0,0,-1,0,135066,11,0,100,0,0,0,0,0,0,0,659,0,0,0,0,0,0,0,0,0,0,0,0,0,0,0,0
233401,4,4,6,3,60,0,0,0,-1,0,135066,11,0,100,0,0,0,0,0,0,0,659,0,0,0,0,0,0,0,0,0,0,0,0,0,0,0,0
233658,4,4,6,3,60,0,0,0,-1,0,135066,11,0,100,0,0,0,0,0,0,0,659,0,0,0,0,0,0,0,0,0,0,0,0,0,0,0,0
233684,4,4,6,3,60,0,0,0,-1,0,135066,11,0,100,0,0,0,0,0,0,0,659,0,0,0,0,0,0,0,0,0,0,0,0,0,0,0,0
233689,4,4,6,3,60,0,0,0,-1,0,135066,11,0,100,0,0,0,0,0,0,0,659,0,0,0,0,0,0,0,0,0,0,0,0,0,0,0,0
233373,4,4,6,5,60,0,0,0,-1,0,132747,11,0,165,0,0,0,0,0,0,0,985,0,0,0,0,0,0,0,0,0,0,0,0,0,0,0,0
233651,4,4,6,5,60,0,0,0,-1,0,132747,11,0,165,0,0,0,0,0,0,0,985,0,0,0,0,0,0,0,0,0,0,0,0,0,0,0,0
233374,4,4,1,7,60,0,0,0,-1,0,134679,11,0,120,0,0,0,0,0,0,0,796,0,0,0,0,0,0,0,0,0,0,0,0,0,0,0,0
233654,4,4,1,7,60,0,0,0,-1,0,134679,11,0,120,0,0,0,0,0,0,0,796,0,0,0,0,0,0,0,0,0,0,0,0,0,0,0,0
233372,4,4,1,8,60,0,0,0,-1,0,132586,11,0,75,0,0,0,0,0,0,0,604,0,0,0,0,0,0,0,0,0,0,0,0,0,0,0,0
233652,4,4,1,8,60,0,0,0,-1,0,132586,11,0,75,0,0,0,0,0,0,0,604,0,0,0,0,0,0,0,0,0,0,0,0,0,0,0,0
233412,4,2,8,1,60,0,0,0,-1,0,133074,7,0,70,0,0,0,0,0,0,0,192,0,0,0,0,0,0,0,0,0,0,0,0,0,0,0,0
233709,4,2,8,1,60,0,0,0,-1,0,133074,7,0,70,0,0,0,0,0,0,0,192,0,0,0,0,0,0,0,0,0,0,0,0,0,0,0,0
233718,4,2,8,1,60,0,0,0,-1,0,133074,7,0,70,0,0,0,0,0,0,0,192,0,0,0,0,0,0,0,0,0,0,0,0,0,0,0,0
233723,4,2,8,1,60,0,0,0,-1,0,133074,7,0,70,0,0,0,0,0,0,0,192,0,0,0,0,0,0,0,0,0,0,0,0,0,0,0,0
21361,4,2,8,3,60,0,0,0,-1,0,135034,7,0,70,0,0,0,0,0,0,0,172,0,0,0,0,0,0,0,0,0,0,0,0,0,0,0,0
233387,4,2,8,3,60,0,0,0,-1,0,135034,7,0,70,0,0,0,0,0,0,0,172,0,0,0,0,0,0,0,0,0,0,0,0,0,0,0,0
233413,4,2,8,3,60,0,0,0,-1,0,135034,7,0,70,0,0,0,0,0,0,0,172,0,0,0,0,0,0,0,0,0,0,0,0,0,0,0,0
233663,4,2,8,3,60,0,0,0,-1,0,135034,7,0,70,0,0,0,0,0,0,0,172,0,0,0,0,0,0,0,0,0,0,0,0,0,0,0,0
233713,4,2,8,3,60,0,0,0,-1,0,135034,7,0,70,0,0,0,0,0,0,0,172,0,0,0,0,0,0,0,0,0,0,0,0,0,0,0,0
233717,4,2,8,3,60,0,0,0,-1,0,135034,7,0,70,0,0,0,0,0,0,0,172,0,0,0,0,0,0,0,0,0,0,0,0,0,0,0,0
233722,4,2,8,3,60,0,0,0,-1,0,135034,7,0,70,0,0,0,0,0,0,0,172,0,0,0,0,0,0,0,0,0,0,0,0,0,0,0,0
233414,4,2,8,8,60,0,0,0,-1,0,132564,7,0,60,0,0,0,0,0,0,0,158,0,0,0,0,0,0,0,0,0,0,0,0,0,0,0,0
233712,4,2,8,8,60,0,0,0,-1,0,132564,7,0,60,0,0,0,0,0,0,0,158,0,0,0,0,0,0,0,0,0,0,0,0,0,0,0,0
233716,4,2,8,8,60,0,0,0,-1,0,132564,7,0,60,0,0,0,0,0,0,0,158,0,0,0,0,0,0,0,0,0,0,0,0,0,0,0,0
233721,4,2,8,8,60,0,0,0,-1,0,132564,7,0,60,0,0,0,0,0,0,0,158,0,0,0,0,0,0,0,0,0,0,0,0,0,0,0,0
233416,4,2,8,7,60,0,0,0,-1,0,134626,7,0,90,0,0,0,0,0,0,0,207,0,0,0,0,0,0,0,0,0,0,0,0,0,0,0,0
233710,4,2,8,7,60,0,0,0,-1,0,134626,7,0,90,0,0,0,0,0,0,0,207,0,0,0,0,0,0,0,0,0,0,0,0,0,0,0,0
233714,4,2,8,7,60,0,0,0,-1,0,134626,7,0,90,0,0,0,0,0,0,0,207,0,0,0,0,0,0,0,0,0,0,0,0,0,0,0,0
233719,4,2,8,7,60,0,0,0,-1,0,134626,7,0,90,0,0,0,0,0,0,0,207,0,0,0,0,0,0,0,0,0,0,0,0,0,0,0,0
21364,4,2,8,5,60,0,0,0,-1,0,132723,7,0,120,0,0,0,0,0,0,0,253,0,0,0,0,0,0,0,0,0,0,0,0,0,0,0,0
233389,4,2,8,5,60,0,0,0,-1,0,132723,7,0,120,0,0,0,0,0,0,0,253,0,0,0,0,0,0,0,0,0,0,0,0,0,0,0,0
233415,4,2,8,5,60,0,0,0,-1,0,132723,7,0,120,0,0,0,0,0,0,0,253,0,0,0,0,0,0,0,0,0,0,0,0,0,0,0,0
233659,4,2,8,5,60,0,0,0,-1,0,132723,7,0,120,0,0,0,0,0,0,0,253,0,0,0,0,0,0,0,0,0,0,0,0,0,0,0,0
233711,4,2,8,5,60,0,0,0,-1,0,132723,7,0,120,0,0,0,0,0,0,0,253,0,0,0,0,0,0,0,0,0,0,0,0,0,0,0,0
233715,4,2,8,5,60,0,0,0,-1,0,132723,7,0,120,0,0,0,0,0,0,0,253,0,0,0,0,0,0,0,0,0,0,0,0,0,0,0,0
233720,4,2,8,5,60,0,0,0,-1,0,132723,7,0,120,0,0,0,0,0,0,0,253,0,0,0,0,0,0,0,0,0,0,0,0,0,0,0,0
233391,4,2,8,8,60,0,0,0,-1,0,132542,7,0,60,0,0,0,0,0,0,0,158,0,0,0,0,0,0,0,0,0,0,0,0,0,0,0,0
233660,4,2,8,8,60,0,0,0,-1,0,132542,7,0,60,0,0,0,0,0,0,0,158,0,0,0,0,0,0,0,0,0,0,0,0,0,0,0,0
233388,4,2,8,1,60,0,0,0,-1,0,133072,7,0,70,0,0,0,0,0,0,0,192,0,0,0,0,0,0,0,0,0,0,0,0,0,0,0,0
233661,4,2,8,1,60,0,0,0,-1,0,133072,7,0,70,0,0,0,0,0,0,0,192,0,0,0,0,0,0,0,0,0,0,0,0,0,0,0,0
233390,4,2,8,7,60,0,0,0,-1,0,134632,7,0,90,0,0,0,0,0,0,0,207,0,0,0,0,0,0,0,0,0,0,0,0,0,0,0,0
233662,4,2,8,7,60,0,0,0,-1,0,134632,7,0,90,0,0,0,0,0,0,0,207,0,0,0,0,0,0,0,0,0,0,0,0,0,0,0,0
233407,4,3,5,8,60,0,0,0,-1,0,132551,10,0,70,0,0,0,0,0,0,0,340,0,0,0,0,0,0,0,0,0,0,0,0,0,0,0,0
233665,4,3,5,8,60,0,0,0,-1,0,132551,10,0,70,0,0,0,0,0,0,0,340,0,0,0,0,0,0,0,0,0,0,0,0,0,0,0,0
21372,4,3,5,1,60,0,0,0,-1,0,133175,10,0,85,0,0,0,0,0,0,0,416,0,0,0,0,0,0,0,0,0,0,0,0,0,0,0,0
233385,4,3,5,1,60,0,0,0,-1,0,133175,10,0,85,0,0,0,0,0,0,0,416,0,0,0,0,0,0,0,0,0,0,0,0,0,0,0,0
233410,4,3,5,1,60,0,0,0,-1,0,133175,10,0,85,0,0,0,0,0,0,0,416,0,0,0,0,0,0,0,0,0,0,0,0,0,0,0,0
233666,4,3,5,1,60,0,0,0,-1,0,133175,10,0,85,0,0,0,0,0,0,0,416,0,0,0,0,0,0,0,0,0,0,0,0,0,0,0,0
233695,4,3,5,1,60,0,0,0,-1,0,133175,10,0,85,0,0,0,0,0,0,0,416,0,0,0,0,0,0,0,0,0,0,0,0,0,0,0,0
233700,4,3,5,1,60,0,0,0,-1,0,133175,10,0,85,0,0,0,0,0,0,0,416,0,0,0,0,0,0,0,0,0,0,0,0,0,0,0,0
233705,4,3,5,1,60,0,0,0,-1,0,133175,10,0,85,0,0,0,0,0,0,0,416,0,0,0,0,0,0,0,0,0,0,0,0,0,0,0,0
233409,4,3,5,3,60,0,0,0,-1,0,135067,10,0,85,0,0,0,0,0,0,0,384,0,0,0,0,0,0,0,0,0,0,0,0,0,0,0,0
233668,4,3,5,3,60,0,0,0,-1,0,135067,10,0,85,0,0,0,0,0,0,0,384,0,0,0,0,0,0,0,0,0,0,0,0,0,0,0,0
233408,4,3,5,7,60,0,0,0,-1,0,134663,10,0,105,0,0,0,0,0,0,0,448,0,0,0,0,0,0,0,0,0,0,0,0,0,0,0,0
233667,4,3,5,7,60,0,0,0,-1,0,134663,10,0,105,0,0,0,0,0,0,0,448,0,0,0,0,0,0,0,0,0,0,0,0,0,0,0,0
233411,4,3,5,5,60,0,0,0,-1,0,132626,10,0,140,0,0,0,0,0,0,0,553,0,0,0,0,0,0,0,0,0,0,0,0,0,0,0,0
233664,4,3,5,5,60,0,0,0,-1,0,132626,10,0,140,0,0,0,0,0,0,0,553,0,0,0,0,0,0,0,0,0,0,0,0,0,0,0,0
233384,4,3,5,8,60,0,0,0,-1,0,132550,10,0,70,0,0,0,0,0,0,0,340,0,0,0,0,0,0,0,0,0,0,0,0,0,0,0,0
233696,4,3,5,8,60,0,0,0,-1,0,132550,10,0,70,0,0,0,0,0,0,0,340,0,0,0,0,0,0,0,0,0,0,0,0,0,0,0,0
233701,4,3,5,8,60,0,0,0,-1,0,132550,10,0,70,0,0,0,0,0,0,0,340,0,0,0,0,0,0,0,0,0,0,0,0,0,0,0,0
233706,4,3,5,8,60,0,0,0,-1,0,132550,10,0,70,0,0,0,0,0,0,0,340,0,0,0,0,0,0,0,0,0,0,0,0,0,0,0,0
233386,4,3,5,5,60,0,0,0,-1,0,132635,10,0,140,0,0,0,0,0,0,0,553,0,0,0,0,0,0,0,0,0,0,0,0,0,0,0,0
233694,4,3,5,5,60,0,0,0,-1,0,132635,10,0,140,0,0,0,0,0,0,0,553,0,0,0,0,0,0,0,0,0,0,0,0,0,0,0,0
233699,4,3,5,5,60,0,0,0,-1,0,132635,10,0,140,0,0,0,0,0,0,0,553,0,0,0,0,0,0,0,0,0,0,0,0,0,0,0,0
233704,4,3,5,5,60,0,0,0,-1,0,132635,10,0,140,0,0,0,0,0,0,0,553,0,0,0,0,0,0,0,0,0,0,0,0,0,0,0,0
233382,4,3,5,7,60,0,0,0,-1,0,134662,10,0,105,0,0,0,0,0,0,0,448,0,0,0,0,0,0,0,0,0,0,0,0,0,0,0,0
233698,4,3,5,7,60,0,0,0,-1,0,134662,10,0,105,0,0,0,0,0,0,0,448,0,0,0,0,0,0,0,0,0,0,0,0,0,0,0,0
233703,4,3,5,7,60,0,0,0,-1,0,134662,10,0,105,0,0,0,0,0,0,0,448,0,0,0,0,0,0,0,0,0,0,0,0,0,0,0,0
233708,4,3,5,7,60,0,0,0,-1,0,134662,10,0,105,0,0,0,0,0,0,0,448,0,0,0,0,0,0,0,0,0,0,0,0,0,0,0,0
233383,4,3,5,3,60,0,0,0,-1,0,135034,10,0,85,0,0,0,0,0,0,0,371,0,0,0,0,0,0,0,0,0,0,0,0,0,0,0,0
233697,4,3,5,3,60,0,0,0,-1,0,135034,10,0,85,0,0,0,0,0,0,0,371,0,0,0,0,0,0,0,0,0,0,0,0,0,0,0,0
233702,4,3,5,3,60,0,0,0,-1,0,135034,10,0,85,0,0,0,0,0,0,0,371,0,0,0,0,0,0,0,0,0,0,0,0,0,0,0,0
233707,4,3,5,3,60,0,0,0,-1,0,135034,10,0,85,0,0,0,0,0,0,0,371,0,0,0,0,0,0,0,0,0,0,0,0,0,0,0,0
233398,4,4,6,1,60,0,0,0,-1,0,133174,11,0,100,0,0,0,0,0,0,0,739,0,0,0,0,0,0,0,0,0,0,0,0,0,0,0,0
233687,4,4,6,1,60,0,0,0,-1,0,133174,11,0,100,0,0,0,0,0,0,0,739,0,0,0,0,0,0,0,0,0,0,0,0,0,0,0,0
233692,4,4,6,1,60,0,0,0,-1,0,133174,11,0,100,0,0,0,0,0,0,0,739,0,0,0,0,0,0,0,0,0,0,0,0,0,0,0,0
233399,4,4,6,8,60,0,0,0,-1,0,132550,11,0,75,0,0,0,0,0,0,0,604,0,0,0,0,0,0,0,0,0,0,0,0,0,0,0,0
233686,4,4,6,8,60,0,0,0,-1,0,132550,11,0,75,0,0,0,0,0,0,0,604,0,0,0,0,0,0,0,0,0,0,0,0,0,0,0,0
233691,4,4,6,8,60,0,0,0,-1,0,132550,11,0,75,0,0,0,0,0,0,0,604,0,0,0,0,0,0,0,0,0,0,0,0,0,0,0,0
233397,4,4,6,5,60,0,0,0,-1,0,132738,11,0,165,0,0,0,0,0,0,0,985,0,0,0,0,0,0,0,0,0,0,0,0,0,0,0,0
233688,4,4,6,5,60,0,0,0,-1,0,132738,11,0,165,0,0,0,0,0,0,0,985,0,0,0,0,0,0,0,0,0,0,0,0,0,0,0,0
233693,4,4,6,5,60,0,0,0,-1,0,132738,11,0,165,0,0,0,0,0,0,0,985,0,0,0,0,0,0,0,0,0,0,0,0,0,0,0,0
233400,4,4,6,7,60,0,0,0,-1,0,134678,11,0,120,0,0,0,0,0,0,0,796,0,0,0,0,0,0,0,0,0,0,0,0,0,0,0,0
233685,4,4,6,7,60,0,0,0,-1,0,134678,11,0,120,0,0,0,0,0,0,0,796,0,0,0,0,0,0,0,0,0,0,0,0,0,0,0,0
233690,4,4,6,7,60,0,0,0,-1,0,134678,11,0,120,0,0,0,0,0,0,0,796,0,0,0,0,0,0,0,0,0,0,0,0,0,0,0,0
21396,4,0,4,11,60,0,0,0,-1,0,133425,14,0,0,0,0,0,0,0,0,0,0,0,0,0,0,0,0,0,0,0,0,0,0,0,0,0,0
21399,4,0,4,11,60,0,0,0,-1,0,133425,14,0,0,0,0,0,0,0,0,0,0,0,0,0,0,0,0,0,0,0,0,0,0,0,0,0,0
21402,4,0,4,11,60,0,0,0,-1,0,133425,14,0,0,0,0,0,0,0,0,0,0,0,0,0,0,0,0,0,0,0,0,0,0,0,0,0,0
21405,4,0,4,11,60,0,0,0,-1,0,133425,14,0,0,0,0,0,0,0,0,0,0,0,0,0,0,0,0,0,0,0,0,0,0,0,0,0,0
21408,4,0,4,11,60,0,0,0,-1,0,133425,14,0,0,0,0,0,0,0,0,0,0,0,0,0,0,0,0,0,0,0,0,0,0,0,0,0,0
21411,4,0,4,11,60,0,0,0,-1,0,133425,14,0,0,0,0,0,0,0,0,0,0,0,0,0,0,0,0,0,0,0,0,0,0,0,0,0,0
21414,4,0,4,11,60,0,0,0,-1,0,133425,14,0,0,0,0,0,0,0,0,0,0,0,0,0,0,0,0,0,0,0,0,0,0,0,0,0,0
21417,4,0,4,11,60,0,0,0,-1,0,133425,14,0,0,0,0,0,0,0,0,0,0,0,0,0,0,0,0,0,0,0,0,0,0,0,0,0,0
233419,4,0,4,11,60,0,0,0,-1,0,133425,14,0,0,0,0,0,0,0,0,0,0,0,0,0,0,0,0,0,0,0,0,0,0,0,0,0,0
233422,4,0,4,11,60,0,0,0,-1,0,133425,14,0,0,0,0,0,0,0,0,0,0,0,0,0,0,0,0,0,0,0,0,0,0,0,0,0,0
233425,4,0,4,11,60,0,0,0,-1,0,133425,14,0,0,0,0,0,0,0,0,0,0,0,0,0,0,0,0,0,0,0,0,0,0,0,0,0,0
233428,4,0,4,11,60,0,0,0,-1,0,133425,14,0,0,0,0,0,0,0,0,0,0,0,0,0,0,0,0,0,0,0,0,0,0,0,0,0,0
233431,4,0,4,11,60,0,0,0,-1,0,133425,14,0,0,0,0,0,0,0,0,0,0,0,0,0,0,0,0,0,0,0,0,0,0,0,0,0,0
233434,4,0,4,11,60,0,0,0,-1,0,133425,14,0,0,0,0,0,0,0,0,0,0,0,0,0,0,0,0,0,0,0,0,0,0,0,0,0,0
233437,4,0,4,11,60,0,0,0,-1,0,133425,14,0,0,0,0,0,0,0,0,0,0,0,0,0,0,0,0,0,0,0,0,0,0,0,0,0,0
233440,4,0,4,11,60,0,0,0,-1,0,133425,14,0,0,0,0,0,0,0,0,0,0,0,0,0,0,0,0,0,0,0,0,0,0,0,0,0,0
233443,4,0,4,11,60,0,0,0,-1,0,133425,14,0,0,0,0,0,0,0,0,0,0,0,0,0,0,0,0,0,0,0,0,0,0,0,0,0,0
21418,4,1,7,16,60,0,0,0,-1,0,133772,7,0,0,0,0,0,0,0,0,0,52,0,0,0,0,0,0,0,0,0,0,0,0,0,0,0,0
21413,2,7,1,21,60,3,0,0,-1,0,135367,8,0,105,0,0,0,0,0,0,0,0,0,0,0,0,0,0,83,0,0,0,0,154,0,0,0,0
21412,4,1,7,16,60,0,0,0,-1,0,133768,7,0,0,0,0,0,0,0,0,0,52,0,0,0,0,0,0,0,0,0,0,0,0,0,0,0,0
21470,4,1,7,16,60,0,0,0,-1,0,133768,7,0,0,0,0,0,0,0,0,0,52,0,0,0,0,0,0,0,0,0,0,0,0,0,0,0,0
21409,4,1,7,16,60,0,0,0,-1,0,133767,7,0,0,0,0,0,0,0,0,0,52,0,0,0,0,0,0,0,0,0,0,0,0,0,0,0,0
21415,4,1,7,16,60,0,0,0,-1,0,133771,7,0,0,0,0,0,0,0,0,0,52,0,0,0,0,0,0,0,0,0,0,0,0,0,0,0,0
234076,4,0,3,23,60,7,0,0,-1,0,133498,8,0,0,0,0,0,0,0,0,0,0,0,0,0,0,0,0,0,0,0,0,0,0,0,0,0,0
234080,4,0,4,12,60,0,0,0,-1,0,133884,21,0,0,0,0,0,0,0,0,0,0,0,0,0,0,0,0,0,0,0,0,0,0,0,0,0,0
21695,4,0,4,11,60,0,0,0,-1,0,133426,14,0,0,0,0,0,0,0,0,0,0,0,0,0,0,0,0,0,0,0,0,0,0,0,0,0,0
21707,4,0,4,11,60,0,0,0,-1,0,133426,14,0,0,0,0,0,0,0,0,0,0,0,0,0,0,0,0,0,0,0,0,0,0,0,0,0,0
233507,4,0,4,11,60,0,0,0,-1,0,133426,14,0,0,0,0,0,0,0,0,0,0,0,0,0,0,0,0,0,0,0,0,0,0,0,0,0,0
233524,4,0,4,11,60,0,0,0,-1,0,133426,14,0,0,0,0,0,0,0,0,0,0,0,0,0,0,0,0,0,0,0,0,0,0,0,0,0,0
234083,4,0,4,11,60,0,0,0,-1,0,133426,14,0,0,0,0,0,0,0,0,0,0,0,0,0,0,0,0,0,0,0,0,0,0,0,0,0,0
21681,4,0,4,11,60,0,0,0,-1,0,133427,14,0,0,0,0,0,0,0,0,0,0,0,0,0,0,0,0,0,0,0,0,0,0,0,0,0,0
233569,4,0,4,11,60,0,0,0,-1,0,133427,14,0,0,0,0,0,0,0,0,0,0,0,0,0,0,0,0,0,0,0,0,0,0,0,0,0,0
234101,4,0,4,11,60,0,0,0,-1,0,133427,14,0,0,0,0,0,0,0,0,0,0,0,0,0,0,0,0,0,0,0,0,0,0,0,0,0,0
234092,4,0,4,12,60,0,0,0,-1,0,133571,21,0,0,0,0,0,0,0,0,0,0,0,0,0,0,0,0,0,0,0,0,0,0,0,0,0,0
21505,4,0,4,2,60,0,0,0,-1,0,133341,14,0,0,0,0,0,0,0,0,0,0,0,0,0,0,0,0,0,0,0,0,0,0,0,0,0,0
21506,4,0,4,2,60,0,0,0,-1,0,133341,14,0,0,0,0,0,0,0,0,0,0,0,0,0,0,0,0,0,0,0,0,0,0,0,0,0,0
21507,4,0,4,2,60,0,0,0,-1,0,133341,14,0,0,0,0,0,0,0,0,0,0,0,0,0,0,0,0,0,0,0,0,0,0,0,0,0,0
234811,4,0,4,2,60,0,0,0,-1,0,133341,14,0,0,0,0,0,0,0,0,0,0,0,0,0,0,0,0,0,0,0,0,0,0,0,0,0,0
234812,4,0,4,2,60,0,0,0,-1,0,133341,14,0,0,0,0,0,0,0,0,0,0,0,0,0,0,0,0,0,0,0,0,0,0,0,0,0,0
234813,4,0,4,2,60,0,0,0,-1,0,133341,14,0,0,0,0,0,0,0,0,0,0,0,0,0,0,0,0,0,0,0,0,0,0,0,0,0,0
234814,4,0,4,2,60,0,0,0,-1,0,133341,14,0,0,0,0,0,0,0,0,0,0,0,0,0,0,0,0,0,0,0,0,0,0,0,0,0,0
23028,4,0,4,11,60,0,0,0,-1,0,133377,14,0,0,0,0,0,0,0,0,0,0,0,0,0,20,0,0,0,0,0,0,0,0,0,0,0,0
234135,4,0,4,11,60,0,0,0,-1,0,133377,14,0,0,0,0,0,0,0,0,0,0,0,0,0,20,0,0,0,0,0,0,0,0,0,0,0,0
236274,4,0,4,11,60,0,0,0,-1,0,133377,14,0,0,0,0,0,0,0,0,0,0,0,0,0,20,0,0,0,0,0,0,0,0,0,0,0,0
234130,4,0,3,2,60,0,0,0,-1,0,133304,14,0,0,0,0,0,0,0,0,0,0,0,0,0,0,20,0,0,0,0,0,0,0,0,0,0,0
234132,4,0,4,2,60,0,0,0,-1,0,133309,14,0,0,0,0,0,0,0,0,0,0,0,0,20,0,0,0,0,0,0,0,0,0,0,0,0,0
233639,4,0,4,12,60,0,0,0,-1,0,133574,21,0,0,0,0,0,0,0,0,0,0,0,0,0,0,0,0,0,0,0,0,0,0,0,0,0,0
233637,4,4,6,10,60,0,0,0,-1,0,132965,11,0,55,0,0,0,0,0,0,0,615,0,0,0,0,0,0,0,0,0,0,0,0,0,0,0,0
233641,4,1,7,16,60,0,0,0,-1,0,133754,7,0,0,0,0,0,0,0,0,0,66,0,0,0,0,0,0,0,0,0,0,0,0,0,0,0,0
233635,4,2,5,6,60,0,0,0,-1,0,132515,7,0,40,0,0,0,0,0,0,0,142,0,0,0,0,0,0,0,0,0,0,0,0,0,0,0,0
233638,4,0,4,11,60,0,0,0,-1,0,133428,14,0,0,0,0,0,0,0,0,0,0,0,0,0,0,0,0,0,0,0,0,0,0,0,0,0,0
233616,4,0,3,23,60,0,0,0,-1,0,135472,21,0,0,0,0,0,0,0,0,0,0,0,0,0,0,0,0,0,0,0,0,0,0,0,0,0,0
233614,4,4,6,6,60,0,0,0,-1,0,132520,11,0,55,0,0,0,0,0,0,0,512,0,0,0,0,0,0,0,0,0,0,0,0,0,0,0,0
233613,4,3,5,10,60,0,0,0,-1,0,132962,10,0,50,0,0,0,0,0,0,0,320,0,0,0,0,0,0,0,0,0,0,0,0,0,0,0,0
21620,4,0,4,11,60,0,0,0,-1,0,133423,14,0,0,0,0,0,0,0,0,0,0,0,0,0,0,0,0,0,0,0,0,0,0,0,0,0,0
21677,4,0,4,11,60,0,0,0,-1,0,133423,14,0,0,0,0,0,0,0,0,0,0,0,0,0,0,0,0,0,0,0,0,0,0,0,0,0,0
233600,4,0,4,11,60,0,0,0,-1,0,133423,14,0,0,0,0,0,0,0,0,0,0,0,0,0,0,0,0,0,0,0,0,0,0,0,0,0,0
233609,4,0,4,11,60,0,0,0,-1,0,133423,14,0,0,0,0,0,0,0,0,0,0,0,0,0,0,0,0,0,0,0,0,0,0,0,0,0,0
233615,4,0,4,11,60,0,0,0,-1,0,133423,14,0,0,0,0,0,0,0,0,0,0,0,0,0,0,0,0,0,0,0,0,0,0,0,0,0,0
233612,4,2,8,9,60,0,0,0,-1,0,132612,7,0,40,0,0,0,0,0,0,0,103,0,0,0,0,0,0,0,0,0,0,0,0,0,0,0,0
233571,2,19,2,26,60,0,0,0,-1,0,135468,21,0,75,0,0,5,0,0,0,0,0,0,0,0,0,0,0,114,0,0,0,0,213,0,0,0,0
234976,2,19,2,26,60,0,0,0,-1,0,135468,21,0,75,0,0,5,0,0,0,0,0,0,0,0,0,0,0,114,0,0,0,0,213,0,0,0,0
233618,4,2,8,10,60,0,0,0,-1,0,132953,7,0,40,0,0,0,0,0,0,0,148,0,0,0,0,6,0,0,0,0,0,0,0,0,0,0,0
233623,4,4,6,6,60,0,0,0,-1,0,132523,11,0,55,0,0,0,0,0,0,0,512,0,0,0,0,0,0,0,0,0,0,0,0,0,0,0,0
233622,4,3,5,6,60,0,0,0,-1,0,132521,10,0,50,0,0,0,0,0,0,0,288,0,0,0,0,0,0,0,0,0,0,0,0,0,0,0,0
21700,4,0,4,2,60,0,0,0,-1,0,133339,14,0,0,0,0,0,0,0,0,0,0,0,0,0,0,0,0,0,0,0,0,0,0,0,0,0,0
233503,4,0,4,2,60,0,0,0,-1,0,133339,14,0,0,0,0,0,0,0,0,0,0,0,0,0,0,0,0,0,0,0,0,0,0,0,0,0,0
233620,4,0,4,2,60,0,0,0,-1,0,133339,14,0,0,0,0,0,0,0,0,0,0,0,0,0,0,0,0,0,0,0,0,0,0,0,0,0,0
233619,4,2,8,6,60,0,0,0,-1,0,132500,7,0,40,0,0,0,0,0,0,0,133,0,0,0,0,0,0,0,0,0,0,0,0,0,0,0,0
233629,4,6,2,14,60,4,0,0,-1,0,134970,13,0,120,0,0,0,0,0,0,0,3035,0,0,0,0,0,0,0,0,0,0,0,0,0,0,0,0
233579,4,2,8,10,60,0,0,0,-1,0,132951,7,0,40,0,0,0,0,0,0,0,143,0,0,0,0,0,0,0,0,0,0,0,0,0,0,0,0
233601,4,0,4,12,60,0,0,0,-1,0,133575,21,0,0,0,0,0,0,0,0,0,0,0,0,0,0,0,0,0,0,0,0,0,0,0,0,0,0
233589,4,0,4,12,60,0,0,0,-1,0,133572,21,0,0,0,0,0,0,0,0,0,0,0,0,0,0,0,0,0,0,0,0,0,0,0,0,0,0
21712,4,0,4,2,60,0,0,0,-1,0,133340,14,0,0,0,0,0,0,0,0,0,0,0,0,0,0,0,0,0,0,0,0,0,0,0,0,0,0
233587,4,0,4,2,60,0,0,0,-1,0,133340,14,0,0,0,0,0,0,0,0,0,0,0,0,0,0,0,0,0,0,0,0,0,0,0,0,0,0
234801,4,0,4,2,60,0,0,0,-1,0,133340,14,0,0,0,0,0,0,0,0,0,0,0,0,0,0,0,0,0,0,0,0,0,0,0,0,0,0
233581,4,0,1,23,60,0,0,0,-1,0,134911,12,0,0,0,0,0,0,0,0,0,0,0,0,0,0,0,0,0,0,0,0,0,0,0,0,0,0
233580,4,0,4,12,60,0,0,0,-1,0,133573,21,0,0,0,0,0,0,0,0,0,0,0,0,0,0,0,0,0,0,0,0,0,0,0,0,0,0
233568,4,2,8,5,60,0,0,0,-1,0,132686,7,0,120,0,0,0,0,0,0,0,229,0,0,0,0,0,0,0,0,0,0,0,0,0,0,0,0
233564,4,2,8,10,60,0,0,0,-1,0,132955,7,0,40,0,0,0,0,0,0,0,143,0,0,20,0,0,0,0,0,0,0,0,0,0,0,0,0
233570,4,0,4,12,60,0,0,0,-1,0,133570,21,0,0,0,0,0,0,0,0,0,0,0,0,0,0,0,0,0,0,0,0,0,0,0,0,0,0
233565,4,0,4,11,60,0,0,0,-1,0,133366,14,0,0,0,0,0,0,0,0,0,0,0,0,0,0,20,0,0,0,0,0,0,0,0,0,0,0
233562,4,0,4,2,60,0,0,0,-1,0,133307,14,0,0,0,0,0,0,0,0,0,0,0,0,0,0,0,0,0,0,0,0,0,0,0,0,0,0
234803,4,0,4,11,60,0,0,0,-1,0,133424,14,0,0,0,0,0,0,0,0,0,0,0,0,0,0,0,0,0,0,0,0,0,0,0,0,0,0
234802,4,1,7,16,60,0,0,0,-1,0,133762,7,0,0,0,0,0,0,0,0,0,66,0,0,0,0,0,0,0,0,0,0,0,0,0,0,0,0
234123,4,3,5,1,60,0,0,0,-1,0,133126,11,0,70,0,0,0,0,0,0,0,323,0,0,0,0,0,0,0,0,0,0,0,0,0,0,0,0
233648,4,0,4,11,60,0,0,0,-1,0,133376,14,0,0,0,0,0,0,0,0,0,0,0,0,0,0,0,0,0,0,0,0,0,0,0,0,0,0
233636,2,4,1,21,60,3,0,0,-1,0,133474,8,0,105,0,0,0,0,0,0,0,0,0,0,0,0,0,0,83,0,0,0,0,156,0,0,0,0
235014,2,4,1,21,60,3,0,0,-1,0,133474,8,0,105,0,0,0,0,0,0,0,0,0,0,0,0,0,0,83,0,0,0,0,156,0,0,0,0
233649,4,0,1,12,60,0,0,0,-1,0,133573,14,0,0,0,0,0,0,0,0,0,0,0,0,0,0,0,0,0,0,0,0,0,0,0,0,0,0
226864,4,4,6,6,0,0,0,0,-1,0,132523,11,0,45,0,0,0,0,0,0,0,380,0,0,0,0,0,0,0,0,0,0,0,0,0,0,0,0
226866,4,4,6,6,0,0,0,0,-1,0,132523,11,0,45,0,0,0,0,0,0,0,380,0,0,0,0,0,0,0,0,0,0,0,0,0,0,0,0
226874,4,4,6,6,0,0,0,0,-1,0,132523,11,0,45,0,0,0,0,0,0,0,380,0,0,0,0,0,0,0,0,0,0,0,0,0,0,0,0
22087,4,4,6,8,0,0,0,0,-1,0,132584,11,0,75,0,0,0,0,0,0,0,470,0,0,0,0,0,0,0,0,0,0,0,0,0,0,0,0
226857,4,4,6,8,0,0,0,0,-1,0,132584,11,0,75,0,0,0,0,0,0,0,470,0,0,0,0,0,0,0,0,0,0,0,0,0,0,0,0
226871,4,4,6,8,0,0,0,0,-1,0,132584,11,0,75,0,0,0,0,0,0,0,470,0,0,0,0,0,0,0,0,0,0,0,0,0,0,0,0
226879,4,4,6,8,0,0,0,0,-1,0,132584,11,0,75,0,0,0,0,0,0,0,470,0,0,0,0,0,0,0,0,0,0,0,0,0,0,0,0
226974,4,4,6,8,0,0,0,0,-1,0,132584,11,0,75,0,0,0,0,0,0,0,470,0,0,0,0,0,0,0,0,0,0,0,0,0,0,0,0
226983,4,4,6,8,0,0,0,0,-1,0,132584,11,0,75,0,0,0,0,0,0,0,470,0,0,0,0,0,0,0,0,0,0,0,0,0,0,0,0
226991,4,4,6,8,0,0,0,0,-1,0,132584,11,0,75,0,0,0,0,0,0,0,470,0,0,0,0,0,0,0,0,0,0,0,0,0,0,0,0
226999,4,4,6,8,0,0,0,0,-1,0,132584,11,0,75,0,0,0,0,0,0,0,470,0,0,0,0,0,0,0,0,0,0,0,0,0,0,0,0
226863,4,4,6,9,0,0,0,0,-1,0,132617,11,0,45,0,0,0,0,0,0,0,296,0,0,0,0,0,0,0,0,0,0,0,0,0,0,0,0
226865,4,4,6,9,0,0,0,0,-1,0,132617,11,0,45,0,0,0,0,0,0,0,296,0,0,0,0,0,0,0,0,0,0,0,0,0,0,0,0
226873,4,4,6,9,0,0,0,0,-1,0,132617,11,0,45,0,0,0,0,0,0,0,296,0,0,0,0,0,0,0,0,0,0,0,0,0,0,0,0
22089,4,4,6,5,0,0,0,0,-1,0,132738,11,0,165,0,0,0,0,0,0,0,684,0,0,0,0,0,0,0,0,0,0,0,0,0,0,0,0
226862,4,4,6,5,0,0,0,0,-1,0,132738,11,0,165,0,0,0,0,0,0,0,684,0,0,0,0,0,0,0,0,0,0,0,0,0,0,0,0
226872,4,4,6,5,0,0,0,0,-1,0,132738,11,0,165,0,0,0,0,0,0,0,684,0,0,0,0,0,0,0,0,0,0,0,0,0,0,0,0
226880,4,4,6,5,0,0,0,0,-1,0,132738,11,0,165,0,0,0,0,0,0,0,684,0,0,0,0,0,0,0,0,0,0,0,0,0,0,0,0
226973,4,4,6,5,0,0,0,0,-1,0,132738,11,0,165,0,0,0,0,0,0,0,684,0,0,0,0,0,0,0,0,0,0,0,0,0,0,0,0
226984,4,4,6,5,0,0,0,0,-1,0,132738,11,0,165,0,0,0,0,0,0,0,684,0,0,0,0,0,0,0,0,0,0,0,0,0,0,0,0
226992,4,4,6,5,0,0,0,0,-1,0,132738,11,0,165,0,0,0,0,0,0,0,684,0,0,0,0,0,0,0,0,0,0,0,0,0,0,0,0
227000,4,4,6,5,0,0,0,0,-1,0,132738,11,0,165,0,0,0,0,0,0,0,684,0,0,0,0,0,0,0,0,0,0,0,0,0,0,0,0
226861,4,4,6,10,0,0,0,0,-1,0,132960,11,0,55,0,0,0,0,0,0,0,393,0,0,0,0,0,0,0,0,0,0,0,0,0,0,0,0
226870,4,4,6,10,0,0,0,0,-1,0,132960,11,0,55,0,0,0,0,0,0,0,393,0,0,0,0,0,0,0,0,0,0,0,0,0,0,0,0
226878,4,4,6,10,0,0,0,0,-1,0,132960,11,0,55,0,0,0,0,0,0,0,393,0,0,0,0,0,0,0,0,0,0,0,0,0,0,0,0
226860,4,4,6,1,0,0,0,0,-1,0,133070,11,0,100,0,0,0,0,0,0,0,556,0,0,0,0,0,0,0,0,0,0,0,0,0,0,0,0
226869,4,4,6,1,0,0,0,0,-1,0,133070,11,0,100,0,0,0,0,0,0,0,556,0,0,0,0,0,0,0,0,0,0,0,0,0,0,0,0
226877,4,4,6,1,0,0,0,0,-1,0,133070,11,0,100,0,0,0,0,0,0,0,556,0,0,0,0,0,0,0,0,0,0,0,0,0,0,0,0
22092,4,4,6,7,0,0,0,0,-1,0,134584,11,0,100,0,0,0,0,0,0,0,601,0,0,0,0,0,0,0,0,0,0,0,0,0,0,0,0
226859,4,4,6,7,0,0,0,0,-1,0,134584,11,0,100,0,0,0,0,0,0,0,601,0,0,0,0,0,0,0,0,0,0,0,0,0,0,0,0
226868,4,4,6,7,0,0,0,0,-1,0,134584,11,0,100,0,0,0,0,0,0,0,601,0,0,0,0,0,0,0,0,0,0,0,0,0,0,0,0
226876,4,4,6,7,0,0,0,0,-1,0,134584,11,0,100,0,0,0,0,0,0,0,601,0,0,0,0,0,0,0,0,0,0,0,0,0,0,0,0
226972,4,4,6,7,0,0,0,0,-1,0,134584,11,0,100,0,0,0,0,0,0,0,601,0,0,0,0,0,0,0,0,0,0,0,0,0,0,0,0
226980,4,4,6,7,0,0,0,0,-1,0,134584,11,0,100,0,0,0,0,0,0,0,601,0,0,0,0,0,0,0,0,0,0,0,0,0,0,0,0
226988,4,4,6,7,0,0,0,0,-1,0,134584,11,0,100,0,0,0,0,0,0,0,601,0,0,0,0,0,0,0,0,0,0,0,0,0,0,0,0
226996,4,4,6,7,0,0,0,0,-1,0,134584,11,0,100,0,0,0,0,0,0,0,601,0,0,0,0,0,0,0,0,0,0,0,0,0,0,0,0
226858,4,4,6,3,0,0,0,0,-1,0,135061,11,0,80,0,0,0,0,0,0,0,507,0,0,0,0,0,0,0,0,0,0,0,0,0,0,0,0
226867,4,4,6,3,0,0,0,0,-1,0,135061,11,0,80,0,0,0,0,0,0,0,507,0,0,0,0,0,0,0,0,0,0,0,0,0,0,0,0
226875,4,4,6,3,0,0,0,0,-1,0,135061,11,0,80,0,0,0,0,0,0,0,507,0,0,0,0,0,0,0,0,0,0,0,0,0,0,0,0
226832,4,2,8,6,0,0,0,0,-1,0,132492,7,0,35,0,0,0,0,0,0,0,102,0,0,0,0,0,0,0,0,0,0,0,0,0,0,0,0
226836,4,2,8,6,0,0,0,0,-1,0,132492,7,0,35,0,0,0,0,0,0,0,102,0,0,0,0,0,0,0,0,0,0,0,0,0,0,0,0
226846,4,2,8,6,0,0,0,0,-1,0,132492,7,0,35,0,0,0,0,0,0,0,102,0,0,0,0,0,0,0,0,0,0,0,0,0,0,0,0
22107,4,2,8,8,0,0,0,0,-1,0,132542,7,0,60,0,0,0,0,0,0,0,127,0,0,0,0,0,0,0,0,0,0,0,0,0,0,0,0
226774,4,2,8,8,0,0,0,0,-1,0,132542,7,0,60,0,0,0,0,0,0,0,127,0,0,0,0,0,0,0,0,0,0,0,0,0,0,0,0
226781,4,2,8,8,0,0,0,0,-1,0,132542,7,0,60,0,0,0,0,0,0,0,127,0,0,0,0,0,0,0,0,0,0,0,0,0,0,0,0
226794,4,2,8,8,0,0,0,0,-1,0,132542,7,0,60,0,0,0,0,0,0,0,127,0,0,0,0,0,0,0,0,0,0,0,0,0,0,0,0
226803,4,2,8,8,0,0,0,0,-1,0,132542,7,0,60,0,0,0,0,0,0,0,127,0,0,0,0,0,0,0,0,0,0,0,0,0,0,0,0
226821,4,2,8,8,0,0,0,0,-1,0,132542,7,0,60,0,0,0,0,0,0,0,127,0,0,0,0,0,0,0,0,0,0,0,0,0,0,0,0
226831,4,2,8,8,0,0,0,0,-1,0,132542,7,0,60,0,0,0,0,0,0,0,127,0,0,0,0,0,0,0,0,0,0,0,0,0,0,0,0
226842,4,2,8,8,0,0,0,0,-1,0,132542,7,0,60,0,0,0,0,0,0,0,127,0,0,0,0,0,0,0,0,0,0,0,0,0,0,0,0
226851,4,2,8,8,0,0,0,0,-1,0,132542,7,0,60,0,0,0,0,0,0,0,127,0,0,0,0,0,0,0,0,0,0,0,0,0,0,0,0
226830,4,2,8,9,0,0,0,0,-1,0,132606,7,0,35,0,0,0,0,0,0,0,79,0,0,0,0,0,0,0,0,0,0,0,0,0,0,0,0
226835,4,2,8,9,0,0,0,0,-1,0,132606,7,0,35,0,0,0,0,0,0,0,79,0,0,0,0,0,0,0,0,0,0,0,0,0,0,0,0
226845,4,2,8,9,0,0,0,0,-1,0,132606,7,0,35,0,0,0,0,0,0,0,79,0,0,0,0,0,0,0,0,0,0,0,0,0,0,0,0
226829,4,2,8,1,0,0,0,0,-1,0,133143,7,0,70,0,0,0,0,0,0,0,150,0,0,0,0,0,0,0,0,0,0,0,0,0,0,0,0
226841,4,2,8,1,0,0,0,0,-1,0,133143,7,0,70,0,0,0,0,0,0,0,150,0,0,0,0,0,0,0,0,0,0,0,0,0,0,0,0
226849,4,2,8,1,0,0,0,0,-1,0,133143,7,0,70,0,0,0,0,0,0,0,150,0,0,0,0,0,0,0,0,0,0,0,0,0,0,0,0
226828,4,2,8,10,0,0,0,0,-1,0,132958,7,0,40,0,0,0,0,0,0,0,108,0,0,0,0,0,0,0,0,0,0,0,0,0,0,0,0
226840,4,2,8,10,0,0,0,0,-1,0,132958,7,0,40,0,0,0,0,0,0,0,108,0,0,0,0,0,0,0,0,0,0,0,0,0,0,0,0
226850,4,2,8,10,0,0,0,0,-1,0,132958,7,0,40,0,0,0,0,0,0,0,108,0,0,0,0,0,0,0,0,0,0,0,0,0,0,0,0
226827,4,2,8,7,0,0,0,0,-1,0,134582,7,0,75,0,0,0,0,0,0,0,160,0,0,0,0,0,0,0,0,0,0,0,0,0,0,0,0
226838,4,2,8,7,0,0,0,0,-1,0,134582,7,0,75,0,0,0,0,0,0,0,160,0,0,0,0,0,0,0,0,0,0,0,0,0,0,0,0
226848,4,2,8,7,0,0,0,0,-1,0,134582,7,0,75,0,0,0,0,0,0,0,160,0,0,0,0,0,0,0,0,0,0,0,0,0,0,0,0
228719,4,2,8,7,0,0,0,0,-1,0,134582,7,0,75,0,0,0,0,0,0,0,160,0,0,0,0,0,0,0,0,0,0,0,0,0,0,0,0
226826,4,2,8,3,0,0,0,0,-1,0,135038,7,0,60,0,0,0,0,0,0,0,136,0,0,0,0,0,0,0,0,0,0,0,0,0,0,0,0
226837,4,2,8,3,0,0,0,0,-1,0,135038,7,0,60,0,0,0,0,0,0,0,136,0,0,0,0,0,0,0,0,0,0,0,0,0,0,0,0
226847,4,2,8,3,0,0,0,0,-1,0,135038,7,0,60,0,0,0,0,0,0,0,136,0,0,0,0,0,0,0,0,0,0,0,0,0,0,0,0
226825,4,2,8,5,0,0,0,0,-1,0,132722,7,0,120,0,0,0,0,0,0,0,185,0,0,0,0,0,0,0,0,0,0,0,0,0,0,0,0
226843,4,2,8,5,0,0,0,0,-1,0,132722,7,0,120,0,0,0,0,0,0,0,185,0,0,0,0,0,0,0,0,0,0,0,0,0,0,0,0
226852,4,2,8,5,0,0,0,0,-1,0,132722,7,0,120,0,0,0,0,0,0,0,185,0,0,0,0,0,0,0,0,0,0,0,0,0,0,0,0
226888,4,3,5,6,0,0,0,0,-1,0,132517,10,0,40,0,0,0,0,0,0,0,214,0,0,0,0,0,0,0,0,0,0,0,0,0,0,0,0
226890,4,3,5,6,0,0,0,0,-1,0,132517,10,0,40,0,0,0,0,0,0,0,214,0,0,0,0,0,0,0,0,0,0,0,0,0,0,0,0
226898,4,3,5,6,0,0,0,0,-1,0,132517,10,0,40,0,0,0,0,0,0,0,214,0,0,0,0,0,0,0,0,0,0,0,0,0,0,0,0
226885,4,3,5,9,0,0,0,0,-1,0,132616,10,0,40,0,0,0,0,0,0,0,167,0,0,0,0,0,0,0,0,0,0,0,0,0,0,0,0
226889,4,3,5,9,0,0,0,0,-1,0,132616,10,0,40,0,0,0,0,0,0,0,167,0,0,0,0,0,0,0,0,0,0,0,0,0,0,0,0
226897,4,3,5,9,0,0,0,0,-1,0,132616,10,0,40,0,0,0,0,0,0,0,167,0,0,0,0,0,0,0,0,0,0,0,0,0,0,0,0
226887,4,3,5,1,0,0,0,0,-1,0,133126,10,0,85,0,0,0,0,0,0,0,314,0,0,0,0,0,0,0,0,0,0,0,0,0,0,0,0
226893,4,3,5,1,0,0,0,0,-1,0,133126,10,0,85,0,0,0,0,0,0,0,314,0,0,0,0,0,0,0,0,0,0,0,0,0,0,0,0
226901,4,3,5,1,0,0,0,0,-1,0,133126,10,0,85,0,0,0,0,0,0,0,314,0,0,0,0,0,0,0,0,0,0,0,0,0,0,0,0
226883,4,3,5,10,0,0,0,0,-1,0,132944,10,0,50,0,0,0,0,0,0,0,223,0,0,0,0,0,0,0,0,0,0,0,0,0,0,0,0
226894,4,3,5,10,0,0,0,0,-1,0,132944,10,0,50,0,0,0,0,0,0,0,223,0,0,0,0,0,0,0,0,0,0,0,0,0,0,0,0
226902,4,3,5,10,0,0,0,0,-1,0,132944,10,0,50,0,0,0,0,0,0,0,223,0,0,0,0,0,0,0,0,0,0,0,0,0,0,0,0
226884,4,3,5,3,0,0,0,0,-1,0,135041,10,0,70,0,0,0,0,0,0,0,286,0,0,0,0,0,0,0,0,0,0,0,0,0,0,0,0
226891,4,3,5,3,0,0,0,0,-1,0,135041,10,0,70,0,0,0,0,0,0,0,286,0,0,0,0,0,0,0,0,0,0,0,0,0,0,0,0
226899,4,3,5,3,0,0,0,0,-1,0,135041,10,0,70,0,0,0,0,0,0,0,286,0,0,0,0,0,0,0,0,0,0,0,0,0,0,0,0
22100,4,3,5,7,0,0,0,0,-1,0,134583,10,0,90,0,0,0,0,0,0,0,339,0,0,0,0,0,0,0,0,0,0,0,0,0,0,0,0
226882,4,3,5,7,0,0,0,0,-1,0,134583,10,0,90,0,0,0,0,0,0,0,339,0,0,0,0,0,0,0,0,0,0,0,0,0,0,0,0
226892,4,3,5,7,0,0,0,0,-1,0,134583,10,0,90,0,0,0,0,0,0,0,339,0,0,0,0,0,0,0,0,0,0,0,0,0,0,0,0
226900,4,3,5,7,0,0,0,0,-1,0,134583,10,0,90,0,0,0,0,0,0,0,339,0,0,0,0,0,0,0,0,0,0,0,0,0,0,0,0
227005,4,3,5,7,0,0,0,0,-1,0,134583,10,0,90,0,0,0,0,0,0,0,339,0,0,0,0,0,0,0,0,0,0,0,0,0,0,0,0
227012,4,3,5,7,0,0,0,0,-1,0,134583,10,0,90,0,0,0,0,0,0,0,339,0,0,0,0,0,0,0,0,0,0,0,0,0,0,0,0
227020,4,3,5,7,0,0,0,0,-1,0,134583,10,0,90,0,0,0,0,0,0,0,339,0,0,0,0,0,0,0,0,0,0,0,0,0,0,0,0
227028,4,3,5,7,0,0,0,0,-1,0,134583,10,0,90,0,0,0,0,0,0,0,339,0,0,0,0,0,0,0,0,0,0,0,0,0,0,0,0
227036,4,3,5,7,0,0,0,0,-1,0,134583,10,0,90,0,0,0,0,0,0,0,339,0,0,0,0,0,0,0,0,0,0,0,0,0,0,0,0
226886,4,3,5,5,0,0,0,0,-1,0,132625,10,0,140,0,0,0,0,0,0,0,387,0,0,0,0,0,0,0,0,0,0,0,0,0,0,0,0
226896,4,3,5,5,0,0,0,0,-1,0,132625,10,0,140,0,0,0,0,0,0,0,387,0,0,0,0,0,0,0,0,0,0,0,0,0,0,0,0
226904,4,3,5,5,0,0,0,0,-1,0,132625,10,0,140,0,0,0,0,0,0,0,387,0,0,0,0,0,0,0,0,0,0,0,0,0,0,0,0
226881,4,3,5,8,0,0,0,0,-1,0,132588,10,0,70,0,0,0,0,0,0,0,266,0,0,0,0,0,0,0,0,0,0,0,0,0,0,0,0
226895,4,3,5,8,0,0,0,0,-1,0,132588,10,0,70,0,0,0,0,0,0,0,266,0,0,0,0,0,0,0,0,0,0,0,0,0,0,0,0
226903,4,3,5,8,0,0,0,0,-1,0,132588,10,0,70,0,0,0,0,0,0,0,266,0,0,0,0,0,0,0,0,0,0,0,0,0,0,0,0
226971,4,4,6,6,0,0,0,0,-1,0,132500,11,0,45,0,0,0,0,0,0,0,380,0,0,0,0,0,0,0,0,0,0,0,0,0,0,0,0
226978,4,4,6,6,0,0,0,0,-1,0,132500,11,0,45,0,0,0,0,0,0,0,380,0,0,0,0,0,0,0,0,0,0,0,0,0,0,0,0
226986,4,4,6,6,0,0,0,0,-1,0,132500,11,0,45,0,0,0,0,0,0,0,380,0,0,0,0,0,0,0,0,0,0,0,0,0,0,0,0
226994,4,4,6,6,0,0,0,0,-1,0,132500,11,0,45,0,0,0,0,0,0,0,380,0,0,0,0,0,0,0,0,0,0,0,0,0,0,0,0
226970,4,4,6,9,0,0,0,0,-1,0,132613,11,0,45,0,0,0,0,0,0,0,296,0,0,0,0,0,0,0,0,0,0,0,0,0,0,0,0
226977,4,4,6,9,0,0,0,0,-1,0,132613,11,0,45,0,0,0,0,0,0,0,296,0,0,0,0,0,0,0,0,0,0,0,0,0,0,0,0
226985,4,4,6,9,0,0,0,0,-1,0,132613,11,0,45,0,0,0,0,0,0,0,296,0,0,0,0,0,0,0,0,0,0,0,0,0,0,0,0
226993,4,4,6,9,0,0,0,0,-1,0,132613,11,0,45,0,0,0,0,0,0,0,296,0,0,0,0,0,0,0,0,0,0,0,0,0,0,0,0
226975,4,4,6,10,0,0,0,0,-1,0,132953,11,0,55,0,0,0,0,0,0,0,393,0,0,0,0,0,0,0,0,0,0,0,0,0,0,0,0
226982,4,4,6,10,0,0,0,0,-1,0,132953,11,0,55,0,0,0,0,0,0,0,393,0,0,0,0,0,0,0,0,0,0,0,0,0,0,0,0
226990,4,4,6,10,0,0,0,0,-1,0,132953,11,0,55,0,0,0,0,0,0,0,393,0,0,0,0,0,0,0,0,0,0,0,0,0,0,0,0
226998,4,4,6,10,0,0,0,0,-1,0,132953,11,0,55,0,0,0,0,0,0,0,393,0,0,0,0,0,0,0,0,0,0,0,0,0,0,0,0
226976,4,4,6,1,0,0,0,0,-1,0,133076,11,0,100,0,0,0,0,0,0,0,556,0,0,0,0,0,0,0,0,0,0,0,0,0,0,0,0
226981,4,4,6,1,0,0,0,0,-1,0,133076,11,0,100,0,0,0,0,0,0,0,556,0,0,0,0,0,0,0,0,0,0,0,0,0,0,0,0
226989,4,4,6,1,0,0,0,0,-1,0,133076,11,0,100,0,0,0,0,0,0,0,556,0,0,0,0,0,0,0,0,0,0,0,0,0,0,0,0
226997,4,4,6,1,0,0,0,0,-1,0,133076,11,0,100,0,0,0,0,0,0,0,556,0,0,0,0,0,0,0,0,0,0,0,0,0,0,0,0
226969,4,4,6,3,0,0,0,0,-1,0,135041,11,0,80,0,0,0,0,0,0,0,507,0,0,0,0,0,0,0,0,0,0,0,0,0,0,0,0
226979,4,4,6,3,0,0,0,0,-1,0,135041,11,0,80,0,0,0,0,0,0,0,507,0,0,0,0,0,0,0,0,0,0,0,0,0,0,0,0
226987,4,4,6,3,0,0,0,0,-1,0,135041,11,0,80,0,0,0,0,0,0,0,507,0,0,0,0,0,0,0,0,0,0,0,0,0,0,0,0
226995,4,4,6,3,0,0,0,0,-1,0,135041,11,0,80,0,0,0,0,0,0,0,507,0,0,0,0,0,0,0,0,0,0,0,0,0,0,0,0
227001,4,3,5,9,0,0,0,0,-1,0,132601,10,0,40,0,0,0,0,0,0,0,167,0,0,0,0,0,0,0,0,0,0,0,0,0,0,0,0
227009,4,3,5,9,0,0,0,0,-1,0,132601,10,0,40,0,0,0,0,0,0,0,167,0,0,0,0,0,0,0,0,0,0,0,0,0,0,0,0
227017,4,3,5,9,0,0,0,0,-1,0,132601,10,0,40,0,0,0,0,0,0,0,167,0,0,0,0,0,0,0,0,0,0,0,0,0,0,0,0
227025,4,3,5,9,0,0,0,0,-1,0,132601,10,0,40,0,0,0,0,0,0,0,167,0,0,0,0,0,0,0,0,0,0,0,0,0,0,0,0
227033,4,3,5,9,0,0,0,0,-1,0,132601,10,0,40,0,0,0,0,0,0,0,167,0,0,0,0,0,0,0,0,0,0,0,0,0,0,0,0
227007,4,3,5,8,0,0,0,0,-1,0,132592,10,0,70,0,0,0,0,0,0,0,266,0,0,0,0,0,0,0,0,0,0,0,0,0,0,0,0
227015,4,3,5,8,0,0,0,0,-1,0,132592,10,0,70,0,0,0,0,0,0,0,266,0,0,0,0,0,0,0,0,0,0,0,0,0,0,0,0
227023,4,3,5,8,0,0,0,0,-1,0,132592,10,0,70,0,0,0,0,0,0,0,266,0,0,0,0,0,0,0,0,0,0,0,0,0,0,0,0
227031,4,3,5,8,0,0,0,0,-1,0,132592,10,0,70,0,0,0,0,0,0,0,266,0,0,0,0,0,0,0,0,0,0,0,0,0,0,0,0
227039,4,3,5,8,0,0,0,0,-1,0,132592,10,0,70,0,0,0,0,0,0,0,266,0,0,0,0,0,0,0,0,0,0,0,0,0,0,0,0
227002,4,3,5,1,0,0,0,0,-1,0,133072,10,0,85,0,0,0,0,0,0,0,314,0,0,0,0,0,0,0,0,0,0,0,0,0,0,0,0
227013,4,3,5,1,0,0,0,0,-1,0,133072,10,0,85,0,0,0,0,0,0,0,314,0,0,0,0,0,0,0,0,0,0,0,0,0,0,0,0
227021,4,3,5,1,0,0,0,0,-1,0,133072,10,0,85,0,0,0,0,0,0,0,314,0,0,0,0,0,0,0,0,0,0,0,0,0,0,0,0
227029,4,3,5,1,0,0,0,0,-1,0,133072,10,0,85,0,0,0,0,0,0,0,314,0,0,0,0,0,0,0,0,0,0,0,0,0,0,0,0
227037,4,3,5,1,0,0,0,0,-1,0,133072,10,0,85,0,0,0,0,0,0,0,314,0,0,0,0,0,0,0,0,0,0,0,0,0,0,0,0
227008,4,3,5,6,0,0,0,0,-1,0,132505,10,0,40,0,0,0,0,0,0,0,214,0,0,0,0,0,0,0,0,0,0,0,0,0,0,0,0
227010,4,3,5,6,0,0,0,0,-1,0,132505,10,0,40,0,0,0,0,0,0,0,214,0,0,0,0,0,0,0,0,0,0,0,0,0,0,0,0
227018,4,3,5,6,0,0,0,0,-1,0,132505,10,0,40,0,0,0,0,0,0,0,214,0,0,0,0,0,0,0,0,0,0,0,0,0,0,0,0
227026,4,3,5,6,0,0,0,0,-1,0,132505,10,0,40,0,0,0,0,0,0,0,214,0,0,0,0,0,0,0,0,0,0,0,0,0,0,0,0
227034,4,3,5,6,0,0,0,0,-1,0,132505,10,0,40,0,0,0,0,0,0,0,214,0,0,0,0,0,0,0,0,0,0,0,0,0,0,0,0
227006,4,3,5,10,0,0,0,0,-1,0,132945,10,0,50,0,0,0,0,0,0,0,223,0,0,0,0,0,0,0,0,0,0,0,0,0,0,0,0
227014,4,3,5,10,0,0,0,0,-1,0,132945,10,0,50,0,0,0,0,0,0,0,223,0,0,0,0,0,0,0,0,0,0,0,0,0,0,0,0
227022,4,3,5,10,0,0,0,0,-1,0,132945,10,0,50,0,0,0,0,0,0,0,223,0,0,0,0,0,0,0,0,0,0,0,0,0,0,0,0
227030,4,3,5,10,0,0,0,0,-1,0,132945,10,0,50,0,0,0,0,0,0,0,223,0,0,0,0,0,0,0,0,0,0,0,0,0,0,0,0
227038,4,3,5,10,0,0,0,0,-1,0,132945,10,0,50,0,0,0,0,0,0,0,223,0,0,0,0,0,0,0,0,0,0,0,0,0,0,0,0
227003,4,3,5,3,0,0,0,0,-1,0,135060,10,0,70,0,0,0,0,0,0,0,286,0,0,0,0,0,0,0,0,0,0,0,0,0,0,0,0
227011,4,3,5,3,0,0,0,0,-1,0,135060,10,0,70,0,0,0,0,0,0,0,286,0,0,0,0,0,0,0,0,0,0,0,0,0,0,0,0
227019,4,3,5,3,0,0,0,0,-1,0,135060,10,0,70,0,0,0,0,0,0,0,286,0,0,0,0,0,0,0,0,0,0,0,0,0,0,0,0
227027,4,3,5,3,0,0,0,0,-1,0,135060,10,0,70,0,0,0,0,0,0,0,286,0,0,0,0,0,0,0,0,0,0,0,0,0,0,0,0
227035,4,3,5,3,0,0,0,0,-1,0,135060,10,0,70,0,0,0,0,0,0,0,286,0,0,0,0,0,0,0,0,0,0,0,0,0,0,0,0
227004,4,3,5,5,0,0,0,0,-1,0,132633,10,0,140,0,0,0,0,0,0,0,387,0,0,0,0,0,0,0,0,0,0,0,0,0,0,0,0
227016,4,3,5,5,0,0,0,0,-1,0,132633,10,0,140,0,0,0,0,0,0,0,387,0,0,0,0,0,0,0,0,0,0,0,0,0,0,0,0
227024,4,3,5,5,0,0,0,0,-1,0,132633,10,0,140,0,0,0,0,0,0,0,387,0,0,0,0,0,0,0,0,0,0,0,0,0,0,0,0
227032,4,3,5,5,0,0,0,0,-1,0,132633,10,0,140,0,0,0,0,0,0,0,387,0,0,0,0,0,0,0,0,0,0,0,0,0,0,0,0
227040,4,3,5,5,0,0,0,0,-1,0,132633,10,0,140,0,0,0,0,0,0,0,387,0,0,0,0,0,0,0,0,0,0,0,0,0,0,0,0
226772,4,2,8,6,0,0,0,0,-1,0,132504,7,0,35,0,0,0,0,0,0,0,102,0,0,0,0,0,0,0,0,0,0,0,0,0,0,0,0
226780,4,2,8,6,0,0,0,0,-1,0,132504,7,0,35,0,0,0,0,0,0,0,102,0,0,0,0,0,0,0,0,0,0,0,0,0,0,0,0
226789,4,2,8,6,0,0,0,0,-1,0,132504,7,0,35,0,0,0,0,0,0,0,102,0,0,0,0,0,0,0,0,0,0,0,0,0,0,0,0
226797,4,2,8,6,0,0,0,0,-1,0,132504,7,0,35,0,0,0,0,0,0,0,102,0,0,0,0,0,0,0,0,0,0,0,0,0,0,0,0
226816,4,2,8,6,0,0,0,0,-1,0,132504,7,0,35,0,0,0,0,0,0,0,102,0,0,0,0,0,0,0,0,0,0,0,0,0,0,0,0
226775,4,2,8,9,0,0,0,0,-1,0,132608,7,0,35,0,0,0,0,0,0,0,79,0,0,0,0,0,0,0,0,0,0,0,0,0,0,0,0
226782,4,2,8,9,0,0,0,0,-1,0,132608,7,0,35,0,0,0,0,0,0,0,79,0,0,0,0,0,0,0,0,0,0,0,0,0,0,0,0
226788,4,2,8,9,0,0,0,0,-1,0,132608,7,0,35,0,0,0,0,0,0,0,79,0,0,0,0,0,0,0,0,0,0,0,0,0,0,0,0
226796,4,2,8,9,0,0,0,0,-1,0,132608,7,0,35,0,0,0,0,0,0,0,79,0,0,0,0,0,0,0,0,0,0,0,0,0,0,0,0
226815,4,2,8,9,0,0,0,0,-1,0,132608,7,0,35,0,0,0,0,0,0,0,79,0,0,0,0,0,0,0,0,0,0,0,0,0,0,0,0
226773,4,2,8,1,0,0,0,0,-1,0,133129,7,0,70,0,0,0,0,0,0,0,150,0,0,0,0,0,0,0,0,0,0,0,0,0,0,0,0
226786,4,2,8,1,0,0,0,0,-1,0,133129,7,0,70,0,0,0,0,0,0,0,150,0,0,0,0,0,0,0,0,0,0,0,0,0,0,0,0
226792,4,2,8,1,0,0,0,0,-1,0,133129,7,0,70,0,0,0,0,0,0,0,150,0,0,0,0,0,0,0,0,0,0,0,0,0,0,0,0
226801,4,2,8,1,0,0,0,0,-1,0,133129,7,0,70,0,0,0,0,0,0,0,150,0,0,0,0,0,0,0,0,0,0,0,0,0,0,0,0
226819,4,2,8,1,0,0,0,0,-1,0,133129,7,0,70,0,0,0,0,0,0,0,150,0,0,0,0,0,0,0,0,0,0,0,0,0,0,0,0
226777,4,2,8,10,0,0,0,0,-1,0,132951,7,0,40,0,0,0,0,0,0,0,108,0,0,0,0,0,0,0,0,0,0,0,0,0,0,0,0
226784,4,2,8,10,0,0,0,0,-1,0,132951,7,0,40,0,0,0,0,0,0,0,108,0,0,0,0,0,0,0,0,0,0,0,0,0,0,0,0
226793,4,2,8,10,0,0,0,0,-1,0,132951,7,0,40,0,0,0,0,0,0,0,108,0,0,0,0,0,0,0,0,0,0,0,0,0,0,0,0
226802,4,2,8,10,0,0,0,0,-1,0,132951,7,0,40,0,0,0,0,0,0,0,108,0,0,0,0,0,0,0,0,0,0,0,0,0,0,0,0
226820,4,2,8,10,0,0,0,0,-1,0,132951,7,0,40,0,0,0,0,0,0,0,108,0,0,0,0,0,0,0,0,0,0,0,0,0,0,0,0
226779,4,2,8,7,0,0,0,0,-1,0,134588,7,0,75,0,0,0,0,0,0,0,160,0,0,0,0,0,0,0,0,0,0,0,0,0,0,0,0
226787,4,2,8,7,0,0,0,0,-1,0,134588,7,0,75,0,0,0,0,0,0,0,160,0,0,0,0,0,0,0,0,0,0,0,0,0,0,0,0
226791,4,2,8,7,0,0,0,0,-1,0,134588,7,0,75,0,0,0,0,0,0,0,160,0,0,0,0,0,0,0,0,0,0,0,0,0,0,0,0
226799,4,2,8,7,0,0,0,0,-1,0,134588,7,0,75,0,0,0,0,0,0,0,160,0,0,0,0,0,0,0,0,0,0,0,0,0,0,0,0
226818,4,2,8,7,0,0,0,0,-1,0,134588,7,0,75,0,0,0,0,0,0,0,160,0,0,0,0,0,0,0,0,0,0,0,0,0,0,0,0
226778,4,2,8,3,0,0,0,0,-1,0,135032,7,0,60,0,0,0,0,0,0,0,136,0,0,0,0,0,0,0,0,0,0,0,0,0,0,0,0
226785,4,2,8,3,0,0,0,0,-1,0,135032,7,0,60,0,0,0,0,0,0,0,136,0,0,0,0,0,0,0,0,0,0,0,0,0,0,0,0
226790,4,2,8,3,0,0,0,0,-1,0,135032,7,0,60,0,0,0,0,0,0,0,136,0,0,0,0,0,0,0,0,0,0,0,0,0,0,0,0
226798,4,2,8,3,0,0,0,0,-1,0,135032,7,0,60,0,0,0,0,0,0,0,136,0,0,0,0,0,0,0,0,0,0,0,0,0,0,0,0
226817,4,2,8,3,0,0,0,0,-1,0,135032,7,0,60,0,0,0,0,0,0,0,136,0,0,0,0,0,0,0,0,0,0,0,0,0,0,0,0
226776,4,2,8,5,0,0,0,0,-1,0,132741,7,0,120,0,0,0,0,0,0,0,185,0,0,0,0,0,0,0,0,0,0,0,0,0,0,0,0
226783,4,2,8,5,0,0,0,0,-1,0,132741,7,0,120,0,0,0,0,0,0,0,185,0,0,0,0,0,0,0,0,0,0,0,0,0,0,0,0
226795,4,2,8,5,0,0,0,0,-1,0,132741,7,0,120,0,0,0,0,0,0,0,185,0,0,0,0,0,0,0,0,0,0,0,0,0,0,0,0
226804,4,2,8,5,0,0,0,0,-1,0,132741,7,0,120,0,0,0,0,0,0,0,185,0,0,0,0,0,0,0,0,0,0,0,0,0,0,0,0
226822,4,2,8,5,0,0,0,0,-1,0,132741,7,0,120,0,0,0,0,0,0,0,185,0,0,0,0,0,0,0,0,0,0,0,0,0,0,0,0
22150,4,0,3,2,0,0,0,0,-1,0,133280,14,0,0,0,0,0,0,0,0,0,0,0,0,0,0,0,0,0,0,0,0,0,0,0,0,0,0
227974,2,5,1,17,53,1,0,0,-1,0,133047,11,0,100,0,0,0,0,0,0,0,0,0,0,0,0,0,0,135,0,0,0,0,203,0,0,0,0
227947,4,3,5,3,51,0,0,0,-1,0,135047,10,0,70,0,0,0,0,0,0,0,250,0,0,0,0,0,0,0,0,0,0,0,0,0,0,0,0
228595,4,3,5,6,56,0,0,0,-1,0,132507,10,0,40,0,0,0,0,0,0,0,202,0,0,0,0,0,0,0,0,0,0,0,0,0,0,0,0
228678,4,0,3,12,58,0,0,0,-1,0,133442,14,0,0,0,0,0,0,0,0,0,0,0,0,0,0,0,0,0,0,0,0,0,0,0,0,0,0
22274,4,2,8,5,0,0,0,0,-1,0,132723,7,0,100,0,0,0,0,0,0,0,151,0,0,0,0,0,0,0,0,0,0,0,0,0,0,0,0
228047,4,0,5,11,58,0,0,0,-1,0,133361,14,0,0,0,0,0,0,0,0,0,0,0,0,0,0,0,0,0,0,0,0,0,0,0,0,0,0
228548,4,0,8,23,58,0,0,0,-1,0,135469,19,0,0,0,0,0,0,0,0,0,0,0,0,0,0,0,0,0,0,0,0,0,0,0,0,0,0
228682,2,10,2,17,58,2,0,0,-1,0,135144,13,0,100,0,0,0,0,0,0,0,0,0,0,0,0,0,0,90,0,0,0,0,136,0,0,0,0
228683,4,0,5,11,58,0,0,0,-1,0,133377,14,0,0,0,0,0,0,0,0,0,0,0,0,0,0,0,0,0,0,0,0,0,0,0,0,0,0
228684,4,0,3,2,58,0,0,0,-1,0,133291,14,0,0,0,0,0,0,0,0,0,0,0,0,0,0,0,0,0,0,0,0,0,0,0,0,0,0
228533,4,0,3,2,56,0,0,0,-1,0,133297,14,0,0,0,0,0,0,0,0,0,0,0,0,0,0,0,0,0,0,0,0,0,0,0,0,0,0
228551,4,2,8,5,58,0,0,0,-1,0,132723,7,0,100,0,0,0,0,0,0,0,176,0,0,0,0,0,0,0,0,0,0,0,0,0,0,0,0
228553,4,4,6,1,58,0,0,0,-1,0,133069,11,0,80,0,0,0,0,0,0,0,534,0,0,0,0,0,0,0,0,0,0,0,0,0,0,0,0
236005,4,4,1,5,60,0,0,0,-1,0,132737,9,0,165,0,0,0,0,0,0,0,1027,0,0,0,0,0,0,0,0,0,0,0,0,0,0,0,0
236014,4,4,1,5,60,0,0,0,-1,0,132737,9,0,165,0,0,0,0,0,0,0,1027,0,0,0,0,0,0,0,0,0,0,0,0,0,0,0,0
236006,4,4,1,7,60,0,0,0,-1,0,134681,9,0,120,0,0,0,0,0,0,0,861,0,0,0,0,0,0,0,0,0,0,0,0,0,0,0,0
236015,4,4,1,7,60,0,0,0,-1,0,134681,9,0,120,0,0,0,0,0,0,0,861,0,0,0,0,0,0,0,0,0,0,0,0,0,0,0,0
236007,4,4,1,1,60,0,0,0,-1,0,133160,9,0,100,0,0,0,0,0,0,0,800,0,0,0,0,0,0,0,0,0,0,0,0,0,0,0,0
236016,4,4,1,1,60,0,0,0,-1,0,133160,9,0,100,0,0,0,0,0,0,0,800,0,0,0,0,0,0,0,0,0,0,0,0,0,0,0,0
236008,4,4,1,3,60,0,0,0,-1,0,135060,9,0,100,0,0,0,0,0,0,0,722,0,0,0,0,0,0,0,0,0,0,0,0,0,0,0,0
236017,4,4,1,3,60,0,0,0,-1,0,135060,9,0,100,0,0,0,0,0,0,0,722,0,0,0,0,0,0,0,0,0,0,0,0,0,0,0,0
236009,4,4,1,8,60,0,0,0,-1,0,132587,9,0,75,0,0,0,0,0,0,0,662,0,0,0,0,0,0,0,0,0,0,0,0,0,0,0,0
236018,4,4,1,8,60,0,0,0,-1,0,132587,9,0,75,0,0,0,0,0,0,0,662,0,0,0,0,0,0,0,0,0,0,0,0,0,0,0,0
236010,4,4,1,10,60,0,0,0,-1,0,132962,9,0,55,0,0,0,0,0,0,0,615,0,0,0,0,0,0,0,0,0,0,0,0,0,0,0,0
236019,4,4,1,10,60,0,0,0,-1,0,132962,9,0,55,0,0,0,0,0,0,0,615,0,0,0,0,0,0,0,0,0,0,0,0,0,0,0,0
236011,4,4,1,6,60,0,0,0,-1,0,132516,9,0,55,0,0,0,0,0,0,0,554,0,0,0,0,0,0,0,0,0,0,0,0,0,0,0,0
236020,4,4,1,6,60,0,0,0,-1,0,132516,9,0,55,0,0,0,0,0,0,0,554,0,0,0,0,0,0,0,0,0,0,0,0,0,0,0,0
236012,4,4,1,9,60,0,0,0,-1,0,132614,9,0,55,0,0,0,0,0,0,0,431,0,0,0,0,0,0,0,0,0,0,0,0,0,0,0,0
236021,4,4,1,9,60,0,0,0,-1,0,132614,9,0,55,0,0,0,0,0,0,0,431,0,0,0,0,0,0,0,0,0,0,0,0,0,0,0,0
236119,4,4,1,9,60,0,0,0,-1,0,132601,9,0,55,0,0,0,0,0,0,0,431,0,0,0,0,0,0,0,0,0,0,0,0,0,0,0,0
236124,4,4,1,9,60,0,0,0,-1,0,132601,9,0,55,0,0,0,0,0,0,0,431,0,0,0,0,0,0,0,0,0,0,0,0,0,0,0,0
236133,4,4,1,9,60,0,0,0,-1,0,132601,9,0,55,0,0,0,0,0,0,0,431,0,0,0,0,0,0,0,0,0,0,0,0,0,0,0,0
236115,4,4,1,5,60,0,0,0,-1,0,132637,9,0,165,0,0,0,0,0,0,0,1027,0,0,0,0,0,0,0,0,0,0,0,0,0,0,0,0
236132,4,4,1,5,60,0,0,0,-1,0,132637,9,0,165,0,0,0,0,0,0,0,1027,0,0,0,0,0,0,0,0,0,0,0,0,0,0,0,0
236141,4,4,1,5,60,0,0,0,-1,0,132637,9,0,165,0,0,0,0,0,0,0,1027,0,0,0,0,0,0,0,0,0,0,0,0,0,0,0,0
236118,4,4,1,10,60,0,0,0,-1,0,132959,9,0,55,0,0,0,0,0,0,0,615,0,0,0,0,0,0,0,0,0,0,0,0,0,0,0,0
236129,4,4,1,10,60,0,0,0,-1,0,132959,9,0,55,0,0,0,0,0,0,0,615,0,0,0,0,0,0,0,0,0,0,0,0,0,0,0,0
236138,4,4,1,10,60,0,0,0,-1,0,132959,9,0,55,0,0,0,0,0,0,0,615,0,0,0,0,0,0,0,0,0,0,0,0,0,0,0,0
236121,4,4,1,7,60,0,0,0,-1,0,134667,9,0,120,0,0,0,0,0,0,0,861,0,0,0,0,0,0,0,0,0,0,0,0,0,0,0,0
236127,4,4,1,7,60,0,0,0,-1,0,134667,9,0,120,0,0,0,0,0,0,0,861,0,0,0,0,0,0,0,0,0,0,0,0,0,0,0,0
236136,4,4,1,7,60,0,0,0,-1,0,134667,9,0,120,0,0,0,0,0,0,0,861,0,0,0,0,0,0,0,0,0,0,0,0,0,0,0,0
236117,4,4,1,1,60,0,0,0,-1,0,133117,9,0,100,0,0,0,0,0,0,0,800,0,0,0,0,0,0,0,0,0,0,0,0,0,0,0,0
236128,4,4,1,1,60,0,0,0,-1,0,133117,9,0,100,0,0,0,0,0,0,0,800,0,0,0,0,0,0,0,0,0,0,0,0,0,0,0,0
236137,4,4,1,1,60,0,0,0,-1,0,133117,9,0,100,0,0,0,0,0,0,0,800,0,0,0,0,0,0,0,0,0,0,0,0,0,0,0,0
236122,4,4,1,3,60,0,0,0,-1,0,135045,9,0,100,0,0,0,0,0,0,0,722,0,0,0,0,0,0,0,0,0,0,0,0,0,0,0,0
236126,4,4,1,3,60,0,0,0,-1,0,135045,9,0,100,0,0,0,0,0,0,0,722,0,0,0,0,0,0,0,0,0,0,0,0,0,0,0,0
236135,4,4,1,3,60,0,0,0,-1,0,135045,9,0,100,0,0,0,0,0,0,0,722,0,0,0,0,0,0,0,0,0,0,0,0,0,0,0,0
236123,4,4,1,8,60,0,0,0,-1,0,132548,9,0,75,0,0,0,0,0,0,0,662,0,0,0,0,0,0,0,0,0,0,0,0,0,0,0,0
236131,4,4,1,8,60,0,0,0,-1,0,132548,9,0,75,0,0,0,0,0,0,0,662,0,0,0,0,0,0,0,0,0,0,0,0,0,0,0,0
236140,4,4,1,8,60,0,0,0,-1,0,132548,9,0,75,0,0,0,0,0,0,0,662,0,0,0,0,0,0,0,0,0,0,0,0,0,0,0,0
236120,4,4,1,6,60,0,0,0,-1,0,132511,9,0,55,0,0,0,0,0,0,0,554,0,0,0,0,0,0,0,0,0,0,0,0,0,0,0,0
236125,4,4,1,6,60,0,0,0,-1,0,132511,9,0,55,0,0,0,0,0,0,0,554,0,0,0,0,0,0,0,0,0,0,0,0,0,0,0,0
236134,4,4,1,6,60,0,0,0,-1,0,132511,9,0,55,0,0,0,0,0,0,0,554,0,0,0,0,0,0,0,0,0,0,0,0,0,0,0,0
236043,4,3,5,5,60,0,0,0,-1,0,132637,11,0,140,0,0,0,0,0,0,0,576,0,0,0,0,0,0,0,0,0,0,0,0,0,0,0,0
236058,4,3,5,5,60,0,0,0,-1,0,132637,11,0,140,0,0,0,0,0,0,0,576,0,0,0,0,0,0,0,0,0,0,0,0,0,0,0,0
236045,4,3,5,7,60,0,0,0,-1,0,134667,11,0,105,0,0,0,0,0,0,0,484,0,0,0,0,0,0,0,0,0,0,0,0,0,0,0,0
236053,4,3,5,7,60,0,0,0,-1,0,134667,11,0,105,0,0,0,0,0,0,0,484,0,0,0,0,0,0,0,0,0,0,0,0,0,0,0,0
236046,4,3,5,1,60,0,0,0,-1,0,133117,11,0,85,0,0,0,0,0,0,0,449,0,0,0,0,0,0,0,0,0,0,0,0,0,0,0,0
236054,4,3,5,1,60,0,0,0,-1,0,133117,11,0,85,0,0,0,0,0,0,0,449,0,0,0,0,0,0,0,0,0,0,0,0,0,0,0,0
236044,4,3,5,3,60,0,0,0,-1,0,135045,11,0,85,0,0,0,0,0,0,0,406,0,0,0,0,0,0,0,0,0,0,0,0,0,0,0,0
236052,4,3,5,3,60,0,0,0,-1,0,135045,11,0,85,0,0,0,0,0,0,0,406,0,0,0,0,0,0,0,0,0,0,0,0,0,0,0,0
236049,4,3,5,8,60,0,0,0,-1,0,132548,11,0,70,0,0,0,0,0,0,0,372,0,0,0,0,0,0,0,0,0,0,0,0,0,0,0,0
236057,4,3,5,8,60,0,0,0,-1,0,132548,11,0,70,0,0,0,0,0,0,0,372,0,0,0,0,0,0,0,0,0,0,0,0,0,0,0,0
236047,4,3,5,10,60,0,0,0,-1,0,132959,11,0,50,0,0,0,0,0,0,0,346,0,0,0,0,0,0,0,0,0,0,0,0,0,0,0,0
236055,4,3,5,10,60,0,0,0,-1,0,132959,11,0,50,0,0,0,0,0,0,0,346,0,0,0,0,0,0,0,0,0,0,0,0,0,0,0,0
236048,4,3,5,6,60,0,0,0,-1,0,132511,11,0,50,0,0,0,0,0,0,0,311,0,0,0,0,0,0,0,0,0,0,0,0,0,0,0,0
236051,4,3,5,6,60,0,0,0,-1,0,132511,11,0,50,0,0,0,0,0,0,0,311,0,0,0,0,0,0,0,0,0,0,0,0,0,0,0,0
236042,4,3,5,9,60,0,0,0,-1,0,132601,11,0,50,0,0,0,0,0,0,0,242,0,0,0,0,0,0,0,0,0,0,0,0,0,0,0,0
236050,4,3,5,9,60,0,0,0,-1,0,132601,11,0,50,0,0,0,0,0,0,0,242,0,0,0,0,0,0,0,0,0,0,0,0,0,0,0,0
236147,4,3,5,5,60,0,0,0,-1,0,132637,10,0,140,0,0,0,0,0,0,0,576,0,0,0,0,0,0,0,0,0,0,0,0,0,0,0,0
236159,4,3,5,5,60,0,0,0,-1,0,132637,10,0,140,0,0,0,0,0,0,0,576,0,0,0,0,0,0,0,0,0,0,0,0,0,0,0,0
236169,4,3,5,5,60,0,0,0,-1,0,132637,10,0,140,0,0,0,0,0,0,0,576,0,0,0,0,0,0,0,0,0,0,0,0,0,0,0,0
236179,4,3,5,5,60,0,0,0,-1,0,132637,10,0,140,0,0,0,0,0,0,0,576,0,0,0,0,0,0,0,0,0,0,0,0,0,0,0,0
236143,4,3,5,7,60,0,0,0,-1,0,134667,10,0,105,0,0,0,0,0,0,0,484,0,0,0,0,0,0,0,0,0,0,0,0,0,0,0,0
236154,4,3,5,7,60,0,0,0,-1,0,134667,10,0,105,0,0,0,0,0,0,0,484,0,0,0,0,0,0,0,0,0,0,0,0,0,0,0,0
236164,4,3,5,7,60,0,0,0,-1,0,134667,10,0,105,0,0,0,0,0,0,0,484,0,0,0,0,0,0,0,0,0,0,0,0,0,0,0,0
236173,4,3,5,7,60,0,0,0,-1,0,134667,10,0,105,0,0,0,0,0,0,0,484,0,0,0,0,0,0,0,0,0,0,0,0,0,0,0,0
236144,4,3,5,1,60,0,0,0,-1,0,133117,10,0,85,0,0,0,0,0,0,0,449,0,0,0,0,0,0,0,0,0,0,0,0,0,0,0,0
236155,4,3,5,1,60,0,0,0,-1,0,133117,10,0,85,0,0,0,0,0,0,0,449,0,0,0,0,0,0,0,0,0,0,0,0,0,0,0,0
236165,4,3,5,1,60,0,0,0,-1,0,133117,10,0,85,0,0,0,0,0,0,0,449,0,0,0,0,0,0,0,0,0,0,0,0,0,0,0,0
236174,4,3,5,1,60,0,0,0,-1,0,133117,10,0,85,0,0,0,0,0,0,0,449,0,0,0,0,0,0,0,0,0,0,0,0,0,0,0,0
236145,4,3,5,3,60,0,0,0,-1,0,135045,10,0,85,0,0,0,0,0,0,0,406,0,0,0,0,0,0,0,0,0,0,0,0,0,0,0,0
236153,4,3,5,3,60,0,0,0,-1,0,135045,10,0,85,0,0,0,0,0,0,0,406,0,0,0,0,0,0,0,0,0,0,0,0,0,0,0,0
236163,4,3,5,3,60,0,0,0,-1,0,135045,10,0,85,0,0,0,0,0,0,0,406,0,0,0,0,0,0,0,0,0,0,0,0,0,0,0,0
236172,4,3,5,3,60,0,0,0,-1,0,135045,10,0,85,0,0,0,0,0,0,0,406,0,0,0,0,0,0,0,0,0,0,0,0,0,0,0,0
236146,4,3,5,8,60,0,0,0,-1,0,132548,10,0,70,0,0,0,0,0,0,0,372,0,0,0,0,0,0,0,0,0,0,0,0,0,0,0,0
236158,4,3,5,8,60,0,0,0,-1,0,132548,10,0,70,0,0,0,0,0,0,0,372,0,0,0,0,0,0,0,0,0,0,0,0,0,0,0,0
236168,4,3,5,8,60,0,0,0,-1,0,132548,10,0,70,0,0,0,0,0,0,0,372,0,0,0,0,0,0,0,0,0,0,0,0,0,0,0,0
236177,4,3,5,8,60,0,0,0,-1,0,132548,10,0,70,0,0,0,0,0,0,0,372,0,0,0,0,0,0,0,0,0,0,0,0,0,0,0,0
236142,4,3,5,10,60,0,0,0,-1,0,132959,10,0,50,0,0,0,0,0,0,0,346,0,0,0,0,0,0,0,0,0,0,0,0,0,0,0,0
236156,4,3,5,10,60,0,0,0,-1,0,132959,10,0,50,0,0,0,0,0,0,0,346,0,0,0,0,0,0,0,0,0,0,0,0,0,0,0,0
236166,4,3,5,10,60,0,0,0,-1,0,132959,10,0,50,0,0,0,0,0,0,0,346,0,0,0,0,0,0,0,0,0,0,0,0,0,0,0,0
236175,4,3,5,10,60,0,0,0,-1,0,132959,10,0,50,0,0,0,0,0,0,0,346,0,0,0,0,0,0,0,0,0,0,0,0,0,0,0,0
236148,4,3,5,6,60,0,0,0,-1,0,132511,10,0,50,0,0,0,0,0,0,0,311,0,0,0,0,0,0,0,0,0,0,0,0,0,0,0,0
236152,4,3,5,6,60,0,0,0,-1,0,132511,10,0,50,0,0,0,0,0,0,0,311,0,0,0,0,0,0,0,0,0,0,0,0,0,0,0,0
236162,4,3,5,6,60,0,0,0,-1,0,132511,10,0,50,0,0,0,0,0,0,0,311,0,0,0,0,0,0,0,0,0,0,0,0,0,0,0,0
236171,4,3,5,6,60,0,0,0,-1,0,132511,10,0,50,0,0,0,0,0,0,0,311,0,0,0,0,0,0,0,0,0,0,0,0,0,0,0,0
236149,4,3,5,9,60,0,0,0,-1,0,132601,10,0,50,0,0,0,0,0,0,0,242,0,0,0,0,0,0,0,0,0,0,0,0,0,0,0,0
236151,4,3,5,9,60,0,0,0,-1,0,132601,10,0,50,0,0,0,0,0,0,0,242,0,0,0,0,0,0,0,0,0,0,0,0,0,0,0,0
236160,4,3,5,9,60,0,0,0,-1,0,132601,10,0,50,0,0,0,0,0,0,0,242,0,0,0,0,0,0,0,0,0,0,0,0,0,0,0,0
236170,4,3,5,9,60,0,0,0,-1,0,132601,10,0,50,0,0,0,0,0,0,0,242,0,0,0,0,0,0,0,0,0,0,0,0,0,0,0,0
236023,4,2,8,5,60,0,0,0,-1,0,132737,10,0,120,0,0,0,0,0,0,0,262,0,0,0,0,0,0,0,0,0,0,0,0,0,0,0,0
236039,4,2,8,5,60,0,0,0,-1,0,132737,10,0,120,0,0,0,0,0,0,0,262,0,0,0,0,0,0,0,0,0,0,0,0,0,0,0,0
236024,4,2,8,7,60,0,0,0,-1,0,134681,10,0,90,0,0,0,0,0,0,0,221,0,0,0,0,0,0,0,0,0,0,0,0,0,0,0,0
236036,4,2,8,7,60,0,0,0,-1,0,134681,10,0,90,0,0,0,0,0,0,0,221,0,0,0,0,0,0,0,0,0,0,0,0,0,0,0,0
236025,4,2,8,1,60,0,0,0,-1,0,133160,10,0,70,0,0,0,0,0,0,0,205,0,0,0,0,0,0,0,0,0,0,0,0,0,0,0,0
236037,4,2,8,1,60,0,0,0,-1,0,133160,10,0,70,0,0,0,0,0,0,0,205,0,0,0,0,0,0,0,0,0,0,0,0,0,0,0,0
236026,4,2,8,3,60,0,0,0,-1,0,135060,10,0,70,0,0,0,0,0,0,0,186,0,0,0,0,0,0,0,0,0,0,0,0,0,0,0,0
236035,4,2,8,3,60,0,0,0,-1,0,135060,10,0,70,0,0,0,0,0,0,0,186,0,0,0,0,0,0,0,0,0,0,0,0,0,0,0,0
236027,4,2,8,8,60,0,0,0,-1,0,132587,10,0,60,0,0,0,0,0,0,0,171,0,0,0,0,0,0,0,0,0,0,0,0,0,0,0,0
236033,4,2,8,8,60,0,0,0,-1,0,132587,10,0,60,0,0,0,0,0,0,0,171,0,0,0,0,0,0,0,0,0,0,0,0,0,0,0,0
236028,4,2,8,10,60,0,0,0,-1,0,132962,10,0,40,0,0,0,0,0,0,0,158,0,0,0,0,0,0,0,0,0,0,0,0,0,0,0,0
236038,4,2,8,10,60,0,0,0,-1,0,132962,10,0,40,0,0,0,0,0,0,0,158,0,0,0,0,0,0,0,0,0,0,0,0,0,0,0,0
236029,4,2,8,6,60,0,0,0,-1,0,132516,10,0,40,0,0,0,0,0,0,0,142,0,0,0,0,0,0,0,0,0,0,0,0,0,0,0,0
236032,4,2,8,6,60,0,0,0,-1,0,132516,10,0,40,0,0,0,0,0,0,0,142,0,0,0,0,0,0,0,0,0,0,0,0,0,0,0,0
236030,4,2,8,9,60,0,0,0,-1,0,132614,10,0,40,0,0,0,0,0,0,0,111,0,0,0,0,0,0,0,0,0,0,0,0,0,0,0,0
236040,4,2,8,9,60,0,0,0,-1,0,132614,10,0,40,0,0,0,0,0,0,0,111,0,0,0,0,0,0,0,0,0,0,0,0,0,0,0,0
236186,4,2,8,5,60,0,0,0,-1,0,132637,7,0,120,0,0,0,0,0,0,0,262,0,0,0,0,0,0,0,0,0,0,0,0,0,0,0,0
236200,4,2,8,5,60,0,0,0,-1,0,132637,7,0,120,0,0,0,0,0,0,0,262,0,0,0,0,0,0,0,0,0,0,0,0,0,0,0,0
236209,4,2,8,5,60,0,0,0,-1,0,132637,7,0,120,0,0,0,0,0,0,0,262,0,0,0,0,0,0,0,0,0,0,0,0,0,0,0,0
236218,4,2,8,5,60,0,0,0,-1,0,132637,7,0,120,0,0,0,0,0,0,0,262,0,0,0,0,0,0,0,0,0,0,0,0,0,0,0,0
236188,4,2,8,7,60,0,0,0,-1,0,134667,7,0,90,0,0,0,0,0,0,0,221,0,0,0,0,0,0,0,0,0,0,0,0,0,0,0,0
236195,4,2,8,7,60,0,0,0,-1,0,134667,7,0,90,0,0,0,0,0,0,0,221,0,0,0,0,0,0,0,0,0,0,0,0,0,0,0,0
236204,4,2,8,7,60,0,0,0,-1,0,134667,7,0,90,0,0,0,0,0,0,0,221,0,0,0,0,0,0,0,0,0,0,0,0,0,0,0,0
236213,4,2,8,7,60,0,0,0,-1,0,134667,7,0,90,0,0,0,0,0,0,0,221,0,0,0,0,0,0,0,0,0,0,0,0,0,0,0,0
236182,4,2,8,1,60,0,0,0,-1,0,133117,7,0,70,0,0,0,0,0,0,0,205,0,0,0,0,0,0,0,0,0,0,0,0,0,0,0,0
236196,4,2,8,1,60,0,0,0,-1,0,133117,7,0,70,0,0,0,0,0,0,0,205,0,0,0,0,0,0,0,0,0,0,0,0,0,0,0,0
236205,4,2,8,1,60,0,0,0,-1,0,133117,7,0,70,0,0,0,0,0,0,0,205,0,0,0,0,0,0,0,0,0,0,0,0,0,0,0,0
236214,4,2,8,1,60,0,0,0,-1,0,133117,7,0,70,0,0,0,0,0,0,0,205,0,0,0,0,0,0,0,0,0,0,0,0,0,0,0,0
236189,4,2,8,3,60,0,0,0,-1,0,135045,7,0,70,0,0,0,0,0,0,0,186,0,0,0,0,0,0,0,0,0,0,0,0,0,0,0,0
236194,4,2,8,3,60,0,0,0,-1,0,135045,7,0,70,0,0,0,0,0,0,0,186,0,0,0,0,0,0,0,0,0,0,0,0,0,0,0,0
236203,4,2,8,3,60,0,0,0,-1,0,135045,7,0,70,0,0,0,0,0,0,0,186,0,0,0,0,0,0,0,0,0,0,0,0,0,0,0,0
236212,4,2,8,3,60,0,0,0,-1,0,135045,7,0,70,0,0,0,0,0,0,0,186,0,0,0,0,0,0,0,0,0,0,0,0,0,0,0,0
236185,4,2,8,8,60,0,0,0,-1,0,132548,7,0,60,0,0,0,0,0,0,0,171,0,0,0,0,0,0,0,0,0,0,0,0,0,0,0,0
236199,4,2,8,8,60,0,0,0,-1,0,132548,7,0,60,0,0,0,0,0,0,0,171,0,0,0,0,0,0,0,0,0,0,0,0,0,0,0,0
236208,4,2,8,8,60,0,0,0,-1,0,132548,7,0,60,0,0,0,0,0,0,0,171,0,0,0,0,0,0,0,0,0,0,0,0,0,0,0,0
236217,4,2,8,8,60,0,0,0,-1,0,132548,7,0,60,0,0,0,0,0,0,0,171,0,0,0,0,0,0,0,0,0,0,0,0,0,0,0,0
236184,4,2,8,10,60,0,0,0,-1,0,132959,7,0,40,0,0,0,0,0,0,0,158,0,0,0,0,0,0,0,0,0,0,0,0,0,0,0,0
236197,4,2,8,10,60,0,0,0,-1,0,132959,7,0,40,0,0,0,0,0,0,0,158,0,0,0,0,0,0,0,0,0,0,0,0,0,0,0,0
236206,4,2,8,10,60,0,0,0,-1,0,132959,7,0,40,0,0,0,0,0,0,0,158,0,0,0,0,0,0,0,0,0,0,0,0,0,0,0,0
236215,4,2,8,10,60,0,0,0,-1,0,132959,7,0,40,0,0,0,0,0,0,0,158,0,0,0,0,0,0,0,0,0,0,0,0,0,0,0,0
236187,4,2,8,6,60,0,0,0,-1,0,132511,7,0,40,0,0,0,0,0,0,0,142,0,0,0,0,0,0,0,0,0,0,0,0,0,0,0,0
236193,4,2,8,6,60,0,0,0,-1,0,132511,7,0,40,0,0,0,0,0,0,0,142,0,0,0,0,0,0,0,0,0,0,0,0,0,0,0,0
236202,4,2,8,6,60,0,0,0,-1,0,132511,7,0,40,0,0,0,0,0,0,0,142,0,0,0,0,0,0,0,0,0,0,0,0,0,0,0,0
236211,4,2,8,6,60,0,0,0,-1,0,132511,7,0,40,0,0,0,0,0,0,0,142,0,0,0,0,0,0,0,0,0,0,0,0,0,0,0,0
236183,4,2,8,9,60,0,0,0,-1,0,132601,7,0,40,0,0,0,0,0,0,0,111,0,0,0,0,0,0,0,0,0,0,0,0,0,0,0,0
236192,4,2,8,9,60,0,0,0,-1,0,132601,7,0,40,0,0,0,0,0,0,0,111,0,0,0,0,0,0,0,0,0,0,0,0,0,0,0,0
236201,4,2,8,9,60,0,0,0,-1,0,132601,7,0,40,0,0,0,0,0,0,0,111,0,0,0,0,0,0,0,0,0,0,0,0,0,0,0,0
236210,4,2,8,9,60,0,0,0,-1,0,132601,7,0,40,0,0,0,0,0,0,0,111,0,0,0,0,0,0,0,0,0,0,0,0,0,0,0,0
22630,2,10,2,17,60,2,0,0,-1,0,135226,13,0,145,0,0,0,0,0,0,0,0,0,0,0,0,0,0,225,0,0,0,0,338,0,0,0,0
22631,2,10,2,17,60,2,0,0,-1,0,135226,13,0,145,0,0,0,0,0,0,0,0,0,0,0,0,0,0,225,0,0,0,0,338,0,0,0,0
22632,2,10,2,17,60,2,0,0,-1,0,135226,13,0,145,0,0,0,0,0,0,0,0,0,0,0,0,0,0,225,0,0,0,0,338,0,0,0,0
236398,2,10,2,17,60,2,0,0,-1,0,135226,13,0,145,0,0,0,0,0,0,0,0,0,0,0,0,0,0,225,0,0,0,0,338,0,0,0,0
236399,2,10,2,17,60,2,0,0,-1,0,135226,13,0,145,0,0,0,0,0,0,0,0,0,0,0,0,0,0,225,0,0,0,0,338,0,0,0,0
236400,2,10,2,17,60,2,0,0,-1,0,135226,13,0,145,0,0,0,0,0,0,0,0,0,0,0,0,0,0,225,0,0,0,0,338,0,0,0,0
236401,2,10,2,17,60,2,0,0,-1,0,135226,13,0,145,0,0,0,0,0,0,0,0,0,0,0,0,0,0,225,0,0,0,0,338,0,0,0,0
22672,4,4,6,7,60,0,0,0,-1,0,134696,9,0,120,0,0,0,0,0,0,0,646,0,0,0,0,0,0,0,0,0,0,0,0,0,0,0,0
22659,4,0,0,2,0,0,0,0,-1,0,133279,14,0,0,0,0,0,0,0,0,0,0,0,0,0,0,0,0,0,0,0,0,0,0,0,0,0,0
236690,4,1,7,16,60,0,0,0,-1,0,133768,7,0,0,0,0,0,0,0,0,0,61,0,0,0,24,0,0,0,0,0,0,0,0,0,0,0,0
236702,4,2,7,5,60,0,0,0,-1,0,132649,7,0,120,0,0,0,0,0,0,0,234,0,0,0,40,0,0,0,0,0,0,0,0,0,0,0,0
236703,4,2,7,10,60,0,0,0,-1,0,132940,7,0,40,0,0,0,0,0,0,0,146,0,0,0,30,0,0,0,0,0,0,0,0,0,0,0,0
236701,4,2,7,9,60,0,0,0,-1,0,132606,7,0,40,0,0,0,0,0,0,0,102,0,0,0,20,0,0,0,0,0,0,0,0,0,0,0,0
236699,4,3,7,5,60,0,0,0,-1,0,132744,10,0,140,0,0,0,0,0,0,0,506,0,0,0,40,0,0,0,0,0,0,0,0,0,0,0,0
236698,4,3,7,9,60,0,0,0,-1,0,132606,10,0,50,0,0,0,0,0,0,0,221,0,0,0,20,0,0,0,0,0,0,0,0,0,0,0,0
236700,4,3,7,10,60,0,0,0,-1,0,132962,10,0,50,0,0,0,0,0,0,0,316,0,0,0,30,0,0,0,0,0,0,0,0,0,0,0,0
236695,4,4,7,5,60,0,0,0,-1,0,132633,9,0,165,0,0,0,0,0,0,0,899,0,0,0,42,0,0,0,0,0,0,0,0,0,0,0,0
236697,4,4,7,10,60,0,0,0,-1,0,132962,9,0,55,0,0,0,0,0,0,0,562,0,0,0,32,0,0,0,0,0,0,0,0,0,0,0,0
236696,4,4,7,9,60,0,0,0,-1,0,132606,9,0,55,0,0,0,0,0,0,0,393,0,0,0,24,0,0,0,0,0,0,0,0,0,0,0,0
22676,4,3,5,7,60,0,0,0,-1,0,134583,11,0,105,0,0,0,0,0,0,0,364,0,0,0,0,0,0,0,0,0,0,0,0,0,0,0,0
22748,4,3,5,7,60,0,0,0,-1,0,134583,11,0,105,0,0,0,0,0,0,0,364,0,0,0,0,0,0,0,0,0,0,0,0,0,0,0,0
237283,4,0,3,12,0,0,0,0,-1,0,134123,24,0,0,0,0,0,0,0,0,0,0,0,0,0,0,0,0,0,0,0,0,0,0,0,0,0,0
237290,4,4,6,7,0,0,0,0,-1,0,134584,11,0,120,0,0,0,0,0,0,0,787,0,0,0,40,0,0,0,0,0,0,0,0,0,0,0,0
237292,4,2,8,7,0,0,0,0,-1,0,134646,7,0,90,0,0,0,0,0,0,0,205,0,0,0,40,0,0,0,0,0,0,0,0,0,0,0,0
237293,4,3,5,7,0,0,0,0,-1,0,134667,10,0,105,0,0,0,0,0,0,0,443,0,0,0,40,0,0,0,0,0,0,0,0,0,0,0,0
237294,4,0,4,11,0,0,0,0,-1,0,133377,14,0,0,0,0,0,0,0,0,0,0,0,0,0,25,0,0,0,0,0,0,0,0,0,0,0,0
22712,4,1,7,16,60,0,0,0,-1,0,133768,7,0,0,0,0,0,0,0,0,0,48,0,0,0,0,0,0,0,0,0,0,0,0,0,0,0,0
230854,4,0,3,11,60,0,0,0,-1,0,133358,14,0,0,0,0,0,0,0,0,0,0,0,0,0,0,0,0,0,0,0,0,0,0,0,0,0,0
233630,4,1,7,16,60,0,0,0,-1,0,133770,7,0,0,0,0,0,0,0,0,0,66,0,0,0,0,0,0,0,0,0,0,0,0,0,0,0,0
233642,4,0,4,2,60,0,0,0,-1,0,133342,14,0,0,0,0,0,0,0,0,0,0,0,0,0,0,0,0,0,0,0,0,0,0,0,0,0,0
22749,4,2,8,7,60,0,0,0,-1,0,134637,7,0,90,0,0,0,0,0,0,0,173,0,0,0,0,0,0,0,0,0,0,0,0,0,0,0,0
22750,4,2,8,7,60,0,0,0,-1,0,134586,7,0,90,0,0,0,0,0,0,0,173,0,0,0,0,0,0,0,0,0,0,0,0,0,0,0,0
236346,2,10,2,17,60,2,0,0,-1,0,135152,13,0,120,0,0,0,0,0,0,0,0,0,0,0,0,0,0,243,0,0,0,0,366,0,0,0,0
236288,4,6,6,14,60,4,0,0,-1,0,134972,9,0,120,0,0,0,0,0,0,0,3106,0,0,0,15,0,0,0,0,0,0,0,0,0,0,0,0
236347,4,6,6,14,60,4,0,0,-1,0,134973,9,0,120,0,0,0,0,0,0,0,3425,0,0,0,0,0,0,0,0,0,0,0,0,0,0,0,0
23009,2,19,2,26,60,0,0,0,-1,0,135481,12,0,75,0,0,5,0,0,0,0,0,0,0,0,0,0,0,119,0,0,0,0,222,0,0,0,0
236290,2,19,2,26,60,0,0,0,-1,0,135481,12,0,75,0,0,5,0,0,0,0,0,0,0,0,0,0,0,119,0,0,0,0,222,0,0,0,0
236310,2,19,2,26,60,0,0,0,-1,0,135481,12,0,75,0,0,5,0,0,0,0,0,0,0,0,0,0,0,119,0,0,0,0,222,0,0,0,0
236349,2,19,2,26,60,0,0,0,-1,0,135482,12,0,75,0,0,5,0,0,0,0,0,0,0,0,0,0,0,146,0,0,0,0,271,0,0,0,0
23278,4,3,5,8,60,0,0,0,-1,0,132539,10,0,60,0,0,0,0,0,0,0,266,0,0,0,0,0,0,0,0,0,0,0,0,0,0,0,0
227074,4,3,5,8,60,0,0,0,-1,0,132539,10,0,60,0,0,0,0,0,0,0,266,0,0,0,0,0,0,0,0,0,0,0,0,0,0,0,0
227076,4,3,5,8,60,0,0,0,-1,0,132539,10,0,60,0,0,0,0,0,0,0,266,0,0,0,0,0,0,0,0,0,0,0,0,0,0,0,0
227082,4,3,5,8,60,0,0,0,-1,0,132539,10,0,60,0,0,0,0,0,0,0,266,0,0,0,0,0,0,0,0,0,0,0,0,0,0,0,0
227088,4,3,5,8,60,0,0,0,-1,0,132539,10,0,60,0,0,0,0,0,0,0,266,0,0,0,0,0,0,0,0,0,0,0,0,0,0,0,0
23281,4,2,8,8,60,0,0,0,-1,0,132542,7,0,50,0,0,0,0,0,0,0,126,0,0,0,0,0,0,0,0,0,0,0,0,0,0,0,0
227181,4,2,8,8,60,0,0,0,-1,0,132542,7,0,50,0,0,0,0,0,0,0,126,0,0,0,0,0,0,0,0,0,0,0,0,0,0,0,0
227182,4,2,8,8,60,0,0,0,-1,0,132542,7,0,50,0,0,0,0,0,0,0,126,0,0,0,0,0,0,0,0,0,0,0,0,0,0,0,0
227188,4,2,8,8,60,0,0,0,-1,0,132542,7,0,50,0,0,0,0,0,0,0,126,0,0,0,0,0,0,0,0,0,0,0,0,0,0,0,0
227194,4,2,8,8,60,0,0,0,-1,0,132542,7,0,50,0,0,0,0,0,0,0,126,0,0,0,0,0,0,0,0,0,0,0,0,0,0,0,0
227197,4,2,8,8,60,0,0,0,-1,0,132542,7,0,50,0,0,0,0,0,0,0,126,0,0,0,0,0,0,0,0,0,0,0,0,0,0,0,0
227203,4,2,8,8,60,0,0,0,-1,0,132542,7,0,50,0,0,0,0,0,0,0,126,0,0,0,0,0,0,0,0,0,0,0,0,0,0,0,0
23285,4,2,8,8,60,0,0,0,-1,0,132539,7,0,50,0,0,0,0,0,0,0,126,0,0,0,0,0,0,0,0,0,0,0,0,0,0,0,0
227062,4,2,8,8,60,0,0,0,-1,0,132539,7,0,50,0,0,0,0,0,0,0,126,0,0,0,0,0,0,0,0,0,0,0,0,0,0,0,0
227064,4,2,8,8,60,0,0,0,-1,0,132539,7,0,50,0,0,0,0,0,0,0,126,0,0,0,0,0,0,0,0,0,0,0,0,0,0,0,0
227158,4,3,5,8,60,0,0,0,-1,0,132541,10,0,60,0,0,0,0,0,0,0,266,0,0,0,0,0,0,0,0,0,0,0,0,0,0,0,0
227164,4,3,5,8,60,0,0,0,-1,0,132541,10,0,60,0,0,0,0,0,0,0,266,0,0,0,0,0,0,0,0,0,0,0,0,0,0,0,0
227170,4,3,5,8,60,0,0,0,-1,0,132541,10,0,60,0,0,0,0,0,0,0,266,0,0,0,0,0,0,0,0,0,0,0,0,0,0,0,0
23287,4,4,6,8,60,0,0,0,-1,0,132590,11,0,65,0,0,0,0,0,0,0,472,0,0,0,0,0,0,0,0,0,0,0,0,0,0,0,0
227051,4,4,6,8,60,0,0,0,-1,0,132590,11,0,65,0,0,0,0,0,0,0,472,0,0,0,0,0,0,0,0,0,0,0,0,0,0,0,0
227052,4,4,6,8,60,0,0,0,-1,0,132590,11,0,65,0,0,0,0,0,0,0,472,0,0,0,0,0,0,0,0,0,0,0,0,0,0,0,0
23279,4,3,5,10,60,0,0,0,-1,0,132951,10,0,40,0,0,0,0,0,0,0,242,0,0,0,0,0,0,0,0,0,0,0,0,0,0,0,0
227075,4,3,5,10,60,0,0,0,-1,0,132951,10,0,40,0,0,0,0,0,0,0,242,0,0,0,0,0,0,0,0,0,0,0,0,0,0,0,0
227077,4,3,5,10,60,0,0,0,-1,0,132951,10,0,40,0,0,0,0,0,0,0,242,0,0,0,0,0,0,0,0,0,0,0,0,0,0,0,0
227081,4,3,5,10,60,0,0,0,-1,0,132951,10,0,40,0,0,0,0,0,0,0,242,0,0,0,0,0,0,0,0,0,0,0,0,0,0,0,0
227087,4,3,5,10,60,0,0,0,-1,0,132951,10,0,40,0,0,0,0,0,0,0,242,0,0,0,0,0,0,0,0,0,0,0,0,0,0,0,0
23280,4,2,8,10,60,0,0,0,-1,0,132959,7,0,35,0,0,0,0,0,0,0,115,0,0,0,0,0,0,0,0,0,0,0,0,0,0,0,0
227180,4,2,8,10,60,0,0,0,-1,0,132959,7,0,35,0,0,0,0,0,0,0,115,0,0,0,0,0,0,0,0,0,0,0,0,0,0,0,0
227183,4,2,8,10,60,0,0,0,-1,0,132959,7,0,35,0,0,0,0,0,0,0,115,0,0,0,0,0,0,0,0,0,0,0,0,0,0,0,0
227187,4,2,8,10,60,0,0,0,-1,0,132959,7,0,35,0,0,0,0,0,0,0,115,0,0,0,0,0,0,0,0,0,0,0,0,0,0,0,0
227193,4,2,8,10,60,0,0,0,-1,0,132959,7,0,35,0,0,0,0,0,0,0,115,0,0,0,0,0,0,0,0,0,0,0,0,0,0,0,0
227198,4,2,8,10,60,0,0,0,-1,0,132959,7,0,35,0,0,0,0,0,0,0,115,0,0,0,0,0,0,0,0,0,0,0,0,0,0,0,0
227204,4,2,8,10,60,0,0,0,-1,0,132959,7,0,35,0,0,0,0,0,0,0,115,0,0,0,0,0,0,0,0,0,0,0,0,0,0,0,0
23284,4,2,8,10,60,0,0,0,-1,0,132949,7,0,35,0,0,0,0,0,0,0,115,0,0,0,0,0,0,0,0,0,0,0,0,0,0,0,0
227063,4,2,8,10,60,0,0,0,-1,0,132949,7,0,35,0,0,0,0,0,0,0,115,0,0,0,0,0,0,0,0,0,0,0,0,0,0,0,0
227065,4,2,8,10,60,0,0,0,-1,0,132949,7,0,35,0,0,0,0,0,0,0,115,0,0,0,0,0,0,0,0,0,0,0,0,0,0,0,0
227159,4,3,5,10,60,0,0,0,-1,0,132945,10,0,40,0,0,0,0,0,0,0,242,0,0,0,0,0,0,0,0,0,0,0,0,0,0,0,0
227163,4,3,5,10,60,0,0,0,-1,0,132945,10,0,40,0,0,0,0,0,0,0,242,0,0,0,0,0,0,0,0,0,0,0,0,0,0,0,0
227169,4,3,5,10,60,0,0,0,-1,0,132945,10,0,40,0,0,0,0,0,0,0,242,0,0,0,0,0,0,0,0,0,0,0,0,0,0,0,0
23286,4,4,6,10,60,0,0,0,-1,0,132960,11,0,45,0,0,0,0,0,0,0,429,0,0,0,0,0,0,0,0,0,0,0,0,0,0,0,0
227050,4,4,6,10,60,0,0,0,-1,0,132960,11,0,45,0,0,0,0,0,0,0,429,0,0,0,0,0,0,0,0,0,0,0,0,0,0,0,0
227053,4,4,6,10,60,0,0,0,-1,0,132960,11,0,45,0,0,0,0,0,0,0,429,0,0,0,0,0,0,0,0,0,0,0,0,0,0,0,0
23300,4,4,6,5,60,0,0,0,-1,0,132751,11,0,135,0,0,0,0,0,0,0,706,0,0,0,0,0,0,0,0,0,0,0,0,0,0,0,0
227046,4,4,6,5,60,0,0,0,-1,0,132751,11,0,135,0,0,0,0,0,0,0,706,0,0,0,0,0,0,0,0,0,0,0,0,0,0,0,0
227049,4,4,6,5,60,0,0,0,-1,0,132751,11,0,135,0,0,0,0,0,0,0,706,0,0,0,0,0,0,0,0,0,0,0,0,0,0,0,0
23273,4,4,6,7,60,0,0,0,-1,0,134586,11,0,100,0,0,0,0,0,0,0,618,0,0,0,0,0,0,0,0,0,0,0,0,0,0,0,0
23301,4,4,6,7,60,0,0,0,-1,0,134586,11,0,100,0,0,0,0,0,0,0,618,0,0,0,0,0,0,0,0,0,0,0,0,0,0,0,0
227047,4,4,6,7,60,0,0,0,-1,0,134586,11,0,100,0,0,0,0,0,0,0,618,0,0,0,0,0,0,0,0,0,0,0,0,0,0,0,0
227048,4,4,6,7,60,0,0,0,-1,0,134586,11,0,100,0,0,0,0,0,0,0,618,0,0,0,0,0,0,0,0,0,0,0,0,0,0,0,0
227143,4,4,6,7,60,0,0,0,-1,0,134586,11,0,100,0,0,0,0,0,0,0,618,0,0,0,0,0,0,0,0,0,0,0,0,0,0,0,0
227150,4,4,6,7,60,0,0,0,-1,0,134586,11,0,100,0,0,0,0,0,0,0,618,0,0,0,0,0,0,0,0,0,0,0,0,0,0,0,0
23292,4,3,5,5,60,0,0,0,-1,0,132626,10,0,120,0,0,0,0,0,0,0,398,0,0,0,0,0,0,0,0,0,0,0,0,0,0,0,0
227070,4,3,5,5,60,0,0,0,-1,0,132626,10,0,120,0,0,0,0,0,0,0,398,0,0,0,0,0,0,0,0,0,0,0,0,0,0,0,0
227071,4,3,5,5,60,0,0,0,-1,0,132626,10,0,120,0,0,0,0,0,0,0,398,0,0,0,0,0,0,0,0,0,0,0,0,0,0,0,0
227083,4,3,5,5,60,0,0,0,-1,0,132626,10,0,120,0,0,0,0,0,0,0,398,0,0,0,0,0,0,0,0,0,0,0,0,0,0,0,0
227089,4,3,5,5,60,0,0,0,-1,0,132626,10,0,120,0,0,0,0,0,0,0,398,0,0,0,0,0,0,0,0,0,0,0,0,0,0,0,0
23293,4,3,5,7,60,0,0,0,-1,0,134583,10,0,90,0,0,0,0,0,0,0,348,0,0,0,0,0,0,0,0,0,0,0,0,0,0,0,0
227072,4,3,5,7,60,0,0,0,-1,0,134583,10,0,90,0,0,0,0,0,0,0,348,0,0,0,0,0,0,0,0,0,0,0,0,0,0,0,0
227073,4,3,5,7,60,0,0,0,-1,0,134583,10,0,90,0,0,0,0,0,0,0,348,0,0,0,0,0,0,0,0,0,0,0,0,0,0,0,0
227079,4,3,5,7,60,0,0,0,-1,0,134583,10,0,90,0,0,0,0,0,0,0,348,0,0,0,0,0,0,0,0,0,0,0,0,0,0,0,0
227085,4,3,5,7,60,0,0,0,-1,0,134583,10,0,90,0,0,0,0,0,0,0,348,0,0,0,0,0,0,0,0,0,0,0,0,0,0,0,0
227157,4,3,5,5,60,0,0,0,-1,0,132638,10,0,120,0,0,0,0,0,0,0,398,0,0,0,0,0,0,0,0,0,0,0,0,0,0,0,0
227165,4,3,5,5,60,0,0,0,-1,0,132638,10,0,120,0,0,0,0,0,0,0,398,0,0,0,0,0,0,0,0,0,0,0,0,0,0,0,0
227171,4,3,5,5,60,0,0,0,-1,0,132638,10,0,120,0,0,0,0,0,0,0,398,0,0,0,0,0,0,0,0,0,0,0,0,0,0,0,0
23294,4,2,8,5,60,0,0,0,-1,0,132722,7,0,100,0,0,0,0,0,0,0,188,0,0,0,0,0,0,0,0,0,0,0,0,0,0,0,0
227176,4,2,8,5,60,0,0,0,-1,0,132722,7,0,100,0,0,0,0,0,0,0,188,0,0,0,0,0,0,0,0,0,0,0,0,0,0,0,0
227179,4,2,8,5,60,0,0,0,-1,0,132722,7,0,100,0,0,0,0,0,0,0,188,0,0,0,0,0,0,0,0,0,0,0,0,0,0,0,0
227189,4,2,8,5,60,0,0,0,-1,0,132722,7,0,100,0,0,0,0,0,0,0,188,0,0,0,0,0,0,0,0,0,0,0,0,0,0,0,0
227195,4,2,8,5,60,0,0,0,-1,0,132722,7,0,100,0,0,0,0,0,0,0,188,0,0,0,0,0,0,0,0,0,0,0,0,0,0,0,0
227196,4,2,8,5,60,0,0,0,-1,0,132722,7,0,100,0,0,0,0,0,0,0,188,0,0,0,0,0,0,0,0,0,0,0,0,0,0,0,0
227202,4,2,8,5,60,0,0,0,-1,0,132722,7,0,100,0,0,0,0,0,0,0,188,0,0,0,0,0,0,0,0,0,0,0,0,0,0,0,0
23295,4,2,8,7,60,0,0,0,-1,0,134586,7,0,75,0,0,0,0,0,0,0,165,0,0,0,0,0,0,0,0,0,0,0,0,0,0,0,0
227177,4,2,8,7,60,0,0,0,-1,0,134586,7,0,75,0,0,0,0,0,0,0,165,0,0,0,0,0,0,0,0,0,0,0,0,0,0,0,0
227178,4,2,8,7,60,0,0,0,-1,0,134586,7,0,75,0,0,0,0,0,0,0,165,0,0,0,0,0,0,0,0,0,0,0,0,0,0,0,0
227185,4,2,8,7,60,0,0,0,-1,0,134586,7,0,75,0,0,0,0,0,0,0,165,0,0,0,0,0,0,0,0,0,0,0,0,0,0,0,0
227191,4,2,8,7,60,0,0,0,-1,0,134586,7,0,75,0,0,0,0,0,0,0,165,0,0,0,0,0,0,0,0,0,0,0,0,0,0,0,0
227200,4,2,8,7,60,0,0,0,-1,0,134586,7,0,75,0,0,0,0,0,0,0,165,0,0,0,0,0,0,0,0,0,0,0,0,0,0,0,0
227206,4,2,8,7,60,0,0,0,-1,0,134586,7,0,75,0,0,0,0,0,0,0,165,0,0,0,0,0,0,0,0,0,0,0,0,0,0,0,0
23298,4,2,8,5,60,0,0,0,-1,0,132720,7,0,100,0,0,0,0,0,0,0,188,0,0,0,0,0,0,0,0,0,0,0,0,0,0,0,0
227058,4,2,8,5,60,0,0,0,-1,0,132720,7,0,100,0,0,0,0,0,0,0,188,0,0,0,0,0,0,0,0,0,0,0,0,0,0,0,0
227060,4,2,8,5,60,0,0,0,-1,0,132720,7,0,100,0,0,0,0,0,0,0,188,0,0,0,0,0,0,0,0,0,0,0,0,0,0,0,0
23299,4,2,8,7,60,0,0,0,-1,0,134588,7,0,75,0,0,0,0,0,0,0,165,0,0,0,0,0,0,0,0,0,0,0,0,0,0,0,0
227059,4,2,8,7,60,0,0,0,-1,0,134588,7,0,75,0,0,0,0,0,0,0,165,0,0,0,0,0,0,0,0,0,0,0,0,0,0,0,0
227061,4,2,8,7,60,0,0,0,-1,0,134588,7,0,75,0,0,0,0,0,0,0,165,0,0,0,0,0,0,0,0,0,0,0,0,0,0,0,0
227156,4,3,5,7,60,0,0,0,-1,0,134589,10,0,90,0,0,0,0,0,0,0,348,0,0,0,0,0,0,0,0,0,0,0,0,0,0,0,0
227161,4,3,5,7,60,0,0,0,-1,0,134589,10,0,90,0,0,0,0,0,0,0,348,0,0,0,0,0,0,0,0,0,0,0,0,0,0,0,0
227167,4,3,5,7,60,0,0,0,-1,0,134589,10,0,90,0,0,0,0,0,0,0,348,0,0,0,0,0,0,0,0,0,0,0,0,0,0,0,0
236255,4,4,1,9,60,0,0,0,-1,0,132616,9,0,55,0,0,0,0,0,0,0,407,0,0,0,0,0,0,0,0,0,0,0,0,0,0,0,0
236257,4,0,3,23,60,0,0,0,-1,0,134548,21,0,0,0,0,0,0,0,0,0,0,0,0,0,0,0,0,0,0,0,0,0,0,0,0,0,0
22960,4,1,7,16,60,0,0,0,-1,0,133776,7,0,0,0,0,0,0,0,0,0,63,0,0,0,0,0,0,0,0,0,0,0,0,0,0,0,0
236258,4,1,7,16,60,0,0,0,-1,0,133776,7,0,0,0,0,0,0,0,0,0,63,0,0,0,0,0,0,0,0,0,0,0,0,0,0,0,0
236289,4,1,7,16,60,0,0,0,-1,0,133776,7,0,0,0,0,0,0,0,0,0,63,0,0,0,0,0,0,0,0,0,0,0,0,0,0,0,0
23018,4,0,3,11,60,0,0,0,-1,0,133392,14,0,0,0,0,0,0,0,0,0,0,0,0,0,0,0,0,0,0,0,0,0,0,0,0,0,0
236259,4,0,3,11,60,0,0,0,-1,0,133392,14,0,0,0,0,0,0,0,0,0,0,0,0,0,0,0,0,0,0,0,0,0,0,0,0,0,0
236311,4,0,3,11,60,0,0,0,-1,0,133392,14,0,0,0,0,0,0,0,0,0,0,0,0,0,0,0,0,0,0,0,0,0,0,0,0,0,0
236260,4,4,7,3,60,0,0,0,-1,0,135047,9,0,100,0,0,0,0,0,0,0,698,0,0,0,33,0,0,0,0,0,0,0,0,0,0,0,0
236262,4,2,7,3,60,0,0,0,-1,0,135038,7,0,70,0,0,0,0,0,0,0,181,0,0,0,33,0,0,0,0,0,0,0,0,0,0,0,0
23023,4,0,4,2,60,0,0,0,-1,0,133319,14,0,0,0,0,0,0,0,0,0,0,0,0,0,0,0,0,0,0,0,0,0,0,0,0,0,0
23057,4,0,4,2,60,0,0,0,-1,0,133319,14,0,0,0,0,0,0,0,0,0,0,0,0,0,0,0,0,0,0,0,0,0,0,0,0,0,0
236261,4,0,4,2,60,0,0,0,-1,0,133319,14,0,0,0,0,0,0,0,0,0,0,0,0,0,0,0,0,0,0,0,0,0,0,0,0,0,0
236316,4,0,4,2,60,0,0,0,-1,0,133319,14,0,0,0,0,0,0,0,0,0,0,0,0,0,0,0,0,0,0,0,0,0,0,0,0,0,0
236345,4,0,4,2,60,0,0,0,-1,0,133319,14,0,0,0,0,0,0,0,0,0,0,0,0,0,0,0,0,0,0,0,0,0,0,0,0,0,0
236266,4,0,3,2,60,0,0,0,-1,0,133317,14,0,0,0,0,0,0,0,0,0,0,0,0,0,0,0,0,0,0,0,0,0,0,0,0,0,0
236268,4,0,4,12,60,0,0,0,-1,0,135442,21,0,0,0,0,0,0,0,0,0,0,0,0,0,0,0,0,0,0,0,0,0,0,0,0,0,0
236291,4,0,4,11,60,0,0,0,-1,0,133391,14,0,0,0,0,0,0,0,0,0,0,0,0,0,0,0,0,0,0,0,0,0,0,0,0,0,0
236294,4,3,5,3,0,0,0,0,-1,0,135045,10,0,85,0,0,0,0,0,0,0,393,0,0,0,33,0,0,0,0,0,0,0,0,0,0,0,0
236300,4,0,4,2,60,0,0,0,-1,0,133315,14,0,0,0,0,0,0,0,0,0,0,0,0,0,0,0,0,0,0,0,0,0,0,0,0,0,0
236301,4,0,1,23,60,0,0,0,-1,0,134555,12,0,0,0,0,0,0,0,0,0,0,0,0,0,0,0,0,0,0,0,0,0,0,0,0,0,0
236304,4,4,6,5,60,0,0,0,-1,0,132637,11,0,165,0,0,0,0,0,0,0,953,0,0,0,0,0,0,0,0,0,0,0,0,0,0,0,0
236302,4,0,4,12,60,0,0,0,-1,0,135440,21,0,0,0,0,0,0,0,0,0,0,0,0,0,0,0,0,0,0,0,0,0,0,0,0,0,0
23030,4,1,7,16,60,0,0,0,-1,0,133775,7,0,0,0,0,0,0,0,0,0,63,0,0,0,0,0,0,0,0,0,0,0,0,0,0,0,0
236272,4,1,7,16,60,0,0,0,-1,0,133775,7,0,0,0,0,0,0,0,0,0,63,0,0,0,0,0,0,0,0,0,0,0,0,0,0,0,0
236307,4,1,7,16,60,0,0,0,-1,0,133775,7,0,0,0,0,0,0,0,0,0,63,0,0,0,0,0,0,0,0,0,0,0,0,0,0,0,0
237275,4,4,7,1,60,0,0,0,-1,0,133074,9,0,100,0,0,0,0,0,0,0,757,0,0,0,44,0,0,0,0,0,0,0,0,0,0,0,0
236315,4,2,7,1,60,0,0,0,-1,0,133072,7,0,70,0,0,0,0,0,0,0,196,0,0,0,44,0,0,0,0,0,0,0,0,0,0,0,0
23038,4,0,3,11,60,0,0,0,-1,0,133390,14,0,0,0,0,0,0,0,0,0,0,0,0,0,0,0,0,0,0,0,0,0,0,0,0,0,0
23237,4,0,3,11,60,0,0,0,-1,0,133390,14,0,0,0,0,0,0,0,0,0,0,0,0,0,0,0,0,0,0,0,0,0,0,0,0,0,0
236223,4,0,3,11,60,0,0,0,-1,0,133390,14,0,0,0,0,0,0,0,0,0,0,0,0,0,0,0,0,0,0,0,0,0,0,0,0,0,0
236286,4,0,3,11,60,0,0,0,-1,0,133390,14,0,0,0,0,0,0,0,0,0,0,0,0,0,0,0,0,0,0,0,0,0,0,0,0,0,0
236318,4,0,3,11,60,0,0,0,-1,0,133390,14,0,0,0,0,0,0,0,0,0,0,0,0,0,0,0,0,0,0,0,0,0,0,0,0,0,0
23047,4,0,4,12,60,0,0,0,-1,0,135439,21,0,0,0,0,0,0,0,0,0,0,0,0,0,0,0,0,0,0,0,0,0,0,0,0,0,0
236320,4,0,4,12,60,0,0,0,-1,0,135439,21,0,0,0,0,0,0,0,0,0,0,0,0,0,0,0,0,0,0,0,0,0,0,0,0,0,0
236329,4,0,4,12,60,0,0,0,-1,0,135439,21,0,0,0,0,0,0,0,0,0,0,0,0,0,0,0,0,0,0,0,0,0,0,0,0,0,0
236275,4,0,3,23,60,0,0,0,-1,0,134547,21,0,0,0,0,0,0,0,0,0,0,0,0,0,0,0,0,0,0,0,0,0,0,0,0,0,0
236273,4,0,3,11,60,0,0,0,-1,0,133395,14,0,0,0,0,0,0,0,0,0,0,0,0,0,0,0,0,0,0,0,0,0,0,0,0,0,0
236281,4,3,5,1,60,0,0,0,-1,0,133122,10,0,85,0,0,0,0,0,0,0,425,0,0,0,44,0,0,0,0,0,0,0,0,0,0,0,0
236277,4,0,3,2,60,0,0,0,-1,0,133321,14,0,0,0,0,0,0,0,0,0,0,0,0,0,0,0,0,0,0,0,0,0,0,0,0,0,0
236283,4,0,3,11,60,0,0,0,-1,0,133394,14,0,0,0,0,0,0,0,0,0,0,0,0,0,0,0,0,0,0,0,0,0,0,0,0,0,0
236337,4,0,4,12,60,0,0,0,-1,0,135443,21,0,0,0,0,0,0,0,0,0,0,0,0,0,0,0,0,0,0,0,0,0,0,0,0,0,0
236334,4,0,4,12,60,0,0,0,-1,0,135441,21,0,0,0,0,0,0,0,0,0,0,0,0,0,0,0,0,0,0,0,0,0,0,0,0,0,0
236282,4,0,4,12,60,0,0,0,-1,0,135443,21,0,0,0,0,0,0,0,0,0,0,0,13,13,13,13,13,0,0,0,0,0,0,0,0,0,0
236336,4,6,6,14,60,4,0,0,-1,0,134971,9,0,120,0,0,0,0,0,0,0,3354,0,0,0,0,0,0,0,0,0,0,0,0,0,0,0,0
23050,4,1,7,16,60,0,0,0,-1,0,133777,7,0,0,0,0,0,0,0,0,0,68,0,0,0,0,0,0,0,0,0,0,0,0,0,0,0,0
236327,4,1,7,16,60,0,0,0,-1,0,133777,7,0,0,0,0,0,0,0,0,0,68,0,0,0,0,0,0,0,0,0,0,0,0,0,0,0,0
236333,4,1,7,16,60,0,0,0,-1,0,133777,7,0,0,0,0,0,0,0,0,0,68,0,0,0,0,0,0,0,0,0,0,0,0,0,0,0,0
236331,4,0,4,12,60,0,0,0,-1,0,135444,21,0,0,0,0,0,0,0,0,0,0,0,0,0,0,0,0,0,0,0,0,0,0,0,0,0,0
236330,4,0,3,23,60,0,0,0,-1,0,134545,21,0,0,0,0,0,0,0,0,0,0,0,0,0,0,0,0,0,0,0,0,0,0,0,0,0,0
236328,4,0,3,23,60,0,0,0,-1,0,134546,21,0,0,0,0,0,0,0,0,0,0,0,0,0,0,0,0,0,0,0,0,0,0,0,0,0,0
236342,4,0,4,2,60,0,0,0,-1,0,133317,14,0,0,0,0,0,0,0,0,0,0,0,0,0,0,0,0,0,0,0,0,0,0,0,0,0,0
23060,4,0,3,11,60,0,0,0,-1,0,133393,14,0,0,0,0,0,0,0,0,0,0,0,0,0,0,0,0,0,0,0,0,0,0,0,0,0,0
23061,4,0,3,11,60,0,0,0,-1,0,133393,14,0,0,0,0,0,0,0,0,0,0,0,0,0,0,0,0,0,0,0,0,0,0,0,0,0,0
23062,4,0,3,11,60,0,0,0,-1,0,133393,14,0,0,0,0,0,0,0,0,0,0,0,0,0,0,0,0,0,0,0,0,0,0,0,0,0,0
23063,4,0,3,11,60,0,0,0,-1,0,133393,14,0,0,0,0,0,0,0,0,0,0,0,0,0,0,0,0,0,0,0,0,0,0,0,0,0,0
23064,4,0,3,11,60,0,0,0,-1,0,133393,14,0,0,0,0,0,0,0,0,0,0,0,0,0,0,0,0,0,0,0,0,0,0,0,0,0,0
23065,4,0,3,11,60,0,0,0,-1,0,133393,14,0,0,0,0,0,0,0,0,0,0,0,0,0,0,0,0,0,0,0,0,0,0,0,0,0,0
23066,4,0,3,11,60,0,0,0,-1,0,133393,14,0,0,0,0,0,0,0,0,0,0,0,0,0,0,0,0,0,0,0,0,0,0,0,0,0,0
23067,4,0,3,11,60,0,0,0,-1,0,133393,14,0,0,0,0,0,0,0,0,0,0,0,0,0,0,0,0,0,0,0,0,0,0,0,0,0,0
236013,4,0,3,11,60,0,0,0,-1,0,133393,14,0,0,0,0,0,0,0,0,0,0,0,0,0,0,0,0,0,0,0,0,0,0,0,0,0,0
236022,4,0,3,11,60,0,0,0,-1,0,133393,14,0,0,0,0,0,0,0,0,0,0,0,0,0,0,0,0,0,0,0,0,0,0,0,0,0,0
236031,4,0,3,11,60,0,0,0,-1,0,133393,14,0,0,0,0,0,0,0,0,0,0,0,0,0,0,0,0,0,0,0,0,0,0,0,0,0,0
236034,4,0,3,11,60,0,0,0,-1,0,133393,14,0,0,0,0,0,0,0,0,0,0,0,0,0,0,0,0,0,0,0,0,0,0,0,0,0,0
236041,4,0,3,11,60,0,0,0,-1,0,133393,14,0,0,0,0,0,0,0,0,0,0,0,0,0,0,0,0,0,0,0,0,0,0,0,0,0,0
236056,4,0,3,11,60,0,0,0,-1,0,133393,14,0,0,0,0,0,0,0,0,0,0,0,0,0,0,0,0,0,0,0,0,0,0,0,0,0,0
236067,4,0,3,11,60,0,0,0,-1,0,133393,14,0,0,0,0,0,0,0,0,0,0,0,0,0,0,0,0,0,0,0,0,0,0,0,0,0,0
236074,4,0,3,11,60,0,0,0,-1,0,133393,14,0,0,0,0,0,0,0,0,0,0,0,0,0,0,0,0,0,0,0,0,0,0,0,0,0,0
236085,4,0,3,11,60,0,0,0,-1,0,133393,14,0,0,0,0,0,0,0,0,0,0,0,0,0,0,0,0,0,0,0,0,0,0,0,0,0,0
236093,4,0,3,11,60,0,0,0,-1,0,133393,14,0,0,0,0,0,0,0,0,0,0,0,0,0,0,0,0,0,0,0,0,0,0,0,0,0,0
236105,4,0,3,11,60,0,0,0,-1,0,133393,14,0,0,0,0,0,0,0,0,0,0,0,0,0,0,0,0,0,0,0,0,0,0,0,0,0,0
236112,4,0,3,11,60,0,0,0,-1,0,133393,14,0,0,0,0,0,0,0,0,0,0,0,0,0,0,0,0,0,0,0,0,0,0,0,0,0,0
236116,4,0,3,11,60,0,0,0,-1,0,133393,14,0,0,0,0,0,0,0,0,0,0,0,0,0,0,0,0,0,0,0,0,0,0,0,0,0,0
236130,4,0,3,11,60,0,0,0,-1,0,133393,14,0,0,0,0,0,0,0,0,0,0,0,0,0,0,0,0,0,0,0,0,0,0,0,0,0,0
236139,4,0,3,11,60,0,0,0,-1,0,133393,14,0,0,0,0,0,0,0,0,0,0,0,0,0,0,0,0,0,0,0,0,0,0,0,0,0,0
236150,4,0,3,11,60,0,0,0,-1,0,133393,14,0,0,0,0,0,0,0,0,0,0,0,0,0,0,0,0,0,0,0,0,0,0,0,0,0,0
236157,4,0,3,11,60,0,0,0,-1,0,133393,14,0,0,0,0,0,0,0,0,0,0,0,0,0,0,0,0,0,0,0,0,0,0,0,0,0,0
236167,4,0,3,11,60,0,0,0,-1,0,133393,14,0,0,0,0,0,0,0,0,0,0,0,0,0,0,0,0,0,0,0,0,0,0,0,0,0,0
236176,4,0,3,11,60,0,0,0,-1,0,133393,14,0,0,0,0,0,0,0,0,0,0,0,0,0,0,0,0,0,0,0,0,0,0,0,0,0,0
236190,4,0,3,11,60,0,0,0,-1,0,133393,14,0,0,0,0,0,0,0,0,0,0,0,0,0,0,0,0,0,0,0,0,0,0,0,0,0,0
236198,4,0,3,11,60,0,0,0,-1,0,133393,14,0,0,0,0,0,0,0,0,0,0,0,0,0,0,0,0,0,0,0,0,0,0,0,0,0,0
236207,4,0,3,11,60,0,0,0,-1,0,133393,14,0,0,0,0,0,0,0,0,0,0,0,0,0,0,0,0,0,0,0,0,0,0,0,0,0,0
236216,4,0,3,11,60,0,0,0,-1,0,133393,14,0,0,0,0,0,0,0,0,0,0,0,0,0,0,0,0,0,0,0,0,0,0,0,0,0,0
236280,4,4,1,7,60,0,0,0,-1,0,134696,9,0,120,0,0,0,0,0,0,0,815,0,0,0,0,0,0,0,0,0,0,0,0,0,0,0,0
236335,4,4,1,10,60,0,0,0,-1,0,132956,9,0,55,0,0,0,0,0,0,0,629,0,0,0,0,0,0,0,0,0,0,0,0,0,0,0,0
236314,4,2,8,8,60,0,0,0,-1,0,132542,7,0,60,0,0,0,0,0,0,0,166,0,0,0,0,0,0,0,0,0,0,0,0,0,0,0,0
236296,4,6,6,14,60,4,0,0,-1,0,132389,9,0,120,0,0,0,0,0,0,0,3106,0,0,0,0,0,0,0,0,0,0,0,0,0,0,0,0
238355,4,0,3,2,55,0,0,0,-1,0,132507,14,0,0,0,0,0,0,0,0,0,0,0,0,0,0,0,0,0,0,0,0,0,0,0,0,0,0
238358,4,0,1,23,57,7,0,0,-1,0,133727,8,0,0,0,0,0,0,0,0,0,0,0,0,0,0,0,0,0,0,0,0,0,0,0,0,0,0
238352,4,0,3,2,30,0,0,0,-1,0,133290,14,0,0,0,0,0,0,0,0,0,0,0,0,0,0,0,0,0,0,0,0,0,0,0,0,0,0
236309,4,4,6,6,60,0,0,0,-1,0,132502,11,0,55,0,0,0,0,0,0,0,536,0,0,0,0,0,0,0,0,0,0,0,0,0,0,0,0
236222,4,2,8,5,60,0,0,0,-1,0,132717,7,0,120,0,0,0,0,0,0,0,241,0,0,0,0,0,0,0,0,0,0,0,0,0,0,0,0
236224,4,6,6,14,60,4,0,0,-1,0,132390,9,0,120,0,0,0,0,0,0,0,3106,0,0,0,0,0,0,0,0,0,0,0,0,0,0,0,0
23315,4,4,6,3,60,0,0,0,-1,0,135042,11,0,80,0,0,0,0,0,0,0,552,0,0,0,0,0,0,0,0,0,0,0,0,0,0,0,0
227042,4,4,6,3,60,0,0,0,-1,0,135042,11,0,80,0,0,0,0,0,0,0,552,0,0,0,0,0,0,0,0,0,0,0,0,0,0,0,0
227045,4,4,6,3,60,0,0,0,-1,0,135042,11,0,80,0,0,0,0,0,0,0,552,0,0,0,0,0,0,0,0,0,0,0,0,0,0,0,0
23314,4,4,6,1,60,0,0,0,-1,0,133077,11,0,80,0,0,0,0,0,0,0,598,0,0,0,0,0,0,0,0,0,0,0,0,0,0,0,0
227043,4,4,6,1,60,0,0,0,-1,0,133077,11,0,80,0,0,0,0,0,0,0,598,0,0,0,0,0,0,0,0,0,0,0,0,0,0,0,0
227044,4,4,6,1,60,0,0,0,-1,0,133077,11,0,80,0,0,0,0,0,0,0,598,0,0,0,0,0,0,0,0,0,0,0,0,0,0,0,0
227067,4,3,5,1,60,0,0,0,-1,0,133071,10,0,70,0,0,0,0,0,0,0,337,0,0,0,0,0,0,0,0,0,0,0,0,0,0,0,0
227080,4,3,5,1,60,0,0,0,-1,0,133071,10,0,70,0,0,0,0,0,0,0,337,0,0,0,0,0,0,0,0,0,0,0,0,0,0,0,0
227069,4,3,5,3,60,0,0,0,-1,0,135032,10,0,70,0,0,0,0,0,0,0,311,0,0,0,0,0,0,0,0,0,0,0,0,0,0,0,0
227078,4,3,5,3,60,0,0,0,-1,0,135032,10,0,70,0,0,0,0,0,0,0,311,0,0,0,0,0,0,0,0,0,0,0,0,0,0,0,0
23257,4,2,8,1,60,0,0,0,-1,0,133077,7,0,60,0,0,0,0,0,0,0,158,0,0,0,0,0,0,0,0,0,0,0,0,0,0,0,0
23308,4,2,8,1,60,0,0,0,-1,0,133077,7,0,60,0,0,0,0,0,0,0,158,0,0,0,0,0,0,0,0,0,0,0,0,0,0,0,0
23312,4,2,8,1,60,0,0,0,-1,0,133077,7,0,60,0,0,0,0,0,0,0,158,0,0,0,0,0,0,0,0,0,0,0,0,0,0,0,0
227055,4,2,8,1,60,0,0,0,-1,0,133077,7,0,60,0,0,0,0,0,0,0,158,0,0,0,0,0,0,0,0,0,0,0,0,0,0,0,0
227057,4,2,8,1,60,0,0,0,-1,0,133077,7,0,60,0,0,0,0,0,0,0,158,0,0,0,0,0,0,0,0,0,0,0,0,0,0,0,0
227173,4,2,8,1,60,0,0,0,-1,0,133077,7,0,60,0,0,0,0,0,0,0,158,0,0,0,0,0,0,0,0,0,0,0,0,0,0,0,0
227174,4,2,8,1,60,0,0,0,-1,0,133077,7,0,60,0,0,0,0,0,0,0,158,0,0,0,0,0,0,0,0,0,0,0,0,0,0,0,0
227186,4,2,8,1,60,0,0,0,-1,0,133077,7,0,60,0,0,0,0,0,0,0,158,0,0,0,0,0,0,0,0,0,0,0,0,0,0,0,0
227192,4,2,8,1,60,0,0,0,-1,0,133077,7,0,60,0,0,0,0,0,0,0,158,0,0,0,0,0,0,0,0,0,0,0,0,0,0,0,0
227199,4,2,8,1,60,0,0,0,-1,0,133077,7,0,60,0,0,0,0,0,0,0,158,0,0,0,0,0,0,0,0,0,0,0,0,0,0,0,0
227205,4,2,8,1,60,0,0,0,-1,0,133077,7,0,60,0,0,0,0,0,0,0,158,0,0,0,0,0,0,0,0,0,0,0,0,0,0,0,0
23309,4,2,8,3,60,0,0,0,-1,0,135038,7,0,60,0,0,0,0,0,0,0,146,0,0,0,0,0,0,0,0,0,0,0,0,0,0,0,0
227172,4,2,8,3,60,0,0,0,-1,0,135038,7,0,60,0,0,0,0,0,0,0,146,0,0,0,0,0,0,0,0,0,0,0,0,0,0,0,0
227175,4,2,8,3,60,0,0,0,-1,0,135038,7,0,60,0,0,0,0,0,0,0,146,0,0,0,0,0,0,0,0,0,0,0,0,0,0,0,0
227184,4,2,8,3,60,0,0,0,-1,0,135038,7,0,60,0,0,0,0,0,0,0,146,0,0,0,0,0,0,0,0,0,0,0,0,0,0,0,0
227190,4,2,8,3,60,0,0,0,-1,0,135038,7,0,60,0,0,0,0,0,0,0,146,0,0,0,0,0,0,0,0,0,0,0,0,0,0,0,0
227201,4,2,8,3,60,0,0,0,-1,0,135038,7,0,60,0,0,0,0,0,0,0,146,0,0,0,0,0,0,0,0,0,0,0,0,0,0,0,0
227207,4,2,8,3,60,0,0,0,-1,0,135038,7,0,60,0,0,0,0,0,0,0,146,0,0,0,0,0,0,0,0,0,0,0,0,0,0,0,0
23313,4,2,8,3,60,0,0,0,-1,0,135045,7,0,60,0,0,0,0,0,0,0,146,0,0,0,0,0,0,0,0,0,0,0,0,0,0,0,0
227054,4,2,8,3,60,0,0,0,-1,0,135045,7,0,60,0,0,0,0,0,0,0,146,0,0,0,0,0,0,0,0,0,0,0,0,0,0,0,0
227056,4,2,8,3,60,0,0,0,-1,0,135045,7,0,60,0,0,0,0,0,0,0,146,0,0,0,0,0,0,0,0,0,0,0,0,0,0,0,0
227155,4,3,5,1,60,0,0,0,-1,0,133077,10,0,70,0,0,0,0,0,0,0,337,0,0,0,0,0,0,0,0,0,0,0,0,0,0,0,0
227162,4,3,5,1,60,0,0,0,-1,0,133077,10,0,70,0,0,0,0,0,0,0,337,0,0,0,0,0,0,0,0,0,0,0,0,0,0,0,0
227168,4,3,5,1,60,0,0,0,-1,0,133077,10,0,70,0,0,0,0,0,0,0,337,0,0,0,0,0,0,0,0,0,0,0,0,0,0,0,0
227154,4,3,5,3,60,0,0,0,-1,0,135035,10,0,70,0,0,0,0,0,0,0,311,0,0,0,0,0,0,0,0,0,0,0,0,0,0,0,0
227160,4,3,5,3,60,0,0,0,-1,0,135035,10,0,70,0,0,0,0,0,0,0,311,0,0,0,0,0,0,0,0,0,0,0,0,0,0,0,0
227166,4,3,5,3,60,0,0,0,-1,0,135035,10,0,70,0,0,0,0,0,0,0,311,0,0,0,0,0,0,0,0,0,0,0,0,0,0,0,0
227142,4,4,6,5,60,0,0,0,-1,0,132738,11,0,135,0,0,0,0,0,0,0,706,0,0,0,0,0,0,0,0,0,0,0,0,0,0,0,0
227151,4,4,6,5,60,0,0,0,-1,0,132738,11,0,135,0,0,0,0,0,0,0,706,0,0,0,0,0,0,0,0,0,0,0,0,0,0,0,0
227147,4,4,6,10,60,0,0,0,-1,0,132963,11,0,45,0,0,0,0,0,0,0,429,0,0,0,0,0,0,0,0,0,0,0,0,0,0,0,0
227152,4,4,6,10,60,0,0,0,-1,0,132963,11,0,45,0,0,0,0,0,0,0,429,0,0,0,0,0,0,0,0,0,0,0,0,0,0,0,0
227146,4,4,6,8,60,0,0,0,-1,0,132584,11,0,65,0,0,0,0,0,0,0,472,0,0,0,0,0,0,0,0,0,0,0,0,0,0,0,0
227153,4,4,6,8,60,0,0,0,-1,0,132584,11,0,65,0,0,0,0,0,0,0,472,0,0,0,0,0,0,0,0,0,0,0,0,0,0,0,0
227144,4,4,6,1,60,0,0,0,-1,0,133073,11,0,80,0,0,0,0,0,0,0,598,0,0,0,0,0,0,0,0,0,0,0,0,0,0,0,0
227149,4,4,6,1,60,0,0,0,-1,0,133073,11,0,80,0,0,0,0,0,0,0,598,0,0,0,0,0,0,0,0,0,0,0,0,0,0,0,0
227145,4,4,6,3,60,0,0,0,-1,0,135059,11,0,80,0,0,0,0,0,0,0,552,0,0,0,0,0,0,0,0,0,0,0,0,0,0,0,0
227148,4,4,6,3,60,0,0,0,-1,0,135059,11,0,80,0,0,0,0,0,0,0,552,0,0,0,0,0,0,0,0,0,0,0,0,0,0,0,0
227066,4,3,5,1,60,0,0,0,-1,0,133123,10,0,70,0,0,0,0,0,0,0,337,0,0,0,0,0,0,0,0,0,0,0,0,0,0,0,0
227086,4,3,5,1,60,0,0,0,-1,0,133123,10,0,70,0,0,0,0,0,0,0,337,0,0,0,0,0,0,0,0,0,0,0,0,0,0,0,0
227068,4,3,5,3,60,0,0,0,-1,0,135047,10,0,70,0,0,0,0,0,0,0,311,0,0,0,0,0,0,0,0,0,0,0,0,0,0,0,0
227084,4,3,5,3,60,0,0,0,-1,0,135047,10,0,70,0,0,0,0,0,0,0,311,0,0,0,0,0,0,0,0,0,0,0,0,0,0,0,0
234589,4,0,3,23,60,7,0,0,-1,0,133744,19,0,0,0,0,0,0,0,0,0,0,0,0,0,0,0,0,0,0,0,0,0,0,0,0,0,0
234590,4,0,3,23,60,7,0,0,-1,0,133745,19,0,0,0,0,0,0,0,0,0,0,0,0,0,0,0,0,0,0,0,0,0,0,0,0,0,0
23464,2,4,2,13,60,3,0,0,-1,0,133039,8,0,105,0,0,0,0,0,0,0,0,0,0,0,0,0,0,138,0,0,0,0,207,0,0,0,0
23467,2,7,1,13,60,3,0,0,-1,0,135275,8,0,105,0,0,0,0,0,0,0,0,0,0,0,0,0,0,85,0,0,0,0,129,0,0,0,0
234563,4,0,3,23,60,7,0,0,-1,0,133747,19,0,0,0,0,0,0,0,0,0,0,0,0,0,0,0,0,0,0,0,0,0,0,0,0,0,0
234564,4,0,3,23,60,7,0,0,-1,0,133746,19,0,0,0,0,0,0,0,0,0,0,0,0,0,0,0,0,0,0,0,0,0,0,0,0,0,0
233628,4,0,4,12,60,0,0,0,-1,0,134969,14,0,0,0,0,0,0,0,0,0,0,0,0,0,0,0,0,0,0,0,0,0,0,0,0,0,0
233627,4,0,4,12,60,0,0,0,-1,0,133877,14,0,0,0,0,0,0,0,0,0,0,0,0,0,0,0,0,0,0,0,0,0,0,0,0,0,0
236225,4,3,5,6,60,0,0,0,-1,0,132521,10,0,50,0,0,0,0,0,0,0,301,0,0,0,0,0,0,0,0,0,0,0,0,0,0,0,0
236226,4,3,5,3,60,0,0,0,-1,0,135032,10,0,85,0,0,0,0,0,0,0,401,0,0,0,0,0,0,0,0,0,0,0,0,0,0,0,0
236230,4,3,5,7,60,0,0,0,-1,0,134666,10,0,105,0,0,0,0,0,0,0,468,0,0,0,0,0,0,0,0,0,0,0,0,0,0,0,0
236227,4,4,6,6,60,0,0,0,-1,0,132516,11,0,55,0,0,0,0,0,0,0,536,0,0,0,0,0,0,0,0,0,0,0,0,0,0,0,0
236228,4,4,6,3,60,0,0,0,-1,0,135053,11,0,100,0,0,0,0,0,0,0,714,0,0,0,0,0,0,0,0,0,0,0,0,0,0,0,0
236229,4,4,6,7,60,0,0,0,-1,0,134584,11,0,120,0,0,0,0,0,0,0,833,0,0,0,0,0,0,0,0,0,0,0,0,0,0,0,0
208756,4,0,4,12,60,0,0,0,-1,0,337782,24,0,0,0,0,0,0,0,0,0,0,0,0,0,0,0,0,0,0,0,0,0,0,0,0,0,0
211504,4,3,5,5,25,0,0,0,-1,0,132634,10,0,120,0,0,0,0,0,0,0,218,0,0,0,0,0,0,0,0,0,0,0,0,0,0,0,0
211508,4,2,8,8,25,0,0,0,-1,0,132562,7,0,55,0,0,0,0,0,0,0,71,0,0,0,0,0,0,0,0,0,0,0,0,0,0,0,0
211509,4,2,8,5,25,0,0,0,-1,0,132721,7,0,100,0,0,0,0,0,0,0,103,0,0,0,0,0,0,0,0,0,0,0,0,0,0,0,0
209821,4,0,5,11,25,0,0,0,-1,0,133364,14,0,0,0,0,0,0,0,0,0,0,0,0,0,0,0,0,0,0,0,0,0,0,0,0,0,0
211502,4,2,8,10,25,0,0,0,-1,0,132958,7,0,70,0,0,0,0,0,0,0,70,0,0,0,0,0,0,0,0,0,0,0,0,0,0,0,0
211510,4,2,8,1,25,0,0,0,-1,0,133129,7,0,60,0,0,0,0,0,0,0,84,0,0,0,0,0,0,0,0,0,0,0,0,0,0,0,0
213280,4,3,5,1,40,0,0,0,-1,0,133090,10,0,70,0,0,0,0,0,0,0,222,0,0,0,0,0,0,0,0,0,0,0,0,0,0,0,0
213283,4,0,5,11,40,1,0,0,-1,0,134063,14,0,0,0,0,0,0,0,0,0,0,0,0,5,0,0,5,0,0,0,0,0,0,0,0,0,0
213284,4,0,5,11,40,1,0,0,-1,0,134063,14,0,0,0,0,0,0,0,0,0,0,0,0,5,0,0,5,0,0,0,0,0,0,0,0,0,0
216622,4,1,7,16,40,0,0,0,-1,0,133766,7,0,0,0,0,0,0,0,0,0,32,0,0,0,0,0,0,0,0,0,0,0,0,0,0,0,0
213313,4,2,8,5,40,0,0,0,-1,0,132647,7,0,100,0,0,0,0,0,0,0,134,0,0,0,0,0,0,0,0,0,0,0,0,0,0,0,0
213315,4,3,5,5,40,0,0,0,-1,0,132635,10,0,120,0,0,0,0,0,0,0,273,0,0,0,0,0,0,0,0,0,0,0,0,0,0,0,0
213323,4,2,8,6,40,0,0,0,-1,0,132501,7,0,35,0,0,0,0,0,0,0,75,0,0,0,0,0,0,0,0,0,0,0,0,0,0,0,0
213327,4,4,6,6,40,0,0,0,-1,0,132503,11,0,45,0,0,0,0,0,0,0,270,0,0,0,0,0,0,0,0,0,0,0,0,0,0,0,0
213332,4,2,8,7,40,0,0,0,-1,0,134587,7,0,75,0,0,0,0,0,0,0,117,0,0,0,0,0,0,0,0,0,0,0,0,0,0,0,0
213334,4,3,5,7,40,0,0,0,-1,0,134584,10,0,90,0,0,0,0,0,0,0,239,0,0,0,0,0,0,0,0,0,0,0,0,0,0,0,0
213339,4,3,5,8,40,0,0,0,-1,0,132588,10,0,60,0,0,0,0,0,0,0,188,0,0,0,0,0,0,0,0,0,0,0,0,0,0,0,0
213341,4,2,8,8,40,0,0,0,-1,0,132539,7,0,50,0,0,0,0,0,0,0,92,0,0,0,0,0,0,0,0,0,0,0,0,0,0,0,0
213342,4,2,8,8,40,0,0,0,-1,0,132539,7,0,50,0,0,0,0,0,0,0,92,0,0,0,0,0,0,0,0,0,0,0,0,0,0,0,0
215167,4,4,6,1,40,0,0,0,-1,0,133151,11,0,100,0,0,0,0,0,0,0,426,0,0,0,0,0,0,0,0,0,0,0,0,0,0,0,0
216674,4,0,3,11,0,0,0,0,-1,0,133345,14,0,0,0,0,0,0,0,0,0,70,0,0,0,0,0,0,0,0,0,0,0,0,0,0,0,0
216704,4,2,8,9,40,0,0,0,-1,0,132602,7,0,35,0,0,0,0,0,0,0,64,0,0,0,0,0,0,0,0,0,0,0,0,0,0,0,0
216706,4,2,8,9,40,0,0,0,-1,0,132606,7,0,35,0,0,0,0,0,0,0,64,0,0,0,0,0,0,0,0,0,0,0,0,0,0,0,0
219136,4,0,1,2,0,0,0,0,-1,0,133335,14,0,0,0,0,0,0,0,0,0,0,0,0,0,0,0,0,0,0,0,0,0,0,0,0,0,0
219137,4,0,1,2,0,0,0,0,-1,0,133335,14,0,0,0,0,0,0,0,0,0,0,0,0,0,0,0,0,0,0,0,0,0,0,0,0,0,0
220512,4,4,6,1,50,0,0,0,-1,0,133124,11,0,80,0,0,0,0,0,0,0,469,0,0,0,0,0,0,0,0,0,0,0,0,0,0,0,0
220541,4,4,6,10,50,0,0,0,-1,0,132938,11,0,45,0,0,0,0,0,0,0,361,0,0,0,0,0,0,0,0,0,0,0,0,0,0,0,0
220546,4,2,8,10,50,0,0,0,-1,0,132949,7,0,35,0,0,0,0,0,0,0,99,0,0,0,0,0,0,0,0,0,0,0,0,0,0,0,0
220654,4,4,6,7,50,0,0,0,-1,0,134584,11,0,100,0,0,0,0,0,0,0,505,0,0,0,0,0,0,0,0,0,0,0,0,0,0,0,0
220648,4,4,6,8,50,0,0,0,-1,0,132586,11,0,65,0,0,0,0,0,0,0,397,0,0,0,0,0,0,0,0,0,0,0,0,0,0,0,0
220598,4,0,3,23,50,7,0,0,-1,0,134335,21,0,0,0,0,0,0,0,0,0,0,0,0,0,0,0,0,0,0,0,0,0,0,0,0,0,0
220599,4,0,3,23,50,7,0,0,-1,0,134335,21,0,0,0,0,0,0,0,0,0,0,0,0,0,0,0,0,0,0,0,0,0,0,0,0,0,0
220627,4,0,5,11,50,1,0,0,-1,0,133346,14,0,0,0,0,0,0,0,0,0,0,0,0,0,0,0,0,0,0,0,0,0,0,0,0,0,0
220628,4,0,5,11,50,1,0,0,-1,0,133346,14,0,0,0,0,0,0,0,0,0,0,0,0,0,0,0,0,0,0,0,0,0,0,0,0,0,0
220629,4,0,5,11,50,1,0,0,-1,0,133346,14,0,0,0,0,0,0,0,0,0,0,0,0,0,0,0,0,0,0,0,0,0,0,0,0,0,0
220630,4,0,5,11,50,1,0,0,-1,0,133346,14,0,0,0,0,0,0,0,0,0,0,0,0,0,0,0,0,0,0,0,0,0,0,0,0,0,0
220633,4,0,3,12,50,0,0,0,-1,0,133313,24,0,0,0,0,0,0,0,0,0,0,0,0,0,0,0,0,0,0,0,0,0,0,0,0,0,0
220634,4,0,3,12,50,0,0,0,-1,0,133313,24,0,0,0,0,0,0,0,0,0,0,0,0,0,0,0,0,0,0,0,0,0,0,0,0,0,0
220666,4,3,5,5,50,0,0,0,-1,0,132632,10,0,120,0,0,0,0,0,0,0,327,0,0,0,0,0,0,0,0,0,0,0,0,0,0,0,0
220667,4,3,5,7,50,0,0,0,-1,0,134584,10,0,90,0,0,0,0,0,0,0,286,0,0,0,0,0,0,0,0,0,0,0,0,0,0,0,0
220668,4,3,5,8,50,0,0,0,-1,0,132586,10,0,60,0,0,0,0,0,0,0,225,0,0,0,0,0,0,0,0,0,0,0,0,0,0,0,0
220665,4,3,5,5,50,0,0,0,-1,0,132751,10,0,120,0,0,0,0,0,0,0,327,0,0,0,0,0,0,0,0,0,0,0,0,0,0,0,0
220663,4,3,5,7,50,0,0,0,-1,0,134586,10,0,90,0,0,0,0,0,0,0,286,0,0,0,0,0,0,0,0,0,0,0,0,0,0,0,0
220664,4,3,5,8,50,0,0,0,-1,0,132584,10,0,60,0,0,0,0,0,0,0,225,0,0,0,0,0,0,0,0,0,0,0,0,0,0,0,0
220673,4,2,8,7,50,0,0,0,-1,0,134586,7,0,75,0,0,0,0,0,0,0,138,0,0,0,0,0,0,0,0,0,0,0,0,0,0,0,0
220678,4,2,8,7,50,0,0,0,-1,0,134586,7,0,75,0,0,0,0,0,0,0,138,0,0,0,0,0,0,0,0,0,0,0,0,0,0,0,0
220778,4,2,8,7,50,0,0,0,-1,0,134586,7,0,75,0,0,0,0,0,0,0,138,0,0,0,0,0,0,0,0,0,0,0,0,0,0,0,0
220779,4,2,8,5,50,0,0,0,-1,0,132635,7,0,100,0,0,0,0,0,0,0,158,0,0,0,0,0,0,0,0,0,0,0,0,0,0,0,0
220739,4,4,6,3,50,0,0,0,-1,0,135055,11,0,100,0,0,0,0,0,0,0,472,0,0,0,0,0,0,0,0,0,0,0,0,0,0,0,0
220740,4,4,6,3,50,0,0,0,-1,0,135055,11,0,100,0,0,0,0,0,0,0,472,0,0,0,0,0,0,0,0,0,0,0,0,0,0,0,0
220742,4,3,5,3,50,0,0,0,-1,0,135046,10,0,85,0,0,0,0,0,0,0,268,0,0,0,0,0,0,0,0,0,0,0,0,0,0,0,0
220743,4,3,5,3,50,0,0,0,-1,0,135046,10,0,85,0,0,0,0,0,0,0,268,0,0,0,0,0,0,0,0,0,0,0,0,0,0,0,0
220744,4,3,5,3,50,0,0,0,-1,0,135046,10,0,85,0,0,0,0,0,0,0,268,0,0,0,0,0,0,0,0,0,0,0,0,0,0,0,0
220747,4,2,8,3,50,0,0,0,-1,0,135049,7,0,70,0,0,0,0,0,0,0,129,0,0,0,0,0,0,0,0,0,0,0,0,0,0,0,0
220748,4,2,8,3,50,0,0,0,-1,0,135049,7,0,70,0,0,0,0,0,0,0,129,0,0,0,0,0,0,0,0,0,0,0,0,0,0,0,0
220801,4,4,6,5,50,0,0,0,-1,0,132751,11,0,135,0,0,0,0,0,0,0,557,0,0,0,0,0,0,0,0,0,0,0,0,0,0,0,0
220796,4,4,6,3,50,0,0,0,-1,0,135054,11,0,80,0,0,0,0,0,0,0,433,0,0,0,0,0,0,0,0,0,0,0,0,0,0,0,0
220798,4,4,6,7,50,0,0,0,-1,0,134584,11,0,100,0,0,0,0,0,0,0,487,0,0,0,0,0,0,0,0,0,0,0,0,0,0,0,0
220800,4,4,6,8,50,0,0,0,-1,0,132589,11,0,65,0,0,0,0,0,0,0,369,0,0,0,0,0,0,0,0,0,0,0,0,0,0,0,0
220814,4,4,6,8,50,0,0,0,-1,0,132589,11,0,65,0,0,0,0,0,0,0,369,0,0,0,0,0,0,0,0,0,0,0,0,0,0,0,0
220804,4,4,6,1,50,0,0,0,-1,0,133101,11,0,80,0,0,0,0,0,0,0,469,0,0,0,0,0,0,0,0,0,0,0,0,0,0,0,0
220807,4,4,6,10,50,0,0,0,-1,0,132937,11,0,45,0,0,0,0,0,0,0,336,0,0,0,0,0,0,0,0,0,0,0,0,0,0,0,0
220821,4,3,5,1,50,0,0,0,-1,0,133069,10,0,70,0,0,0,0,0,0,0,266,0,0,0,0,0,0,0,0,0,0,0,0,0,0,0,0
220822,4,3,5,1,50,0,0,0,-1,0,133069,10,0,70,0,0,0,0,0,0,0,266,0,0,0,0,0,0,0,0,0,0,0,0,0,0,0,0
223075,4,3,5,1,50,0,0,0,-1,0,133069,10,0,70,0,0,0,0,0,0,0,266,0,0,0,0,0,0,0,0,0,0,0,0,0,0,0,0
220825,4,3,5,3,50,0,0,0,-1,0,135053,10,0,70,0,0,0,0,0,0,0,246,0,0,0,0,0,0,0,0,0,0,0,0,0,0,0,0
223073,4,3,5,3,50,0,0,0,-1,0,135053,10,0,70,0,0,0,0,0,0,0,246,0,0,0,0,0,0,0,0,0,0,0,0,0,0,0,0
220827,4,3,5,5,50,0,0,0,-1,0,132627,10,0,120,0,0,0,0,0,0,0,317,0,0,0,0,0,0,0,0,0,0,0,0,0,0,0,0
220828,4,3,5,5,50,0,0,0,-1,0,132627,10,0,120,0,0,0,0,0,0,0,317,0,0,0,0,0,0,0,0,0,0,0,0,0,0,0,0
223078,4,3,5,5,50,0,0,0,-1,0,132627,10,0,120,0,0,0,0,0,0,0,317,0,0,0,0,0,0,0,0,0,0,0,0,0,0,0,0
220830,4,3,5,10,50,0,0,0,-1,0,132963,10,0,40,0,0,0,0,0,0,0,191,0,0,0,0,0,0,0,0,0,0,0,0,0,0,0,0
220831,4,3,5,10,50,0,0,0,-1,0,132963,10,0,40,0,0,0,0,0,0,0,191,0,0,0,0,0,0,0,0,0,0,0,0,0,0,0,0
223076,4,3,5,10,50,0,0,0,-1,0,132963,10,0,40,0,0,0,0,0,0,0,191,0,0,0,0,0,0,0,0,0,0,0,0,0,0,0,0
220833,4,3,5,7,50,0,0,0,-1,0,134581,10,0,90,0,0,0,0,0,0,0,277,0,0,0,0,0,0,0,0,0,0,0,0,0,0,0,0
220834,4,3,5,7,50,0,0,0,-1,0,134581,10,0,90,0,0,0,0,0,0,0,277,0,0,0,0,0,0,0,0,0,0,0,0,0,0,0,0
223074,4,3,5,7,50,0,0,0,-1,0,134581,10,0,90,0,0,0,0,0,0,0,277,0,0,0,0,0,0,0,0,0,0,0,0,0,0,0,0
220836,4,3,5,8,50,0,0,0,-1,0,132590,10,0,60,0,0,0,0,0,0,0,210,0,0,0,0,0,0,0,0,0,0,0,0,0,0,0,0
220837,4,3,5,8,50,0,0,0,-1,0,132590,10,0,60,0,0,0,0,0,0,0,210,0,0,0,0,0,0,0,0,0,0,0,0,0,0,0,0
223077,4,3,5,8,50,0,0,0,-1,0,132590,10,0,60,0,0,0,0,0,0,0,210,0,0,0,0,0,0,0,0,0,0,0,0,0,0,0,0
220847,4,3,5,7,50,0,0,0,-1,0,134586,10,0,90,0,0,0,0,0,0,0,277,0,0,0,0,0,0,0,0,0,0,0,0,0,0,0,0
220849,4,3,5,3,50,0,0,0,-1,0,135054,10,0,70,0,0,0,0,0,0,0,246,0,0,0,0,0,0,0,0,0,0,0,0,0,0,0,0
220848,4,3,5,1,50,0,0,0,-1,0,133101,10,0,70,0,0,0,0,0,0,0,266,0,0,0,0,0,0,0,0,0,0,0,0,0,0,0,0
220851,4,2,8,1,50,0,0,0,-1,0,133681,7,0,60,0,0,0,0,0,0,0,128,0,0,0,0,0,0,0,0,0,0,0,0,0,0,0,0
220853,4,2,8,3,50,0,0,0,-1,0,135046,7,0,60,0,0,0,0,0,0,0,118,0,0,0,0,0,0,0,0,0,0,0,0,0,0,0,0
220855,4,2,8,5,50,0,0,0,-1,0,132722,7,0,100,0,0,0,0,0,0,0,153,0,0,0,0,0,0,0,0,0,0,0,0,0,0,0,0
220857,4,2,8,10,50,0,0,0,-1,0,132965,7,0,35,0,0,0,0,0,0,0,93,0,0,0,0,0,0,0,0,0,0,0,0,0,0,0,0
220859,4,2,8,7,50,0,0,0,-1,0,134582,7,0,75,0,0,0,0,0,0,0,134,0,0,0,0,0,0,0,0,0,0,0,0,0,0,0,0
220861,4,2,8,8,50,0,0,0,-1,0,132541,7,0,50,0,0,0,0,0,0,0,102,0,0,0,0,0,0,0,0,0,0,0,0,0,0,0,0
220862,4,2,8,8,50,0,0,0,-1,0,132541,7,0,50,0,0,0,0,0,0,0,102,0,0,0,0,0,0,0,0,0,0,0,0,0,0,0,0
220863,4,2,8,8,50,0,0,0,-1,0,132541,7,0,50,0,0,0,0,0,0,0,102,0,0,0,0,0,0,0,0,0,0,0,0,0,0,0,0
220865,4,2,8,7,50,0,0,0,-1,0,134586,7,0,75,0,0,0,0,0,0,0,134,0,0,0,0,0,0,0,0,0,0,0,0,0,0,0,0
220882,4,2,8,7,50,0,0,0,-1,0,134586,7,0,75,0,0,0,0,0,0,0,134,0,0,0,0,0,0,0,0,0,0,0,0,0,0,0,0
220883,4,2,8,7,50,0,0,0,-1,0,134586,7,0,75,0,0,0,0,0,0,0,134,0,0,0,0,0,0,0,0,0,0,0,0,0,0,0,0
220867,4,2,8,10,50,0,0,0,-1,0,132957,7,0,35,0,0,0,0,0,0,0,93,0,0,0,0,0,0,0,0,0,0,0,0,0,0,0,0
220869,4,2,8,5,50,0,0,0,-1,0,132646,7,0,100,0,0,0,0,0,0,0,153,0,0,0,0,0,0,0,0,0,0,0,0,0,0,0,0
220871,4,2,8,3,50,0,0,0,-1,0,135055,7,0,60,0,0,0,0,0,0,0,118,0,0,0,0,0,0,0,0,0,0,0,0,0,0,0,0
220873,4,2,8,1,50,0,0,0,-1,0,133156,7,0,60,0,0,0,0,0,0,0,128,0,0,0,0,0,0,0,0,0,0,0,0,0,0,0,0
220875,4,2,8,1,50,0,0,0,-1,0,133076,7,0,60,0,0,0,0,0,0,0,128,0,0,0,0,0,0,0,0,0,0,0,0,0,0,0,0
220877,4,2,8,3,50,0,0,0,-1,0,135054,7,0,60,0,0,0,0,0,0,0,118,0,0,0,0,0,0,0,0,0,0,0,0,0,0,0,0
220879,4,2,8,5,50,0,0,0,-1,0,132720,7,0,100,0,0,0,0,0,0,0,153,0,0,0,0,0,0,0,0,0,0,0,0,0,0,0,0
220881,4,2,8,10,50,0,0,0,-1,0,132949,7,0,35,0,0,0,0,0,0,0,93,0,0,0,0,0,0,0,0,0,0,0,0,0,0,0,0
220885,4,2,8,8,50,0,0,0,-1,0,132535,7,0,50,0,0,0,0,0,0,0,102,0,0,0,0,0,0,0,0,0,0,0,0,0,0,0,0
221815,4,2,3,9,50,0,0,0,-1,0,133878,14,0,40,0,0,0,0,0,0,0,75,0,0,0,0,0,0,0,0,0,0,0,0,0,0,0,0
224006,4,0,3,11,45,0,0,0,-1,0,133379,14,0,0,0,0,0,0,0,0,0,0,0,0,0,0,0,5,0,0,0,0,0,0,0,0,0,0
221384,4,4,6,1,50,0,0,0,-1,0,133078,11,0,80,0,0,0,0,0,0,0,429,0,0,0,0,0,0,0,0,0,0,0,0,0,0,0,0
221385,4,4,6,7,50,0,0,0,-1,0,134583,11,0,100,0,0,0,0,0,0,0,462,0,0,0,0,0,0,0,0,0,0,0,0,0,0,0,0
221383,4,4,6,10,50,0,0,0,-1,0,132938,11,0,45,0,0,0,0,0,0,0,330,0,0,0,0,0,0,0,0,0,0,0,0,0,0,0,0
221387,4,4,6,8,50,0,0,0,-1,0,132535,11,0,65,0,0,0,0,0,0,0,363,0,0,0,0,0,0,0,0,0,0,0,0,0,0,0,0
221382,4,4,6,5,50,0,0,0,-1,0,132647,11,0,135,0,0,0,0,0,0,0,528,0,0,0,0,0,0,0,0,0,0,0,0,0,0,0,0
221386,4,4,6,3,50,0,0,0,-1,0,135033,11,0,80,0,0,0,0,0,0,0,396,0,0,0,0,0,0,0,0,0,0,0,0,0,0,0,0
221398,4,3,5,7,50,0,0,0,-1,0,134585,10,0,90,0,0,0,0,0,0,0,263,0,0,0,0,0,0,0,0,0,0,0,0,0,0,0,0
221401,4,3,5,7,50,0,0,0,-1,0,134585,10,0,90,0,0,0,0,0,0,0,263,0,0,0,0,0,0,0,0,0,0,0,0,0,0,0,0
221396,4,3,5,10,50,0,0,0,-1,0,132946,10,0,40,0,0,0,0,0,0,0,188,0,0,0,0,0,0,0,0,0,0,0,0,0,0,0,0
221403,4,3,5,10,50,0,0,0,-1,0,132946,10,0,40,0,0,0,0,0,0,0,188,0,0,0,0,0,0,0,0,0,0,0,0,0,0,0,0
221395,4,3,5,5,50,0,0,0,-1,0,132628,10,0,120,0,0,0,0,0,0,0,300,0,0,0,0,0,0,0,0,0,0,0,0,0,0,0,0
221404,4,3,5,5,50,0,0,0,-1,0,132628,10,0,120,0,0,0,0,0,0,0,300,0,0,0,0,0,0,0,0,0,0,0,0,0,0,0,0
221397,4,3,6,1,50,0,0,0,-1,0,133078,11,0,70,0,0,0,0,0,0,0,244,0,0,0,0,0,0,0,0,0,0,0,0,0,0,0,0
221402,4,3,6,1,50,0,0,0,-1,0,133078,11,0,70,0,0,0,0,0,0,0,244,0,0,0,0,0,0,0,0,0,0,0,0,0,0,0,0
221399,4,3,5,3,50,0,0,0,-1,0,135046,10,0,70,0,0,0,0,0,0,0,225,0,0,0,0,0,0,0,0,0,0,0,0,0,0,0,0
221400,4,3,5,3,50,0,0,0,-1,0,135046,10,0,70,0,0,0,0,0,0,0,225,0,0,0,0,0,0,0,0,0,0,0,0,0,0,0,0
221394,4,3,5,8,50,0,0,0,-1,0,132535,10,0,60,0,0,0,0,0,0,0,206,0,0,0,0,0,0,0,0,0,0,0,0,0,0,0,0
221405,4,3,5,8,50,0,0,0,-1,0,132535,10,0,60,0,0,0,0,0,0,0,206,0,0,0,0,0,0,0,0,0,0,0,0,0,0,0,0
221417,4,2,8,5,50,0,0,0,-1,0,132742,7,0,100,0,0,0,0,0,0,0,146,0,0,0,0,0,0,0,0,0,0,0,0,0,0,0,0
221419,4,2,8,5,50,0,0,0,-1,0,132742,7,0,100,0,0,0,0,0,0,0,146,0,0,0,0,0,0,0,0,0,0,0,0,0,0,0,0
221412,4,2,8,10,50,0,0,0,-1,0,132945,7,0,35,0,0,0,0,0,0,0,91,0,0,0,0,0,0,0,0,0,0,0,0,0,0,0,0
221421,4,2,8,10,50,0,0,0,-1,0,132945,7,0,35,0,0,0,0,0,0,0,91,0,0,0,0,0,0,0,0,0,0,0,0,0,0,0,0
221413,4,2,8,1,50,0,0,0,-1,0,133072,7,0,60,0,0,0,0,0,0,0,118,0,0,0,0,0,0,0,0,0,0,0,0,0,0,0,0
221422,4,2,8,1,50,0,0,0,-1,0,133072,7,0,60,0,0,0,0,0,0,0,118,0,0,0,0,0,0,0,0,0,0,0,0,0,0,0,0
221415,4,2,8,8,50,0,0,0,-1,0,132542,7,0,50,0,0,0,0,0,0,0,100,0,0,0,0,0,0,0,0,0,0,0,0,0,0,0,0
221420,4,2,8,8,50,0,0,0,-1,0,132542,7,0,50,0,0,0,0,0,0,0,100,0,0,0,0,0,0,0,0,0,0,0,0,0,0,0,0
221414,4,2,8,7,50,0,0,0,-1,0,134586,7,0,75,0,0,0,0,0,0,0,127,0,0,0,0,0,0,0,0,0,0,0,0,0,0,0,0
221423,4,2,8,7,50,0,0,0,-1,0,134586,7,0,75,0,0,0,0,0,0,0,127,0,0,0,0,0,0,0,0,0,0,0,0,0,0,0,0
221416,4,2,8,3,50,0,0,0,-1,0,135049,7,0,60,0,0,0,0,0,0,0,109,0,0,0,0,0,0,0,0,0,0,0,0,0,0,0,0
221424,4,2,8,3,50,0,0,0,-1,0,135049,7,0,60,0,0,0,0,0,0,0,109,0,0,0,0,0,0,0,0,0,0,0,0,0,0,0,0
221455,4,0,1,12,50,0,0,0,-1,0,133442,14,0,0,0,0,0,0,0,0,0,0,0,0,0,0,0,0,0,0,0,0,0,0,0,0,0,0
226588,4,4,6,3,60,0,0,0,-1,0,135051,11,0,100,0,0,0,0,0,0,0,562,0,7,0,0,0,0,0,0,0,0,0,0,0,0,0,0
226605,4,4,6,3,60,0,0,0,-1,0,135051,11,0,100,0,0,0,0,0,0,0,562,0,7,0,0,0,0,0,0,0,0,0,0,0,0,0,0
223169,4,2,8,1,0,0,0,0,-1,0,133152,14,0,45,0,0,0,0,0,0,0,69,0,0,0,0,0,0,0,0,0,0,0,0,0,0,0,0
224005,4,0,3,11,20,0,0,0,-1,0,133379,14,0,0,0,0,0,0,0,0,0,0,0,0,0,0,0,0,0,0,0,0,0,0,0,0,0,0
231890,4,6,1,14,60,4,0,0,-1,0,5906231,9,0,120,0,0,0,0,0,0,0,2964,0,0,0,0,0,0,0,0,0,0,0,0,0,0,0,0
226476,4,2,8,9,60,0,0,0,-1,0,132601,7,0,40,0,0,0,0,0,0,0,88,0,5,0,0,0,0,0,0,0,0,0,0,0,0,0,0
226477,4,2,8,8,60,0,0,0,-1,0,132542,7,0,60,0,0,0,0,0,0,0,138,0,5,0,0,0,0,0,0,0,0,0,0,0,0,0,0
226645,4,2,8,8,60,0,0,0,-1,0,132542,7,0,60,0,0,0,0,0,0,0,138,0,5,0,0,0,0,0,0,0,0,0,0,0,0,0,0
226652,4,2,8,8,60,0,0,0,-1,0,132542,7,0,60,0,0,0,0,0,0,0,138,0,5,0,0,0,0,0,0,0,0,0,0,0,0,0,0
226663,4,2,8,8,60,0,0,0,-1,0,132542,7,0,60,0,0,0,0,0,0,0,138,0,5,0,0,0,0,0,0,0,0,0,0,0,0,0,0
226673,4,2,8,8,60,0,0,0,-1,0,132542,7,0,60,0,0,0,0,0,0,0,138,0,5,0,0,0,0,0,0,0,0,0,0,0,0,0,0
226478,4,2,8,3,60,0,0,0,-1,0,135056,7,0,70,0,0,0,0,0,0,0,150,0,7,0,0,0,0,0,0,0,0,0,0,0,0,0,0
226479,4,2,8,7,60,0,0,0,-1,0,134586,7,0,90,0,0,0,0,0,0,0,175,0,10,0,0,0,0,0,0,0,0,0,0,0,0,0,0
226646,4,2,8,7,60,0,0,0,-1,0,134586,7,0,90,0,0,0,0,0,0,0,175,0,10,0,0,0,0,0,0,0,0,0,0,0,0,0,0
226651,4,2,8,7,60,0,0,0,-1,0,134586,7,0,90,0,0,0,0,0,0,0,175,0,10,0,0,0,0,0,0,0,0,0,0,0,0,0,0
226666,4,2,8,7,60,0,0,0,-1,0,134586,7,0,90,0,0,0,0,0,0,0,175,0,10,0,0,0,0,0,0,0,0,0,0,0,0,0,0
226671,4,2,8,7,60,0,0,0,-1,0,134586,7,0,90,0,0,0,0,0,0,0,175,0,10,0,0,0,0,0,0,0,0,0,0,0,0,0,0
226499,4,4,6,9,60,0,0,0,-1,0,132618,11,0,55,0,0,0,0,0,0,0,328,0,5,0,0,0,0,0,0,0,0,0,0,0,0,0,0
226496,4,4,6,8,60,0,0,0,-1,0,132585,11,0,75,0,0,0,0,0,0,0,515,0,5,0,0,0,0,0,0,0,0,0,0,0,0,0,0
226493,4,4,6,7,60,0,0,0,-1,0,134584,11,0,120,0,0,0,0,0,0,0,655,0,10,0,0,0,0,0,0,0,0,0,0,0,0,0,0
226594,4,4,6,7,60,0,0,0,-1,0,134584,11,0,120,0,0,0,0,0,0,0,655,0,10,0,0,0,0,0,0,0,0,0,0,0,0,0,0
226598,4,4,6,7,60,0,0,0,-1,0,134584,11,0,120,0,0,0,0,0,0,0,655,0,10,0,0,0,0,0,0,0,0,0,0,0,0,0,0
226606,4,4,6,7,60,0,0,0,-1,0,134584,11,0,120,0,0,0,0,0,0,0,655,0,10,0,0,0,0,0,0,0,0,0,0,0,0,0,0
226492,4,4,6,3,60,0,0,0,-1,0,135046,11,0,100,0,0,0,0,0,0,0,562,0,7,0,0,0,0,0,0,0,0,0,0,0,0,0,0
228512,4,4,6,3,60,0,0,0,-1,0,135046,11,0,100,0,0,0,0,0,0,0,562,0,7,0,0,0,0,0,0,0,0,0,0,0,0,0,0
226543,4,3,5,3,60,0,0,0,-1,0,135041,10,0,85,0,0,0,0,0,0,0,317,0,7,0,0,0,0,0,0,0,0,0,0,0,0,0,0
226541,4,3,5,9,60,0,0,0,-1,0,132616,10,0,50,0,0,0,0,0,0,0,185,0,5,0,0,0,0,0,0,0,0,0,0,0,0,0,0
226538,4,3,5,8,60,0,0,0,-1,0,132556,10,0,70,0,0,0,0,0,0,0,290,0,5,0,0,0,0,0,0,0,0,0,0,0,0,0,0
226537,4,3,5,7,60,0,0,0,-1,0,134655,10,0,105,0,0,0,0,0,0,0,369,0,10,0,0,0,0,0,0,0,0,0,0,0,0,0,0
226596,4,4,6,9,60,0,0,0,-1,0,132617,11,0,55,0,0,0,0,0,0,0,328,0,5,0,0,0,0,0,0,0,0,0,0,0,0,0,0
226603,4,4,6,9,60,0,0,0,-1,0,132617,11,0,55,0,0,0,0,0,0,0,328,0,5,0,0,0,0,0,0,0,0,0,0,0,0,0,0
226601,4,4,6,8,60,0,0,0,-1,0,132590,11,0,75,0,0,0,0,0,0,0,515,0,5,0,0,0,0,0,0,0,0,0,0,0,0,0,0
226609,4,4,6,8,60,0,0,0,-1,0,132590,11,0,75,0,0,0,0,0,0,0,515,0,5,0,0,0,0,0,0,0,0,0,0,0,0,0,0
226624,4,3,5,3,60,0,0,0,-1,0,135060,10,0,85,0,0,0,0,0,0,0,317,0,7,0,0,0,0,0,0,0,0,0,0,0,0,0,0
226632,4,3,5,3,60,0,0,0,-1,0,135060,10,0,85,0,0,0,0,0,0,0,317,0,7,0,0,0,0,0,0,0,0,0,0,0,0,0,0
226640,4,3,5,3,60,0,0,0,-1,0,135060,10,0,85,0,0,0,0,0,0,0,317,0,7,0,0,0,0,0,0,0,0,0,0,0,0,0,0
226620,4,3,5,8,60,0,0,0,-1,0,132587,10,0,70,0,0,0,0,0,0,0,290,0,5,0,0,0,0,0,0,0,0,0,0,0,0,0,0
226628,4,3,5,8,60,0,0,0,-1,0,132587,10,0,70,0,0,0,0,0,0,0,290,0,5,0,0,0,0,0,0,0,0,0,0,0,0,0,0
226636,4,3,5,8,60,0,0,0,-1,0,132587,10,0,70,0,0,0,0,0,0,0,290,0,5,0,0,0,0,0,0,0,0,0,0,0,0,0,0
226623,4,3,5,7,60,0,0,0,-1,0,134583,10,0,105,0,0,0,0,0,0,0,369,0,10,0,0,0,0,0,0,0,0,0,0,0,0,0,0
226631,4,3,5,7,60,0,0,0,-1,0,134583,10,0,105,0,0,0,0,0,0,0,369,0,10,0,0,0,0,0,0,0,0,0,0,0,0,0,0
226639,4,3,5,7,60,0,0,0,-1,0,134583,10,0,105,0,0,0,0,0,0,0,369,0,10,0,0,0,0,0,0,0,0,0,0,0,0,0,0
226626,4,3,5,9,60,0,0,0,-1,0,132615,10,0,50,0,0,0,0,0,0,0,185,0,5,0,0,0,0,0,0,0,0,0,0,0,0,0,0
226634,4,3,5,9,60,0,0,0,-1,0,132615,10,0,50,0,0,0,0,0,0,0,185,0,5,0,0,0,0,0,0,0,0,0,0,0,0,0,0
226642,4,3,5,9,60,0,0,0,-1,0,132615,10,0,50,0,0,0,0,0,0,0,185,0,5,0,0,0,0,0,0,0,0,0,0,0,0,0,0
226653,4,2,8,3,60,0,0,0,-1,0,135038,7,0,70,0,0,0,0,0,0,0,150,0,7,0,0,0,0,0,0,0,0,0,0,0,0,0,0
226665,4,2,8,3,60,0,0,0,-1,0,135038,7,0,70,0,0,0,0,0,0,0,150,0,7,0,0,0,0,0,0,0,0,0,0,0,0,0,0
226674,4,2,8,3,60,0,0,0,-1,0,135038,7,0,70,0,0,0,0,0,0,0,150,0,7,0,0,0,0,0,0,0,0,0,0,0,0,0,0
226655,4,2,8,9,60,0,0,0,-1,0,132602,7,0,40,0,0,0,0,0,0,0,88,0,5,0,0,0,0,0,0,0,0,0,0,0,0,0,0
226662,4,2,8,9,60,0,0,0,-1,0,132602,7,0,40,0,0,0,0,0,0,0,88,0,5,0,0,0,0,0,0,0,0,0,0,0,0,0,0
226668,4,2,8,9,60,0,0,0,-1,0,132602,7,0,40,0,0,0,0,0,0,0,88,0,5,0,0,0,0,0,0,0,0,0,0,0,0,0,0
228924,4,4,8,8,60,0,0,0,-1,0,132551,7,0,75,0,0,0,0,0,0,0,552,0,30,0,0,0,0,0,0,0,0,0,0,0,0,0,0
228925,4,4,8,8,60,0,0,0,-1,0,132551,7,0,75,0,0,0,0,0,0,0,552,0,30,0,0,0,0,0,0,0,0,0,0,0,0,0,0
228926,4,4,8,8,60,0,0,0,-1,0,132551,7,0,75,0,0,0,0,0,0,0,552,0,30,0,0,0,0,0,0,0,0,0,0,0,0,0,0
228927,4,4,8,8,60,0,0,0,-1,0,132551,7,0,75,0,0,0,0,0,0,0,552,0,30,0,0,0,0,0,0,0,0,0,0,0,0,0,0
228928,4,4,8,8,60,0,0,0,-1,0,132551,7,0,75,0,0,0,0,0,0,0,552,0,30,0,0,0,0,0,0,0,0,0,0,0,0,0,0
228929,4,4,8,8,60,0,0,0,-1,0,132551,7,0,75,0,0,0,0,0,0,0,552,0,30,0,0,0,0,0,0,0,0,0,0,0,0,0,0
228090,2,15,1,21,57,3,0,0,-1,0,135661,8,0,65,0,0,0,0,0,0,0,0,0,0,0,0,0,0,45,0,0,0,0,85,0,0,0,0
228508,2,4,2,13,60,3,0,0,-1,0,133040,8,0,105,0,0,0,0,0,0,0,0,0,0,0,0,0,0,102,0,0,0,0,188,0,0,0,0
229374,2,4,2,13,60,3,0,0,-1,0,135814,8,0,105,0,0,0,0,0,0,0,0,0,0,0,0,0,0,59,0,0,0,0,110,0,0,0,0
229378,2,13,1,21,60,7,0,0,-1,0,134296,8,0,75,0,0,0,0,0,0,0,0,0,0,0,0,0,0,92,0,0,0,0,171,0,0,0,0
229377,2,13,1,22,60,7,0,0,-1,0,134296,8,0,75,0,0,0,0,0,0,0,0,0,0,0,0,0,0,92,0,0,0,0,171,0,0,0,0
229373,2,5,1,17,60,1,0,0,-1,0,133041,9,0,100,0,0,0,0,0,0,0,0,0,0,0,0,0,0,202,0,0,0,0,303,0,0,0,0
228459,2,8,1,17,60,1,0,0,-1,0,135329,9,0,120,0,0,0,0,0,0,0,0,0,0,0,0,0,0,187,0,0,0,0,280,0,0,0,0
228519,2,2,2,15,60,0,0,0,-1,0,135496,12,0,90,2,0,0,0,0,0,0,0,0,0,0,0,0,0,92,0,0,0,0,171,0,0,0,0
229376,2,15,1,21,60,3,0,0,-1,0,135643,8,0,75,0,0,0,0,0,0,0,60,0,0,0,0,0,0,49,0,0,0,0,91,0,0,0,0
228506,2,7,1,13,60,3,0,0,-1,0,135313,8,0,105,0,0,0,0,0,0,0,0,0,0,0,0,0,0,92,0,0,0,0,171,0,0,0,0
228702,4,6,1,14,60,4,0,0,-1,0,134956,9,0,120,0,0,0,0,0,0,0,2575,0,0,0,0,0,0,0,0,0,0,0,0,0,0,0,0
229372,2,15,1,13,60,3,0,0,-1,0,135654,8,0,75,0,0,0,0,0,0,0,0,0,0,0,0,0,0,66,0,0,0,0,123,0,0,0,0
228922,2,10,2,17,60,2,0,0,-1,0,135150,13,0,120,0,0,0,0,0,0,0,0,0,0,0,0,0,0,159,0,0,0,0,238,0,0,0,0
228273,2,6,1,17,58,2,0,0,-1,0,135131,9,0,120,0,0,0,0,0,0,0,0,0,0,0,0,0,0,186,0,0,0,0,279,0,0,0,0
229380,2,6,1,17,58,2,0,0,-1,0,135131,9,0,120,0,0,0,0,0,0,0,0,0,0,0,0,0,0,186,0,0,0,0,279,0,0,0,0
229381,2,6,1,17,58,2,0,0,-1,0,135131,9,0,120,0,0,0,0,0,0,0,0,0,0,0,0,0,0,186,0,0,0,0,279,0,0,0,0
228701,2,15,1,13,60,3,0,0,-1,0,135647,8,0,75,0,0,0,0,0,0,0,0,0,0,0,0,0,0,48,0,0,0,0,89,0,0,0,0
229382,2,5,1,17,60,1,0,0,-1,0,132996,9,0,120,0,0,0,0,0,0,0,0,0,15,0,0,0,0,175,0,0,0,0,262,0,0,0,0
228511,2,15,1,13,60,3,0,0,-1,0,135358,8,0,75,0,0,0,0,0,0,0,0,0,0,0,0,0,0,78,0,0,0,0,145,0,0,0,0
228460,2,1,1,17,60,1,0,0,-1,0,132400,9,0,120,0,0,0,0,0,0,0,0,0,0,0,0,0,0,237,0,0,0,0,356,0,0,0,0
229379,2,13,1,21,60,7,0,0,-1,0,134297,8,0,75,0,0,0,0,0,0,0,0,0,0,0,0,0,0,87,0,0,0,0,163,0,0,0,0
228465,4,0,3,12,0,0,0,0,-1,0,133443,8,0,0,0,0,0,0,0,0,0,0,0,10,0,0,0,0,0,0,0,0,0,0,0,0,0,0
228466,4,0,3,12,0,0,0,0,-1,0,133443,8,0,0,0,0,0,0,0,0,0,0,0,10,0,0,0,0,0,0,0,0,0,0,0,0,0,0
228467,4,0,3,12,0,0,0,0,-1,0,133443,8,0,0,0,0,0,0,0,0,0,0,0,10,0,0,0,0,0,0,0,0,0,0,0,0,0,0
231902,4,0,3,2,60,0,0,0,-1,0,133303,14,0,0,0,0,0,0,0,0,0,0,0,0,0,0,0,0,0,0,0,0,0,0,0,0,0,0
232077,4,0,3,12,60,0,0,0,-1,0,134334,24,0,0,0,0,0,0,0,0,0,0,0,0,0,0,0,0,0,0,0,0,0,0,0,0,0,0
232566,2,8,1,17,60,1,0,0,-1,0,135360,9,0,120,0,0,0,0,0,0,0,0,0,0,0,0,0,0,198,0,0,0,0,297,0,0,0,0
232565,2,15,1,13,60,3,0,0,-1,0,135665,8,0,75,0,0,0,0,0,0,0,0,0,0,0,0,0,0,54,0,0,0,0,101,0,0,0,0
232607,2,2,2,15,60,0,0,0,-1,0,135497,12,0,90,2,0,0,0,0,0,0,0,0,0,0,0,0,0,98,0,0,0,0,183,0,0,0,0
232562,2,1,1,17,60,1,0,0,-1,0,132401,9,0,120,0,0,0,0,0,0,0,0,0,0,0,0,0,0,223,0,0,0,0,335,0,0,0,0
232561,2,13,1,21,60,7,0,0,-1,0,135663,8,0,75,0,0,0,0,0,0,0,0,0,0,0,0,0,0,110,0,0,0,0,206,0,0,0,0
232608,2,3,2,26,60,0,0,0,-1,0,135611,12,0,90,3,0,0,0,0,0,0,0,0,0,0,0,0,0,92,0,0,0,0,172,0,0,0,0
232559,2,5,1,17,60,1,0,0,-1,0,133480,9,0,120,0,0,0,0,0,0,0,0,0,0,0,0,0,0,217,0,0,0,0,326,0,0,0,0
232558,2,7,1,13,60,3,0,0,-1,0,135361,8,0,105,0,0,0,0,0,0,0,0,0,0,0,0,0,0,110,0,0,0,0,205,0,0,0,0
232557,2,15,1,21,60,3,0,0,-1,0,135664,8,0,75,0,0,0,0,0,0,0,0,0,0,0,0,0,0,61,0,0,0,0,114,0,0,0,0
232550,2,8,1,17,60,1,0,0,-1,0,135360,9,0,120,0,0,0,0,0,0,0,0,0,0,0,0,0,0,235,0,0,0,0,354,0,0,0,0
232555,2,0,1,13,60,3,0,0,-1,0,132403,8,0,105,0,0,0,0,0,0,0,0,0,0,0,0,0,0,105,0,0,0,0,197,0,0,0,0
232551,2,5,1,17,60,1,0,0,-1,0,133480,9,0,120,0,0,0,0,0,0,0,0,0,0,0,0,0,0,117,0,0,0,0,176,0,0,0,0
232577,2,0,1,13,60,3,0,0,-1,0,132406,8,0,105,0,0,0,0,0,0,0,0,0,0,0,0,0,0,100,0,0,0,0,187,0,0,0,0
230860,4,1,7,16,60,0,0,0,-1,0,133768,7,0,0,0,0,0,0,0,0,0,50,0,0,0,0,0,0,0,0,0,0,0,0,0,0,0,0
231865,2,4,1,21,60,3,0,0,-1,0,135461,8,0,105,0,0,0,0,0,0,0,0,0,0,0,0,0,0,86,0,0,0,0,160,0,0,0,0
231874,2,15,1,21,60,3,0,0,-1,0,135667,8,0,75,0,0,0,0,0,0,0,0,0,0,0,0,0,0,45,0,0,0,0,84,0,0,0,0
231873,2,1,1,17,60,1,0,0,-1,0,132427,9,0,120,0,0,0,0,0,0,0,0,0,0,0,0,0,0,187,0,0,0,0,281,0,0,0,0
231861,2,5,1,17,60,1,0,0,-1,0,133494,9,0,120,0,0,0,0,0,0,0,0,0,0,0,0,0,0,191,0,0,0,0,288,0,0,0,0
231866,2,19,3,26,60,0,0,0,-1,0,135468,24,0,75,0,0,3,0,0,0,0,0,0,0,0,0,0,0,97,0,0,0,0,181,0,0,0,0
231875,2,13,1,21,60,7,0,0,-1,0,135592,8,0,75,0,0,0,0,0,0,0,0,0,0,0,0,0,0,94,0,0,0,0,175,0,0,0,0
231876,2,7,1,13,60,3,0,0,-1,0,135345,8,0,105,0,0,0,0,0,0,0,0,0,0,0,0,0,0,66,0,0,0,0,123,0,0,0,0
231851,2,13,1,22,60,7,0,0,-1,0,135592,8,0,75,0,0,0,0,0,0,0,0,0,0,0,0,0,0,94,0,0,0,0,175,0,0,0,0
231850,2,10,2,17,60,2,0,0,-1,0,135172,13,0,120,0,0,0,0,0,0,0,0,0,0,0,0,0,0,155,0,0,0,0,233,0,0,0,0
231867,2,7,1,21,60,3,0,0,-1,0,135364,8,0,105,0,0,0,0,0,0,0,0,0,0,0,0,0,0,53,0,0,0,0,99,0,0,0,0
231870,2,6,1,17,60,1,0,0,-1,0,135582,9,0,120,0,0,0,0,0,0,0,0,0,0,0,0,0,0,105,0,0,0,0,158,0,0,0,0
231869,2,7,1,22,60,1,0,0,-1,0,135365,8,0,105,0,0,0,0,0,0,0,0,0,0,0,0,0,0,60,0,0,0,0,112,0,0,0,0
231868,2,2,2,15,60,0,0,0,-1,0,135461,12,0,90,2,0,0,0,0,0,0,0,0,0,0,0,0,0,80,0,0,0,0,149,0,0,0,0
231859,2,4,1,21,60,3,0,0,-1,0,133492,12,0,105,0,0,0,0,0,0,0,0,0,0,0,0,0,0,83,0,0,0,0,156,0,0,0,0
231860,2,10,2,17,60,2,0,0,-1,0,135170,13,0,120,0,0,0,0,0,0,0,0,0,0,0,0,0,0,177,0,0,0,0,266,0,0,0,0
231848,2,10,2,17,60,1,0,0,-1,0,132932,13,0,120,0,0,0,0,0,0,0,0,0,0,0,0,0,0,207,0,0,0,0,311,0,0,0,0
231032,4,4,6,6,60,0,0,0,-1,0,132498,11,0,55,0,0,0,0,0,0,0,482,0,0,0,10,0,0,0,0,0,0,0,0,0,0,0,0
232248,4,4,6,6,60,0,0,0,-1,0,132498,11,0,55,0,0,0,0,0,0,0,482,0,0,0,10,0,0,0,0,0,0,0,0,0,0,0,0
232256,4,4,6,6,60,0,0,0,-1,0,132498,11,0,55,0,0,0,0,0,0,0,482,0,0,0,10,0,0,0,0,0,0,0,0,0,0,0,0
231033,4,4,6,3,60,0,0,0,-1,0,135065,11,0,100,0,0,0,0,0,0,0,642,0,0,0,10,0,0,0,0,0,0,0,0,0,0,0,0
232249,4,4,6,3,60,0,0,0,-1,0,135065,11,0,100,0,0,0,0,0,0,0,642,0,0,0,10,0,0,0,0,0,0,0,0,0,0,0,0
232257,4,4,6,3,60,0,0,0,-1,0,135065,11,0,100,0,0,0,0,0,0,0,642,0,0,0,10,0,0,0,0,0,0,0,0,0,0,0,0
231034,4,4,6,7,60,0,0,0,-1,0,134584,11,0,120,0,0,0,0,0,0,0,749,0,0,10,10,0,0,0,0,0,0,0,0,0,0,0,0
231177,4,4,6,7,60,0,0,0,-1,0,134584,11,0,120,0,0,0,0,0,0,0,749,0,0,10,10,0,0,0,0,0,0,0,0,0,0,0,0
231185,4,4,6,7,60,0,0,0,-1,0,134584,11,0,120,0,0,0,0,0,0,0,749,0,0,10,10,0,0,0,0,0,0,0,0,0,0,0,0
231193,4,4,6,7,60,0,0,0,-1,0,134584,11,0,120,0,0,0,0,0,0,0,749,0,0,10,10,0,0,0,0,0,0,0,0,0,0,0,0
232146,4,4,6,7,60,0,0,0,-1,0,134584,11,0,120,0,0,0,0,0,0,0,749,0,0,10,10,0,0,0,0,0,0,0,0,0,0,0,0
232154,4,4,6,7,60,0,0,0,-1,0,134584,11,0,120,0,0,0,0,0,0,0,749,0,0,10,10,0,0,0,0,0,0,0,0,0,0,0,0
232162,4,4,6,7,60,0,0,0,-1,0,134584,11,0,120,0,0,0,0,0,0,0,749,0,0,10,10,0,0,0,0,0,0,0,0,0,0,0,0
232250,4,4,6,7,60,0,0,0,-1,0,134584,11,0,120,0,0,0,0,0,0,0,749,0,0,10,10,0,0,0,0,0,0,0,0,0,0,0,0
232258,4,4,6,7,60,0,0,0,-1,0,134584,11,0,120,0,0,0,0,0,0,0,749,0,0,10,10,0,0,0,0,0,0,0,0,0,0,0,0
231035,4,4,6,1,60,0,0,0,-1,0,133173,11,0,100,0,0,0,0,0,0,0,696,0,0,10,10,0,0,0,0,0,0,0,0,0,0,0,0
232251,4,4,6,1,60,0,0,0,-1,0,133173,11,0,100,0,0,0,0,0,0,0,696,0,0,10,10,0,0,0,0,0,0,0,0,0,0,0,0
232259,4,4,6,1,60,0,0,0,-1,0,133173,11,0,100,0,0,0,0,0,0,0,696,0,0,10,10,0,0,0,0,0,0,0,0,0,0,0,0
231036,4,4,6,10,60,0,0,0,-1,0,132944,11,0,55,0,0,0,0,0,0,0,535,0,0,10,0,0,0,0,0,0,0,0,0,0,0,0,0
232252,4,4,6,10,60,0,0,0,-1,0,132944,11,0,55,0,0,0,0,0,0,0,535,0,0,10,0,0,0,0,0,0,0,0,0,0,0,0,0
232260,4,4,6,10,60,0,0,0,-1,0,132944,11,0,55,0,0,0,0,0,0,0,535,0,0,10,0,0,0,0,0,0,0,0,0,0,0,0,0
231037,4,4,6,8,60,0,0,0,-1,0,132585,11,0,75,0,0,0,0,0,0,0,589,0,0,10,0,0,0,0,0,0,0,0,0,0,0,0,0
232253,4,4,6,8,60,0,0,0,-1,0,132585,11,0,75,0,0,0,0,0,0,0,589,0,0,10,0,0,0,0,0,0,0,0,0,0,0,0,0
232261,4,4,6,8,60,0,0,0,-1,0,132585,11,0,75,0,0,0,0,0,0,0,589,0,0,10,0,0,0,0,0,0,0,0,0,0,0,0,0
231038,4,4,6,5,60,0,0,0,-1,0,132751,11,0,165,0,0,0,0,0,0,0,857,0,0,10,10,0,0,0,0,0,0,0,0,0,0,0,0
232254,4,4,6,5,60,0,0,0,-1,0,132751,11,0,165,0,0,0,0,0,0,0,857,0,0,10,10,0,0,0,0,0,0,0,0,0,0,0,0
232262,4,4,6,5,60,0,0,0,-1,0,132751,11,0,165,0,0,0,0,0,0,0,857,0,0,10,10,0,0,0,0,0,0,0,0,0,0,0,0
231047,4,2,8,3,60,0,0,0,-1,0,135054,7,0,70,0,0,0,0,0,0,0,169,0,0,0,10,0,0,0,0,0,0,0,0,0,0,0,0
232185,4,2,8,3,60,0,0,0,-1,0,135054,7,0,70,0,0,0,0,0,0,0,169,0,0,0,10,0,0,0,0,0,0,0,0,0,0,0,0
232193,4,2,8,3,60,0,0,0,-1,0,135054,7,0,70,0,0,0,0,0,0,0,169,0,0,0,10,0,0,0,0,0,0,0,0,0,0,0,0
231048,4,2,8,5,60,0,0,0,-1,0,132648,7,0,120,0,0,0,0,0,0,0,225,0,0,10,10,0,0,0,0,0,0,0,0,0,0,0,0
232190,4,2,8,5,60,0,0,0,-1,0,132648,7,0,120,0,0,0,0,0,0,0,225,0,0,10,10,0,0,0,0,0,0,0,0,0,0,0,0
232198,4,2,8,5,60,0,0,0,-1,0,132648,7,0,120,0,0,0,0,0,0,0,225,0,0,10,10,0,0,0,0,0,0,0,0,0,0,0,0
231049,4,2,8,8,60,0,0,0,-1,0,132542,7,0,60,0,0,0,0,0,0,0,154,0,0,10,0,0,0,0,0,0,0,0,0,0,0,0,0
231231,4,2,8,8,60,0,0,0,-1,0,132542,7,0,60,0,0,0,0,0,0,0,154,0,0,10,0,0,0,0,0,0,0,0,0,0,0,0,0
231239,4,2,8,8,60,0,0,0,-1,0,132542,7,0,60,0,0,0,0,0,0,0,154,0,0,10,0,0,0,0,0,0,0,0,0,0,0,0,0
231247,4,2,8,8,60,0,0,0,-1,0,132542,7,0,60,0,0,0,0,0,0,0,154,0,0,10,0,0,0,0,0,0,0,0,0,0,0,0,0
231255,4,2,8,8,60,0,0,0,-1,0,132542,7,0,60,0,0,0,0,0,0,0,154,0,0,10,0,0,0,0,0,0,0,0,0,0,0,0,0
232085,4,2,8,8,60,0,0,0,-1,0,132542,7,0,60,0,0,0,0,0,0,0,154,0,0,10,0,0,0,0,0,0,0,0,0,0,0,0,0
232093,4,2,8,8,60,0,0,0,-1,0,132542,7,0,60,0,0,0,0,0,0,0,154,0,0,10,0,0,0,0,0,0,0,0,0,0,0,0,0
232101,4,2,8,8,60,0,0,0,-1,0,132542,7,0,60,0,0,0,0,0,0,0,154,0,0,10,0,0,0,0,0,0,0,0,0,0,0,0,0
232109,4,2,8,8,60,0,0,0,-1,0,132542,7,0,60,0,0,0,0,0,0,0,154,0,0,10,0,0,0,0,0,0,0,0,0,0,0,0,0
232189,4,2,8,8,60,0,0,0,-1,0,132542,7,0,60,0,0,0,0,0,0,0,154,0,0,10,0,0,0,0,0,0,0,0,0,0,0,0,0
232197,4,2,8,8,60,0,0,0,-1,0,132542,7,0,60,0,0,0,0,0,0,0,154,0,0,10,0,0,0,0,0,0,0,0,0,0,0,0,0
231050,4,2,8,10,60,0,0,0,-1,0,132955,7,0,40,0,0,0,0,0,0,0,140,0,0,10,0,0,0,0,0,0,0,0,0,0,0,0,0
232188,4,2,8,10,60,0,0,0,-1,0,132955,7,0,40,0,0,0,0,0,0,0,140,0,0,10,0,0,0,0,0,0,0,0,0,0,0,0,0
232196,4,2,8,10,60,0,0,0,-1,0,132955,7,0,40,0,0,0,0,0,0,0,140,0,0,10,0,0,0,0,0,0,0,0,0,0,0,0,0
231051,4,2,8,1,60,0,0,0,-1,0,133143,7,0,70,0,0,0,0,0,0,0,183,0,0,10,10,0,0,0,0,0,0,0,0,0,0,0,0
232187,4,2,8,1,60,0,0,0,-1,0,133143,7,0,70,0,0,0,0,0,0,0,183,0,0,10,10,0,0,0,0,0,0,0,0,0,0,0,0
232195,4,2,8,1,60,0,0,0,-1,0,133143,7,0,70,0,0,0,0,0,0,0,183,0,0,10,10,0,0,0,0,0,0,0,0,0,0,0,0
231052,4,2,8,7,60,0,0,0,-1,0,134586,7,0,90,0,0,0,0,0,0,0,197,0,0,10,10,0,0,0,0,0,0,0,0,0,0,0,0
231234,4,2,8,7,60,0,0,0,-1,0,134586,7,0,90,0,0,0,0,0,0,0,197,0,0,10,10,0,0,0,0,0,0,0,0,0,0,0,0
231242,4,2,8,7,60,0,0,0,-1,0,134586,7,0,90,0,0,0,0,0,0,0,197,0,0,10,10,0,0,0,0,0,0,0,0,0,0,0,0
231250,4,2,8,7,60,0,0,0,-1,0,134586,7,0,90,0,0,0,0,0,0,0,197,0,0,10,10,0,0,0,0,0,0,0,0,0,0,0,0
231258,4,2,8,7,60,0,0,0,-1,0,134586,7,0,90,0,0,0,0,0,0,0,197,0,0,10,10,0,0,0,0,0,0,0,0,0,0,0,0
232082,4,2,8,7,60,0,0,0,-1,0,134586,7,0,90,0,0,0,0,0,0,0,197,0,0,10,10,0,0,0,0,0,0,0,0,0,0,0,0
232090,4,2,8,7,60,0,0,0,-1,0,134586,7,0,90,0,0,0,0,0,0,0,197,0,0,10,10,0,0,0,0,0,0,0,0,0,0,0,0
232098,4,2,8,7,60,0,0,0,-1,0,134586,7,0,90,0,0,0,0,0,0,0,197,0,0,10,10,0,0,0,0,0,0,0,0,0,0,0,0
232106,4,2,8,7,60,0,0,0,-1,0,134586,7,0,90,0,0,0,0,0,0,0,197,0,0,10,10,0,0,0,0,0,0,0,0,0,0,0,0
232186,4,2,8,7,60,0,0,0,-1,0,134586,7,0,90,0,0,0,0,0,0,0,197,0,0,10,10,0,0,0,0,0,0,0,0,0,0,0,0
232194,4,2,8,7,60,0,0,0,-1,0,134586,7,0,90,0,0,0,0,0,0,0,197,0,0,10,10,0,0,0,0,0,0,0,0,0,0,0,0
231053,4,2,8,6,60,0,0,0,-1,0,132512,7,0,40,0,0,0,0,0,0,0,126,0,0,0,10,0,0,0,0,0,0,0,0,0,0,0,0
232184,4,2,8,6,60,0,0,0,-1,0,132512,7,0,40,0,0,0,0,0,0,0,126,0,0,0,10,0,0,0,0,0,0,0,0,0,0,0,0
232192,4,2,8,6,60,0,0,0,-1,0,132512,7,0,40,0,0,0,0,0,0,0,126,0,0,0,10,0,0,0,0,0,0,0,0,0,0,0,0
231065,4,3,5,6,60,0,0,0,-1,0,132517,10,0,50,0,0,0,0,0,0,0,271,0,0,0,10,0,0,0,0,0,0,0,0,0,0,0,0
232112,4,3,5,6,60,0,0,0,-1,0,132517,10,0,50,0,0,0,0,0,0,0,271,0,0,0,10,0,0,0,0,0,0,0,0,0,0,0,0
232120,4,3,5,6,60,0,0,0,-1,0,132517,10,0,50,0,0,0,0,0,0,0,271,0,0,0,10,0,0,0,0,0,0,0,0,0,0,0,0
231066,4,3,5,3,60,0,0,0,-1,0,135041,10,0,85,0,0,0,0,0,0,0,362,0,0,0,10,0,0,0,0,0,0,0,0,0,0,0,0
232113,4,3,5,3,60,0,0,0,-1,0,135041,10,0,85,0,0,0,0,0,0,0,362,0,0,0,10,0,0,0,0,0,0,0,0,0,0,0,0
232121,4,3,5,3,60,0,0,0,-1,0,135041,10,0,85,0,0,0,0,0,0,0,362,0,0,0,10,0,0,0,0,0,0,0,0,0,0,0,0
231067,4,3,5,7,60,0,0,0,-1,0,134583,10,0,105,0,0,0,0,0,0,0,422,0,0,10,10,0,0,0,0,0,0,0,0,0,0,0,0
231202,4,3,5,7,60,0,0,0,-1,0,134583,10,0,105,0,0,0,0,0,0,0,422,0,0,10,10,0,0,0,0,0,0,0,0,0,0,0,0
231210,4,3,5,7,60,0,0,0,-1,0,134583,10,0,105,0,0,0,0,0,0,0,422,0,0,10,10,0,0,0,0,0,0,0,0,0,0,0,0
231218,4,3,5,7,60,0,0,0,-1,0,134583,10,0,105,0,0,0,0,0,0,0,422,0,0,10,10,0,0,0,0,0,0,0,0,0,0,0,0
231226,4,3,5,7,60,0,0,0,-1,0,134583,10,0,105,0,0,0,0,0,0,0,422,0,0,10,10,0,0,0,0,0,0,0,0,0,0,0,0
232114,4,3,5,7,60,0,0,0,-1,0,134583,10,0,105,0,0,0,0,0,0,0,422,0,0,10,10,0,0,0,0,0,0,0,0,0,0,0,0
232122,4,3,5,7,60,0,0,0,-1,0,134583,10,0,105,0,0,0,0,0,0,0,422,0,0,10,10,0,0,0,0,0,0,0,0,0,0,0,0
232202,4,3,5,7,60,0,0,0,-1,0,134583,10,0,105,0,0,0,0,0,0,0,422,0,0,10,10,0,0,0,0,0,0,0,0,0,0,0,0
232210,4,3,5,7,60,0,0,0,-1,0,134583,10,0,105,0,0,0,0,0,0,0,422,0,0,10,10,0,0,0,0,0,0,0,0,0,0,0,0
232218,4,3,5,7,60,0,0,0,-1,0,134583,10,0,105,0,0,0,0,0,0,0,422,0,0,10,10,0,0,0,0,0,0,0,0,0,0,0,0
232226,4,3,5,7,60,0,0,0,-1,0,134583,10,0,105,0,0,0,0,0,0,0,422,0,0,10,10,0,0,0,0,0,0,0,0,0,0,0,0
231068,4,3,5,1,60,0,0,0,-1,0,133073,10,0,85,0,0,0,0,0,0,0,392,0,0,10,10,0,0,0,0,0,0,0,0,0,0,0,0
232115,4,3,5,1,60,0,0,0,-1,0,133073,10,0,85,0,0,0,0,0,0,0,392,0,0,10,10,0,0,0,0,0,0,0,0,0,0,0,0
232123,4,3,5,1,60,0,0,0,-1,0,133073,10,0,85,0,0,0,0,0,0,0,392,0,0,10,10,0,0,0,0,0,0,0,0,0,0,0,0
231069,4,3,5,10,60,0,0,0,-1,0,132944,10,0,50,0,0,0,0,0,0,0,301,0,0,10,0,0,0,0,0,0,0,0,0,0,0,0,0
232116,4,3,5,10,60,0,0,0,-1,0,132944,10,0,50,0,0,0,0,0,0,0,301,0,0,10,0,0,0,0,0,0,0,0,0,0,0,0,0
232124,4,3,5,10,60,0,0,0,-1,0,132944,10,0,50,0,0,0,0,0,0,0,301,0,0,10,0,0,0,0,0,0,0,0,0,0,0,0,0
231070,4,3,5,8,60,0,0,0,-1,0,132588,10,0,70,0,0,0,0,0,0,0,332,0,0,10,0,0,0,0,0,0,0,0,0,0,0,0,0
232117,4,3,5,8,60,0,0,0,-1,0,132588,10,0,70,0,0,0,0,0,0,0,332,0,0,10,0,0,0,0,0,0,0,0,0,0,0,0,0
232125,4,3,5,8,60,0,0,0,-1,0,132588,10,0,70,0,0,0,0,0,0,0,332,0,0,10,0,0,0,0,0,0,0,0,0,0,0,0,0
231071,4,3,5,5,60,0,0,0,-1,0,132625,10,0,140,0,0,0,0,0,0,0,482,0,0,10,10,0,0,0,0,0,0,0,0,0,0,0,0
232118,4,3,5,5,60,0,0,0,-1,0,132625,10,0,140,0,0,0,0,0,0,0,482,0,0,10,10,0,0,0,0,0,0,0,0,0,0,0,0
232126,4,3,5,5,60,0,0,0,-1,0,132625,10,0,140,0,0,0,0,0,0,0,482,0,0,10,10,0,0,0,0,0,0,0,0,0,0,0,0
231183,4,4,6,6,60,0,0,0,-1,0,132516,11,0,55,0,0,0,0,0,0,0,482,0,0,0,10,0,0,0,0,0,0,0,0,0,0,0,0
231191,4,4,6,6,60,0,0,0,-1,0,132516,11,0,55,0,0,0,0,0,0,0,482,0,0,0,10,0,0,0,0,0,0,0,0,0,0,0,0
232144,4,4,6,6,60,0,0,0,-1,0,132516,11,0,55,0,0,0,0,0,0,0,482,0,0,0,10,0,0,0,0,0,0,0,0,0,0,0,0
232152,4,4,6,6,60,0,0,0,-1,0,132516,11,0,55,0,0,0,0,0,0,0,482,0,0,0,10,0,0,0,0,0,0,0,0,0,0,0,0
232160,4,4,6,6,60,0,0,0,-1,0,132516,11,0,55,0,0,0,0,0,0,0,482,0,0,0,10,0,0,0,0,0,0,0,0,0,0,0,0
231184,4,4,6,3,60,0,0,0,-1,0,135068,11,0,100,0,0,0,0,0,0,0,642,0,0,0,10,0,0,0,0,0,0,0,0,0,0,0,0
231192,4,4,6,3,60,0,0,0,-1,0,135068,11,0,100,0,0,0,0,0,0,0,642,0,0,0,10,0,0,0,0,0,0,0,0,0,0,0,0
232145,4,4,6,3,60,0,0,0,-1,0,135068,11,0,100,0,0,0,0,0,0,0,642,0,0,0,10,0,0,0,0,0,0,0,0,0,0,0,0
232153,4,4,6,3,60,0,0,0,-1,0,135068,11,0,100,0,0,0,0,0,0,0,642,0,0,0,10,0,0,0,0,0,0,0,0,0,0,0,0
232161,4,4,6,3,60,0,0,0,-1,0,135068,11,0,100,0,0,0,0,0,0,0,642,0,0,0,10,0,0,0,0,0,0,0,0,0,0,0,0
231186,4,4,6,1,60,0,0,0,-1,0,133176,11,0,100,0,0,0,0,0,0,0,696,0,0,10,10,0,0,0,0,0,0,0,0,0,0,0,0
231194,4,4,6,1,60,0,0,0,-1,0,133176,11,0,100,0,0,0,0,0,0,0,696,0,0,10,10,0,0,0,0,0,0,0,0,0,0,0,0
232147,4,4,6,1,60,0,0,0,-1,0,133176,11,0,100,0,0,0,0,0,0,0,696,0,0,10,10,0,0,0,0,0,0,0,0,0,0,0,0
232155,4,4,6,1,60,0,0,0,-1,0,133176,11,0,100,0,0,0,0,0,0,0,696,0,0,10,10,0,0,0,0,0,0,0,0,0,0,0,0
232163,4,4,6,1,60,0,0,0,-1,0,133176,11,0,100,0,0,0,0,0,0,0,696,0,0,10,10,0,0,0,0,0,0,0,0,0,0,0,0
231188,4,4,6,10,60,0,0,0,-1,0,132963,11,0,55,0,0,0,0,0,0,0,535,0,0,10,0,0,0,0,0,0,0,0,0,0,0,0,0
231195,4,4,6,10,60,0,0,0,-1,0,132963,11,0,55,0,0,0,0,0,0,0,535,0,0,10,0,0,0,0,0,0,0,0,0,0,0,0,0
232148,4,4,6,10,60,0,0,0,-1,0,132963,11,0,55,0,0,0,0,0,0,0,535,0,0,10,0,0,0,0,0,0,0,0,0,0,0,0,0
232156,4,4,6,10,60,0,0,0,-1,0,132963,11,0,55,0,0,0,0,0,0,0,535,0,0,10,0,0,0,0,0,0,0,0,0,0,0,0,0
232164,4,4,6,10,60,0,0,0,-1,0,132963,11,0,55,0,0,0,0,0,0,0,535,0,0,10,0,0,0,0,0,0,0,0,0,0,0,0,0
231189,4,4,6,8,60,0,0,0,-1,0,132590,11,0,75,0,0,0,0,0,0,0,589,0,0,10,0,0,0,0,0,0,0,0,0,0,0,0,0
231196,4,4,6,8,60,0,0,0,-1,0,132590,11,0,75,0,0,0,0,0,0,0,589,0,0,10,0,0,0,0,0,0,0,0,0,0,0,0,0
232149,4,4,6,8,60,0,0,0,-1,0,132590,11,0,75,0,0,0,0,0,0,0,589,0,0,10,0,0,0,0,0,0,0,0,0,0,0,0,0
232157,4,4,6,8,60,0,0,0,-1,0,132590,11,0,75,0,0,0,0,0,0,0,589,0,0,10,0,0,0,0,0,0,0,0,0,0,0,0,0
232165,4,4,6,8,60,0,0,0,-1,0,132590,11,0,75,0,0,0,0,0,0,0,589,0,0,10,0,0,0,0,0,0,0,0,0,0,0,0,0
231187,4,4,6,5,60,0,0,0,-1,0,132738,11,0,165,0,0,0,0,0,0,0,857,0,0,10,10,0,0,0,0,0,0,0,0,0,0,0,0
231197,4,4,6,5,60,0,0,0,-1,0,132738,11,0,165,0,0,0,0,0,0,0,857,0,0,10,10,0,0,0,0,0,0,0,0,0,0,0,0
232150,4,4,6,5,60,0,0,0,-1,0,132738,11,0,165,0,0,0,0,0,0,0,857,0,0,10,10,0,0,0,0,0,0,0,0,0,0,0,0
232158,4,4,6,5,60,0,0,0,-1,0,132738,11,0,165,0,0,0,0,0,0,0,857,0,0,10,10,0,0,0,0,0,0,0,0,0,0,0,0
232166,4,4,6,5,60,0,0,0,-1,0,132738,11,0,165,0,0,0,0,0,0,0,857,0,0,10,10,0,0,0,0,0,0,0,0,0,0,0,0
231206,4,3,5,10,60,0,0,0,-1,0,132945,10,0,50,0,0,0,0,0,0,0,301,0,0,10,0,0,0,0,0,0,0,0,0,0,0,0,0
231214,4,3,5,10,60,0,0,0,-1,0,132945,10,0,50,0,0,0,0,0,0,0,301,0,0,10,0,0,0,0,0,0,0,0,0,0,0,0,0
231222,4,3,5,10,60,0,0,0,-1,0,132945,10,0,50,0,0,0,0,0,0,0,301,0,0,10,0,0,0,0,0,0,0,0,0,0,0,0,0
232204,4,3,5,10,60,0,0,0,-1,0,132945,10,0,50,0,0,0,0,0,0,0,301,0,0,10,0,0,0,0,0,0,0,0,0,0,0,0,0
232212,4,3,5,10,60,0,0,0,-1,0,132945,10,0,50,0,0,0,0,0,0,0,301,0,0,10,0,0,0,0,0,0,0,0,0,0,0,0,0
232220,4,3,5,10,60,0,0,0,-1,0,132945,10,0,50,0,0,0,0,0,0,0,301,0,0,10,0,0,0,0,0,0,0,0,0,0,0,0,0
232228,4,3,5,10,60,0,0,0,-1,0,132945,10,0,50,0,0,0,0,0,0,0,301,0,0,10,0,0,0,0,0,0,0,0,0,0,0,0,0
231208,4,3,5,6,60,0,0,0,-1,0,132503,10,0,50,0,0,0,0,0,0,0,271,0,0,0,10,0,0,0,0,0,0,0,0,0,0,0,0
231216,4,3,5,6,60,0,0,0,-1,0,132503,10,0,50,0,0,0,0,0,0,0,271,0,0,0,10,0,0,0,0,0,0,0,0,0,0,0,0
231224,4,3,5,6,60,0,0,0,-1,0,132503,10,0,50,0,0,0,0,0,0,0,271,0,0,0,10,0,0,0,0,0,0,0,0,0,0,0,0
232200,4,3,5,6,60,0,0,0,-1,0,132503,10,0,50,0,0,0,0,0,0,0,271,0,0,0,10,0,0,0,0,0,0,0,0,0,0,0,0
232208,4,3,5,6,60,0,0,0,-1,0,132503,10,0,50,0,0,0,0,0,0,0,271,0,0,0,10,0,0,0,0,0,0,0,0,0,0,0,0
232216,4,3,5,6,60,0,0,0,-1,0,132503,10,0,50,0,0,0,0,0,0,0,271,0,0,0,10,0,0,0,0,0,0,0,0,0,0,0,0
232224,4,3,5,6,60,0,0,0,-1,0,132503,10,0,50,0,0,0,0,0,0,0,271,0,0,0,10,0,0,0,0,0,0,0,0,0,0,0,0
231209,4,3,5,3,60,0,0,0,-1,0,135064,10,0,85,0,0,0,0,0,0,0,362,0,0,0,10,0,0,0,0,0,0,0,0,0,0,0,0
231217,4,3,5,3,60,0,0,0,-1,0,135064,10,0,85,0,0,0,0,0,0,0,362,0,0,0,10,0,0,0,0,0,0,0,0,0,0,0,0
231225,4,3,5,3,60,0,0,0,-1,0,135064,10,0,85,0,0,0,0,0,0,0,362,0,0,0,10,0,0,0,0,0,0,0,0,0,0,0,0
232201,4,3,5,3,60,0,0,0,-1,0,135064,10,0,85,0,0,0,0,0,0,0,362,0,0,0,10,0,0,0,0,0,0,0,0,0,0,0,0
232209,4,3,5,3,60,0,0,0,-1,0,135064,10,0,85,0,0,0,0,0,0,0,362,0,0,0,10,0,0,0,0,0,0,0,0,0,0,0,0
232217,4,3,5,3,60,0,0,0,-1,0,135064,10,0,85,0,0,0,0,0,0,0,362,0,0,0,10,0,0,0,0,0,0,0,0,0,0,0,0
232225,4,3,5,3,60,0,0,0,-1,0,135064,10,0,85,0,0,0,0,0,0,0,362,0,0,0,10,0,0,0,0,0,0,0,0,0,0,0,0
231211,4,3,5,1,60,0,0,0,-1,0,133171,10,0,85,0,0,0,0,0,0,0,392,0,0,10,10,0,0,0,0,0,0,0,0,0,0,0,0
231219,4,3,5,1,60,0,0,0,-1,0,133171,10,0,85,0,0,0,0,0,0,0,392,0,0,10,10,0,0,0,0,0,0,0,0,0,0,0,0
231227,4,3,5,1,60,0,0,0,-1,0,133171,10,0,85,0,0,0,0,0,0,0,392,0,0,10,10,0,0,0,0,0,0,0,0,0,0,0,0
232203,4,3,5,1,60,0,0,0,-1,0,133171,10,0,85,0,0,0,0,0,0,0,392,0,0,10,10,0,0,0,0,0,0,0,0,0,0,0,0
232211,4,3,5,1,60,0,0,0,-1,0,133171,10,0,85,0,0,0,0,0,0,0,392,0,0,10,10,0,0,0,0,0,0,0,0,0,0,0,0
232219,4,3,5,1,60,0,0,0,-1,0,133171,10,0,85,0,0,0,0,0,0,0,392,0,0,10,10,0,0,0,0,0,0,0,0,0,0,0,0
232227,4,3,5,1,60,0,0,0,-1,0,133171,10,0,85,0,0,0,0,0,0,0,392,0,0,10,10,0,0,0,0,0,0,0,0,0,0,0,0
231212,4,3,5,8,60,0,0,0,-1,0,132587,10,0,70,0,0,0,0,0,0,0,332,0,0,10,0,0,0,0,0,0,0,0,0,0,0,0,0
231220,4,3,5,8,60,0,0,0,-1,0,132587,10,0,70,0,0,0,0,0,0,0,332,0,0,10,0,0,0,0,0,0,0,0,0,0,0,0,0
231228,4,3,5,8,60,0,0,0,-1,0,132587,10,0,70,0,0,0,0,0,0,0,332,0,0,10,0,0,0,0,0,0,0,0,0,0,0,0,0
232205,4,3,5,8,60,0,0,0,-1,0,132587,10,0,70,0,0,0,0,0,0,0,332,0,0,10,0,0,0,0,0,0,0,0,0,0,0,0,0
232213,4,3,5,8,60,0,0,0,-1,0,132587,10,0,70,0,0,0,0,0,0,0,332,0,0,10,0,0,0,0,0,0,0,0,0,0,0,0,0
232221,4,3,5,8,60,0,0,0,-1,0,132587,10,0,70,0,0,0,0,0,0,0,332,0,0,10,0,0,0,0,0,0,0,0,0,0,0,0,0
232229,4,3,5,8,60,0,0,0,-1,0,132587,10,0,70,0,0,0,0,0,0,0,332,0,0,10,0,0,0,0,0,0,0,0,0,0,0,0,0
231213,4,3,5,5,60,0,0,0,-1,0,132633,10,0,140,0,0,0,0,0,0,0,482,0,0,10,10,0,0,0,0,0,0,0,0,0,0,0,0
231221,4,3,5,5,60,0,0,0,-1,0,132633,10,0,140,0,0,0,0,0,0,0,482,0,0,10,10,0,0,0,0,0,0,0,0,0,0,0,0
231229,4,3,5,5,60,0,0,0,-1,0,132633,10,0,140,0,0,0,0,0,0,0,482,0,0,10,10,0,0,0,0,0,0,0,0,0,0,0,0
232206,4,3,5,5,60,0,0,0,-1,0,132633,10,0,140,0,0,0,0,0,0,0,482,0,0,10,10,0,0,0,0,0,0,0,0,0,0,0,0
232214,4,3,5,5,60,0,0,0,-1,0,132633,10,0,140,0,0,0,0,0,0,0,482,0,0,10,10,0,0,0,0,0,0,0,0,0,0,0,0
232222,4,3,5,5,60,0,0,0,-1,0,132633,10,0,140,0,0,0,0,0,0,0,482,0,0,10,10,0,0,0,0,0,0,0,0,0,0,0,0
232230,4,3,5,5,60,0,0,0,-1,0,132633,10,0,140,0,0,0,0,0,0,0,482,0,0,10,10,0,0,0,0,0,0,0,0,0,0,0,0
231238,4,2,8,5,60,0,0,0,-1,0,132638,7,0,120,0,0,0,0,0,0,0,225,0,0,10,10,0,0,0,0,0,0,0,0,0,0,0,0
231246,4,2,8,5,60,0,0,0,-1,0,132638,7,0,120,0,0,0,0,0,0,0,225,0,0,10,10,0,0,0,0,0,0,0,0,0,0,0,0
231254,4,2,8,5,60,0,0,0,-1,0,132638,7,0,120,0,0,0,0,0,0,0,225,0,0,10,10,0,0,0,0,0,0,0,0,0,0,0,0
232086,4,2,8,5,60,0,0,0,-1,0,132638,7,0,120,0,0,0,0,0,0,0,225,0,0,10,10,0,0,0,0,0,0,0,0,0,0,0,0
232094,4,2,8,5,60,0,0,0,-1,0,132638,7,0,120,0,0,0,0,0,0,0,225,0,0,10,10,0,0,0,0,0,0,0,0,0,0,0,0
232102,4,2,8,5,60,0,0,0,-1,0,132638,7,0,120,0,0,0,0,0,0,0,225,0,0,10,10,0,0,0,0,0,0,0,0,0,0,0,0
232110,4,2,8,5,60,0,0,0,-1,0,132638,7,0,120,0,0,0,0,0,0,0,225,0,0,10,10,0,0,0,0,0,0,0,0,0,0,0,0
231240,4,2,8,10,60,0,0,0,-1,0,132959,7,0,40,0,0,0,0,0,0,0,140,0,0,10,0,0,0,0,0,0,0,0,0,0,0,0,0
231248,4,2,8,10,60,0,0,0,-1,0,132959,7,0,40,0,0,0,0,0,0,0,140,0,0,10,0,0,0,0,0,0,0,0,0,0,0,0,0
231256,4,2,8,10,60,0,0,0,-1,0,132959,7,0,40,0,0,0,0,0,0,0,140,0,0,10,0,0,0,0,0,0,0,0,0,0,0,0,0
232084,4,2,8,10,60,0,0,0,-1,0,132959,7,0,40,0,0,0,0,0,0,0,140,0,0,10,0,0,0,0,0,0,0,0,0,0,0,0,0
232092,4,2,8,10,60,0,0,0,-1,0,132959,7,0,40,0,0,0,0,0,0,0,140,0,0,10,0,0,0,0,0,0,0,0,0,0,0,0,0
232100,4,2,8,10,60,0,0,0,-1,0,132959,7,0,40,0,0,0,0,0,0,0,140,0,0,10,0,0,0,0,0,0,0,0,0,0,0,0,0
232108,4,2,8,10,60,0,0,0,-1,0,132959,7,0,40,0,0,0,0,0,0,0,140,0,0,10,0,0,0,0,0,0,0,0,0,0,0,0,0
231241,4,2,8,1,60,0,0,0,-1,0,133077,7,0,70,0,0,0,0,0,0,0,183,0,0,10,10,0,0,0,0,0,0,0,0,0,0,0,0
231249,4,2,8,1,60,0,0,0,-1,0,133077,7,0,70,0,0,0,0,0,0,0,183,0,0,10,10,0,0,0,0,0,0,0,0,0,0,0,0
231257,4,2,8,1,60,0,0,0,-1,0,133077,7,0,70,0,0,0,0,0,0,0,183,0,0,10,10,0,0,0,0,0,0,0,0,0,0,0,0
232083,4,2,8,1,60,0,0,0,-1,0,133077,7,0,70,0,0,0,0,0,0,0,183,0,0,10,10,0,0,0,0,0,0,0,0,0,0,0,0
232091,4,2,8,1,60,0,0,0,-1,0,133077,7,0,70,0,0,0,0,0,0,0,183,0,0,10,10,0,0,0,0,0,0,0,0,0,0,0,0
232099,4,2,8,1,60,0,0,0,-1,0,133077,7,0,70,0,0,0,0,0,0,0,183,0,0,10,10,0,0,0,0,0,0,0,0,0,0,0,0
232107,4,2,8,1,60,0,0,0,-1,0,133077,7,0,70,0,0,0,0,0,0,0,183,0,0,10,10,0,0,0,0,0,0,0,0,0,0,0,0
231243,4,2,8,3,60,0,0,0,-1,0,135038,7,0,70,0,0,0,0,0,0,0,169,0,0,0,10,0,0,0,0,0,0,0,0,0,0,0,0
231251,4,2,8,3,60,0,0,0,-1,0,135038,7,0,70,0,0,0,0,0,0,0,169,0,0,0,10,0,0,0,0,0,0,0,0,0,0,0,0
231259,4,2,8,3,60,0,0,0,-1,0,135038,7,0,70,0,0,0,0,0,0,0,169,0,0,0,10,0,0,0,0,0,0,0,0,0,0,0,0
232081,4,2,8,3,60,0,0,0,-1,0,135038,7,0,70,0,0,0,0,0,0,0,169,0,0,0,10,0,0,0,0,0,0,0,0,0,0,0,0
232089,4,2,8,3,60,0,0,0,-1,0,135038,7,0,70,0,0,0,0,0,0,0,169,0,0,0,10,0,0,0,0,0,0,0,0,0,0,0,0
232097,4,2,8,3,60,0,0,0,-1,0,135038,7,0,70,0,0,0,0,0,0,0,169,0,0,0,10,0,0,0,0,0,0,0,0,0,0,0,0
232105,4,2,8,3,60,0,0,0,-1,0,135038,7,0,70,0,0,0,0,0,0,0,169,0,0,0,10,0,0,0,0,0,0,0,0,0,0,0,0
231244,4,2,8,6,60,0,0,0,-1,0,132495,7,0,40,0,0,0,0,0,0,0,126,0,0,0,10,0,0,0,0,0,0,0,0,0,0,0,0
231252,4,2,8,6,60,0,0,0,-1,0,132495,7,0,40,0,0,0,0,0,0,0,126,0,0,0,10,0,0,0,0,0,0,0,0,0,0,0,0
231260,4,2,8,6,60,0,0,0,-1,0,132495,7,0,40,0,0,0,0,0,0,0,126,0,0,0,10,0,0,0,0,0,0,0,0,0,0,0,0
232080,4,2,8,6,60,0,0,0,-1,0,132495,7,0,40,0,0,0,0,0,0,0,126,0,0,0,10,0,0,0,0,0,0,0,0,0,0,0,0
232088,4,2,8,6,60,0,0,0,-1,0,132495,7,0,40,0,0,0,0,0,0,0,126,0,0,0,10,0,0,0,0,0,0,0,0,0,0,0,0
232096,4,2,8,6,60,0,0,0,-1,0,132495,7,0,40,0,0,0,0,0,0,0,126,0,0,0,10,0,0,0,0,0,0,0,0,0,0,0,0
232104,4,2,8,6,60,0,0,0,-1,0,132495,7,0,40,0,0,0,0,0,0,0,126,0,0,0,10,0,0,0,0,0,0,0,0,0,0,0,0
231849,2,6,3,17,60,1,0,0,-1,0,135127,9,0,120,0,0,0,0,0,0,0,0,0,0,0,0,0,0,181,0,0,0,0,272,0,0,0,0
231846,2,1,1,17,60,1,0,0,-1,0,132418,9,0,120,0,0,0,0,0,0,0,0,0,0,0,0,0,0,192,0,0,0,0,288,0,0,0,0
231847,2,4,1,13,60,3,0,0,-1,0,133479,8,0,105,0,0,0,0,0,0,0,0,0,0,0,0,0,0,92,0,0,0,0,172,0,0,0,0
231862,2,7,1,21,60,3,0,0,-1,0,135271,8,0,105,0,0,0,0,0,0,0,0,0,0,0,0,0,0,53,0,0,0,0,98,0,0,0,0
231863,2,19,3,26,60,0,0,0,-1,0,135467,21,0,75,0,0,5,0,0,0,0,0,0,0,0,0,0,0,96,0,0,0,0,180,0,0,0,0
231864,2,6,1,17,60,1,0,0,-1,0,135126,9,0,120,0,0,0,0,0,0,0,0,0,0,0,0,0,0,186,0,0,0,0,280,0,0,0,0
231872,2,2,2,15,60,0,0,0,-1,0,135462,13,0,90,2,0,0,0,0,0,0,0,0,0,0,0,0,0,77,0,0,0,0,144,0,0,0,0
231871,2,15,1,21,60,3,0,0,-1,0,135347,8,0,75,0,0,0,0,0,0,0,0,0,0,0,0,0,0,53,0,0,0,0,98,0,0,0,0
231856,2,0,1,13,60,3,0,0,-1,0,132428,9,0,105,0,0,0,0,0,0,0,0,0,0,0,0,0,0,79,0,0,0,0,148,0,0,0,0
231858,2,7,1,21,60,3,0,0,-1,0,135316,8,0,105,0,0,0,0,0,0,0,0,0,0,0,0,0,0,72,0,0,0,0,134,0,0,0,0
231855,2,15,1,13,60,3,0,0,-1,0,135666,8,0,75,0,0,0,0,0,0,0,0,0,0,0,0,0,0,68,0,0,0,0,128,0,0,0,0
231852,2,3,1,26,60,0,0,0,-1,0,135619,8,0,90,3,0,0,0,0,0,0,0,0,0,0,0,0,0,87,0,0,0,0,162,0,0,0,0
232297,2,3,1,26,60,0,0,0,-1,0,135619,8,0,90,3,0,0,0,0,0,0,0,0,0,0,0,0,0,87,0,0,0,0,162,0,0,0,0
231857,2,19,2,26,60,0,0,0,-1,0,135471,12,0,75,0,0,5,0,0,0,0,0,0,0,0,0,0,0,89,0,0,0,0,167,0,0,0,0
231853,2,7,1,21,60,1,0,0,-1,0,135365,8,0,105,0,0,0,0,0,0,0,0,0,0,0,0,0,0,61,0,0,0,0,114,0,0,0,0
231854,2,8,1,17,60,1,0,0,-1,0,135365,9,0,120,0,0,0,0,0,0,0,0,0,0,0,0,0,0,204,0,0,0,0,306,0,0,0,0
231320,4,0,3,2,0,0,0,0,-1,0,133313,24,0,0,0,0,0,0,0,0,0,0,0,0,0,0,0,0,0,0,0,0,0,0,0,0,0,0
231324,4,0,3,2,0,0,0,0,-1,0,133313,24,0,0,0,0,0,0,0,0,0,0,0,0,0,0,0,0,0,0,0,0,0,0,0,0,0,0
231332,4,0,3,2,0,0,0,0,-1,0,133313,24,0,0,0,0,0,0,0,0,0,0,0,0,0,0,0,0,0,0,0,0,0,0,0,0,0,0
231336,4,0,3,2,0,0,0,0,-1,0,133313,24,0,0,0,0,0,0,0,0,0,0,0,0,0,0,0,0,0,0,0,0,0,0,0,0,0,0
231340,4,0,3,2,0,0,0,0,-1,0,133313,24,0,0,0,0,0,0,0,0,0,0,0,0,0,0,0,0,0,0,0,0,0,0,0,0,0,0
231346,4,0,3,2,0,0,0,0,-1,0,133313,24,0,0,0,0,0,0,0,0,0,0,0,0,0,0,0,0,0,0,0,0,0,0,0,0,0,0
231350,4,0,3,2,0,0,0,0,-1,0,133313,24,0,0,0,0,0,0,0,0,0,0,0,0,0,0,0,0,0,0,0,0,0,0,0,0,0,0
231353,4,4,6,5,0,0,0,0,-1,0,132742,9,0,165,0,0,0,0,0,0,0,771,0,0,0,0,0,0,0,0,0,0,0,0,0,0,0,0
231352,4,4,6,6,0,0,0,0,-1,0,132521,9,0,55,0,0,0,0,0,0,0,415,0,0,0,0,0,0,0,0,0,0,0,0,0,0,0,0
231351,4,4,6,9,0,0,0,0,-1,0,132613,9,0,55,0,0,0,0,0,0,0,323,0,0,0,0,0,0,0,0,0,0,0,0,0,0,0,0
232310,2,7,1,21,60,3,0,0,-1,0,135347,8,0,105,0,0,0,0,0,0,0,0,0,0,0,0,0,0,69,0,0,0,0,129,0,0,0,0
232576,2,1,1,17,60,1,0,0,-1,0,132415,9,0,120,0,0,0,0,0,0,0,0,0,0,0,0,0,0,201,0,0,0,0,303,0,0,0,0
235012,2,4,1,21,60,3,0,0,-1,0,133474,8,0,105,0,0,0,0,0,0,0,0,0,0,0,0,0,0,110,0,0,0,0,205,0,0,0,0
233420,4,1,7,16,60,0,0,0,-1,0,133767,7,0,0,0,0,0,0,0,0,0,58,0,0,0,0,0,0,0,0,0,0,0,0,0,0,0,0
235007,2,0,1,13,60,3,0,0,-1,0,132406,8,0,105,0,0,0,0,0,0,0,0,0,0,0,0,0,0,102,0,0,0,0,189,0,0,0,0
235013,2,7,1,21,60,3,0,0,-1,0,135367,8,0,105,0,0,0,0,0,0,0,0,0,0,0,0,0,0,97,0,0,0,0,182,0,0,0,0
233432,4,1,7,16,60,0,0,0,-1,0,133771,7,0,0,0,0,0,0,0,0,0,58,0,0,0,0,0,0,0,0,0,0,0,0,0,0,0,0
235011,2,7,1,21,60,3,0,0,-1,0,135367,8,0,105,0,0,0,0,0,0,0,0,0,0,0,0,0,0,123,0,0,0,0,229,0,0,0,0
235010,2,4,1,21,60,3,0,0,-1,0,133474,8,0,105,0,0,0,0,0,0,0,0,0,0,0,0,0,0,114,0,0,0,0,213,0,0,0,0
233436,4,1,7,16,60,0,0,0,-1,0,133768,7,0,0,0,0,0,0,0,0,0,58,0,0,0,0,0,0,0,0,0,0,0,0,0,0,0,0
235006,2,15,1,13,60,3,0,0,-1,0,135663,8,0,75,0,0,0,0,0,0,0,0,0,0,0,0,0,0,76,0,0,0,0,142,0,0,0,0
235009,2,4,1,21,60,3,0,0,-1,0,133474,8,0,105,0,0,0,0,0,0,0,0,0,0,0,0,0,0,102,0,0,0,0,189,0,0,0,0
233441,4,1,7,16,60,0,0,0,-1,0,133772,7,0,0,0,0,0,0,0,0,0,58,0,0,0,0,0,0,0,0,0,0,0,0,0,0,0,0
235008,2,15,1,21,60,3,0,0,-1,0,135663,8,0,75,0,0,0,0,0,0,0,50,0,0,0,0,0,0,55,0,0,0,0,103,0,0,0,0
235005,2,0,1,13,60,3,0,0,-1,0,132406,8,0,105,0,0,0,0,0,0,0,0,0,0,0,0,0,0,97,0,0,0,0,182,0,0,0,0
234974,2,10,2,17,60,2,0,0,-1,0,135138,13,0,120,0,0,0,0,0,0,0,0,0,0,20,0,0,0,172,0,0,0,0,260,0,0,0,0
234975,2,5,1,17,60,1,0,0,-1,0,133498,9,0,120,0,0,0,0,0,0,0,0,0,0,0,0,0,0,233,0,0,0,0,350,0,0,0,0
234977,2,13,1,21,60,7,0,0,-1,0,134296,8,0,75,0,0,0,0,0,0,0,0,0,0,0,0,0,0,121,0,0,0,0,225,0,0,0,0
234650,2,7,1,13,60,3,0,0,-1,0,135369,8,0,105,0,0,0,0,0,0,0,0,0,0,0,0,0,0,123,0,0,0,0,229,0,0,0,0
234978,2,6,1,17,60,2,0,0,-1,0,132438,9,0,120,0,0,0,0,0,0,0,0,0,0,0,0,0,0,214,0,0,0,0,322,0,0,0,0
233804,4,2,8,3,60,0,0,0,-1,0,135061,7,0,70,0,0,0,0,0,0,0,174,0,0,0,0,0,0,0,0,0,0,0,0,0,0,0,0
234979,2,7,1,21,60,3,0,0,-1,0,135368,8,0,105,0,0,0,0,0,0,0,0,0,0,0,0,0,0,97,0,0,0,0,182,0,0,0,0
234980,2,2,2,15,60,0,0,0,-1,0,135502,12,0,90,2,0,0,0,0,0,0,0,0,0,0,0,0,0,112,0,0,0,0,209,0,0,0,0
234981,2,8,1,17,60,1,0,0,-1,0,135366,9,0,120,0,0,0,0,0,0,0,0,0,0,0,0,0,0,124,0,0,0,0,187,0,0,0,0
234984,2,15,1,13,60,3,0,0,-1,0,135669,8,0,75,0,0,0,0,0,0,0,0,0,0,0,0,0,0,101,0,0,0,0,152,0,0,0,0
234985,2,1,1,17,60,1,0,0,-1,0,132418,9,0,120,0,0,0,0,0,0,0,0,0,0,0,0,0,0,256,0,0,0,0,385,0,0,0,0
234986,2,4,1,13,60,3,0,0,-1,0,133048,8,0,105,0,0,0,0,0,0,0,0,0,0,0,0,0,0,72,0,0,0,0,135,0,0,0,0
234987,2,1,1,17,60,1,0,0,-1,0,132400,9,0,120,0,0,0,0,0,0,0,0,0,0,0,0,0,0,227,0,0,0,0,341,0,0,0,0
233741,4,4,6,6,60,0,0,0,-1,0,132516,11,0,55,0,0,0,0,0,0,0,470,0,0,0,0,0,0,0,0,0,0,0,0,0,0,0,0
233744,4,4,6,6,60,0,0,0,-1,0,132516,11,0,55,0,0,0,0,0,0,0,470,0,0,0,0,0,0,0,0,0,0,0,0,0,0,0,0
233742,4,4,6,9,60,0,0,0,-1,0,132617,11,0,55,0,0,0,0,0,0,0,365,0,0,0,0,0,0,0,0,0,0,0,0,0,0,0,0
233743,4,4,6,9,60,0,0,0,-1,0,132617,11,0,55,0,0,0,0,0,0,0,365,0,0,0,0,0,0,0,0,0,0,0,0,0,0,0,0
233746,4,3,5,6,60,0,0,0,-1,0,132503,10,0,50,0,0,0,0,0,0,0,265,0,0,0,0,0,0,0,0,0,0,0,0,0,0,0,0
233747,4,3,5,6,60,0,0,0,-1,0,132503,10,0,50,0,0,0,0,0,0,0,265,0,0,0,0,0,0,0,0,0,0,0,0,0,0,0,0
233751,4,3,5,6,60,0,0,0,-1,0,132503,10,0,50,0,0,0,0,0,0,0,265,0,0,0,0,0,0,0,0,0,0,0,0,0,0,0,0
233754,4,3,5,6,60,0,0,0,-1,0,132503,10,0,50,0,0,0,0,0,0,0,265,0,0,0,0,0,0,0,0,0,0,0,0,0,0,0,0
233749,4,3,5,9,60,0,0,0,-1,0,132615,10,0,50,0,0,0,0,0,0,0,206,0,0,0,0,0,0,0,0,0,0,0,0,0,0,0,0
233750,4,3,5,9,60,0,0,0,-1,0,132615,10,0,50,0,0,0,0,0,0,0,206,0,0,0,0,0,0,0,0,0,0,0,0,0,0,0,0
233755,4,3,5,9,60,0,0,0,-1,0,132615,10,0,50,0,0,0,0,0,0,0,206,0,0,0,0,0,0,0,0,0,0,0,0,0,0,0,0
233758,4,3,5,9,60,0,0,0,-1,0,132615,10,0,50,0,0,0,0,0,0,0,206,0,0,0,0,0,0,0,0,0,0,0,0,0,0,0,0
233753,4,3,5,6,60,0,0,0,-1,0,132517,10,0,50,0,0,0,0,0,0,0,265,0,0,0,0,0,0,0,0,0,0,0,0,0,0,0,0
233757,4,3,5,9,60,0,0,0,-1,0,132616,10,0,50,0,0,0,0,0,0,0,206,0,0,0,0,0,0,0,0,0,0,0,0,0,0,0,0
233768,4,2,8,9,60,0,0,0,-1,0,132602,7,0,40,0,0,0,0,0,0,0,96,0,0,0,0,0,0,0,0,0,0,0,0,0,0,0,0
233769,4,2,8,9,60,0,0,0,-1,0,132602,7,0,40,0,0,0,0,0,0,0,96,0,0,0,0,0,0,0,0,0,0,0,0,0,0,0,0
233773,4,2,8,9,60,0,0,0,-1,0,132602,7,0,40,0,0,0,0,0,0,0,96,0,0,0,0,0,0,0,0,0,0,0,0,0,0,0,0
233767,4,2,8,9,60,0,0,0,-1,0,132601,7,0,40,0,0,0,0,0,0,0,96,0,0,0,0,0,0,0,0,0,0,0,0,0,0,0,0
233770,4,2,8,9,60,0,0,0,-1,0,132601,7,0,40,0,0,0,0,0,0,0,96,0,0,0,0,0,0,0,0,0,0,0,0,0,0,0,0
233774,4,2,8,9,60,0,0,0,-1,0,132601,7,0,40,0,0,0,0,0,0,0,96,0,0,0,0,0,0,0,0,0,0,0,0,0,0,0,0
233764,4,2,8,6,60,0,0,0,-1,0,132495,7,0,40,0,0,0,0,0,0,0,124,0,0,0,0,0,0,0,0,0,0,0,0,0,0,0,0
233766,4,2,8,6,60,0,0,0,-1,0,132495,7,0,40,0,0,0,0,0,0,0,124,0,0,0,0,0,0,0,0,0,0,0,0,0,0,0,0
233772,4,2,8,6,60,0,0,0,-1,0,132495,7,0,40,0,0,0,0,0,0,0,124,0,0,0,0,0,0,0,0,0,0,0,0,0,0,0,0
233763,4,2,8,6,60,0,0,0,-1,0,132512,7,0,40,0,0,0,0,0,0,0,124,0,0,0,0,0,0,0,0,0,0,0,0,0,0,0,0
233765,4,2,8,6,60,0,0,0,-1,0,132512,7,0,40,0,0,0,0,0,0,0,124,0,0,0,0,0,0,0,0,0,0,0,0,0,0,0,0
233771,4,2,8,6,60,0,0,0,-1,0,132512,7,0,40,0,0,0,0,0,0,0,124,0,0,0,0,0,0,0,0,0,0,0,0,0,0,0,0
234989,2,15,1,13,60,3,0,0,-1,0,135648,8,0,75,0,0,0,0,0,0,0,0,0,0,0,0,0,0,75,0,0,0,0,139,0,0,0,0
234990,2,8,1,17,60,1,0,0,-1,0,135366,9,0,120,0,0,0,0,0,0,0,0,0,0,0,0,0,0,223,0,0,0,0,335,0,0,0,0
234167,4,2,8,8,60,0,0,0,-1,0,132542,7,0,60,0,0,0,0,0,0,0,153,0,0,0,0,0,0,0,0,0,0,0,0,0,0,0,0
234459,4,6,6,14,60,4,0,0,-1,0,134968,9,0,120,0,0,0,0,0,0,0,2822,0,0,0,0,0,0,0,0,0,0,0,0,0,0,0,0
234991,2,2,2,15,60,0,0,0,-1,0,135501,12,0,90,2,0,0,0,0,0,0,0,0,0,8,0,0,0,105,0,0,0,0,196,0,0,0,0
234992,2,4,1,21,60,3,0,0,-1,0,2245030,8,0,105,0,0,0,0,0,0,0,0,0,0,0,0,0,0,98,0,0,0,0,183,0,0,0,0
234993,2,18,2,26,60,0,0,0,-1,0,135535,12,0,90,2,0,0,0,0,0,0,0,0,0,0,0,0,0,116,0,0,0,0,175,0,0,0,0
234994,2,4,1,13,60,3,0,0,-1,0,133501,8,0,105,0,0,0,0,0,0,0,0,0,0,0,0,0,0,110,0,0,0,0,205,0,0,0,0
234995,2,10,2,17,60,2,0,0,-1,0,135149,13,0,120,0,0,0,0,0,0,0,0,0,0,0,0,0,0,206,0,0,0,0,310,0,0,0,0
234996,2,5,1,17,60,1,0,0,-1,0,133041,9,0,100,0,0,0,0,0,0,0,0,0,0,0,0,0,0,117,0,0,0,0,176,0,0,0,0
235282,2,19,2,26,60,0,0,0,-1,0,135466,21,0,75,0,0,3,0,0,0,0,0,0,0,0,0,0,0,107,0,0,0,0,199,0,0,0,0
234997,2,3,1,26,60,0,0,0,-1,0,135619,8,0,90,3,0,0,0,0,0,0,0,0,0,0,0,0,0,92,0,0,0,0,172,0,0,0,0
234998,2,15,1,21,60,3,0,0,-1,0,135342,8,0,75,0,0,0,0,0,0,0,0,0,0,0,0,0,0,59,0,0,0,0,110,0,0,0,0
234302,4,3,5,10,60,0,0,0,-1,0,132945,10,0,50,0,0,0,0,0,0,0,298,0,0,25,0,0,0,0,0,0,0,0,0,0,0,0,0
234574,2,15,1,21,60,3,0,0,-1,0,135662,8,0,75,0,0,0,0,0,0,0,0,0,0,0,0,0,0,98,0,0,0,0,148,0,0,0,0
234576,2,4,2,21,60,3,0,0,-1,0,133039,8,0,105,0,0,0,0,0,0,0,0,0,0,0,0,0,0,143,0,0,0,0,215,0,0,0,0
234578,2,7,1,13,60,3,0,0,-1,0,135291,8,0,105,0,0,0,0,0,0,0,0,0,0,0,0,0,0,143,0,0,0,0,215,0,0,0,0
234579,2,7,1,13,60,3,0,0,-1,0,135275,8,0,105,0,0,0,0,0,0,0,0,0,0,0,0,0,0,89,0,0,0,0,134,0,0,0,0
235474,4,6,1,14,60,4,0,0,-1,0,134965,9,0,120,0,0,0,0,0,0,0,3000,0,0,0,0,0,0,0,0,0,0,0,0,0,0,0,0
