ID,DifficultyID,EffectIndex,Effect,EffectAmplitude,EffectAttributes,EffectAura,EffectAuraPeriod,EffectBasePoints,EffectBonusCoefficient,EffectChainAmplitude,EffectChainTargets,EffectDieSides,EffectItemType,EffectMechanic,EffectPointsPerResource,EffectPos_facing,EffectRealPointsPerLevel,EffectTriggerSpell,BonusCoefficientFromAP,PvpMultiplier,Coefficient,Variance,ResourceCoefficient,GroupSizeBasePointsCoefficient,EffectMiscValue_0,EffectMiscValue_1,EffectRadiusIndex_0,EffectRadiusIndex_1,EffectSpellClassMask_0,EffectSpellClassMask_1,EffectSpellClassMask_2,EffectSpellClassMask_3,ImplicitTarget_0,ImplicitTarget_1,SpellID
679206,0,0,6,0,0,138,0,-6,0,1,0,1,0,0,0,0,0,0,0,1,0,0,0,1,0,0,0,0,0,0,0,0,6,0,1139
679233,0,0,6,1,0,12,0,0,0,1,0,1,0,0,0,0,0,0,0,1,0,0,0,1,0,0,0,0,0,0,0,0,6,0,56
679591,0,0,6,0,0,12,0,0,0,1,0,1,0,0,0,0,0,0,0,1,0,0,0,1,0,0,0,0,0,0,0,0,6,0,835
679724,0,0,6,0,0,42,0,99,1,1,0,1,0,0,0,0,0,27559,0,1,0,0,0,1,0,0,0,0,0,0,0,0,1,0,27561
679873,0,0,6,0,0,23,3000,0,1,1,0,0,0,0,0,0,0,28757,0,1,0,0,0,1,0,0,0,0,0,0,0,0,1,0,28756
680403,0,0,6,0,0,85,0,331,0,1,0,1,0,0,0,0,0,0,0,1,0,0,0,1,0,0,0,0,0,0,0,0,1,0,1135
681414,0,0,6,0,0,15,0,9,0,1,0,1,0,0,0,0,0,0,0,1,0,0,0,1,0,0,0,0,0,0,0,0,1,0,3742
681558,0,0,3,0,0,0,0,0,1,1,0,1,0,0,0,0,0,0,0,1,0,0,0,1,0,0,0,0,0,0,0,0,6,0,14537
681736,0,0,6,0,0,29,0,13,0,1,0,1,0,0,0,0,0,0,0,1,0,0,0,1,4,0,0,0,0,0,0,0,1,0,9263
681805,0,0,30,0,0,0,0,499,0,1,0,1,0,0,0,0,0,0,0,1,0,0,0,1,0,0,0,0,0,0,0,0,1,0,28760
683331,0,0,6,0,0,8,5000,9,0,1,0,1,0,0,0,0,0,0,0,1,0,0,0,1,0,0,0,0,0,0,0,0,1,0,5707
683398,0,0,28,0,0,0,0,0,1,1,0,1,0,0,0,0,0,0,0,1,0,0,0,1,11199,61,15,0,0,0,0,0,47,0,6251
683444,0,0,30,0,0,0,0,374,0,1,0,51,0,0,0,0,0,0,0,1,0,0,0,1,0,0,0,0,0,0,0,0,1,0,5405
684252,0,0,6,0,0,31,0,59,0,1,0,1,0,0,0,0,0,0,0,1,0,0,0,1,0,0,0,0,0,0,0,0,1,0,5024
684253,0,1,6,0,0,3,2000,99,0,1,0,401,0,0,0,0,0,0,0,1,0,0,0,1,0,0,0,0,0,0,0,0,1,0,5024
684254,0,2,6,0,0,64,2000,99,0,1,0,401,0,0,0,0,0,0,0,1,0,0,0,1,0,0,0,0,0,0,0,0,1,0,5024
684568,0,0,6,0,0,108,0,3,1,1,0,1,0,0,0,0,0,0,0,1,0,0,0,1,0,0,0,0,4096,0,0,0,1,0,28539
684743,0,0,6,0,0,13,0,5,0,1,0,1,0,0,0,0,0,0,0,1,0,0,0,1,16,0,0,0,0,0,0,0,1,0,7700
684780,0,0,6,0,0,13,0,9,0,1,0,1,0,0,0,0,0,0,0,1,0,0,0,1,4,0,0,0,0,0,0,0,1,0,7689
684822,0,0,6,0,0,13,0,6,0,1,0,1,0,0,0,0,0,0,0,1,0,0,0,1,4,0,0,0,0,0,0,0,1,0,7687
684823,0,0,6,0,0,13,0,8,0,1,0,1,0,0,0,0,0,0,0,1,0,0,0,1,4,0,0,0,0,0,0,0,1,0,7688
684969,0,0,6,0,0,13,0,6,0,1,0,1,0,0,0,0,0,0,0,1,0,0,0,1,8,0,0,0,0,0,0,0,1,0,7694
685013,0,0,6,0,0,56,0,0,0,1,0,0,0,0,0,0,0,0,0,1,0,0,0,1,2237,0,0,0,0,0,0,0,1,0,6298
685014,0,1,6,0,0,18,0,199,0,1,0,1,0,0,0,0,0,0,0,1,0,0,0,1,0,0,0,0,0,0,0,0,1,0,6298
685053,0,0,6,0,0,30,0,6,0,1,0,1,0,0,0,0,0,0,0,1,0,0,0,1,173,0,0,0,0,0,0,0,1,0,7578
685125,0,0,6,0,0,13,0,-6,0,1,0,1,0,0,0,0,0,0,0,1,0,0,0,1,1,0,0,0,0,0,0,0,6,0,8552
685362,0,0,6,0,0,30,0,2,0,1,0,1,0,0,0,0,0,0,0,1,0,0,0,1,173,0,0,0,0,0,0,0,1,0,7574
685375,0,0,6,0,0,30,0,0,0,1,0,1,0,0,0,0,0,0,0,1,0,0,0,1,173,0,0,0,0,0,0,0,1,0,7534
685379,0,0,6,0,0,30,0,3,0,1,0,1,0,0,0,0,0,0,0,1,0,0,0,1,45,0,0,0,0,0,0,0,1,0,7569
685394,0,0,6,0,0,30,0,1,0,1,0,1,0,0,0,0,0,0,0,1,0,0,0,1,45,0,0,0,0,0,0,0,1,0,7570
685407,0,0,6,0,0,30,0,2,0,1,0,1,0,0,0,0,0,0,0,1,0,0,0,1,54,0,0,0,0,0,0,0,1,0,7544
685409,0,0,6,0,0,30,0,1,0,1,0,1,0,0,0,0,0,0,0,1,0,0,0,1,54,0,0,0,0,0,0,0,1,0,7546
685449,0,0,6,0,0,30,0,4,0,1,0,1,0,0,0,0,0,0,0,1,0,0,0,1,173,0,0,0,0,0,0,0,1,0,7576
685475,0,0,6,0,0,30,0,6,0,1,0,1,0,0,0,0,0,0,0,1,0,0,0,1,160,0,0,0,0,0,0,0,1,0,7560
685477,0,0,6,0,0,29,0,4,0,1,0,1,0,0,0,0,0,0,0,1,0,0,0,1,2,0,0,0,0,0,0,0,1,0,7503
685485,0,0,6,0,0,30,0,2,0,1,0,1,0,0,0,0,0,0,0,1,0,0,0,1,55,0,0,0,0,0,0,0,1,0,7562
685593,0,0,6,0,0,69,0,391,0,1,0,87,0,0,0,0,0,0,0,1,0,0,0,1,1,0,0,0,0,0,0,0,1,0,25746
685621,0,0,6,0,0,30,0,2,0,1,0,1,0,0,0,0,0,0,0,1,0,0,0,1,95,0,0,0,0,0,0,0,1,0,7516
685630,0,0,6,0,0,30,0,0,0,1,0,1,0,0,0,0,0,0,0,1,0,0,0,1,95,0,0,0,0,0,0,0,1,0,7513
685631,0,0,6,0,0,30,0,1,0,1,0,1,0,0,0,0,0,0,0,1,0,0,0,1,95,0,0,0,0,0,0,0,1,0,7514
685712,0,0,6,0,0,13,0,8,0,1,0,1,0,0,0,0,0,0,0,1,0,0,0,1,16,0,0,0,0,0,0,0,1,0,7702
685720,0,0,6,0,0,13,0,3,0,1,0,1,0,0,0,0,0,0,0,1,0,0,0,1,32,0,0,0,0,0,0,0,1,0,7706
685730,0,0,6,0,0,13,0,9,0,1,0,1,0,0,0,0,0,0,0,1,0,0,0,1,16,0,0,0,0,0,0,0,1,0,7703
685756,0,0,6,0,0,30,0,1,0,1,0,1,0,0,0,0,0,0,0,1,0,0,0,1,44,0,0,0,0,0,0,0,1,0,7540
685790,0,0,6,0,0,30,0,3,0,1,0,1,0,0,0,0,0,0,0,1,0,0,0,1,95,0,0,0,0,0,0,0,1,0,7517
685791,0,0,6,0,0,30,0,4,0,1,0,1,0,0,0,0,0,0,0,1,0,0,0,1,95,0,0,0,0,0,0,0,1,0,7518
685807,0,0,6,0,0,13,0,9,0,1,0,1,0,0,0,0,0,0,0,1,0,0,0,1,32,0,0,0,0,0,0,0,1,0,7709
685808,0,0,6,0,0,13,0,8,0,1,0,1,0,0,0,0,0,0,0,1,0,0,0,1,32,0,0,0,0,0,0,0,1,0,7710
685815,0,0,6,0,0,13,0,5,0,1,0,1,0,0,0,0,0,0,0,1,0,0,0,1,4,0,0,0,0,0,0,0,1,0,7686
685822,0,0,6,0,0,52,0,0,0,1,0,1,0,0,0,0,0,0,0,1,0,0,0,1,0,0,0,0,0,0,0,0,1,0,7597
685832,0,0,6,0,0,42,0,-1,0,1,0,1,0,0,0,0,0,7712,0,1,0,0,0,1,0,0,0,0,0,0,0,0,1,0,7711
685834,0,0,6,0,0,77,0,-1,0,1,0,1,0,0,0,0,0,0,0,1,0,0,0,1,3,0,0,0,0,0,0,0,1,0,7219
685837,0,0,6,0,0,42,0,-1,0,1,0,1,0,0,0,0,0,16784,0,1,0,0,0,1,0,0,0,0,0,0,0,0,1,0,7619
685851,0,0,6,0,0,13,0,5,0,1,0,1,0,0,0,0,0,0,0,1,0,0,0,1,32,0,0,0,0,0,0,0,1,0,7707
685852,0,0,6,0,0,13,0,6,0,1,0,1,0,0,0,0,0,0,0,1,0,0,0,1,32,0,0,0,0,0,0,0,1,0,7708
685893,0,0,6,0,0,13,0,9,0,1,0,1,0,0,0,0,0,0,0,1,0,0,0,1,8,0,0,0,0,0,0,0,1,0,7696
685910,0,0,6,0,0,52,0,1,0,1,0,1,0,0,0,0,0,0,0,1,0,0,0,1,0,0,0,0,0,0,0,0,1,0,7598
685922,0,0,6,0,0,42,0,-1,0,1,0,1,0,0,0,0,0,7714,0,1,0,0,0,1,0,0,0,0,0,0,0,0,1,0,7721
685931,0,0,6,0,0,135,0,8,0,1,0,1,0,0,0,0,0,0,0,1,0,0,0,1,126,0,0,0,0,0,0,0,1,0,7678
685947,0,0,6,0,0,29,0,4,0,1,0,1,0,0,0,0,0,0,0,1,0,0,0,1,3,0,0,0,0,0,0,0,1,0,7495
685948,0,0,6,0,0,29,0,5,0,1,0,1,0,0,0,0,0,0,0,1,0,0,0,1,3,0,0,0,0,0,0,0,1,0,7496
685988,0,0,6,0,0,30,0,1,0,1,0,1,0,0,0,0,0,0,0,1,0,0,0,1,46,0,0,0,0,0,0,0,1,0,7582
686027,0,0,6,0,0,135,0,10,0,1,0,1,0,0,0,0,0,0,0,1,0,0,0,1,126,0,0,0,0,0,0,0,1,0,7679
686028,0,0,6,0,0,135,0,12,0,1,0,1,0,0,0,0,0,0,0,1,0,0,0,1,126,0,0,0,0,0,0,0,1,0,7680
686043,0,0,6,0,0,13,0,3,0,1,0,1,0,0,0,0,0,0,0,1,0,0,0,1,4,0,0,0,0,0,0,0,1,0,7685
686179,0,0,6,0,0,22,0,-51,0,1,0,1,0,0,0,0,0,0,0,1,0,0,0,1,1,0,0,0,0,0,0,0,6,0,9176
686204,0,0,6,0,0,30,0,3,0,1,0,1,0,0,0,0,0,0,0,1,0,0,0,1,46,0,0,0,0,0,0,0,1,0,7581
686216,0,0,6,0,0,30,0,2,0,1,0,1,0,0,0,0,0,0,0,1,0,0,0,1,43,0,0,0,0,0,0,0,1,0,7523
686330,0,0,6,0,0,135,0,14,0,1,0,1,0,0,0,0,0,0,0,1,0,0,0,1,126,0,0,0,0,0,0,0,1,0,7681
686394,0,0,6,0,0,135,0,32,0,1,0,1,0,0,0,0,0,0,0,1,0,0,0,1,126,0,0,0,0,0,0,0,1,0,9318
686574,0,0,6,0,0,42,0,-1,0,1,0,1,0,0,0,0,0,16783,0,1,0,0,0,1,0,0,0,0,0,0,0,0,1,0,7617
686599,0,0,6,0,0,30,0,2,0,1,0,1,0,0,0,0,0,0,0,1,0,0,0,1,160,0,0,0,0,0,0,0,1,0,7556
686664,0,0,6,0,0,3,2000,3,0,1,0,1,0,0,0,0,0,0,0,1,0,0,0,1,0,0,0,0,0,0,0,0,6,0,8313
686670,0,0,6,0,0,42,0,0,0,1,0,1,0,0,0,0,0,10368,0,1,0,0,0,1,0,0,0,0,0,0,0,0,1,0,8397
686812,0,0,6,0,0,30,0,1,0,1,0,1,0,0,0,0,0,0,0,1,0,0,0,1,172,0,0,0,0,0,0,0,1,0,7552
686830,0,0,6,0,0,30,0,6,0,1,0,1,0,0,0,0,0,0,0,1,0,0,0,1,43,0,0,0,0,0,0,0,1,0,7527
686857,0,0,6,0,0,30,0,2,0,1,0,1,0,0,0,0,0,0,0,1,0,0,0,1,95,0,0,0,0,0,0,0,1,0,7515
686888,0,0,6,0,0,135,0,19,0,1,0,1,0,0,0,0,0,0,0,1,0,0,0,1,126,0,0,0,0,0,0,0,1,0,9407
686889,0,0,6,0,0,135,0,21,0,1,0,1,0,0,0,0,0,0,0,1,0,0,0,1,126,0,0,0,0,0,0,0,1,0,9408
686891,0,0,6,0,0,99,0,17,0,1,0,1,0,0,0,0,0,0,0,1,0,0,0,1,0,0,0,0,0,0,0,0,1,0,9330
686892,0,1,6,0,0,124,0,17,0,1,0,1,0,0,0,0,0,0,0,1,0,0,0,1,0,0,0,0,0,0,0,0,1,0,9330
686893,0,0,6,0,0,99,0,19,0,1,0,1,0,0,0,0,0,0,0,1,0,0,0,1,0,0,0,0,0,0,0,0,1,0,9331
686894,0,1,6,0,0,124,0,19,0,1,0,1,0,0,0,0,0,0,0,1,0,0,0,1,0,0,0,0,0,0,0,0,1,0,9331
686957,0,0,6,0,0,99,0,5,0,1,0,1,0,0,0,0,0,0,0,1,0,0,0,1,0,0,0,0,0,0,0,0,1,0,9138
686958,0,1,6,0,0,124,0,5,0,1,0,1,0,0,0,0,0,0,0,1,0,0,0,1,0,0,0,0,0,0,0,0,1,0,9138
686959,0,0,6,0,0,99,0,13,0,1,0,1,0,0,0,0,0,0,0,1,0,0,0,1,0,0,0,0,0,0,0,0,1,0,9142
686960,0,1,6,0,0,124,0,13,0,1,0,1,0,0,0,0,0,0,0,1,0,0,0,1,0,0,0,0,0,0,0,0,1,0,9142
686970,0,0,6,0,0,22,0,9,0,1,0,1,0,0,0,0,0,0,0,1,0,0,0,1,1,0,0,0,0,0,0,0,1,0,9760
686971,0,0,6,0,0,22,0,19,0,1,0,1,0,0,0,0,0,0,0,1,0,0,0,1,1,0,0,0,0,0,0,0,1,0,9761
686986,0,0,6,0,0,13,0,6,0,1,0,1,0,0,0,0,0,0,0,1,0,0,0,1,126,0,0,0,0,0,0,0,1,0,9397
686987,0,1,6,0,0,135,0,6,1,1,0,1,0,0,0,0,0,0,0,1,0,0,0,1,126,0,0,0,0,0,0,0,1,0,9397
686990,0,0,6,0,0,13,0,15,0,1,0,1,0,0,0,0,0,0,0,1,0,0,0,1,4,0,0,0,0,0,0,0,1,0,9294
686991,0,0,6,0,0,13,0,20,0,1,0,1,0,0,0,0,0,0,0,1,0,0,0,1,4,0,0,0,0,0,0,0,1,0,9298
687000,0,0,6,0,0,13,0,10,0,1,0,1,0,0,0,0,0,0,0,1,0,0,0,1,32,0,0,0,0,0,0,0,1,0,9412
687004,0,0,6,0,0,42,0,0,0,1,0,1,0,0,0,0,0,9777,0,1,0,0,0,1,0,0,0,0,0,0,0,0,1,0,9778
687046,0,0,6,0,0,30,0,2,0,1,0,1,0,0,0,0,0,0,0,1,0,0,0,1,172,0,0,0,0,0,0,0,1,0,7550
687047,0,0,6,0,0,29,0,9,0,1,0,1,0,0,0,0,0,0,0,1,0,0,0,1,3,0,0,0,0,0,0,0,1,0,9106
687081,0,0,6,0,0,22,0,-101,0,1,0,1,0,0,0,0,0,0,0,1,0,0,0,1,1,0,0,0,0,0,0,0,6,0,9806
687082,0,1,6,0,0,41,0,0,0,1,0,0,0,0,0,0,0,0,0,1,0,0,0,1,6,0,0,0,0,0,0,0,6,0,9806
687083,0,2,6,0,0,41,0,0,0,1,0,0,0,0,0,0,0,0,0,1,0,0,0,1,5,0,0,0,0,0,0,0,6,0,9806
687095,0,0,6,0,0,13,0,9,0,1,0,1,0,0,0,0,0,0,0,1,0,0,0,1,1,0,0,0,0,0,0,0,1,0,8191
687096,0,1,6,0,0,22,0,149,0,1,0,1,0,0,0,0,0,0,0,1,0,0,0,1,1,0,0,0,0,0,0,0,1,0,8191
687121,0,0,6,0,0,13,0,16,0,1,0,1,0,0,0,0,0,0,0,1,0,0,0,1,4,0,0,0,0,0,0,0,1,0,9295
687122,0,0,6,0,0,13,0,18,0,1,0,1,0,0,0,0,0,0,0,1,0,0,0,1,4,0,0,0,0,0,0,0,1,0,9296
687131,0,0,6,0,0,13,0,3,0,1,0,1,0,0,0,0,0,0,0,1,0,0,0,1,126,0,0,0,0,0,0,0,1,0,9394
687132,0,1,6,0,0,135,0,3,1,1,0,1,0,0,0,0,0,0,0,1,0,0,0,1,126,0,0,0,0,0,0,0,1,0,9394
687133,0,0,6,0,0,13,0,4,0,1,0,1,0,0,0,0,0,0,0,1,0,0,0,1,126,0,0,0,0,0,0,0,1,0,9395
687134,0,1,6,0,0,135,0,4,1,1,0,1,0,0,0,0,0,0,0,1,0,0,0,1,126,0,0,0,0,0,0,0,1,0,9395
687138,0,0,6,0,0,13,0,4,0,1,0,1,0,0,0,0,0,0,0,1,0,0,0,1,1,0,0,0,0,0,0,0,6,0,10370
687167,0,0,6,0,0,13,0,13,0,1,0,1,0,0,0,0,0,0,0,1,0,0,0,1,4,0,0,0,0,0,0,0,1,0,9401
687192,0,0,6,0,0,13,0,12,0,1,0,1,0,0,0,0,0,0,0,1,0,0,0,1,32,0,0,0,0,0,0,0,1,0,9413
687213,0,0,6,0,0,13,0,13,0,1,0,1,0,0,0,0,0,0,0,1,0,0,0,1,32,0,0,0,0,0,0,0,1,0,9414
687215,0,0,6,0,0,30,0,4,0,1,0,1,0,0,0,0,0,0,0,1,0,0,0,1,182,0,0,0,0,0,0,0,1,0,9134
687217,0,0,6,0,0,69,0,174,0,1,0,1,0,0,0,0,0,0,0,1,0,0,0,1,127,0,0,0,0,0,0,0,1,0,9800
687232,0,0,6,0,0,13,0,11,0,1,0,1,0,0,0,0,0,0,0,1,0,0,0,1,126,0,0,0,0,0,0,0,1,0,9417
687233,0,1,6,0,0,135,0,11,1,1,0,1,0,0,0,0,0,0,0,1,0,0,0,1,126,0,0,0,0,0,0,0,1,0,9417
687247,0,0,6,0,0,13,0,16,0,1,0,1,0,0,0,0,0,0,0,1,0,0,0,1,8,0,0,0,0,0,0,0,1,0,9358
687250,0,0,6,0,0,8,2000,12,0,1,0,1,0,0,0,0,0,0,0,1,0,0,0,1,0,0,0,0,0,0,0,0,1,0,8348
687300,0,0,6,0,0,42,0,0,0,1,0,0,0,0,0,0,0,9057,0,1,0,0,0,1,0,0,0,0,0,0,0,0,1,0,9233
687320,0,0,30,0,0,0,0,399,0,1,0,801,0,0,0,0,0,0,0,1,0,0,0,1,0,0,0,0,0,0,0,0,1,0,9253
687329,0,0,6,0,0,13,0,19,0,1,0,1,0,0,0,0,0,0,0,1,0,0,0,1,16,0,0,0,0,0,0,0,1,0,9307
687348,0,0,6,0,0,99,0,9,0,1,0,1,0,0,0,0,0,0,0,1,0,0,0,1,0,0,0,0,0,0,0,0,1,0,9140
687349,0,1,6,0,0,124,0,9,0,1,0,1,0,0,0,0,0,0,0,1,0,0,0,1,0,0,0,0,0,0,0,0,1,0,9140
687403,0,0,6,0,0,135,0,25,0,1,0,1,0,0,0,0,0,0,0,1,0,0,0,1,126,0,0,0,0,0,0,0,1,0,9315
687466,0,0,6,0,0,99,0,7,0,1,0,1,0,0,0,0,0,0,0,1,0,0,0,1,0,0,0,0,0,0,0,0,1,0,9139
687467,0,1,6,0,0,124,0,7,0,1,0,1,0,0,0,0,0,0,0,1,0,0,0,1,0,0,0,0,0,0,0,0,1,0,9139
687495,0,0,6,0,0,13,0,10,0,1,0,1,0,0,0,0,0,0,0,1,0,0,0,1,16,0,0,0,0,0,0,0,1,0,9402
687503,0,0,6,0,0,99,0,11,0,1,0,1,0,0,0,0,0,0,0,1,0,0,0,1,0,0,0,0,0,0,0,0,1,0,9141
687504,0,1,6,0,0,124,0,11,0,1,0,1,0,0,0,0,0,0,0,1,0,0,0,1,0,0,0,0,0,0,0,0,1,0,9141
687518,0,0,6,0,0,13,0,13,0,1,0,1,0,0,0,0,0,0,0,1,0,0,0,1,16,0,0,0,0,0,0,0,1,0,9404
687533,0,0,6,0,0,13,0,15,0,1,0,1,0,0,0,0,0,0,0,1,0,0,0,1,8,0,0,0,0,0,0,0,1,0,9357
687567,0,0,6,0,0,135,0,23,0,1,0,1,0,0,0,0,0,0,0,1,0,0,0,1,126,0,0,0,0,0,0,0,1,0,9314
687653,0,0,6,0,0,23,3000,-1,0,1,0,1,0,0,0,0,0,9633,0,1,0,0,0,1,0,0,0,0,0,0,0,0,1,0,9632
687654,0,1,6,0,0,26,0,0,0,1,0,1,0,0,0,0,0,0,0,1,0,0,0,1,0,0,0,0,0,0,0,0,1,0,9632
687657,0,0,6,0,0,135,0,28,0,1,0,1,0,0,0,0,0,0,0,1,0,0,0,1,126,0,0,0,0,0,0,0,1,0,9316
687661,0,0,6,0,0,30,0,4,0,1,0,1,0,0,0,0,0,0,0,1,0,0,0,1,633,0,0,0,0,0,0,0,1,0,9133
687663,0,0,6,0,0,13,0,20,0,1,0,1,0,0,0,0,0,0,0,1,0,0,0,1,16,0,0,0,0,0,0,0,1,0,9308
687690,0,0,6,0,0,42,0,0,0,1,0,0,0,0,0,0,0,9159,0,1,0,0,0,1,0,0,0,0,0,0,0,0,1,0,9160
687700,0,0,6,0,0,13,0,5,0,1,0,1,0,0,0,0,0,0,0,1,0,0,0,1,126,0,0,0,0,0,0,0,1,0,9396
687701,0,1,6,0,0,135,0,5,1,1,0,1,0,0,0,0,0,0,0,1,0,0,0,1,126,0,0,0,0,0,0,0,1,0,9396
687710,0,0,2,0,0,0,0,49,0,1,0,1,0,0,0,0,0,0,0,1,0,0,0,1,0,0,0,0,0,0,0,0,6,0,9796
687711,0,1,6,0,0,3,5000,14,0,1,0,1,0,0,0,0,0,0,0,1,0,0,0,1,0,0,0,0,0,0,0,0,6,0,9796
687729,0,0,2,0,0,0,0,3,0,1,0,1,0,0,0,0,0,0,0,1,0,0,0,1,0,0,0,0,0,0,0,0,6,0,13491
687730,0,1,68,0,0,0,0,0,0,1,0,0,0,26,0,0,0,0,0,1,0,0,0,1,0,0,0,0,0,0,0,0,6,0,13491
687732,0,0,6,0,0,13,0,14,0,1,0,1,0,0,0,0,0,0,0,1,0,0,0,1,126,0,0,0,0,0,0,0,1,0,9344
687733,0,1,6,0,0,135,0,14,1,1,0,1,0,0,0,0,0,0,0,1,0,0,0,1,126,0,0,0,0,0,0,0,1,0,9344
687734,0,0,6,0,0,13,0,15,0,1,0,1,0,0,0,0,0,0,0,1,0,0,0,1,126,0,0,0,0,0,0,0,1,0,9345
687735,0,1,6,0,0,135,0,15,1,1,0,1,0,0,0,0,0,0,0,1,0,0,0,1,126,0,0,0,0,0,0,0,1,0,9345
687749,0,0,6,0,0,13,0,20,0,1,0,1,0,0,0,0,0,0,0,1,0,0,0,1,8,0,0,0,0,0,0,0,1,0,9361
687750,0,0,6,0,0,135,0,17,0,1,0,1,0,0,0,0,0,0,0,1,0,0,0,1,126,0,0,0,0,0,0,0,1,0,9406
687751,0,0,6,0,0,13,0,8,0,1,0,1,0,0,0,0,0,0,0,1,0,0,0,1,126,0,0,0,0,0,0,0,1,0,9415
687752,0,1,6,0,0,135,0,8,1,1,0,1,0,0,0,0,0,0,0,1,0,0,0,1,126,0,0,0,0,0,0,0,1,0,9415
687763,0,0,6,0,0,13,0,17,0,1,0,1,0,0,0,0,0,0,0,1,0,0,0,1,126,0,0,0,0,0,0,0,1,0,9346
687764,0,1,6,0,0,135,0,17,1,1,0,1,0,0,0,0,0,0,0,1,0,0,0,1,126,0,0,0,0,0,0,0,1,0,9346
687776,0,0,6,0,0,77,0,0,0,1,0,0,0,0,0,0,0,0,0,1,0,0,0,1,7,0,0,0,0,0,0,0,1,0,9774
687779,0,0,2,0,0,0,0,249,0,1,0,101,0,0,0,0,0,0,0,1,0,0,0,1,0,0,0,0,0,0,0,0,6,0,10373
687818,0,0,6,0,0,13,0,12,0,1,0,1,0,0,0,0,0,0,0,1,0,0,0,1,126,0,0,0,0,0,0,0,1,0,9342
687819,0,1,6,0,0,135,0,12,1,1,0,1,0,0,0,0,0,0,0,1,0,0,0,1,126,0,0,0,0,0,0,0,1,0,9342
687842,0,0,6,0,0,52,0,0,0,1,0,1,0,0,0,0,0,0,0,1,0,0,0,1,0,0,0,0,0,0,0,0,1,0,9132
687885,0,0,6,0,0,135,0,30,0,1,0,1,0,0,0,0,0,0,0,1,0,0,0,1,126,0,0,0,0,0,0,0,1,0,9317
687983,0,0,2,0,0,0,0,285,0,1,0,91,0,0,0,0,0,0,0,1,0,0,0,1,0,0,0,0,0,0,0,0,6,0,10578
687984,0,1,6,0,0,3,2000,9,0,1,0,1,0,0,0,0,0,0,0,1,0,0,0,1,0,0,0,0,0,0,0,0,6,0,10578
687992,0,0,10,1,0,0,0,224,0,1,0,151,0,0,0,0,0,0,0,1,0,0,0,1,0,0,0,0,0,0,0,0,1,0,9163
688079,0,0,6,0,0,13,0,18,0,1,0,1,0,0,0,0,0,0,0,1,0,0,0,1,8,0,0,0,0,0,0,0,1,0,9359
688100,0,0,6,0,0,31,0,39,0,1,0,1,0,0,0,0,0,0,0,1,0,0,0,1,0,0,0,0,0,0,0,0,1,0,9175
688132,0,0,6,0,0,69,0,309,0,1,0,69,0,0,0,0,0,0,0,1,0,0,0,1,1,0,0,0,0,0,0,0,1,0,25747
688137,0,0,6,0,0,13,0,19,0,1,0,1,0,0,0,0,0,0,0,1,0,0,0,1,32,0,0,0,0,0,0,0,1,0,9327
688155,0,0,6,0,0,29,0,9,0,1,0,1,0,0,0,0,0,0,0,1,0,0,0,1,0,0,0,0,0,0,0,0,1,0,9121
688158,0,0,30,0,0,0,0,79,0,1,0,161,0,0,0,0,0,0,0,1,0,0,0,1,0,0,0,0,0,0,0,0,1,0,9252
688177,0,0,30,0,0,0,0,299,0,1,0,1,0,0,0,0,0,0,0,1,0,0,0,1,1,0,0,0,0,0,0,0,1,0,9174
688213,0,0,6,0,0,13,0,7,0,1,0,1,0,0,0,0,0,0,0,1,0,0,0,1,126,0,0,0,0,0,0,0,1,0,9398
688214,0,1,6,0,0,135,0,7,1,1,0,1,0,0,0,0,0,0,0,1,0,0,0,1,126,0,0,0,0,0,0,0,1,0,9398
688245,0,0,6,0,0,13,0,1,0,1,0,1,0,0,0,0,0,0,0,1,0,0,0,1,126,0,0,0,0,0,0,0,1,0,9393
688246,0,1,6,0,0,135,0,1,1,1,0,1,0,0,0,0,0,0,0,1,0,0,0,1,126,0,0,0,0,0,0,0,1,0,9393
688248,0,0,6,0,0,13,0,12,0,1,0,1,0,0,0,0,0,0,0,1,0,0,0,1,4,0,0,0,0,0,0,0,1,0,9400
688271,0,0,6,0,0,99,0,21,0,1,0,1,0,0,0,0,0,0,0,1,0,0,0,1,0,0,0,0,0,0,0,0,1,0,9332
688272,0,1,6,0,0,124,0,21,0,1,0,1,0,0,0,0,0,0,0,1,0,0,0,1,0,0,0,0,0,0,0,0,1,0,9332
688273,0,0,6,0,0,99,0,47,0,1,0,1,0,0,0,0,0,0,0,1,0,0,0,1,0,0,0,0,0,0,0,0,1,0,9333
688274,0,1,6,0,0,124,0,47,0,1,0,1,0,0,0,0,0,0,0,1,0,0,0,1,0,0,0,0,0,0,0,0,1,0,9333
688275,0,0,6,0,0,99,0,25,0,1,0,1,0,0,0,0,0,0,0,1,0,0,0,1,0,0,0,0,0,0,0,0,1,0,9334
688276,0,1,6,0,0,124,0,25,0,1,0,1,0,0,0,0,0,0,0,1,0,0,0,1,0,0,0,0,0,0,0,0,1,0,9334
688277,0,0,6,0,0,99,0,27,0,1,0,1,0,0,0,0,0,0,0,1,0,0,0,1,0,0,0,0,0,0,0,0,1,0,9335
688278,0,1,6,0,0,124,0,27,0,1,0,1,0,0,0,0,0,0,0,1,0,0,0,1,0,0,0,0,0,0,0,0,1,0,9335
688318,0,0,6,0,0,13,0,20,0,1,0,1,0,0,0,0,0,0,0,1,0,0,0,1,32,0,0,0,0,0,0,0,1,0,9328
688332,0,0,6,0,0,13,0,15,0,1,0,1,0,0,0,0,0,0,0,1,0,0,0,1,16,0,0,0,0,0,0,0,1,0,9304
688333,0,0,6,0,0,13,0,16,0,1,0,1,0,0,0,0,0,0,0,1,0,0,0,1,16,0,0,0,0,0,0,0,1,0,9305
688347,0,0,6,0,0,13,0,13,0,1,0,1,0,0,0,0,0,0,0,1,0,0,0,1,126,0,0,0,0,0,0,0,1,0,9343
688348,0,1,6,0,0,135,0,13,1,1,0,1,0,0,0,0,0,0,0,1,0,0,0,1,126,0,0,0,0,0,0,0,1,0,9343
688407,0,0,6,0,0,99,0,29,0,1,0,1,0,0,0,0,0,0,0,1,0,0,0,1,0,0,0,0,0,0,0,0,1,0,9336
688408,0,1,6,0,0,124,0,29,0,1,0,1,0,0,0,0,0,0,0,1,0,0,0,1,0,0,0,0,0,0,0,0,1,0,9336
688414,0,0,6,0,0,99,0,15,0,1,0,1,0,0,0,0,0,0,0,1,0,0,0,1,0,0,0,0,0,0,0,0,1,0,9329
688415,0,1,6,0,0,124,0,15,0,1,0,1,0,0,0,0,0,0,0,1,0,0,0,1,0,0,0,0,0,0,0,0,1,0,9329
688438,0,0,6,0,0,30,0,32,0,1,0,1,0,0,0,0,0,0,0,1,0,0,0,1,95,0,0,0,0,0,0,0,1,0,10351
688452,0,0,6,0,0,13,0,13,0,1,0,1,0,0,0,0,0,0,0,1,0,0,0,1,8,0,0,0,0,0,0,0,1,0,9411
688461,0,0,6,0,0,22,0,49,0,1,0,1,0,0,0,0,0,0,0,1,0,0,0,1,1,0,0,0,0,0,0,0,1,0,9764
688470,0,0,6,0,0,13,0,16,0,1,0,1,0,0,0,0,0,0,0,1,0,0,0,1,32,0,0,0,0,0,0,0,1,0,9325
688471,0,0,6,0,0,13,0,18,0,1,0,1,0,0,0,0,0,0,0,1,0,0,0,1,32,0,0,0,0,0,0,0,1,0,9326
688728,0,0,6,0,0,13,0,10,0,1,0,1,0,0,0,0,0,0,0,1,0,0,0,1,126,0,0,0,0,0,0,0,1,0,9416
688729,0,1,6,0,0,135,0,10,1,1,0,1,0,0,0,0,0,0,0,1,0,0,0,1,126,0,0,0,0,0,0,0,1,0,9416
688749,0,0,6,0,0,29,0,9,0,1,0,1,0,0,0,0,0,0,0,1,0,0,0,1,2,0,0,0,0,0,0,0,1,0,9117
688858,0,0,6,0,0,69,0,599,0,1,0,1,0,0,0,0,0,0,0,1,0,0,0,1,126,0,0,0,0,0,0,0,1,0,10618
688867,0,0,2,0,0,0,0,89,0,1,0,121,0,0,0,0,0,0,0,1,0,0,0,1,0,0,0,0,0,0,0,0,6,0,11658
688868,0,1,6,0,0,29,0,-16,0,1,0,1,0,0,0,0,0,0,0,1,0,0,0,1,0,0,0,0,0,0,0,0,6,0,11658
688869,0,2,6,0,0,3,3000,24,0,1,0,1,0,0,0,0,0,0,0,1,0,0,0,1,0,0,0,0,0,0,0,0,6,0,11658
689100,0,0,6,0,0,67,0,0,0,1,0,0,0,0,0,0,0,0,0,1,0,0,0,1,0,0,0,0,0,0,0,0,6,0,11879
689161,0,0,10,1,0,0,0,299,0,1,0,201,0,0,0,0,0,0,0,1,0,0,0,1,0,0,0,0,0,0,0,0,21,0,10577
689369,0,0,6,0,0,30,0,4,0,1,0,1,0,0,0,0,0,0,0,1,0,0,0,1,186,0,0,0,0,0,0,0,1,0,12560
689448,0,0,6,0,0,69,0,54,0,1,0,31,0,0,0,0,0,0,0,1,0,0,0,1,1,0,0,0,0,0,0,0,1,0,11657
689453,0,0,6,0,0,82,0,-1,0,1,0,1,0,0,0,0,0,0,0,1,0,0,0,1,0,0,0,0,0,0,0,0,1,0,11789
689487,0,0,6,0,0,553,0,-101,0,1,0,1,0,0,0,0,0,0,0,1,0,0,0,1,126,0,0,0,0,0,0,0,1,0,15646
689535,0,0,6,0,0,30,0,2,0,1,0,1,0,0,0,0,0,0,0,1,0,0,0,1,95,0,0,0,0,0,0,0,1,0,12956
689536,0,1,6,0,0,22,0,9,0,1,0,1,0,0,0,0,0,0,0,1,0,0,0,1,32,0,0,0,0,0,0,0,1,0,12956
689537,0,2,6,0,0,161,0,2,0,1,0,1,0,0,0,0,0,0,0,1,0,0,0,1,0,0,0,0,0,0,0,0,1,0,12956
689801,0,0,6,0,0,99,0,19,0,1,0,1,0,0,0,0,1,0,0,1,0,0,0,1,0,0,0,0,0,0,0,0,1,0,12686
689802,0,1,6,0,0,138,0,4,0,1,0,1,0,0,0,0,-1,0,0,1,0,0,0,1,0,0,0,0,0,0,0,0,1,0,12686
690055,0,0,6,0,0,3,5000,49,0,1,0,1,0,0,0,0,0,0,0,1,0,0,0,1,0,0,14,0,0,0,0,0,22,15,12766
690056,0,1,28,0,0,0,0,0,1,1,0,1,0,0,0,0,0,0,0,1,0,0,0,1,8506,64,0,0,0,0,0,0,18,0,12766
690068,0,0,24,0,0,0,0,0,0,1,0,1,9372,0,0,0,0,0,0,1,0,0,0,1,0,0,0,0,0,0,0,0,1,0,11654
690151,0,0,6,0,0,29,0,-3,0,1,0,1,0,0,0,0,0,0,0,1,0,0,0,1,-1,0,0,0,0,0,0,0,6,0,13524
690187,0,0,6,0,0,13,0,19,0,1,0,1,0,0,0,0,0,0,0,1,0,0,0,1,64,0,0,0,0,0,0,0,1,0,13604
690192,0,0,2,0,0,0,0,79,0,1,0,21,0,0,0,0,0,0,0,1,0,0,0,1,0,0,0,0,0,0,0,0,6,0,13527
690193,0,0,6,0,0,29,0,-11,0,1,0,1,0,0,0,0,0,0,0,1,0,0,0,1,0,0,0,0,0,0,0,0,6,0,13528
690200,0,0,6,0,0,3,3000,6,0,1,0,1,0,0,0,0,0,0,0,1,0,0,0,1,0,0,0,0,0,0,0,0,6,0,13526
690201,0,1,6,0,0,22,0,-51,0,1,0,1,0,0,0,0,0,0,0,1,0,0,0,1,1,0,0,0,0,0,0,0,6,0,13526
690236,0,0,6,1,0,138,0,49,0,1,0,1,0,0,0,0,0,0,0,1,0,0,0,1,0,0,0,0,0,0,0,0,1,0,13494
690238,0,0,6,0,0,33,0,-51,0,1,0,1,0,0,0,0,0,0,0,1,0,0,0,1,0,0,0,0,0,0,0,0,6,0,13496
690283,0,0,6,0,0,47,0,1,0,1,0,1,0,0,0,0,0,0,0,1,0,0,0,1,0,0,0,0,0,0,0,0,1,0,13667
690309,0,0,2,0,0,0,0,6,0,1,0,1,0,0,0,0,0,0,0,1,0,0,0,1,0,0,0,14,0,0,0,0,22,15,13532
690310,0,1,6,0,0,138,0,-12,0,1,0,1,0,0,0,0,0,0,0,1,0,0,0,1,0,0,14,0,0,0,0,0,22,15,13532
690334,0,0,3,0,0,0,0,0,0,1,0,1,0,0,0,0,0,0,0,1,0,0,0,1,0,0,0,0,0,0,0,0,38,0,12938
690342,0,0,6,0,0,105,0,0,0,1,0,1,0,0,0,0,0,0,0,1,0,0,0,1,0,0,0,0,0,0,0,0,1,0,12438
690420,0,0,2,1,0,0,0,59,0,1,0,31,0,0,0,0,0,0,0,1,0,0,0,1,0,0,0,0,0,0,0,0,6,0,13480
690422,0,0,2,0,0,0,0,9,0,1,0,11,0,0,0,0,0,0,0,1,0,0,0,1,0,0,0,0,0,0,0,0,6,0,13482
690457,0,0,6,0,0,23,1000,0,0,1,0,1,0,0,0,0,0,12278,0,1,0,0,0,1,0,0,0,0,0,0,0,0,1,0,12257
690458,0,1,64,0,0,0,0,0,0,1,0,0,0,0,0,0,0,11009,0,1,0,0,0,1,0,0,0,0,0,0,0,0,1,0,12257
690466,0,0,2,0,0,0,0,134,0,1,0,1,0,0,0,0,0,0,0,1,0,0,0,1,0,0,0,0,0,0,0,0,6,0,15662
690467,0,1,6,0,0,3,2000,4,0,1,0,1,0,0,0,0,0,0,0,1,0,0,0,1,0,0,0,0,0,0,0,0,6,0,15662
690468,0,0,2,0,0,0,0,39,0,1,0,1,0,0,0,0,0,0,0,1,0,0,0,1,0,0,0,0,0,0,0,0,6,0,13438
690469,0,1,6,0,0,3,2000,2,0,1,0,1,0,0,0,0,0,0,0,1,0,0,0,1,0,0,0,0,0,0,0,0,6,0,13438
690492,0,0,6,0,0,3,5000,4,0,1,0,1,0,0,0,0,0,0,0,1,0,0,0,1,0,0,14,0,0,0,0,0,22,15,11790
690546,0,0,6,0,0,69,0,499,0,1,0,1,0,0,0,0,0,0,0,1,0,0,0,1,127,0,0,0,0,0,0,0,1,0,13234
690583,0,0,6,0,0,103,0,-56,0,1,0,1,0,0,0,0,0,0,0,1,0,0,0,1,0,0,0,0,0,0,0,0,1,0,12685
690593,0,0,6,0,0,552,0,1,0,1,0,1,0,0,0,0,0,0,0,1,0,0,0,1,2,0,0,0,0,0,0,0,1,0,21092
690685,0,0,6,0,0,13,0,13,0,1,0,1,0,0,0,0,0,0,0,1,0,0,0,1,64,0,0,0,0,0,0,0,1,0,13599
690706,0,0,6,0,0,13,0,15,0,1,0,1,0,0,0,0,0,0,0,1,0,0,0,1,64,0,0,0,0,0,0,0,1,0,13601
690707,0,0,6,0,0,13,0,16,0,1,0,1,0,0,0,0,0,0,0,1,0,0,0,1,64,0,0,0,0,0,0,0,1,0,13602
690708,0,0,6,0,0,13,0,18,0,1,0,1,0,0,0,0,0,0,0,1,0,0,0,1,64,0,0,0,0,0,0,0,1,0,13603
690716,0,0,2,0,0,0,0,200,0.12899999321,1,0,41,0,0,0,0,1.20000004768,0,0,1,0,0,0,1,0,0,0,13,0,0,0,0,22,15,13018
690717,0,1,6,0,0,33,0,-51,0,1,0,1,0,11,0,0,0,0,0,1,0,0,0,1,0,0,13,0,0,0,0,0,22,15,13018
690755,0,0,6,0,0,13,0,9,0,1,0,1,0,0,0,0,0,0,0,1,0,0,0,1,1,0,0,0,0,0,0,0,1,0,12731
690785,0,0,6,0,0,3,3000,9,0,1,0,1,0,0,0,0,0,0,0,1,0,0,0,1,0,0,0,0,0,0,0,0,6,0,13318
690792,0,0,6,0,0,22,0,-101,0,1,0,1,0,0,0,0,0,0,0,1,0,0,0,1,1,0,0,0,0,0,0,0,6,0,11791
690802,0,0,6,0,0,69,0,247,0,1,0,55,0,0,0,0,0,0,0,1,0,0,0,1,1,0,0,0,0,0,0,0,1,0,25750
690860,0,0,6,0,0,13,0,18,0,1,0,1,0,0,0,0,0,0,0,1,0,0,0,1,126,0,0,0,0,0,0,0,1,0,14254
690861,0,1,6,0,0,135,0,18,1,1,0,1,0,0,0,0,0,0,0,1,0,0,0,1,126,0,0,0,0,0,0,0,1,0,14254
690878,0,0,38,0,0,0,0,0,0,1,0,1,0,0,0,0,0,0,0,1,0,0,0,1,3,0,0,0,0,0,0,0,21,0,14134
690879,0,1,38,0,0,0,0,0,0,1,0,1,0,0,0,0,0,0,0,1,0,0,0,1,4,0,0,0,0,0,0,0,21,0,14134
690896,0,0,6,0,0,30,0,6,0,1,0,1,0,0,0,0,0,0,0,1,0,0,0,1,95,0,0,0,0,0,0,0,1,0,13385
690968,0,0,6,0,0,3,1000,14,0,1,0,1,0,0,0,0,0,0,0,1,0,0,0,1,0,0,0,0,0,0,0,0,6,0,13530
690982,0,0,6,0,0,102,0,116,0,1,0,1,0,0,0,0,0,0,0,1,0,0,0,1,4,0,0,0,0,0,0,0,1,0,14098
690983,0,1,6,0,0,131,0,116,1,1,0,1,0,0,0,0,0,0,0,1,0,0,0,1,4,0,0,0,0,0,0,0,1,0,14098
690996,0,0,2,1,0,0,0,29,0,1,0,1,0,0,0,0,0,0,0,1,0,0,0,1,0,0,0,0,0,0,0,0,6,0,13440
691018,0,0,2,0,0,0,0,34,0,1,0,1,0,0,0,0,0,0,0,1,0,0,0,1,0,0,0,0,0,0,0,0,6,0,13442
691019,0,0,6,0,0,42,0,-1,0,1,0,1,0,0,0,0,0,16782,0,1,0,0,0,1,0,0,0,0,0,0,0,0,1,0,13959
691098,0,0,6,0,0,49,0,0,0,1,0,1,0,0,0,0,0,0,0,1,0,0,0,1,0,0,0,0,0,0,0,0,1,0,13669
691105,0,0,6,0,0,99,0,23,0,1,0,1,0,0,0,0,0,0,0,1,0,0,0,1,0,0,0,0,0,0,0,0,1,0,14027
691106,0,1,6,0,0,124,0,23,0,1,0,1,0,0,0,0,0,0,0,1,0,0,0,1,0,0,0,0,0,0,0,0,1,0,14027
691140,0,0,6,0,0,14,0,-26,0,1,0,1,0,0,0,0,0,0,0,1,0,0,0,1,4,0,0,0,0,0,0,0,1,0,13744
691141,0,1,6,0,0,22,0,49,0,1,0,1,0,0,0,0,0,0,0,1,0,0,0,1,4,0,0,0,0,0,0,0,1,0,13744
691147,0,0,6,0,0,22,0,-101,0,1,0,1,0,0,0,0,0,0,0,1,0,0,0,1,1,0,0,0,0,0,0,0,6,0,13752
691148,0,1,6,0,0,41,0,0,0,1,0,0,0,0,0,0,0,0,0,1,0,0,0,1,6,0,0,0,0,0,0,0,6,0,13752
691149,0,2,6,0,0,41,0,0,0,1,0,0,0,0,0,0,0,0,0,1,0,0,0,1,5,0,0,0,0,0,0,0,6,0,13752
691167,0,0,6,0,0,30,0,4,0,1,0,1,0,0,0,0,0,0,0,1,0,0,0,1,95,0,0,0,0,0,0,0,1,0,13383
691168,0,0,6,0,0,30,0,5,0,1,0,1,0,0,0,0,0,0,0,1,0,0,0,1,95,0,0,0,0,0,0,0,1,0,13384
691215,0,0,6,1,0,138,0,29,0,1,0,1,0,0,0,0,0,0,0,1,0,0,0,1,0,0,0,0,0,0,0,0,1,0,13533
691216,0,0,6,0,0,67,0,0,0,1,0,0,0,0,0,0,0,0,0,1,0,0,0,1,0,0,0,0,0,0,0,0,6,0,13534
691227,0,0,6,0,0,3,3000,14,0,1,0,1,0,0,0,0,0,0,0,1,0,0,0,1,0,0,0,0,0,0,0,0,6,0,14118
691228,0,0,2,0,0,0,0,34,0,1,0,1,0,0,0,0,0,0,0,1,0,0,0,1,0,0,0,0,0,0,0,0,6,0,14119
691236,0,0,6,0,0,13,0,28,0,1,0,1,0,0,0,0,0,0,0,1,0,0,0,1,16,0,0,0,0,0,0,0,1,0,13831
691259,0,0,2,0,0,0,0,59,0,1,0,11,0,0,0,0,0,0,0,1,0,0,0,1,0,0,0,0,0,0,0,0,6,0,13486
691264,0,0,6,0,0,22,0,199,0,1,0,1,0,0,0,0,0,0,0,1,0,0,0,1,1,0,0,0,0,0,0,0,1,0,14803
691283,0,0,2,0,0,0,0,29,0,1,0,1,0,0,0,0,0,0,0,1,0,0,0,1,0,0,0,0,0,0,0,0,6,0,13519
691287,0,0,2,1,0,0,0,34,0,1,0,11,0,0,0,0,0,0,0,1,0,0,0,1,0,0,0,0,0,0,0,0,6,0,14106
691293,0,0,6,0,0,30,0,12,0,1,0,1,0,0,0,0,0,0,0,1,0,0,0,1,95,0,0,0,0,0,0,0,1,0,14249
691312,0,0,6,0,0,30,0,3,0,1,0,1,0,0,0,0,0,0,0,1,0,0,0,1,43,0,0,0,0,0,0,0,1,0,14121
691316,0,0,6,0,0,29,0,19,0,1,0,1,0,0,0,0,0,0,0,1,0,0,0,1,1,0,0,0,0,0,0,0,1,0,14384
691346,0,0,6,0,0,102,0,38,0,1,0,1,0,0,0,0,0,0,0,1,0,0,0,1,32,0,0,0,0,0,0,0,1,0,12981
691347,0,1,6,0,0,131,0,38,1,1,0,1,0,0,0,0,0,0,0,1,0,0,0,1,32,0,0,0,0,0,0,0,1,0,12981
691366,0,0,6,0,0,30,0,6,0,1,0,1,0,0,0,0,0,0,0,1,0,0,0,1,95,0,0,0,0,0,0,0,1,0,13386
691368,0,0,6,0,0,30,0,16,0,1,0,1,0,0,0,0,0,0,0,1,0,0,0,1,95,0,0,0,0,0,0,0,1,0,13389
691373,0,0,6,0,0,47,0,0,0,1,0,1,0,0,0,0,0,0,0,1,0,0,0,1,0,0,0,0,0,0,0,0,1,0,13665
691399,0,0,6,0,0,99,0,35,0,1,0,1,0,0,0,0,0,0,0,1,0,0,0,1,0,0,0,0,0,0,0,0,1,0,14089
691400,0,1,6,0,0,124,0,35,0,1,0,1,0,0,0,0,0,0,0,1,0,0,0,1,0,0,0,0,0,0,0,0,1,0,14089
691415,0,0,6,0,0,13,0,20,0,1,0,1,0,0,0,0,0,0,0,1,0,0,0,1,126,0,0,0,0,0,0,0,1,0,14248
691416,0,1,6,0,0,135,0,20,1,1,0,1,0,0,0,0,0,0,0,1,0,0,0,1,126,0,0,0,0,0,0,0,1,0,14248
691423,0,0,6,0,0,13,0,8,0,1,0,1,0,0,0,0,0,0,0,1,0,0,0,1,64,0,0,0,0,0,0,0,1,0,13595
691426,0,0,28,99999,0,0,0,0,0,1,0,1,0,0,0,0,0,0,0,1,0,0,0,1,8776,5121,0,0,0,0,0,0,32,0,13049
691435,0,0,6,0,0,30,0,7,0,1,0,1,0,0,0,0,0,0,0,1,0,0,0,1,95,0,0,0,0,0,0,0,1,0,13387
691436,0,0,6,0,0,30,0,8,0,1,0,1,0,0,0,0,0,0,0,1,0,0,0,1,95,0,0,0,0,0,0,0,1,0,13388
691456,0,0,6,0,0,130,0,2,0,1,0,1,0,0,0,0,0,0,0,1,0,0,0,1,0,0,0,0,0,0,0,0,1,0,13587
691535,0,0,6,0,0,102,0,44,0,1,0,1,0,0,0,0,0,0,0,1,0,0,0,1,4,0,0,0,0,0,0,0,1,0,14097
691536,0,1,6,0,0,131,0,44,1,1,0,1,0,0,0,0,0,0,0,1,0,0,0,1,4,0,0,0,0,0,0,0,1,0,14097
691564,0,0,6,0,0,99,0,-31,0,1,0,1,0,0,0,0,0,0,0,1,0,0,0,1,0,0,0,0,0,0,0,0,6,0,13490
691572,0,0,6,0,0,3,3000,4,0,1,0,1,0,0,0,0,0,0,0,1,0,0,0,1,0,0,0,0,0,0,0,0,6,0,13518
691584,0,0,6,0,0,30,0,9,0,1,0,1,0,0,0,0,0,0,0,1,0,0,0,1,95,0,0,0,0,0,0,0,1,0,13390
691597,0,0,6,0,0,33,0,-51,0,1,0,1,0,11,0,0,0,0,0,1,0,0,0,1,0,0,0,0,0,0,0,0,6,0,13439
691598,0,1,2,0,0,0,0,19,0,1,0,11,0,0,0,0,0,0,0,1,0,0,0,1,0,0,0,0,0,0,0,0,6,0,13439
691600,0,0,6,0,0,31,0,39,0,1,0,1,0,0,0,0,0,0,0,1,0,0,0,1,0,0,0,0,0,0,0,0,1,0,14530
691643,0,0,28,0,0,0,0,0,1,1,0,1,0,0,0,0,0,0,0,1,0,0,0,1,10718,5121,15,0,0,0,0,0,32,0,16602
691662,0,0,6,0,0,29,0,17,0,1,0,1,0,0,0,0,0,0,0,1,0,0,0,1,2,0,0,0,0,0,0,0,1,0,14465
691801,0,0,6,1,0,53,5000,9,0.10000000149,1,0,1,0,0,0,0,0,0,0,1,0,0,0,1,0,0,0,0,0,0,0,0,6,0,16603
691807,0,0,6,0,0,99,0,39,0,1,0,1,0,0,0,0,0,0,0,1,0,0,0,1,0,0,0,0,0,0,0,0,1,0,14049
691808,0,1,6,0,0,124,0,39,0,1,0,1,0,0,0,0,0,0,0,1,0,0,0,1,0,0,0,0,0,0,0,0,1,0,14049
691861,0,0,6,0,0,13,0,22,0,1,0,1,0,0,0,0,0,0,0,1,0,0,0,1,32,0,0,0,0,0,0,0,1,0,14793
691862,0,0,6,0,0,13,0,23,0,1,0,1,0,0,0,0,0,0,0,1,0,0,0,1,32,0,0,0,0,0,0,0,1,0,14794
691888,0,0,6,0,0,99,0,59,0,1,0,1,0,0,0,0,0,0,0,1,0,0,0,1,0,0,0,0,0,0,0,0,1,0,14052
691889,0,1,6,0,0,124,0,59,0,1,0,1,0,0,0,0,0,0,0,1,0,0,0,1,0,0,0,0,0,0,0,0,1,0,14052
691890,0,0,10,1,0,0,0,134,0,1,0,31,0,0,0,0,0,0,0,1,0,0,0,1,0,0,0,0,0,0,0,0,21,0,14053
691908,0,0,6,0,0,102,0,29,0,1,0,1,0,0,0,0,0,0,0,1,0,0,0,1,1,0,0,0,0,0,0,0,1,0,14565
691909,0,1,6,0,0,131,0,29,1,1,0,1,0,0,0,0,0,0,0,1,0,0,0,1,1,0,0,0,0,0,0,0,1,0,14565
691922,0,0,6,0,0,22,0,4,0,1,0,1,0,0,0,0,0,0,0,1,0,0,0,1,32,0,0,0,0,0,0,0,1,0,14668
691938,0,0,6,0,0,22,0,4,0,1,0,1,0,0,0,0,0,0,0,1,0,0,0,1,64,0,0,0,0,0,0,0,1,0,14707
691945,0,0,2,0,0,0,0,129,0,1,0,1,0,0,0,0,0,0,0,1,0,0,0,1,0,0,0,0,0,0,0,0,6,0,14126
691957,0,0,6,0,0,13,0,22,0,1,0,1,0,0,0,0,0,0,0,1,0,0,0,1,126,0,0,0,0,0,0,0,1,0,14047
691958,0,1,6,0,0,135,0,22,1,1,0,1,0,0,0,0,0,0,0,1,0,0,0,1,126,0,0,0,0,0,0,0,1,0,14047
691981,0,0,6,0,0,22,0,9,0,1,0,1,0,0,0,0,0,0,0,1,0,0,0,1,4,0,0,0,0,0,0,0,1,0,14590
691990,0,0,6,0,0,13,0,27,0,1,0,1,0,0,0,0,0,0,0,1,0,0,0,1,126,0,0,0,0,0,0,0,1,0,14127
691991,0,1,6,0,0,135,0,27,1,1,0,1,0,0,0,0,0,0,0,1,0,0,0,1,126,0,0,0,0,0,0,0,1,0,14127
692016,0,0,6,0,0,13,0,28,0,1,0,1,0,0,0,0,0,0,0,1,0,0,0,1,126,0,0,0,0,0,0,0,1,0,13881
692017,0,1,6,0,0,135,0,28,1,1,0,1,0,0,0,0,0,0,0,1,0,0,0,1,126,0,0,0,0,0,0,0,1,0,13881
692055,0,0,6,0,0,51,0,2,0,1,0,1,0,0,0,0,0,0,0,1,0,0,0,1,0,0,0,0,0,0,0,0,1,0,13676
692113,0,0,6,0,0,13,0,29,0,1,0,1,0,0,0,0,0,0,0,1,0,0,0,1,126,0,0,0,0,0,0,0,1,0,14798
692114,0,1,6,0,0,135,0,29,1,1,0,1,0,0,0,0,0,0,0,1,0,0,0,1,126,0,0,0,0,0,0,0,1,0,14798
692115,0,0,6,0,0,13,0,19,0,1,0,1,0,0,0,0,0,0,0,1,0,0,0,1,126,0,0,0,0,0,0,0,1,0,14799
692116,0,1,6,0,0,135,0,19,1,1,0,1,0,0,0,0,0,0,0,1,0,0,0,1,126,0,0,0,0,0,0,0,1,0,14799
692148,0,0,6,0,0,51,0,0,0,1,0,1,0,0,0,0,0,0,0,1,0,0,0,1,0,0,0,0,0,0,0,0,1,0,13674
692149,0,0,6,0,0,51,0,1,0,1,0,1,0,0,0,0,0,0,0,1,0,0,0,1,0,0,0,0,0,0,0,0,1,0,13675
692150,0,0,6,0,0,23,2000,-1,0,1,0,1,0,0,0,0,0,3137,0,1,0,0,0,1,0,0,0,0,0,0,0,0,21,0,14253
692151,0,1,38,0,0,0,0,0,0,1,0,1,0,0,0,0,0,0,0,1,0,0,0,1,4,0,0,0,0,0,0,0,21,0,14253
692168,0,0,6,0,0,13,0,34,0,1,0,1,0,0,0,0,0,0,0,1,0,0,0,1,126,0,0,0,0,0,0,0,1,0,14055
692169,0,1,6,0,0,135,0,34,1,1,0,1,0,0,0,0,0,0,0,1,0,0,0,1,126,0,0,0,0,0,0,0,1,0,14055
692170,0,0,6,0,0,99,0,49,0,1,0,1,0,0,0,0,0,0,0,1,0,0,0,1,0,0,0,0,0,0,0,0,1,0,14056
692171,0,1,6,0,0,124,0,49,0,1,0,1,0,0,0,0,0,0,0,1,0,0,0,1,0,0,0,0,0,0,0,0,1,0,14056
692185,0,0,6,0,0,13,0,26,0,1,0,1,0,0,0,0,0,0,0,1,0,0,0,1,126,0,0,0,0,0,0,0,1,0,14054
692186,0,1,6,0,0,135,0,26,1,1,0,1,0,0,0,0,0,0,0,1,0,0,0,1,126,0,0,0,0,0,0,0,1,0,14054
692258,0,0,6,0,0,29,0,19,0,1,0,1,0,0,0,0,0,0,0,1,0,0,0,1,2,0,0,0,0,0,0,0,1,0,14467
692304,0,0,6,0,0,99,0,55,0,1,0,1,0,0,0,0,0,0,0,1,0,0,0,1,0,0,0,0,0,0,0,0,1,0,15814
692305,0,1,6,0,0,124,0,55,0,1,0,1,0,0,0,0,0,0,0,1,0,0,0,1,0,0,0,0,0,0,0,0,1,0,15814
692306,0,0,6,0,0,99,0,57,0,1,0,1,0,0,0,0,0,0,0,1,0,0,0,1,0,0,0,0,0,0,0,0,1,0,15815
692307,0,1,6,0,0,124,0,57,0,1,0,1,0,0,0,0,0,0,0,1,0,0,0,1,0,0,0,0,0,0,0,0,1,0,15815
692308,0,0,6,0,0,99,0,61,0,1,0,1,0,0,0,0,0,0,0,1,0,0,0,1,0,0,0,0,0,0,0,0,1,0,15816
692309,0,1,6,0,0,124,0,61,0,1,0,1,0,0,0,0,0,0,0,1,0,0,0,1,0,0,0,0,0,0,0,0,1,0,15816
692324,0,0,6,0,0,29,0,14,0,1,0,1,0,0,0,0,0,0,0,1,0,0,0,1,2,0,0,0,0,0,0,0,1,0,14462
692343,0,0,2,0,0,0,0,239,0,1,0,1,0,0,0,0,0,0,0,1,0,0,0,1,0,0,0,0,0,0,0,0,6,0,21140
692362,0,0,6,0,0,99,0,67,0,1,0,1,0,0,0,0,0,0,0,1,0,0,0,1,0,0,0,0,0,0,0,0,1,0,15819
692363,0,1,6,0,0,124,0,67,0,1,0,1,0,0,0,0,0,0,0,1,0,0,0,1,0,0,0,0,0,0,0,0,1,0,15819
692370,0,0,6,0,0,12,0,-1,1,1,0,1,0,0,0,0,0,0,0,1,0,0,0,1,0,0,0,0,0,0,0,0,6,0,15283
692451,0,0,6,0,0,42,0,0,0,1,0,1,0,0,0,0,0,16621,0,1,0,0,0,1,0,0,0,0,0,0,0,0,1,0,16620
692489,0,0,6,0,0,30,0,9,0,1,0,1,0,0,0,0,0,0,0,1,0,0,0,1,172,0,0,0,0,0,0,0,1,0,15768
692499,0,0,6,0,0,30,0,5,0,1,0,1,0,0,0,0,0,0,0,1,0,0,0,1,173,0,0,0,0,0,0,0,1,0,15717
692505,0,0,6,0,0,30,0,3,0,1,0,1,0,0,0,0,0,0,0,1,0,0,0,1,173,0,0,0,0,0,0,0,1,0,15776
692518,0,0,6,0,0,30,0,3,0,1,0,1,0,0,0,0,0,0,0,1,0,0,0,1,54,0,0,0,0,0,0,0,1,0,15760
692533,0,0,6,0,0,54,0,0,0,1,0,1,0,0,0,0,0,0,0,1,0,0,0,1,0,0,0,0,0,0,0,0,1,0,15464
692540,0,0,6,0,0,30,0,7,0,1,0,1,0,0,0,0,0,0,0,1,0,0,0,1,55,0,0,0,0,0,0,0,1,0,15771
692560,0,0,6,0,0,49,0,1,0,1,0,1,0,0,0,0,0,0,0,1,0,0,0,1,0,0,0,0,0,0,0,0,1,0,13670
692574,0,0,6,0,0,99,0,51,0,1,0,1,0,0,0,0,0,0,0,1,0,0,0,1,0,0,0,0,0,0,0,0,1,0,15812
692575,0,1,6,0,0,124,0,51,0,1,0,1,0,0,0,0,0,0,0,1,0,0,0,1,0,0,0,0,0,0,0,0,1,0,15812
692577,0,0,6,0,0,99,0,65,0,1,0,1,0,0,0,0,0,0,0,1,0,0,0,1,0,0,0,0,0,0,0,0,1,0,15818
692578,0,1,6,0,0,124,0,65,0,1,0,1,0,0,0,0,0,0,0,1,0,0,0,1,0,0,0,0,0,0,0,0,1,0,15818
692613,0,0,6,0,0,15,0,2,0,1,0,1,0,0,0,0,0,0,0,1,0,0,0,1,0,0,0,0,0,0,0,0,1,0,15438
692615,0,0,6,0,0,99,0,49,0,1,0,1,0,0,0,0,0,0,0,1,0,0,0,1,0,0,0,0,0,0,0,0,1,0,15602
692622,0,0,2,0,0,0,0,59,0,1,0,1,0,0,0,0,0,0,0,1,0,0,0,1,0,0,0,0,0,0,0,0,6,0,16454
692623,0,1,6,0,0,13,0,9,0,1,0,1,0,0,0,0,0,0,0,1,0,0,0,1,4,0,0,0,0,0,0,0,6,0,16454
692705,0,0,6,0,0,99,0,73,0,1,0,1,0,0,0,0,0,0,0,1,0,0,0,1,0,0,0,0,0,0,0,0,1,0,15823
692706,0,1,6,0,0,124,0,73,0,1,0,1,0,0,0,0,0,0,0,1,0,0,0,1,0,0,0,0,0,0,0,0,1,0,15823
692707,0,0,6,0,0,99,0,75,0,1,0,1,0,0,0,0,0,0,0,1,0,0,0,1,0,0,0,0,0,0,0,0,1,0,15824
692708,0,1,6,0,0,124,0,75,0,1,0,1,0,0,0,0,0,0,0,1,0,0,0,1,0,0,0,0,0,0,0,0,1,0,15824
692741,0,0,6,0,0,30,0,10,0,1,0,1,0,0,0,0,0,0,0,1,0,0,0,1,95,0,0,0,0,0,0,0,1,0,18185
692752,0,0,6,0,0,3,2000,9,0,1,0,1,0,0,0,0,0,0,0,1,0,0,0,1,0,0,0,0,0,0,0,0,6,0,16528
692753,0,1,6,0,0,138,0,-12,0,1,0,1,0,0,0,0,0,0,0,1,0,0,0,1,0,0,0,0,0,0,0,0,6,0,16528
692780,0,0,6,0,0,54,0,2,0,1,0,1,0,0,0,0,0,0,0,1,0,0,0,1,0,0,0,0,0,0,0,0,1,0,15466
692816,0,0,6,0,0,13,0,24,0,1,0,1,0,0,0,0,0,0,0,1,0,0,0,1,126,0,0,0,0,0,0,0,1,0,15715
692817,0,1,6,0,0,135,0,24,1,1,0,1,0,0,0,0,0,0,0,1,0,0,0,1,126,0,0,0,0,0,0,0,1,0,15715
692855,0,0,6,0,0,22,0,149,0,1,0,1,0,0,0,0,0,0,0,1,0,0,0,1,1,0,0,0,0,0,0,0,1,0,15693
692859,0,0,6,0,0,99,0,37,0,1,0,1,0,0,0,0,0,0,0,1,0,0,0,1,0,0,0,0,0,0,0,0,1,0,15808
692860,0,1,6,0,0,124,0,37,0,1,0,1,0,0,0,0,0,0,0,1,0,0,0,1,0,0,0,0,0,0,0,0,1,0,15808
692861,0,0,6,0,0,99,0,33,0,1,0,1,0,0,0,0,0,0,0,1,0,0,0,1,0,0,0,0,0,0,0,0,1,0,15806
692862,0,1,6,0,0,124,0,33,0,1,0,1,0,0,0,0,0,0,0,1,0,0,0,1,0,0,0,0,0,0,0,0,1,0,15806
692922,0,0,6,0,0,22,0,-301,1,1,0,1,0,0,0,0,0,0,0,1,0,0,0,1,1,0,0,0,0,0,0,0,6,0,15280
692926,0,0,6,0,0,99,0,31,0,1,0,1,0,0,0,0,0,0,0,1,0,0,0,1,0,0,0,0,0,0,0,0,1,0,15807
692927,0,1,6,0,0,124,0,31,0,1,0,1,0,0,0,0,0,0,0,1,0,0,0,1,0,0,0,0,0,0,0,0,1,0,15807
692928,0,0,6,0,0,99,0,41,0,1,0,1,0,0,0,0,0,0,0,1,0,0,0,1,0,0,0,0,0,0,0,0,1,0,15809
692929,0,1,6,0,0,124,0,41,0,1,0,1,0,0,0,0,0,0,0,1,0,0,0,1,0,0,0,0,0,0,0,0,1,0,15809
692942,0,0,6,0,0,75,0,0,1,1,0,0,0,0,0,0,0,0,0,1,0,0,0,1,6,0,0,0,0,0,0,0,1,0,15494
692943,0,1,19,0,0,0,0,1,1,1,0,1,0,0,0,0,0,0,0,1,0,0,0,1,0,0,0,0,0,0,0,0,1,0,15494
692950,0,0,6,0,0,22,0,9,0,1,0,1,0,0,0,0,0,0,0,1,0,0,0,1,64,0,0,0,0,0,0,0,1,0,14712
692966,0,0,6,0,0,42,0,0,0,1,0,0,0,0,0,0,0,16608,0,1,0,0,0,1,0,0,0,0,0,0,0,0,1,0,16611
692971,0,0,6,0,0,99,0,43,0,1,0,1,0,0,0,0,0,0,0,1,0,0,0,1,0,0,0,0,0,0,0,0,1,0,15810
692972,0,1,6,0,0,124,0,43,0,1,0,1,0,0,0,0,0,0,0,1,0,0,0,1,0,0,0,0,0,0,0,0,1,0,15810
692973,0,0,6,0,0,99,0,45,0,1,0,1,0,0,0,0,0,0,0,1,0,0,0,1,0,0,0,0,0,0,0,0,1,0,15811
692974,0,1,6,0,0,124,0,47,0,1,0,1,0,0,0,0,0,0,0,1,0,0,0,1,0,0,0,0,0,0,0,0,1,0,15811
693014,0,0,2,0,0,0,0,112,0,1,0,75,0,0,0,0,0,0,0,1,0,0,0,1,0,0,0,0,0,0,0,0,6,0,15712
693015,0,1,64,0,0,0,0,0,1,1,0,0,0,0,0,0,0,15752,0,1,0,0,0,1,0,0,0,0,0,0,0,0,6,0,15712
693016,0,2,64,0,0,0,0,0,1,1,0,0,0,0,0,0,0,15753,0,1,0,0,0,1,0,0,0,0,0,0,0,0,6,0,15712
693032,0,0,2,1,0,0,0,149,0,1,0,1,0,0,0,0,0,0,0,1,0,0,0,1,0,0,0,0,0,0,0,0,6,0,18214
693071,0,0,6,0,0,99,0,69,0,1,0,1,0,0,0,0,0,0,0,1,0,0,0,1,0,0,0,0,0,0,0,0,1,0,15820
693072,0,1,6,0,0,124,0,69,0,1,0,1,0,0,0,0,0,0,0,1,0,0,0,1,0,0,0,0,0,0,0,0,1,0,15820
693073,0,0,6,0,0,99,0,71,0,1,0,1,0,0,0,0,0,0,0,1,0,0,0,1,0,0,0,0,0,0,0,0,1,0,15821
693074,0,1,6,0,0,124,0,71,0,1,0,1,0,0,0,0,0,0,0,1,0,0,0,1,0,0,0,0,0,0,0,0,1,0,15821
693087,0,0,6,0,0,54,0,1,0,1,0,1,0,0,0,0,0,0,0,1,0,0,0,1,0,0,0,0,0,0,0,0,1,0,15465
693089,0,0,6,0,0,4,0,0,1,1,0,1,0,0,0,0,0,0,0,1,0,0,0,1,0,0,0,0,0,0,0,0,1,0,16372
693122,0,0,6,0,0,24,1000,29,1,1,0,1,0,0,0,0,0,0,0,1,0,0,0,1,0,0,0,0,0,0,0,0,1,0,15604
693152,0,0,2,0,0,0,0,69,0,1,0,1,0,0,0,0,0,0,0,1,0,0,0,1,0,0,0,0,0,0,0,0,6,0,16413
693153,0,1,6,0,0,3,2000,2,0,1,0,1,0,0,0,0,0,0,0,1,0,0,0,1,0,0,0,0,0,0,0,0,6,0,16413
693154,0,0,9,1,0,0,0,44,0.30000001192,1,0,1,0,0,0,0,0,0,0,1,0,0,0,1,0,0,0,0,0,0,0,0,6,0,16414
693188,0,0,2,0,0,0,0,74,0,1,0,1,0,0,0,0,0,0,0,1,0,0,0,1,0,0,0,0,0,0,0,0,6,0,16405
693196,0,0,6,0,0,30,0,9,1,1,0,1,0,0,0,0,0,0,0,1,0,0,0,1,393,0,0,0,0,0,0,0,1,0,16718
693207,0,0,6,0,0,3,3000,7,0,1,0,1,0,0,0,0,0,0,0,1,0,0,0,1,0,0,0,0,0,0,0,0,6,0,16406
693208,0,0,2,0,0,0,0,29,0,1,0,1,0,0,0,0,0,0,0,1,0,0,0,1,0,0,0,0,0,0,0,0,6,0,16407
693219,0,0,6,0,0,3,2000,19,0,1,0,1,0,0,0,0,0,0,0,1,0,0,0,1,0,0,0,0,0,0,0,0,6,0,17330
693235,0,0,2,0,0,0,0,159,0,1,0,1,0,0,0,0,0,0,0,1,0,0,0,1,0,0,0,0,0,0,0,0,6,0,16411
693246,0,0,6,0,0,42,0,0,0,1,0,1,0,0,0,0,0,17351,0,1,0,0,0,1,0,0,0,0,0,0,0,0,1,0,17350
693251,0,0,6,0,0,22,0,99,0,1,0,1,0,0,0,0,0,0,0,1,0,0,0,1,1,0,0,0,0,0,0,0,1,0,15666
693254,0,0,6,0,0,30,0,5,0,1,0,1,0,0,0,0,0,0,0,1,0,0,0,1,43,0,0,0,0,0,0,0,1,0,15763
693321,0,0,6,0,0,42,0,0,0,1,0,1,0,0,0,0,0,10342,0,1,0,0,0,1,0,0,0,0,0,0,0,0,1,0,4070
693326,0,0,6,0,0,42,0,0,0,1,0,0,0,0,0,0,0,17333,0,1,0,0,0,1,0,0,0,0,0,0,0,0,1,0,17332
693350,0,0,6,0,0,22,0,999,0,1,0,1,0,0,0,0,0,0,0,1,0,0,0,1,1,0,0,0,0,0,0,0,1,0,16470
693351,0,1,6,0,0,60,0,0,0,1,0,0,0,0,0,0,0,0,0,1,0,0,0,1,0,0,0,0,0,0,0,0,1,0,16470
693371,0,0,6,0,0,3,3000,9,0,1,0,1,0,0,0,0,0,0,0,1,0,0,0,1,0,0,0,0,0,0,0,0,6,0,16898
693433,0,0,6,0,0,65,0,-11,0,1,0,1,0,0,0,0,0,0,0,1,0,0,0,1,0,0,0,0,0,0,0,0,6,0,17331
693434,0,1,6,0,0,138,0,-12,0,1,0,1,0,0,0,0,0,0,0,1,0,0,0,1,0,0,0,0,0,0,0,0,6,0,17331
693435,0,2,6,0,0,140,0,-12,0,1,0,1,0,0,0,0,0,0,0,1,0,0,0,1,0,0,0,0,0,0,0,0,6,0,17331
693461,0,0,6,0,0,13,0,21,0,1,0,1,0,0,0,0,0,0,0,1,0,0,0,1,126,0,0,0,0,0,0,0,1,0,15714
693462,0,1,6,0,0,135,0,21,1,1,0,1,0,0,0,0,0,0,0,1,0,0,0,1,126,0,0,0,0,0,0,0,1,0,15714
693477,0,0,6,1,0,99,0,99,0,1,0,1,0,0,0,0,0,0,0,1,0,0,0,1,0,0,0,0,0,0,0,0,1,0,18787
693485,0,0,6,0,0,135,0,52,0,1,0,1,0,0,0,0,0,0,0,1,0,0,0,1,126,0,0,0,0,0,0,0,1,0,15696
693493,0,0,6,0,0,42,0,-1,0,1,0,1,0,0,0,0,0,16614,0,1,0,0,0,1,0,0,0,0,0,0,0,0,1,0,16615
693529,0,0,6,0,0,99,0,83,0,1,0,1,0,0,0,0,0,0,0,1,0,0,0,1,0,0,0,0,0,0,0,0,1,0,15828
693530,0,1,6,0,0,124,0,83,0,1,0,1,0,0,0,0,0,0,0,1,0,0,0,1,0,0,0,0,0,0,0,0,1,0,15828
693531,0,0,6,0,0,99,0,85,0,1,0,1,0,0,0,0,0,0,0,1,0,0,0,1,0,0,0,0,0,0,0,0,1,0,15829
693532,0,1,6,0,0,124,0,85,0,1,0,1,0,0,0,0,0,0,0,1,0,0,0,1,0,0,0,0,0,0,0,0,1,0,15829
693648,0,0,6,0,0,42,0,0,1,1,0,1,0,0,0,0,0,15595,0,1,0,0,0,1,0,0,0,0,0,0,0,0,1,0,15594
693658,0,0,6,0,0,3,3000,5,0,1,0,1,0,0,0,0,0,0,0,1,0,0,0,1,0,0,0,0,0,0,0,0,6,0,16400
693694,0,0,2,1,0,0,0,24,0,1,0,1,0,0,0,0,0,0,0,1,0,0,0,1,0,0,0,0,0,0,0,0,6,0,16408
693709,0,0,6,0,0,99,0,53,0,1,0,1,0,0,0,0,0,0,0,1,0,0,0,1,0,0,0,0,0,0,0,0,1,0,15813
693710,0,1,6,0,0,124,0,53,0,1,0,1,0,0,0,0,0,0,0,1,0,0,0,1,0,0,0,0,0,0,0,0,1,0,15813
693807,0,0,6,0,0,13,0,33,0,1,0,1,0,0,0,0,0,0,0,1,0,0,0,1,8,0,0,0,0,0,0,0,1,0,16638
693820,0,0,2,0,0,0,0,179,0,1,0,41,0,0,0,0,0,0,0,1,0,0,0,1,0,0,0,0,0,0,0,0,6,0,16415
693821,0,1,6,0,0,3,2000,8,0,1,0,1,0,0,0,0,0,0,0,1,0,0,0,1,0,0,0,0,0,0,0,0,6,0,16415
693832,0,0,61,0,0,0,0,0,1,1,0,0,0,0,0,0,0,0,0,1,0,0,0,1,4622,0,0,0,0,0,0,0,0,0,16349
693837,0,0,6,0,0,52,0,99,0,1,0,1,0,0,0,0,0,0,0,1,0,0,0,1,0,0,0,0,0,0,0,0,1,0,16551
693838,0,1,6,0,0,54,0,99,0,1,0,1,0,0,0,0,0,0,0,1,0,0,0,1,0,0,0,0,0,0,0,0,1,0,16551
693873,0,0,6,0,0,138,0,-26,0,1,0,1,0,0,0,0,0,0,0,1,0,0,0,1,0,0,0,0,0,0,0,0,6,0,16927
693874,0,1,6,0,0,33,0,-31,0,1,0,1,0,11,0,0,0,0,0,1,0,0,0,1,0,0,0,0,0,0,0,0,6,0,16927
693875,0,0,6,0,0,22,0,-201,1,1,0,1,0,0,0,0,0,0,0,1,0,0,0,1,1,0,0,0,0,0,0,0,6,0,16928
693890,0,0,6,0,0,42,0,0,1,1,0,1,0,0,0,0,0,15601,0,1,0,0,0,1,0,0,0,0,0,0,0,0,1,0,15600
693919,0,0,10,0,0,0,0,299,0,1,0,401,0,0,0,0,0,0,0,1,0,0,0,1,0,0,0,0,0,0,0,0,1,0,17712
693940,0,0,6,0,0,13,0,28,0,1,0,1,0,0,0,0,0,0,0,1,0,0,0,1,8,0,0,0,0,0,0,0,1,0,17819
693942,0,0,6,0,0,102,0,44,0,1,0,1,0,0,0,0,0,0,0,1,0,0,0,1,1,0,0,0,0,0,0,0,1,0,18067
693943,0,1,6,0,0,131,0,44,1,1,0,1,0,0,0,0,0,0,0,1,0,0,0,1,1,0,0,0,0,0,0,0,1,0,18067
693960,0,0,35,0,0,22,0,39,0,1,0,1,0,0,0,0,40,0,0,1,0,0,0,1,1,0,10,0,0,0,0,0,1,0,17232
693968,0,0,6,0,0,3,3000,54,0,1,0,1,0,0,0,0,0,0,0,1,0,0,0,1,0,0,0,0,0,0,0,0,6,0,18289
693991,0,0,38,0,0,0,0,0,1,1,0,1,0,0,0,0,0,0,0,1,0,0,0,1,1,0,0,0,0,0,0,0,6,0,16908
693993,0,0,2,0,0,0,0,85,0,1,0,25,0,0,0,0,0,0,0,1,0,0,0,1,0,0,0,0,0,0,0,0,6,0,18199
693994,0,1,6,0,0,3,2000,5,0,1,0,1,0,0,0,0,0,0,0,1,0,0,0,1,0,0,0,0,0,0,0,0,6,0,18199
693995,0,0,6,0,0,3,3000,12,0,1,0,1,0,0,0,0,0,0,0,1,0,0,0,1,0,0,0,0,0,0,0,0,6,0,18200
694000,0,0,2,0,0,0,0,323,0,1,0,217,0,0,0,0,0,0,0,1,0,0,0,1,0,0,0,0,0,0,0,0,6,0,16549
694011,0,0,6,0,0,15,0,19,0,1,0,1,0,0,0,0,0,0,0,1,0,0,0,1,0,0,0,0,0,0,0,0,1,0,17275
694012,0,1,6,0,0,22,0,19,0,1,0,1,0,0,0,0,0,0,0,1,0,0,0,1,4,0,0,0,0,0,0,0,1,0,17275
694060,0,0,6,0,0,13,0,33,0,1,0,1,0,0,0,0,0,0,0,1,0,0,0,1,4,0,0,0,0,0,0,0,1,0,17872
694081,0,0,6,0,0,102,0,23,0,1,0,1,0,0,0,0,0,0,0,1,0,0,0,1,1,0,0,0,0,0,0,0,1,0,18201
694082,0,1,6,0,0,131,0,23,1,1,0,1,0,0,0,0,0,0,0,1,0,0,0,1,1,0,0,0,0,0,0,0,1,0,18201
694088,0,0,2,1,0,0,0,34,0,1,0,1,0,0,0,0,0,0,0,1,0,0,0,1,0,0,0,0,0,0,0,0,6,0,16409
694100,0,0,6,0,0,102,0,199,0,1,0,1,0,0,0,0,0,0,0,1,0,0,0,1,32,0,0,0,0,0,0,0,1,0,17352
694104,0,0,6,0,0,43,0,59,0,1,0,31,0,0,0,0,0,0,0,1,0,0,0,1,0,0,0,0,0,0,0,0,1,0,16550
694113,0,0,35,0,0,29,0,19,1,1,0,1,0,0,0,0,0,0,0,1,0,0,0,1,3,0,10,0,0,0,0,0,1,0,18264
694118,0,0,2,0,0,0,0,79,0,1,0,33,0,0,0,0,0,0,0,1,0,0,0,1,0,0,0,0,0,0,0,0,6,0,18083
694143,0,0,2,0,0,0,0,124,0,1,0,1,0,0,0,0,0,0,0,1,0,0,0,1,0,0,13,0,0,0,0,0,24,0,17283
694181,0,0,6,0,0,99,0,63,0,1,0,1,0,0,0,0,0,0,0,1,0,0,0,1,0,0,0,0,0,0,0,0,1,0,15817
694182,0,1,6,0,0,124,0,63,0,1,0,1,0,0,0,0,0,0,0,1,0,0,0,1,0,0,0,0,0,0,0,0,1,0,15817
694189,0,0,6,0,0,13,0,22,0,1,0,1,0,0,0,0,0,0,0,1,0,0,0,1,16,0,0,0,0,0,0,0,1,0,17889
694194,0,0,6,0,0,22,0,-26,1,1,0,1,0,0,0,0,0,0,0,1,0,0,0,1,126,0,0,0,0,0,0,0,6,0,16871
694223,0,0,6,0,0,56,0,0,1,1,0,0,0,0,0,0,0,0,0,1,0,0,0,1,0,0,0,0,0,0,0,0,1,0,16739
694295,0,0,6,0,0,13,0,42,0,1,0,1,0,0,0,0,0,0,0,1,0,0,0,1,126,0,0,0,0,0,0,0,1,0,17280
694296,0,1,6,0,0,135,0,42,1,1,0,1,0,0,0,0,0,0,0,1,0,0,0,1,126,0,0,0,0,0,0,0,1,0,17280
694299,0,0,6,0,0,13,0,22,0,1,0,1,0,0,0,0,0,0,0,1,0,0,0,1,4,0,0,0,0,0,0,0,1,0,17747
694423,0,0,6,0,0,154,0,4,0,1,0,1,0,0,0,0,0,0,0,1,0,0,0,1,0,0,0,0,0,0,0,0,1,0,17746
694425,0,0,6,0,0,30,0,6,0,1,0,1,0,0,0,0,0,0,0,1,0,0,0,1,44,0,0,0,0,0,0,0,1,0,15874
694458,0,0,6,0,0,13,0,33,0,1,0,1,0,0,0,0,0,0,0,1,0,0,0,1,16,0,0,0,0,0,0,0,1,0,17896
694467,0,0,6,0,0,3,6000,8,0,1,0,1,0,0,0,0,0,0,0,1,0,0,0,1,0,0,0,0,0,0,0,0,6,0,16403
694512,0,0,6,0,0,52,0,3,1,1,0,1,0,0,0,0,0,0,0,1,0,0,0,1,0,0,10,0,0,0,0,0,20,0,16939
694524,0,0,2,0,0,0,0,199,0,1,0,101,0,0,0,0,0,0,0,1,0,0,0,1,0,0,0,0,0,0,0,0,6,0,17148
694525,0,1,6,0,0,29,0,-26,0,1,0,1,0,0,0,0,0,0,0,1,0,0,0,1,3,0,0,0,0,0,0,0,6,0,17148
694541,0,0,6,0,0,29,0,199,0,1,0,1,0,0,0,0,0,0,0,1,0,0,0,1,0,0,0,0,0,0,0,0,1,0,17152
694549,0,0,2,0,0,0,0,129,0,1,0,41,0,0,0,0,0,0,0,1,0,0,0,1,0,0,13,0,0,0,0,0,22,15,16559
694550,0,1,64,0,0,0,0,0,1,1,0,1,0,0,0,0,0,16560,0,1,0,0,0,1,0,0,0,0,0,0,0,0,1,0,16559
694561,0,0,6,0,0,3,3000,55,0,1,0,1,0,0,0,0,0,0,0,1,0,0,0,1,0,0,0,0,0,0,0,0,6,0,17153
694584,0,0,6,0,0,109,0,99,0,1,0,1,0,0,0,0,0,17769,0,1,0,0,0,1,0,0,0,0,1073741824,0,0,0,1,0,17768
694585,0,1,6,0,0,109,0,99,1,1,0,1,0,0,0,0,0,17770,0,1,0,0,0,1,0,0,0,0,-2147483648,0,0,0,1,0,17768
694609,0,0,6,0,0,22,0,-201,0,1,0,1,0,0,0,0,0,0,0,1,0,0,0,1,1,0,0,0,0,0,0,0,6,0,17315
694626,0,0,6,0,0,99,0,79,0,1,0,1,0,0,0,0,0,0,0,1,0,0,0,1,0,0,0,0,0,0,0,0,1,0,15826
694627,0,1,6,0,0,124,0,79,0,1,0,1,0,0,0,0,0,0,0,1,0,0,0,1,0,0,0,0,0,0,0,0,1,0,15826
694634,0,0,6,0,0,29,0,119,0,1,0,1,0,0,0,0,0,0,0,1,0,0,0,1,0,0,0,0,0,0,0,0,1,0,16916
694635,0,1,10,0,0,0,0,269,0,1,0,181,0,0,0,0,0,0,0,1,0,0,0,1,0,0,0,0,0,0,0,0,1,0,16916
694666,0,0,6,0,0,13,0,28,0,1,0,1,0,0,0,0,0,0,0,1,0,0,0,1,64,0,0,0,0,0,0,0,1,0,17825
694676,0,0,6,0,0,13,0,22,0,1,0,1,0,0,0,0,0,0,0,1,0,0,0,1,64,0,0,0,0,0,0,0,1,0,17821
694689,0,0,6,0,0,135,0,43,0,1,0,1,0,0,0,0,0,0,0,1,0,0,0,1,126,0,0,0,0,0,0,0,1,0,17371
694691,0,0,6,0,0,135,0,69,0,1,0,1,0,0,0,0,0,0,0,1,0,0,0,1,126,0,0,0,0,0,0,0,1,0,18043
694706,0,0,6,0,0,3,3000,19,0,1,0,1,0,0,0,0,0,0,0,1,0,0,0,1,0,0,14,0,0,0,0,0,22,15,17196
694707,0,1,6,0,0,29,0,-21,0,1,0,1,0,0,0,0,0,0,0,1,0,0,0,1,-1,0,14,0,0,0,0,0,22,15,17196
694708,0,0,6,0,0,13,0,25,0,1,0,1,0,0,0,0,0,0,0,1,0,0,0,1,64,0,0,0,0,0,0,0,1,0,17823
694712,0,0,6,0,0,13,0,23,0,1,0,1,0,0,0,0,0,0,0,1,0,0,0,1,4,0,0,0,0,0,0,0,1,0,17866
694728,0,0,2,0,0,0,0,89,0,1,0,1,0,0,0,0,0,0,0,1,0,0,0,1,0,0,0,0,0,0,0,0,6,0,18276
694736,0,0,6,0,0,13,0,42,0,1,0,1,0,0,0,0,0,0,0,1,0,0,0,1,32,0,0,0,0,0,0,0,1,0,18020
694738,0,0,6,1,0,12,0,0,0,1,0,1,0,0,0,0,0,0,0,1,0,0,0,1,0,0,0,0,0,0,0,0,6,0,17500
694751,0,0,6,0,0,13,0,32,0,1,0,1,0,0,0,0,0,0,0,1,0,0,0,1,126,0,0,0,0,0,0,0,1,0,18050
694752,0,1,6,0,0,135,0,32,1,1,0,1,0,0,0,0,0,0,0,1,0,0,0,1,126,0,0,0,0,0,0,0,1,0,18050
694760,0,0,6,0,0,135,0,36,0,1,0,1,0,0,0,0,0,0,0,1,0,0,0,1,126,0,0,0,0,0,0,0,1,0,18030
694767,0,0,2,1,0,0,0,124,0,1,0,151,0,0,0,0,0,0,0,1,0,0,0,1,0,0,0,0,0,0,0,0,6,0,18211
694768,0,0,6,0,0,102,0,98,0,1,0,1,0,0,0,0,0,0,0,1,0,0,0,1,4,0,0,0,0,0,0,0,1,0,18212
694769,0,1,6,0,0,131,0,98,1,1,0,1,0,0,0,0,0,0,0,1,0,0,0,1,4,0,0,0,0,0,0,0,1,0,18212
694773,0,0,6,0,0,13,0,43,0,1,0,1,0,0,0,0,0,0,0,1,0,0,0,1,126,0,0,0,0,0,0,0,1,0,17493
694774,0,1,6,0,0,135,0,43,1,1,0,1,0,0,0,0,0,0,0,1,0,0,0,1,126,0,0,0,0,0,0,0,1,0,17493
694820,0,0,6,0,0,3,6000,29,0,1,0,1,0,0,0,0,0,0,0,1,0,0,0,1,0,0,0,0,0,0,0,0,6,0,16401
694831,0,0,6,0,0,13,0,35,0,1,0,1,0,0,0,0,0,0,0,1,0,0,0,1,126,0,0,0,0,0,0,0,1,0,18053
694832,0,1,6,0,0,135,0,35,1,1,0,1,0,0,0,0,0,0,0,1,0,0,0,1,126,0,0,0,0,0,0,0,1,0,18053
694839,0,0,6,0,0,13,0,46,0,1,0,1,0,0,0,0,0,0,0,1,0,0,0,1,16,0,0,0,0,0,0,0,1,0,17906
694851,0,0,6,0,0,42,0,0,0,1,0,1,0,0,0,0,0,17496,0,1,0,0,0,1,0,0,0,0,0,0,0,0,1,0,17495
694853,0,0,2,0,0,0,0,84,0,1,0,1,0,0,0,0,1,0,0,1,0,0,0,1,0,0,0,0,0,0,0,0,6,0,18091
694856,0,0,6,0,0,3,3000,11,0,1,0,1,0,0,0,0,0,0,0,1,0,0,0,1,0,0,0,0,0,0,0,0,6,0,17504
694857,0,0,6,0,0,135,0,54,0,1,0,1,0,0,0,0,0,0,0,1,0,0,0,1,126,0,0,0,0,0,0,0,1,0,18036
694858,0,0,6,0,0,135,0,56,0,1,0,1,0,0,0,0,0,0,0,1,0,0,0,1,126,0,0,0,0,0,0,0,1,0,18037
694860,0,0,6,0,0,42,0,-1,0,1,0,1,0,0,0,0,0,17154,0,1,0,0,0,1,0,0,0,0,0,0,0,0,1,0,18097
694861,0,0,2,0,0,0,0,94,0,1,0,27,0,0,0,0,0,0,0,1,0,0,0,1,0,0,0,0,0,0,0,0,6,0,18107
694862,0,0,2,1,0,0,0,59,0,1,0,41,0,0,0,0,0,0,0,1,0,0,0,1,0,0,0,0,0,0,0,0,6,0,18217
694867,0,0,2,0,0,0,0,19,0,1,0,1,0,0,0,0,0,0,0,1,0,0,0,1,0,0,0,0,0,0,0,0,6,0,16433
694871,0,0,6,0,0,27,0,0,0,1,0,0,0,0,0,0,0,0,0,1,0,0,0,1,0,0,0,0,0,0,0,0,6,0,18278
694878,0,0,2,0,0,0,0,49,0,1,0,101,0,0,0,0,0,0,0,1,0,0,0,1,0,0,0,0,0,0,0,0,6,0,17407
694879,0,1,6,0,0,3,1000,5,0,1,0,1,0,0,0,0,0,0,0,1,0,0,0,1,0,0,0,0,0,0,0,0,6,0,17407
694895,0,0,2,0,0,0,0,90,0,1,0,35,0,0,0,0,0,0,0,1,0,0,0,1,0,0,0,0,0,0,0,0,6,0,18081
694896,0,0,2,0,0,0,0,99,0,1,0,29,0,0,0,0,0,0,0,1,0,0,0,1,0,0,0,0,0,0,0,0,6,0,18082
694897,0,1,6,0,0,3,2000,5,0,1,0,1,0,0,0,0,0,0,0,1,0,0,0,1,0,0,0,0,0,0,0,0,6,0,18082
694901,0,0,6,0,0,102,0,44,0,1,0,1,0,0,0,0,0,0,0,1,0,0,0,1,32,0,0,0,0,0,0,0,1,0,18098
694902,0,1,6,0,0,131,0,44,1,1,0,1,0,0,0,0,0,0,0,1,0,0,0,1,32,0,0,0,0,0,0,0,1,0,18098
694908,0,0,6,0,0,69,0,499,1,1,0,1,0,0,0,0,0,0,0,1,0,0,0,1,127,0,0,0,0,0,0,0,1,0,17252
694909,0,1,6,0,0,24,5000,21,1,1,0,1,0,0,0,0,0,0,0,1,0,0,0,1,0,0,0,0,0,0,0,0,1,0,17252
694919,0,0,6,0,0,3,1000,9,0,1,0,1,0,0,0,0,0,0,0,1,0,0,0,1,0,0,0,0,0,0,0,0,6,0,17510
694920,0,0,6,0,0,3,2000,7,0,1,0,1,0,0,0,0,0,0,0,1,0,0,0,1,0,0,0,0,0,0,0,0,6,0,17511
694928,0,0,6,0,0,102,0,80,0,1,0,1,0,0,0,0,0,0,0,1,0,0,0,1,32,0,0,0,0,0,0,0,1,0,17319
694929,0,1,6,0,0,131,0,80,1,1,0,1,0,0,0,0,0,0,0,1,0,0,0,1,32,0,0,0,0,0,0,0,1,0,17319
694932,0,0,2,0,0,0,0,89,0,1,0,25,0,0,0,0,0,0,0,1,0,0,0,1,0,0,0,0,0,0,0,0,6,0,18090
694935,0,0,6,0,0,42,0,0,0,1,0,0,0,0,0,0,0,13441,0,1,0,0,0,1,0,0,0,0,0,0,0,0,1,0,16982
694944,0,0,6,0,0,13,0,33,0,1,0,1,0,0,0,0,0,0,0,1,0,0,0,1,126,0,0,0,0,0,0,0,1,0,18052
694945,0,1,6,0,0,135,0,33,1,1,0,1,0,0,0,0,0,0,0,1,0,0,0,1,126,0,0,0,0,0,0,0,1,0,18052
694950,0,0,6,0,0,22,0,4,0,1,0,1,0,0,0,0,0,0,0,1,0,0,0,1,126,0,0,0,0,0,0,0,1,0,18676
694952,0,0,6,0,0,135,0,83,0,1,0,1,0,0,0,0,0,0,0,1,0,0,0,1,126,0,0,0,0,0,0,0,1,0,17320
694988,0,0,28,0,0,0,0,0,0,1,0,1,0,0,0,0,0,0,0,1,0,0,0,1,11200,5121,0,0,0,0,0,0,32,0,17490
694999,0,0,6,0,0,23,1000,0,1,1,0,0,0,0,0,0,0,17669,0,1,0,0,0,1,0,0,0,0,0,0,0,0,1,0,17668
695000,0,0,6,0,0,102,0,47,0,1,0,1,0,0,0,0,0,0,0,1,0,0,0,1,1,0,0,0,0,0,0,0,1,0,17482
695001,0,1,6,0,0,131,0,47,1,1,0,1,0,0,0,0,0,0,0,1,0,0,0,1,1,0,0,0,0,0,0,0,1,0,17482
695016,0,0,2,0,0,0,0,109,0,1,0,11,0,0,0,0,0,0,0,1,0,0,0,1,0,0,0,0,0,0,0,0,6,0,18204
695018,0,0,6,0,0,22,0,3,0,1,0,1,0,0,0,0,0,0,0,1,0,0,0,1,126,0,0,0,0,0,0,0,1,0,18675
695029,0,0,2,1,0,0,0,54,0,1,0,31,0,0,0,0,0,0,0,1,0,0,0,1,0,0,0,0,0,0,0,0,6,0,18205
695030,0,0,2,0,0,0,0,159,0,1,0,21,0,0,0,0,0,0,0,1,0,0,0,1,0,0,0,0,0,0,0,0,6,0,18206
695031,0,0,6,0,0,102,0,59,0,1,0,1,0,0,0,0,0,0,0,1,0,0,0,1,1,0,0,0,0,0,0,0,1,0,18207
695032,0,1,6,0,0,131,0,59,1,1,0,1,0,0,0,0,0,0,0,1,0,0,0,1,1,0,0,0,0,0,0,0,1,0,18207
695048,0,0,6,0,0,13,0,38,0,1,0,1,0,0,0,0,0,0,0,1,0,0,0,1,126,0,0,0,0,0,0,0,1,0,18055
695049,0,1,6,0,0,135,0,38,1,1,0,1,0,0,0,0,0,0,0,1,0,0,0,1,126,0,0,0,0,0,0,0,1,0,18055
695124,0,0,6,0,0,22,0,299,0,1,0,1,0,0,0,0,0,0,0,1,0,0,0,1,1,0,0,0,0,0,0,0,1,0,18826
695125,0,0,6,0,0,30,0,7,0,1,0,1,0,0,0,0,0,0,0,1,0,0,0,1,45,0,0,0,0,0,0,0,1,0,17818
695133,0,0,28,99999,0,0,0,2,0,1,0,1,0,0,0,0,0,0,0,1,0,0,0,1,11637,5121,15,0,0,0,0,0,32,0,18307
695137,0,0,6,0,0,13,0,39,0,1,0,1,0,0,0,0,0,0,0,1,0,0,0,1,126,0,0,0,0,0,0,0,1,0,18056
695138,0,1,6,0,0,135,0,39,1,1,0,1,0,0,0,0,0,0,0,1,0,0,0,1,126,0,0,0,0,0,0,0,1,0,18056
695162,0,0,6,0,0,3,3000,10,0,1,0,1,0,0,0,0,0,0,0,1,0,0,0,1,0,0,0,0,0,0,0,0,6,0,18202
695163,0,0,6,0,0,13,0,35,0,1,0,1,0,0,0,0,0,0,0,1,0,0,0,1,4,0,0,0,0,0,0,0,1,0,17873
695165,0,0,6,1,0,12,0,0,0,1,0,1,0,0,0,0,0,0,0,1,0,0,0,1,0,0,0,0,0,0,0,0,6,0,17308
695168,0,0,2,0,0,0,0,89,0,1,0,37,0,0,0,0,0,0,0,1,0,0,0,1,0,0,0,0,0,0,0,0,6,0,18104
695184,0,0,6,0,0,13,0,39,0,1,0,1,0,0,0,0,0,0,0,1,0,0,0,1,4,0,0,0,0,0,0,0,1,0,17875
695198,0,0,6,0,0,31,0,4,0,1,0,1,0,0,0,0,0,0,0,1,0,0,0,1,0,0,0,0,0,0,0,0,1,0,17498
695221,0,0,6,0,0,13,0,25,0,1,0,1,0,0,0,0,0,0,0,1,0,0,0,1,126,0,0,0,0,0,0,0,1,0,18049
695222,0,1,6,0,0,135,0,25,1,1,0,1,0,0,0,0,0,0,0,1,0,0,0,1,126,0,0,0,0,0,0,0,1,0,18049
695235,0,0,6,0,0,102,0,71,0,1,0,1,0,0,0,0,0,0,0,1,0,0,0,1,1,0,0,0,0,0,0,0,1,0,18076
695236,0,1,6,0,0,131,0,71,1,1,0,1,0,0,0,0,0,0,0,1,0,0,0,1,1,0,0,0,0,0,0,0,1,0,18076
695246,0,0,6,0,0,13,0,35,0,1,0,1,0,0,0,0,0,0,0,1,0,0,0,1,16,0,0,0,0,0,0,0,1,0,17897
695258,0,0,2,0,0,0,0,34,0,1,0,1,0,0,0,0,0,0,0,1,0,0,0,1,0,0,0,0,0,0,0,0,6,0,18092
695269,0,0,2,0,0,0,0,149,0,1,0,1,0,0,0,0,0,0,0,1,0,0,0,1,0,0,0,0,0,0,0,0,6,0,18086
695279,0,0,6,0,0,102,0,65,0,1,0,1,0,0,0,0,0,0,0,1,0,0,0,1,32,0,0,0,0,0,0,0,1,0,18198
695280,0,1,6,0,0,131,0,65,1,1,0,1,0,0,0,0,0,0,0,1,0,0,0,1,32,0,0,0,0,0,0,0,1,0,18198
695290,0,0,6,0,0,135,0,34,0,1,0,1,0,0,0,0,0,0,0,1,0,0,0,1,126,0,0,0,0,0,0,0,1,0,18029
695299,0,0,6,0,0,13,0,36,0,1,0,1,0,0,0,0,0,0,0,1,0,0,0,1,126,0,0,0,0,0,0,0,1,0,18054
695300,0,1,6,0,0,135,0,36,1,1,0,1,0,0,0,0,0,0,0,1,0,0,0,1,126,0,0,0,0,0,0,0,1,0,18054
695306,0,0,6,0,0,3,6000,5,0,1,0,1,0,0,0,0,0,0,0,1,0,0,0,1,0,0,0,0,0,0,0,0,6,0,18078
695325,0,0,6,0,0,102,0,32,0,1,0,1,0,0,0,0,0,0,0,1,0,0,0,1,4,0,0,0,0,0,0,0,1,0,18079
695326,0,1,6,0,0,131,0,32,1,1,0,1,0,0,0,0,0,0,0,1,0,0,0,1,4,0,0,0,0,0,0,0,1,0,18079
695331,0,0,28,99999,0,0,0,2,0,1,0,1,0,0,0,0,0,0,0,1,0,0,0,1,11636,5121,15,0,0,0,0,0,32,0,18308
695334,0,0,6,0,0,3,3000,11,0,1,0,1,0,0,0,0,0,0,0,1,0,0,0,1,0,0,0,0,0,0,0,0,6,0,17506
695335,0,1,6,0,0,64,3000,11,0,1,0,1,0,0,0,0,0,0,0,1,0,0,0,1,0,0,0,0,0,0,0,0,6,0,17506
695341,0,0,6,0,0,102,0,77,0,1,0,1,0,0,0,0,0,0,0,1,0,0,0,1,4,0,0,0,0,0,0,0,1,0,18087
695342,0,1,6,0,0,131,0,77,1,1,0,1,0,0,0,0,0,0,0,1,0,0,0,1,4,0,0,0,0,0,0,0,1,0,18087
695343,0,0,6,0,0,3,1000,29,0,1,0,1,0,0,0,0,0,0,0,1,0,0,0,1,0,0,0,0,0,0,0,0,6,0,18088
695344,0,0,2,1,0,0,0,109,0,1,0,31,0,0,0,0,0,0,0,1,0,0,0,1,0,0,0,0,0,0,0,0,6,0,18138
695347,0,0,6,0,0,3,3000,6,0,1,0,1,0,0,0,0,0,0,0,1,0,0,0,1,0,0,0,0,0,0,0,0,6,0,18197
695354,0,0,9,1,0,0,0,29,1,1,0,1,0,0,0,0,0,0,0,1,0,0,0,1,0,0,0,0,0,0,0,0,6,0,18084
695357,0,0,6,0,0,3,2000,6,0,1,0,1,0,0,0,0,0,0,0,1,0,0,0,1,0,0,0,0,0,0,0,0,6,0,18203
695382,0,0,6,0,0,13,0,46,0,1,0,1,0,0,0,0,0,0,0,1,0,0,0,1,32,0,0,0,0,0,0,0,1,0,18023
695399,0,0,6,0,0,29,0,-16,0,1,0,1,0,0,0,0,0,0,0,1,0,0,0,1,-1,0,0,0,0,0,0,0,6,0,17505
695407,0,0,2,0,0,0,0,104,0,0.69999998808,3,41,0,0,0,0,0,0,0,1,0,0,0,1,0,0,0,0,0,0,0,0,6,0,16921
695455,0,0,6,0,0,13,0,28,0,1,0,1,0,0,0,0,0,0,0,1,0,0,0,1,32,0,0,0,0,0,0,0,1,0,18010
695459,0,0,6,0,0,13,0,30,0,1,0,1,0,0,0,0,0,0,0,1,0,0,0,1,32,0,0,0,0,0,0,0,1,0,18012
695460,0,0,6,0,0,135,0,45,0,1,0,1,0,0,0,0,0,0,0,1,0,0,0,1,126,0,0,0,0,0,0,0,1,0,18033
695461,0,0,6,0,0,135,0,47,0,1,0,1,0,0,0,0,0,0,0,1,0,0,0,1,126,0,0,0,0,0,0,0,1,0,18034
695465,0,0,6,0,0,135,0,63,0,1,0,1,0,0,0,0,0,0,0,1,0,0,0,1,126,0,0,0,0,0,0,0,1,0,18040
695478,0,0,6,0,0,135,0,58,0,1,0,1,0,0,0,0,0,0,0,1,0,0,0,1,126,0,0,0,0,0,0,0,1,0,18038
695500,0,0,6,0,0,135,0,39,0,1,0,1,0,0,0,0,0,0,0,1,0,0,0,1,126,0,0,0,0,0,0,0,1,0,18031
695516,0,0,2,0,0,0,0,44,0,1,0,1,0,0,0,0,0,0,0,1,0,0,0,1,0,0,0,0,0,0,0,0,6,0,18398
695552,0,0,6,0,0,13,0,22,0,1,0,1,0,0,0,0,0,0,0,1,0,0,0,1,8,0,0,0,0,0,0,0,1,0,17987
695553,0,0,6,0,0,13,0,23,0,1,0,1,0,0,0,0,0,0,0,1,0,0,0,1,8,0,0,0,0,0,0,0,1,0,17988
695578,0,0,6,0,0,13,0,33,0,1,0,1,0,0,0,0,0,0,0,1,0,0,0,1,32,0,0,0,0,0,0,0,1,0,18014
695590,0,0,6,0,0,13,0,32,0,1,0,1,0,0,0,0,0,0,0,1,0,0,0,1,32,0,0,0,0,0,0,0,1,0,18013
695651,0,0,6,0,0,85,0,7,0,1,0,1,0,0,0,0,0,0,0,1,0,0,0,1,0,0,0,0,0,0,0,0,1,0,18378
695652,0,0,6,0,0,85,0,5,0,1,0,1,0,0,0,0,0,0,0,1,0,0,0,1,0,0,0,0,0,0,0,0,1,0,18379
695659,0,0,6,0,0,13,0,40,0,1,0,1,0,0,0,0,0,0,0,1,0,0,0,1,126,0,0,0,0,0,0,0,1,0,18057
695660,0,1,6,0,0,135,0,40,1,1,0,1,0,0,0,0,0,0,0,1,0,0,0,1,126,0,0,0,0,0,0,0,1,0,18057
695680,0,0,2,0,0,0,0,159,0,1,0,91,0,0,0,0,0,0,0,1,0,0,0,1,0,0,0,0,0,0,0,0,6,0,19260
695730,0,0,6,0,0,135,0,61,0,1,0,1,0,0,0,0,0,0,0,1,0,0,0,1,126,0,0,0,0,0,0,0,1,0,18039
695763,0,0,6,0,0,552,0,1,0,1,0,1,0,0,0,0,0,0,0,1,0,0,0,1,126,0,0,0,0,0,0,0,1,0,18382
695784,0,0,6,0,0,42,0,0,1,1,0,1,0,0,0,0,0,18828,0,1,0,0,0,1,0,0,0,0,0,0,0,0,1,0,19409
695791,0,0,6,0,0,135,0,41,0,1,0,1,0,0,0,0,0,0,0,1,0,0,0,1,126,0,0,0,0,0,0,0,1,0,18032
695809,0,0,6,0,0,13,0,31,0,1,0,1,0,0,0,0,0,0,0,1,0,0,0,1,126,0,0,0,0,0,0,0,1,0,17367
695810,0,1,6,0,0,135,0,31,1,1,0,1,0,0,0,0,0,0,0,1,0,0,0,1,126,0,0,0,0,0,0,0,1,0,17367
695893,0,0,6,0,0,135,0,65,0,1,0,1,0,0,0,0,0,0,0,1,0,0,0,1,126,0,0,0,0,0,0,0,1,0,18041
695894,0,0,6,0,0,135,0,67,0,1,0,1,0,0,0,0,0,0,0,1,0,0,0,1,126,0,0,0,0,0,0,0,1,0,18042
695930,0,0,6,0,0,42,0,0,0,1,0,0,0,0,0,0,0,18980,0,1,0,0,0,1,0,0,0,0,0,0,0,0,1,0,18979
695937,0,0,6,0,0,13,0,32,0,1,0,1,0,0,0,0,0,0,0,1,0,0,0,1,8,0,0,0,0,0,0,0,1,0,17993
695940,0,0,2,0,0,0,0,44,0,1,0,31,0,0,0,0,0,0,0,1,0,0,0,1,0,0,0,0,0,0,0,0,6,0,18089
695941,0,0,6,0,0,8,5000,19,1,1,0,1,0,0,0,0,0,0,0,1,0,0,0,1,0,0,0,0,0,0,0,0,1,0,17625
695942,0,1,6,0,0,31,0,7,1,1,0,1,0,0,0,0,0,0,0,1,0,0,0,1,0,0,0,0,0,0,0,0,1,0,17625
695958,0,0,6,0,0,42,0,0,1,1,0,1,0,0,0,0,0,18798,0,1,0,0,0,1,0,0,0,0,0,0,0,0,1,0,18799
695978,0,0,6,0,0,3,3000,29,0,1,0,1,0,0,0,0,0,0,0,1,0,0,0,1,0,0,0,0,0,0,0,0,6,0,18652
696022,0,0,6,0,0,135,0,50,0,1,0,1,0,0,0,0,0,0,0,1,0,0,0,1,126,0,0,0,0,0,0,0,1,0,18035
696040,0,0,6,0,0,19,0,999,1,1,0,1,0,0,0,0,0,0,0,1,0,0,0,1,4,0,0,0,0,0,0,0,1,0,17623
696065,0,0,6,0,0,3,5000,12,0,1,0,1,0,0,0,0,0,0,0,1,0,0,0,1,0,0,0,0,0,0,0,0,6,0,18208
696076,0,0,6,0,0,13,0,33,0,1,0,1,0,0,0,0,0,0,0,1,0,0,0,1,64,0,0,0,0,0,0,0,1,0,17829
696115,0,0,6,0,0,15,0,4,0,1,0,1,0,0,0,0,0,0,0,1,0,0,0,1,0,0,0,0,0,0,0,0,1,0,21142
696125,0,0,6,0,0,13,0,39,0,1,0,1,0,0,0,0,0,0,0,1,0,0,0,1,8,0,0,0,0,0,0,0,1,0,17997
696164,0,0,6,0,0,3,6000,9,0,1,0,1,0,0,0,0,0,0,0,1,0,0,0,1,0,0,0,0,0,0,0,0,6,0,18075
696265,0,0,6,0,0,117,0,4,0,1,0,1,0,0,0,0,0,0,0,1,0,0,0,1,9,0,0,0,0,0,0,0,1,0,18985
696271,0,0,24,0,0,0,0,0,0,1,0,1,14894,0,0,0,0,0,0,1,0,0,0,1,0,0,0,0,0,0,0,0,1,0,18831
696289,0,0,2,0,0,0,0,74,0,1,0,31,0,0,0,0,0,0,0,1,0,0,0,1,0,0,0,0,0,0,0,0,6,0,18833
696312,0,0,6,0,0,8,3000,24,0,1,0,1,0,0,0,0,0,0,0,1,0,0,0,1,0,0,0,0,0,0,0,0,1,0,18956
696339,0,0,6,0,0,23,5000,0,0,1,0,1,0,0,0,0,0,18374,0,1,0,0,0,1,0,0,0,0,0,0,0,0,1,0,18364
696342,0,0,6,0,0,552,0,0,0,1,0,1,0,0,0,0,0,0,0,1,0,0,0,1,126,0,0,0,0,0,0,0,1,0,18384
696400,0,0,6,0,0,8,3000,39,0,1,0,1,0,0,0,0,0,0,0,1,0,0,0,1,0,0,0,0,0,0,0,0,1,0,18957
696408,0,0,6,0,0,102,0,29,0,1,0,1,0,0,0,0,0,0,0,1,0,0,0,1,32,0,0,0,0,0,0,0,1,0,18074
696409,0,1,6,0,0,131,0,29,1,1,0,1,0,0,0,0,0,0,0,1,0,0,0,1,32,0,0,0,0,0,0,0,1,0,18074
696437,0,0,6,1,0,65,0,99999,0,1,0,1,0,0,0,0,0,0,0,1,0,0,0,1,0,0,0,0,0,0,0,0,1,0,18803
696479,0,0,6,0,0,117,0,6,0,1,0,1,0,0,0,0,0,0,0,1,0,0,0,1,9,0,0,0,0,0,0,0,1,0,19786
696481,0,0,6,0,0,29,0,-6,0,1,0,1,0,0,0,0,0,0,0,1,0,0,0,1,0,0,0,0,0,0,0,0,1,0,20587
696482,0,1,6,0,0,29,0,-6,0,1,0,1,0,0,0,0,0,0,0,1,0,0,0,1,1,0,0,0,0,0,0,0,1,0,20587
696483,0,2,6,0,0,29,0,9,0,1,0,1,0,0,0,0,0,0,0,1,0,0,0,1,2,0,0,0,0,0,0,0,1,0,20587
696593,0,0,2,1,0,0,0,149,0,1,0,1,0,0,0,0,0,0,0,1,0,0,0,1,0,0,0,0,0,0,0,0,6,0,17483
696594,0,1,6,0,0,3,2000,39,0,1,0,1,0,0,0,0,0,0,0,1,0,0,0,1,0,0,0,0,0,0,0,0,6,0,17483
696651,0,0,6,0,0,22,0,7,0,1,0,1,0,0,0,0,0,0,0,1,0,0,0,1,126,0,0,0,0,0,0,0,1,0,18679
696667,0,0,6,0,0,29,0,-11,0,1,0,1,0,0,0,0,0,0,0,1,0,0,0,1,-1,0,0,0,0,0,0,0,6,0,19755
696675,0,0,6,0,0,22,0,14,0,1,0,1,0,0,0,0,0,0,0,1,0,0,0,1,126,0,0,0,0,0,0,0,1,0,18686
696681,0,0,6,0,0,102,0,32,0,1,0,1,0,0,0,0,0,0,0,1,0,0,0,1,1,0,0,0,0,0,0,0,1,0,19380
696682,0,1,6,0,0,131,0,32,1,1,0,1,0,0,0,0,0,0,0,1,0,0,0,1,1,0,0,0,0,0,0,0,1,0,19380
696685,0,0,6,0,0,42,0,0,1,1,0,1,0,0,0,0,0,18817,0,1,0,0,0,1,0,0,0,0,0,0,0,0,1,0,18815
696686,0,0,6,0,0,42,0,0,1,1,0,1,0,0,0,0,0,18818,0,1,0,0,0,1,0,0,0,0,0,0,0,0,1,0,18816
696702,0,0,6,0,0,3,1000,69,0,1,0,1,0,0,0,0,0,0,0,1,0,0,0,1,0,0,0,0,0,0,0,0,6,0,18656
696714,0,0,6,0,0,3,1000,1,0,1,0,1,0,0,0,0,0,0,0,1,0,0,0,1,0,0,0,0,0,0,0,0,6,0,17484
696715,0,1,6,0,0,8,1000,1,0,1,0,1,0,0,0,0,0,0,0,1,0,0,0,1,0,0,0,0,0,0,0,0,1,0,17484
696720,0,0,6,0,0,3,2000,7,0,1,0,1,0,0,0,0,0,0,0,1,0,0,0,1,0,0,0,0,0,0,0,0,6,0,18633
696721,0,1,6,0,0,29,0,-51,1,1,0,1,0,0,0,0,0,0,0,1,0,0,0,1,0,0,0,0,0,0,0,0,6,0,18633
696735,0,0,6,0,0,24,3000,49,0,1,0,1,0,0,0,0,0,0,0,1,0,0,0,1,0,0,0,0,0,0,0,0,1,0,19634
696782,0,0,2,0,0,0,0,154,0,1,0,43,0,0,0,0,0,0,0,1,0,0,0,1,0,0,0,0,0,0,0,0,6,0,18796
696783,0,1,6,0,0,3,2000,7,0,1,0,1,0,0,0,0,0,0,0,1,0,0,0,1,0,0,0,0,0,0,0,0,6,0,18796
696784,0,0,19,0,0,0,0,0,1,1,0,1,0,0,0,0,0,0,0,1,0,0,0,1,0,0,0,0,0,0,0,0,1,0,18797
696811,0,0,6,0,0,23,5000,0,1,1,0,0,0,0,0,0,0,17512,0,1,0,0,0,1,0,0,0,0,0,0,0,0,1,0,18400
696884,0,0,6,0,0,22,0,9,0,1,0,1,0,0,0,0,0,0,0,1,0,0,0,1,126,0,0,0,0,0,0,0,1,0,18681
696941,0,0,6,0,0,30,0,14,0,1,0,1,0,0,0,0,0,0,0,1,0,0,0,1,95,0,0,0,0,0,0,0,1,0,18196
696960,0,0,6,0,0,30,0,8,0,1,0,1,0,0,0,0,0,0,0,1,0,0,0,1,95,0,0,0,0,0,0,0,1,0,18369
697070,0,0,6,0,0,22,0,19,0,1,0,1,0,0,0,0,0,0,0,1,0,0,0,1,126,0,0,0,0,0,0,0,1,0,19638
697099,0,0,6,0,0,30,0,1,0,1,0,1,0,0,0,0,0,0,0,1,0,0,0,1,136,0,0,0,0,0,0,0,1,0,20607
697145,0,0,6,0,0,3,2000,9,0,1,0,1,0,0,0,0,0,0,0,1,0,0,0,1,0,0,0,0,0,0,0,0,6,0,20586
697237,0,0,2,0,0,0,0,179,0,1,0,71,0,0,0,0,0,0,0,1,0,0,0,1,0,0,0,0,0,0,0,0,6,0,19874
697429,0,0,6,0,0,102,0,17,0,1,0,1,0,0,0,0,0,0,0,1,0,0,0,1,1,0,0,0,0,0,0,0,1,0,19691
697430,0,1,6,0,0,131,0,17,1,1,0,1,0,0,0,0,0,0,0,1,0,0,0,1,1,0,0,0,0,0,0,0,1,0,19691
697670,0,0,6,0,0,99,0,14,0,1,0,1,0,0,0,0,0,0,0,1,0,0,0,1,0,0,0,0,0,0,0,0,1,0,20732
697671,0,1,6,0,0,124,0,14,0,1,0,1,0,0,0,0,0,0,0,1,0,0,0,1,0,0,0,0,0,0,0,0,1,0,20732
697688,0,0,6,0,0,124,0,18,0,1,0,1,0,0,0,0,0,0,0,1,0,0,0,1,0,0,0,0,0,0,0,0,1,0,21433
697689,0,0,6,0,0,124,0,21,0,1,0,1,0,0,0,0,0,0,0,1,0,0,0,1,0,0,0,0,0,0,0,0,1,0,21434
697691,0,0,6,0,0,107,0,-201,1,1,0,1,0,0,0,0,0,0,0,1,0,0,0,1,10,0,0,0,64,0,0,0,1,0,21872
697692,0,0,6,0,0,51,0,2,0,1,0,1,0,0,0,0,0,0,0,1,0,0,0,1,0,0,0,0,0,0,0,0,1,0,21475
697693,0,0,6,0,0,51,0,2,0,1,0,1,0,0,0,0,0,0,0,1,0,0,0,1,0,0,0,0,0,0,0,0,1,0,21476
697701,0,0,2,0,0,0,0,82,0,1,0,19,0,0,0,0,0,0,0,1,0,0,0,1,0,0,0,0,0,0,0,0,6,0,21159
697702,0,1,6,0,0,3,2000,3,0,1,0,1,0,0,0,0,0,0,0,1,0,0,0,1,0,0,0,0,0,0,0,0,6,0,21159
697724,0,0,6,1,0,12,0,0,0,1,0,1,0,0,0,0,0,0,0,1,0,0,0,1,0,0,8,0,0,0,0,0,16,0,21152
697725,0,0,6,0,0,123,0,-701,0,1,0,1,0,0,0,0,0,0,0,1,0,0,0,1,1,0,0,0,0,0,0,0,1,0,21153
697800,0,0,6,0,0,13,0,6,0,1,0,1,0,0,0,0,0,0,0,1,0,0,0,1,2,0,0,0,0,0,0,0,1,0,21503
697868,0,0,6,0,0,42,0,0,0,1,0,0,0,0,0,0,0,21186,0,1,0,0,0,1,0,0,0,0,0,0,0,0,1,0,21185
697909,0,0,6,0,0,13,0,28,0,1,0,1,0,0,0,0,0,0,0,1,0,0,0,1,2,0,0,0,0,0,0,0,1,0,21518
697930,0,0,6,0,0,13,0,10,0,1,0,1,0,0,0,0,0,0,0,1,0,0,0,1,2,0,0,0,0,0,0,0,1,0,21506
697931,0,0,6,0,0,13,0,12,0,1,0,1,0,0,0,0,0,0,0,1,0,0,0,1,2,0,0,0,0,0,0,0,1,0,21507
697932,0,0,6,0,0,13,0,23,0,1,0,1,0,0,0,0,0,0,0,1,0,0,0,1,2,0,0,0,0,0,0,0,1,0,21515
697997,0,0,6,0,0,85,0,6,0,1,0,1,0,0,0,0,0,0,0,1,0,0,0,1,0,0,0,0,0,0,0,0,1,0,21364
697998,0,0,6,0,0,85,0,8,0,1,0,1,0,0,0,0,0,0,0,1,0,0,0,1,0,0,0,0,0,0,0,0,1,0,21365
698021,0,0,6,0,0,85,0,3,0,1,0,1,0,0,0,0,0,0,0,1,0,0,0,1,0,0,0,0,0,0,0,0,1,0,21618
698022,0,0,6,0,0,85,0,3,0,1,0,1,0,0,0,0,0,0,0,1,0,0,0,1,0,0,0,0,0,0,0,0,1,0,21619
698023,0,0,6,0,0,13,0,25,0,1,0,1,0,0,0,0,0,0,0,1,0,0,0,1,2,0,0,0,0,0,0,0,1,0,21516
698024,0,0,6,0,0,13,0,26,0,1,0,1,0,0,0,0,0,0,0,1,0,0,0,1,2,0,0,0,0,0,0,0,1,0,21517
698062,0,0,6,0,0,51,0,1,0,1,0,1,0,0,0,0,0,0,0,1,0,0,0,1,0,0,0,0,0,0,0,0,1,0,21474
698070,0,0,6,0,0,85,0,1,0,1,0,1,0,0,0,0,0,0,0,1,0,0,0,1,0,0,0,0,0,0,0,0,1,0,21360
698071,0,0,6,0,0,85,0,2,0,1,0,1,0,0,0,0,0,0,0,1,0,0,0,1,0,0,0,0,0,0,0,0,1,0,21361
698072,0,0,6,0,0,85,0,3,0,1,0,1,0,0,0,0,0,0,0,1,0,0,0,1,0,0,0,0,0,0,0,0,1,0,21362
698073,0,0,6,0,0,85,0,4,0,1,0,1,0,0,0,0,0,0,0,1,0,0,0,1,0,0,0,0,0,0,0,0,1,0,21363
698127,0,0,6,0,0,102,0,14,0,1,0,1,0,0,0,0,0,0,0,1,0,0,0,1,32,0,0,0,0,0,0,0,1,0,20606
698128,0,1,6,0,0,131,0,0,1,1,0,0,0,0,0,0,0,0,0,1,0,0,0,1,32,0,0,0,0,0,0,0,1,0,20606
698204,0,0,6,0,0,124,0,13,0,1,0,1,0,0,0,0,0,0,0,1,0,0,0,1,0,0,0,0,0,0,0,0,1,0,21431
698215,0,0,6,0,0,51,0,2,0,1,0,1,0,0,0,0,0,0,0,1,0,0,0,1,0,0,0,0,0,0,0,0,1,0,21477
698217,0,0,6,0,0,13,0,22,0,1,0,1,0,0,0,0,0,0,0,1,0,0,0,1,2,0,0,0,0,0,0,0,1,0,21514
698221,0,0,6,0,0,124,0,16,0,1,0,1,0,0,0,0,0,0,0,1,0,0,0,1,0,0,0,0,0,0,0,0,1,0,21432
698237,0,0,6,0,0,4,0,0,1,1,0,0,0,0,0,0,0,0,0,1,0,0,0,1,0,0,0,0,0,0,0,0,25,0,27571
698288,0,0,6,0,0,109,0,99,1,1,0,1,0,0,0,0,0,22009,0,1,0,0,0,1,0,0,0,0,4096,0,0,0,1,0,22010
698322,0,0,6,0,0,51,0,0,0,1,0,1,0,0,0,0,0,0,0,1,0,0,0,1,0,0,0,0,0,0,0,0,1,0,21469
698323,0,0,6,0,0,51,0,0,0,1,0,1,0,0,0,0,0,0,0,1,0,0,0,1,0,0,0,0,0,0,0,0,1,0,21470
698324,0,0,6,0,0,51,0,1,0,1,0,1,0,0,0,0,0,0,0,1,0,0,0,1,0,0,0,0,0,0,0,0,1,0,21471
698325,0,0,6,0,0,13,0,13,0,1,0,1,0,0,0,0,0,0,0,1,0,0,0,1,2,0,0,0,0,0,0,0,1,0,21508
698340,0,0,6,0,0,30,0,3,0,1,0,1,0,0,0,0,0,0,0,1,0,0,0,1,226,0,0,0,0,0,0,0,1,0,22188
698351,0,0,6,0,0,23,3000,0,1,1,0,0,0,0,0,0,0,21925,0,1,0,0,0,1,0,0,0,0,0,0,0,0,1,0,21926
698378,0,0,2,1,0,0,0,74,0,1,0,1,0,0,0,0,0,0,0,1,0,0,0,1,0,0,0,0,0,0,0,0,6,0,21151
698379,0,1,6,0,0,29,0,-26,0,1,0,1,0,0,0,0,0,0,0,1,0,0,0,1,-1,0,0,0,0,0,0,0,6,0,21151
698395,0,0,6,0,0,30,0,10,0,1,0,1,0,0,0,0,0,0,0,1,0,0,0,1,95,0,0,0,0,0,0,0,1,0,21407
698396,0,0,6,0,0,30,0,11,0,1,0,1,0,0,0,0,0,0,0,1,0,0,0,1,95,0,0,0,0,0,0,0,1,0,21408
698397,0,0,6,0,0,30,0,12,0,1,0,1,0,0,0,0,0,0,0,1,0,0,0,1,95,0,0,0,0,0,0,0,1,0,21409
698402,0,0,6,1,0,138,0,19,0,1,0,1,0,0,0,0,0,0,0,1,0,0,0,1,0,0,0,0,0,0,0,0,1,0,21165
698442,0,0,6,0,0,161,0,3,0,1,0,1,0,0,0,0,0,0,0,1,0,0,0,1,0,0,0,0,0,0,0,0,1,0,21347
698449,0,0,6,0,0,102,0,35,0,1,0,1,0,0,0,0,0,0,0,1,0,0,0,1,8,0,0,0,0,0,0,0,1,0,22836
698450,0,1,6,0,0,131,0,35,1,1,0,1,0,0,0,0,0,0,0,1,0,0,0,1,8,0,0,0,0,0,0,0,1,0,22836
698470,0,0,6,0,0,161,0,2,0,1,0,1,0,0,0,0,0,0,0,1,0,0,0,1,0,0,0,0,0,0,0,0,1,0,21593
698490,0,0,6,0,0,13,0,19,0,1,0,1,0,0,0,0,0,0,0,1,0,0,0,1,2,0,0,0,0,0,0,0,1,0,21512
698493,0,0,6,0,0,161,0,4,0,1,0,1,0,0,0,0,0,0,0,1,0,0,0,1,0,0,0,0,0,0,0,0,1,0,21596
698501,0,0,252,0,0,0,0,0,1,1,0,0,0,0,0,1.57099997997,0,0,0,1,0,0,0,1,0,0,0,0,0,0,0,0,1,17,22563
698511,0,0,6,0,0,8,1000,99,0,1,0,1,0,0,0,0,0,0,0,1,0,0,0,1,0,0,0,0,0,0,0,0,1,0,20631
698514,0,0,6,0,0,13,0,174,1,1,0,1,0,0,0,0,0,0,0,1,0,0,0,1,126,0,0,0,0,0,0,0,1,0,23271
698515,0,1,6,0,0,135,0,174,1,1,0,1,0,0,0,0,0,0,0,1,0,0,0,1,126,0,0,0,0,0,0,0,1,0,23271
698542,0,0,6,0,0,42,0,0,1,1,0,0,0,0,0,0,0,27860,0,1,0,0,0,1,0,0,0,0,0,0,0,0,1,0,21978
698550,0,0,6,0,0,85,0,4,0,1,0,1,0,0,0,0,0,0,0,1,0,0,0,1,0,0,0,0,0,0,0,0,1,0,21620
698655,0,0,9,1,0,0,0,99,1,1,0,81,0,0,0,0,0,0,0,1,0,0,0,1,0,0,0,0,0,0,0,0,6,0,21170
698675,0,0,6,0,0,42,0,0,0,1,0,1,0,0,0,0,0,18946,0,1,0,0,0,1,0,0,0,0,0,0,0,0,1,0,20847
698689,0,0,2,0,0,0,0,159,0,1,0,1,0,0,0,0,0,0,0,1,0,0,0,1,0,0,0,0,0,0,0,0,6,0,21961
698690,0,1,6,0,0,22,0,-101,0,1,0,1,0,0,0,0,0,0,0,1,0,0,0,1,1,0,0,0,0,0,0,0,6,0,21961
698696,0,0,6,0,0,85,0,9,0,1,0,1,0,0,0,0,0,0,0,1,0,0,0,1,0,0,0,0,0,0,0,0,1,0,20959
698741,0,0,6,0,0,107,0,9,0,1,0,1,0,0,0,0,0,0,0,1,0,0,0,1,6,0,0,0,67362816,0,0,0,1,0,21895
698745,0,0,6,0,0,47,0,-2,0,1,0,1,0,0,0,0,0,0,0,1,0,0,0,1,0,0,0,0,0,0,0,0,1,0,21352
698774,0,0,19,0,0,0,0,0,1,1,0,1,0,0,0,0,0,0,0,1,0,0,0,1,0,0,0,0,0,0,0,0,1,0,21919
698775,0,0,6,0,0,23,3000,0,1,1,0,0,0,0,0,0,0,21921,0,1,0,0,0,1,0,0,0,0,0,0,0,0,1,0,21922
698792,0,0,6,0,0,124,0,9,0,1,0,1,0,0,0,0,0,0,0,1,0,0,0,1,0,0,0,0,0,0,0,0,1,0,21429
698796,0,0,6,0,0,30,0,16,0,1,0,1,0,0,0,0,0,0,0,1,0,0,0,1,95,0,0,0,0,0,0,0,1,0,21424
698814,0,0,6,0,0,42,0,9,1,1,0,1,0,0,0,0,0,22008,0,1,0,0,0,1,0,0,0,0,0,0,0,0,1,0,22007
698841,0,0,6,0,0,13,0,15,0,1,0,1,0,0,0,0,0,0,0,1,0,0,0,1,2,0,0,0,0,0,0,0,1,0,21509
698855,0,0,6,0,0,8,5000,4,0,1,0,1,0,0,0,0,0,0,0,1,0,0,0,1,0,0,0,0,0,0,0,0,1,0,20969
698858,0,0,6,0,0,13,0,20,0,1,0,1,0,0,0,0,0,0,0,1,0,0,0,1,2,0,0,0,0,0,0,0,1,0,21513
698868,0,0,6,0,0,134,0,14,0,1,0,1,0,0,0,0,0,0,0,1,0,0,0,1,0,0,0,0,0,0,0,0,1,0,21894
698892,0,0,2,0,0,0,0,74,0,1,0,1,0,0,0,0,0,0,0,1,0,0,0,1,0,0,0,0,0,0,0,0,6,0,20869
698902,0,0,6,0,0,85,0,14,0,1,0,1,0,0,0,0,0,0,0,1,0,0,0,1,0,0,0,0,0,0,0,0,1,0,21643
698905,0,0,6,0,0,23,3000,0,1,1,0,0,0,0,0,0,0,21927,0,1,0,0,0,1,0,0,0,0,0,0,0,0,1,0,21928
698906,0,0,6,0,0,13,0,16,0,1,0,1,0,0,0,0,0,0,0,1,0,0,0,1,2,0,0,0,0,0,0,0,1,0,21510
698911,0,0,6,0,0,30,0,19,0,1,0,1,0,0,0,0,0,0,0,1,0,0,0,1,95,0,0,0,0,0,0,0,1,0,21416
698916,0,0,6,0,0,85,0,5,0,1,0,1,0,0,0,0,0,0,0,1,0,0,0,1,0,0,0,0,0,0,0,0,1,0,21627
698917,0,0,6,0,0,85,0,6,0,1,0,1,0,0,0,0,0,0,0,1,0,0,0,1,0,0,0,0,0,0,0,0,1,0,21628
698922,0,0,2,0,0,0,0,149,0,0.69999998808,3,101,0,0,0,0,0,0,0,1,0,0,0,1,0,0,0,0,0,0,0,0,6,0,21179
698930,0,0,6,0,0,13,0,18,0,1,0,1,0,0,0,0,0,0,0,1,0,0,0,1,2,0,0,0,0,0,0,0,1,0,21511
698945,0,0,6,0,0,85,0,7,0,1,0,1,0,0,0,0,0,0,0,1,0,0,0,1,0,0,0,0,0,0,0,0,1,0,21629
698986,0,0,34,0,0,0,0,0,1,1,0,0,17223,0,0,0,0,0,0,1,0,0,0,1,0,0,0,0,0,0,0,0,0,0,21180
698987,0,0,34,0,0,0,0,0,1,1,0,0,17074,0,0,0,0,0,0,1,0,0,0,1,0,0,0,0,0,0,0,0,0,0,21181
699022,0,0,6,0,0,85,0,8,0,1,0,1,0,0,0,0,0,0,0,1,0,0,0,1,0,0,0,0,0,0,0,0,1,0,21631
699034,0,0,6,0,0,13,0,53,0,1,0,1,0,0,0,0,0,0,0,1,0,0,0,1,2,0,0,0,0,0,0,0,1,0,21536
699057,0,0,6,0,0,51,0,1,0,1,0,1,0,0,0,0,0,0,0,1,0,0,0,1,0,0,0,0,0,0,0,0,1,0,21473
699086,0,0,6,0,0,107,0,-31,1,1,0,1,0,0,0,0,0,0,0,1,0,0,0,1,14,0,0,0,2,0,0,0,1,0,22778
699090,0,0,6,0,0,108,0,49,1,1,0,1,0,0,0,0,0,0,0,1,0,0,0,1,5,0,0,0,8388608,0,0,0,1,0,23560
699091,0,1,6,0,0,108,0,9,1,1,0,1,0,0,0,0,0,0,0,1,0,0,0,1,8,0,0,0,8388608,0,0,0,1,0,23560
699092,0,2,6,0,0,108,0,-31,1,1,0,1,0,0,0,0,0,0,0,1,0,0,0,1,14,0,0,0,8388608,0,0,0,1,0,23560
699093,0,0,6,0,0,564,0,29,0,1,0,1,0,0,0,0,0,0,0,1,0,0,0,1,0,0,0,0,0,0,0,0,1,0,23562
699098,0,0,6,0,0,23,3000,0,1,1,0,0,0,0,0,0,0,21740,0,1,0,0,0,1,0,0,0,0,0,0,0,0,1,0,21741
699104,0,0,6,0,0,69,0,749,0,1,0,501,0,0,0,0,0,0,0,1,0,0,0,1,127,0,0,0,0,0,0,0,1,0,23506
699125,0,0,6,0,0,42,0,-1,1,1,0,1,0,0,0,0,0,23544,0,1,0,0,0,1,0,0,0,0,0,0,0,0,1,0,21747
699133,0,0,6,0,0,124,0,40,0,1,0,1,0,0,0,0,0,0,0,1,0,0,0,1,0,0,0,0,0,0,0,0,1,0,21442
699154,0,0,6,0,0,161,0,5,0,1,0,1,0,0,0,0,0,0,0,1,0,0,0,1,0,0,0,0,0,0,0,0,1,0,21598
699155,0,0,6,0,0,161,0,5,0,1,0,1,0,0,0,0,0,0,0,1,0,0,0,1,0,0,0,0,0,0,0,0,1,0,21599
699208,0,0,6,0,0,161,0,6,0,1,0,1,0,0,0,0,0,0,0,1,0,0,0,1,0,0,0,0,0,0,0,0,1,0,21600
699233,0,0,6,0,0,107,0,4,0,1,0,1,0,0,0,0,0,0,0,1,0,0,0,1,18,0,0,0,268558336,0,0,0,1,0,21881
699235,0,0,6,0,0,42,0,0,1,1,0,0,0,0,0,0,0,21977,0,1,0,0,0,1,0,0,0,0,0,0,0,0,1,0,21890
699238,0,0,2,0,0,0,0,69,0,1,0,1,0,0,0,0,1,0,0,1,0,0,0,1,0,0,0,0,0,0,0,0,6,0,20883
699251,0,0,6,0,0,108,0,14,1,1,0,1,4096,0,0,0,0,0,0,1,0,0,0,1,0,0,0,0,4096,0,0,0,1,0,23566
699252,0,1,6,0,0,108,0,14,1,1,0,1,8192,0,0,0,0,0,0,1,0,0,0,1,22,0,0,0,8192,0,0,0,1,0,23566
699253,0,0,6,0,0,552,0,2,0,1,0,1,0,0,0,0,0,0,0,1,0,0,0,1,8,0,0,0,0,0,0,0,1,0,23570
699275,0,0,6,0,0,3,2000,8,0,1,0,1,0,0,0,0,0,0,0,1,0,0,0,1,0,0,0,0,0,0,0,0,6,0,21952
699281,0,0,6,0,0,42,0,0,0,1,0,0,0,0,0,0,0,29478,0,1,0,0,0,1,0,0,0,0,0,0,0,0,1,0,21838
699284,0,0,6,0,0,107,0,14,1,1,0,1,2048,0,0,0,0,0,0,1,0,0,0,1,12,0,0,0,2048,0,0,0,1,0,22801
699285,0,0,6,0,0,107,0,1,1,1,0,1,0,0,0,0,0,0,0,1,0,0,0,1,7,0,0,0,-1877999616,0,0,0,1,0,22804
699290,0,0,6,0,0,107,0,-10001,1,1,0,1,48,0,0,0,0,0,0,1,0,0,0,1,2,0,0,0,48,0,0,0,1,0,21879
699291,0,1,6,0,0,107,0,-2001,1,1,0,1,0,0,0,0,0,0,0,1,0,0,0,1,2,0,0,0,1,0,0,0,1,0,21879
699292,0,2,6,0,0,107,0,-2001,1,1,0,1,0,0,0,0,0,0,0,1,0,0,0,1,2,0,0,0,2097152,0,0,0,1,0,21879
699320,0,0,6,0,0,69,0,349,0,1,0,301,0,0,0,0,0,0,0,1,0,0,0,1,1,0,0,0,0,0,0,0,1,0,21956
699338,0,0,6,0,0,564,0,22,0,1,0,1,0,0,0,0,0,0,0,1,0,0,0,1,0,0,0,0,0,0,0,0,1,0,22852
699343,0,0,6,0,0,85,0,13,0,1,0,1,0,0,0,0,0,0,0,1,0,0,0,1,0,0,0,0,0,0,0,0,1,0,21641
699352,0,0,6,0,0,42,0,0,1,1,0,1,0,0,0,0,0,22600,0,1,0,0,0,1,0,0,0,0,0,0,0,0,1,0,22618
699358,0,0,6,0,0,107,0,-101,0,1,0,1,2048,0,0,0,0,0,0,1,0,0,0,1,10,0,0,0,2048,0,0,0,1,0,21973
699359,0,1,6,0,0,107,0,-101,1,1,0,1,2048,0,0,0,0,0,0,1,0,0,0,1,21,0,0,0,2048,0,0,0,1,0,21973
699360,0,0,38,0,0,0,0,0,0,1,0,1,0,0,0,0,0,0,0,1,0,0,0,1,4,0,0,0,0,0,0,0,1,0,21954
699365,0,0,6,0,0,3,3000,22,0,1,0,1,0,0,0,0,0,0,0,1,0,0,0,1,0,0,0,0,0,0,0,0,6,0,21949
699369,0,0,6,0,0,107,0,-30001,1,1,0,1,2048,0,0,0,0,0,0,1,0,0,0,1,11,0,0,0,2048,0,0,0,1,0,21874
699379,0,0,6,0,0,107,0,-1501,1,1,0,1,0,0,0,0,0,0,0,1,0,0,0,1,11,0,0,0,65536,0,0,0,1,0,23025
699387,0,0,252,0,0,0,0,0,1,1,0,0,0,0,0,0,0,0,0,1,0,0,0,1,0,0,0,0,0,0,0,0,1,17,22564
699410,0,0,6,0,0,3,3000,14,0,1,0,1,0,0,0,0,0,0,0,1,0,0,0,1,0,0,0,0,0,0,0,0,6,0,22639
699411,0,1,6,0,0,33,0,-61,0,1,0,1,0,11,0,0,0,0,0,1,0,0,0,1,0,0,0,0,0,0,0,0,6,0,22639
699419,0,0,6,0,0,108,0,19,1,1,0,1,0,0,0,0,0,0,0,1,0,0,0,1,8,0,0,0,1048576,0,0,0,1,0,23559
699434,0,0,6,0,0,42,0,0,1,1,0,1,0,0,0,0,0,22619,0,1,0,0,0,1,0,0,0,0,0,0,0,0,1,0,22620
699435,0,0,6,0,0,161,0,6,0,1,0,1,0,0,0,0,0,0,0,1,0,0,0,1,0,0,0,0,0,0,0,0,1,0,21601
699441,0,0,6,0,0,161,0,5,0,1,0,1,0,0,0,0,0,0,0,1,0,0,0,1,0,0,0,0,0,0,0,0,1,0,21348
699446,0,0,96,0,0,0,0,0,0,1,0,0,0,0,0,0,0,0,0,1,0,0,0,1,0,0,0,0,0,0,0,0,6,0,22641
699447,0,1,64,0,0,0,0,0,1,1,0,0,0,0,0,0,0,13327,0,1,0,0,0,1,0,0,0,0,0,0,0,0,6,0,22641
699450,0,0,3,0,0,0,0,0,1,1,0,0,0,0,0,0,0,0,0,1,0,0,0,1,0,0,0,0,0,0,0,0,1,0,23453
699451,0,0,6,1,0,12,0,0,0,1,0,1,0,0,0,0,0,0,0,1,0,0,0,1,0,0,0,0,0,0,0,0,6,0,23454
699476,0,0,6,0,0,42,0,0,0,1,0,1,0,0,0,0,0,21970,0,1,0,0,0,1,0,0,0,0,0,0,0,0,1,0,21969
699485,0,0,6,0,0,42,0,0,0,1,0,1,0,0,0,0,0,27775,0,1,0,0,0,1,0,0,0,0,0,0,0,0,1,0,27774
699516,0,0,6,0,0,85,0,10,0,1,0,1,0,0,0,0,0,0,0,1,0,0,0,1,0,0,0,0,0,0,0,0,1,0,21366
699531,0,0,6,0,0,85,0,9,0,1,0,1,0,0,0,0,0,0,0,1,0,0,0,1,0,0,0,0,0,0,0,0,1,0,21632
699537,0,0,6,0,0,107,0,29,1,1,0,1,0,0,0,0,0,0,0,1,0,0,0,1,8,0,0,0,65536,0,0,0,1,0,23563
699553,0,0,6,0,0,42,0,0,1,1,0,0,0,0,0,0,0,21976,0,1,0,0,0,1,0,0,0,0,0,0,0,0,1,0,21853
699560,0,0,6,0,0,85,0,11,0,1,0,1,0,0,0,0,0,0,0,1,0,0,0,1,0,0,0,0,0,0,0,0,1,0,21636
699567,0,0,6,0,0,124,0,47,0,1,0,1,0,0,0,0,0,0,0,1,0,0,0,1,0,0,0,0,0,0,0,0,1,0,21445
699568,0,0,6,0,0,124,0,49,0,1,0,1,0,0,0,0,0,0,0,1,0,0,0,1,0,0,0,0,0,0,0,0,1,0,21446
699570,0,0,6,0,0,42,0,99,1,1,0,1,0,0,0,0,0,23684,0,1,0,0,0,1,0,0,0,0,0,0,0,0,1,0,23688
699578,0,0,6,0,0,124,0,23,0,1,0,1,0,0,0,0,0,0,0,1,0,0,0,1,0,0,0,0,0,0,0,0,1,0,21435
699579,0,0,6,0,0,124,0,25,0,1,0,1,0,0,0,0,0,0,0,1,0,0,0,1,0,0,0,0,0,0,0,0,1,0,21436
699581,0,0,6,0,0,30,0,13,0,1,0,1,0,0,0,0,0,0,0,1,0,0,0,1,95,0,0,0,0,0,0,0,1,0,21410
699606,0,0,6,0,0,85,0,11,0,1,0,1,0,0,0,0,0,0,0,1,0,0,0,1,0,0,0,0,0,0,0,0,1,0,21635
699634,0,0,6,1,0,138,0,29,0,1,0,1,0,0,0,0,0,0,0,1,0,0,0,1,0,0,0,0,0,0,0,0,1,0,22640
699680,0,0,6,0,0,117,0,0,0,1,0,1,0,0,0,0,0,0,0,1,0,0,0,1,5,0,0,0,0,0,0,0,1,0,21958
699681,0,1,6,0,0,117,0,0,0,1,0,1,0,0,0,0,0,0,0,1,0,0,0,1,12,0,0,0,0,0,0,0,1,0,21958
699689,0,0,6,0,0,161,0,7,0,1,0,1,0,0,0,0,0,0,0,1,0,0,0,1,0,0,0,0,0,0,0,0,1,0,20885
699690,0,0,2,0,0,0,0,272,0,1,0,61,0,0,0,0,0,0,0,1,0,0,0,1,0,0,0,0,0,0,0,0,6,0,21162
699691,0,1,6,0,0,3,2000,14,0,1,0,1,0,0,0,0,0,0,0,1,0,0,0,1,0,0,0,0,0,0,0,0,6,0,21162
699698,0,0,6,0,0,107,0,2999,0,1,0,1,0,0,0,0,0,0,0,1,0,0,0,1,1,0,0,0,16,0,0,0,1,0,21871
699699,0,0,6,0,0,35,0,9,1,1,0,1,0,0,0,0,0,0,0,1,0,0,0,1,3,0,0,0,0,0,0,0,1,0,21975
699703,0,0,30,0,0,0,0,49,0,1,0,1,0,0,0,0,0,0,0,1,0,0,0,1,0,0,0,0,0,0,0,0,1,0,21951
699728,0,0,6,0,0,107,0,-5001,1,1,0,1,0,0,0,0,0,0,0,1,0,0,0,1,11,0,0,0,1073741824,0,0,0,1,0,22738
699733,0,0,6,0,0,124,0,30,0,1,0,1,0,0,0,0,0,0,0,1,0,0,0,1,0,0,0,0,0,0,0,0,1,0,21438
699734,0,0,6,0,0,124,0,33,0,1,0,1,0,0,0,0,0,0,0,1,0,0,0,1,0,0,0,0,0,0,0,0,1,0,21439
699735,0,0,6,0,0,124,0,35,0,1,0,1,0,0,0,0,0,0,0,1,0,0,0,1,0,0,0,0,0,0,0,0,1,0,21440
699742,0,0,6,0,0,85,0,5,0,1,0,1,0,0,0,0,0,0,0,1,0,0,0,1,0,0,0,0,0,0,0,0,1,0,21626
699747,0,0,6,0,0,15,0,2,0,1,0,1,0,0,0,0,0,0,0,1,0,0,0,1,0,0,0,0,0,0,0,0,1,0,20886
699778,0,0,6,0,0,161,0,1,0,1,0,1,0,0,0,0,0,0,0,1,0,0,0,1,0,0,0,0,0,0,0,0,1,0,21346
699780,0,0,6,0,0,85,0,1,0,1,0,1,0,0,0,0,0,0,0,1,0,0,0,1,0,0,0,0,0,0,0,0,1,0,21624
699789,0,0,6,0,0,13,0,36,0,1,0,1,0,0,0,0,0,0,0,1,0,0,0,1,2,0,0,0,0,0,0,0,1,0,21524
699790,0,0,6,0,0,30,0,15,0,1,0,1,0,0,0,0,0,0,0,1,0,0,0,1,95,0,0,0,0,0,0,0,1,0,21412
699791,0,0,6,0,0,30,0,17,0,1,0,1,0,0,0,0,0,0,0,1,0,0,0,1,95,0,0,0,0,0,0,0,1,0,21413
699793,0,0,6,0,0,30,0,18,0,1,0,1,0,0,0,0,0,0,0,1,0,0,0,1,95,0,0,0,0,0,0,0,1,0,21415
699832,0,0,6,0,0,15,0,3,0,1,0,1,0,0,0,0,0,0,0,1,0,0,0,1,0,0,0,0,0,0,0,0,1,0,21991
699843,0,0,6,0,0,564,0,23,0,1,0,1,0,0,0,0,0,0,0,1,0,0,0,1,0,0,0,0,0,0,0,0,1,0,23181
699862,0,0,6,0,0,42,0,0,0,1,0,0,0,0,0,0,0,23687,0,1,0,0,0,1,0,0,0,0,0,0,0,0,1,0,23686
699871,0,0,6,0,0,108,0,29,0,1,0,1,0,0,0,0,0,0,0,1,0,0,0,1,20,0,0,0,256,0,0,0,1,0,21899
699880,0,0,6,0,0,22,0,-26,1,1,5,1,0,0,0,0,0,0,0,1,0,0,0,1,8,0,0,0,0,0,0,0,6,0,21992
699881,0,1,2,0,0,0,0,299,0,1,0,1,0,0,0,0,0,0,0,1,0,0,0,1,0,0,0,0,0,0,0,0,6,0,21992
699882,0,2,64,0,0,0,0,0,1,1,0,0,0,0,0,0,0,27648,0,1,0,0,0,1,0,0,0,0,0,0,0,0,6,0,21992
699887,0,0,6,0,0,85,0,2,0,1,0,1,0,0,0,0,0,0,0,1,0,0,0,1,0,0,0,0,0,0,0,0,1,0,21625
699890,0,0,6,0,0,51,0,4,0,1,0,1,0,0,0,0,0,0,0,1,0,0,0,1,0,0,0,0,0,0,0,0,1,0,21485
699910,0,0,6,0,0,85,0,1,0,1,0,1,0,0,0,0,0,0,0,1,0,0,0,1,0,0,0,0,0,0,0,0,1,0,21623
699919,0,0,2,0,0,0,0,39,0,1,0,17,0,0,0,0,0,0,0,1,0,0,0,1,0,0,0,0,0,0,0,0,6,0,23267
699941,0,0,6,0,0,72,0,-16,1,1,0,1,0,0,0,0,0,0,0,1,0,0,0,1,32,0,0,0,0,0,0,0,1,0,23553
699956,0,0,6,0,0,17,0,9,0,1,0,1,0,0,0,0,0,0,0,1,0,0,0,1,0,0,0,0,0,0,0,0,1,0,23217
699963,0,0,6,0,0,42,0,0,1,1,0,0,0,0,0,0,0,24255,0,1,0,0,0,1,0,0,0,0,0,0,0,0,1,0,24256
699981,0,0,6,0,0,564,0,17,0,1,0,1,0,0,0,0,0,0,0,1,0,0,0,1,0,0,0,0,0,0,0,0,1,0,22912
700013,0,0,6,0,0,42,0,4,1,1,0,1,0,0,0,0,0,18350,0,1,0,0,0,1,0,0,0,0,192,0,0,0,1,0,23551
700018,0,0,6,0,0,107,0,-201,1,1,0,1,0,0,0,0,0,0,0,1,0,0,0,1,10,0,0,0,4,65536,0,0,1,0,23047
700019,0,1,6,0,0,107,0,-201,1,1,0,1,0,0,0,0,0,0,0,1,0,0,0,1,21,0,0,0,4,65536,0,0,1,0,23047
700039,0,0,6,0,0,107,0,-1001,1,1,0,1,0,0,0,0,0,0,0,1,0,0,0,1,11,0,0,0,8,0,0,0,1,0,23048
700044,0,0,6,0,0,107,0,-600001,0,1,0,1,0,0,0,0,0,0,0,1,0,0,0,1,11,0,0,0,268435456,0,0,0,1,0,26106
700071,0,0,6,0,0,69,0,494,0,1,0,111,0,0,0,0,0,0,0,1,0,0,0,1,1,0,0,0,0,0,0,0,1,0,23991
700075,0,0,6,0,0,161,0,3,0,1,0,1,0,0,0,0,0,0,0,1,0,0,0,1,0,0,0,0,0,0,0,0,1,0,21595
700076,0,0,6,0,0,108,0,14,1,1,0,1,16384,0,0,0,0,0,0,1,0,0,0,1,2,0,0,0,16384,0,0,0,1,0,23561
700087,0,0,6,0,0,42,0,-1,0,1,0,1,0,0,0,0,0,26976,0,1,0,0,0,1,0,0,0,0,0,0,0,0,1,0,26107
700090,0,0,6,0,0,55,0,0,0,1,0,1,0,0,0,0,0,0,0,1,0,0,0,1,0,0,0,0,0,0,0,0,1,0,23727
700095,0,0,6,0,0,42,0,0,0,1,0,0,0,0,0,0,0,22649,0,1,0,0,0,1,0,0,0,0,0,0,0,0,1,0,22648
700102,0,0,6,0,0,79,0,99,1,1,0,1,0,0,0,0,0,0,0,1,0,0,0,1,127,0,0,0,0,0,0,0,5,0,23720
700103,0,1,6,0,0,101,0,99,1,1,0,1,0,0,0,0,0,0,0,1,0,0,0,1,1,0,0,0,0,0,0,0,5,0,23720
700111,0,0,6,0,0,42,0,0,1,1,0,0,0,0,0,0,0,23580,0,1,0,0,0,1,0,0,0,0,0,0,0,0,1,0,23581
700119,0,0,6,0,0,85,0,10,0,1,0,1,0,0,0,0,0,0,0,1,0,0,0,1,0,0,0,0,0,0,0,0,1,0,21634
700132,0,0,6,0,0,107,0,-16,1,1,0,1,2048,0,0,0,0,0,0,1,0,0,0,1,14,0,0,0,2048,0,0,0,1,0,23157
700146,0,0,6,0,0,107,0,-10001,1,1,0,1,2048,0,0,0,0,0,0,1,0,0,0,1,11,0,0,0,2048,0,0,0,1,0,23302
700150,0,0,6,0,0,109,0,99,1,1,0,1,0,0,0,0,0,23590,0,1,0,0,0,1,0,0,0,0,8388608,0,0,0,1,0,23591
700155,0,0,34,0,0,0,0,0,1,1,0,0,18609,0,0,0,0,0,0,1,0,0,0,1,0,0,0,0,0,0,0,0,0,0,23041
700158,0,0,6,0,0,107,0,-1001,1,1,0,1,0,0,0,0,0,0,0,1,0,0,0,1,11,0,0,0,512,0,0,0,1,0,23158
700159,0,0,6,0,0,107,0,29,0,1,0,1,0,0,0,0,0,0,0,1,0,0,0,1,18,0,0,0,268558336,0,0,0,1,0,23726
700173,0,0,252,0,0,0,0,0,1,1,0,0,0,0,0,3.01939988136,0,0,0,1,0,0,0,1,0,0,0,0,0,0,0,0,1,17,23442
700178,0,0,3,0,0,0,0,0,1,1,0,0,0,0,0,0,0,0,0,1,0,0,0,1,0,0,0,0,0,0,0,0,1,0,23725
700186,0,0,6,0,0,10,0,-16,1,1,0,1,0,0,0,0,0,0,0,1,0,0,0,1,127,0,0,0,0,0,0,0,1,0,23545
700190,0,0,6,0,0,30,0,14,0,1,0,1,0,0,0,0,0,0,0,1,0,0,0,1,95,0,0,0,0,0,0,0,1,0,21411
700198,0,0,6,0,0,4,0,0,1,1,0,0,0,0,0,0,0,0,0,1,0,0,0,1,0,0,0,0,0,0,0,0,1,0,23701
700206,0,0,6,0,0,13,0,68,0,1,0,1,0,0,0,0,0,0,0,1,0,0,0,1,32,0,0,0,0,0,0,0,1,0,23265
700263,0,0,6,0,0,55,0,1,0,1,0,1,0,0,0,0,0,0,0,1,0,0,0,1,0,0,0,0,0,0,0,0,1,0,23729
700264,0,0,6,0,0,107,0,3,1,1,0,1,0,0,0,0,0,0,0,1,0,0,0,1,8,0,0,0,256,0,0,0,1,0,23557
700265,0,1,6,0,0,108,0,49,1,1,0,1,0,0,0,0,0,0,0,1,0,0,0,1,1,0,0,0,256,0,0,0,1,0,23557
700266,0,0,6,0,0,108,0,24,1,1,0,1,0,0,0,0,0,0,0,1,0,0,0,1,8,0,0,0,134217728,0,0,0,1,0,23558
700273,0,0,6,0,0,13,0,30,0,1,0,1,0,0,0,0,0,0,0,1,0,0,0,1,2,0,0,0,0,0,0,0,1,0,21520
700287,0,0,6,0,0,13,0,63,0,1,0,1,0,0,0,0,0,0,0,1,0,0,0,1,126,0,0,0,0,0,0,0,1,0,23730
700288,0,1,6,0,0,135,0,63,1,1,0,1,0,0,0,0,0,0,0,1,0,0,0,1,126,0,0,0,0,0,0,0,1,0,23730
700289,0,0,34,0,0,0,0,0,1,1,0,0,18608,0,0,0,0,0,0,1,0,0,0,1,0,0,0,0,0,0,0,0,0,0,23042
700290,0,0,6,0,0,108,0,-21,1,1,0,1,0,0,0,0,0,0,0,1,0,0,0,1,2,0,0,0,997,65536,8388610,0,1,0,23555
700291,0,0,6,0,0,108,0,-51,1,1,0,1,0,0,0,0,0,0,0,1,0,0,0,1,11,0,0,0,4194432,0,0,0,1,0,23556
700296,0,0,6,0,0,564,0,9,0,1,0,1,0,0,0,0,0,0,0,1,0,0,0,1,0,0,0,0,0,0,0,0,1,0,23172
700302,0,0,6,0,0,161,0,15,0,1,0,1,0,0,0,0,0,0,0,1,0,0,0,1,0,0,0,0,0,0,0,0,1,0,23210
700322,0,0,6,0,0,42,0,0,1,1,0,0,0,0,0,0,0,23682,0,1,0,0,0,1,0,0,0,0,0,0,0,0,1,0,23689
700340,0,0,6,0,0,107,0,999,1,1,0,1,0,0,0,0,0,0,0,1,0,0,0,1,1,0,0,0,65536,0,0,0,1,0,23044
700365,0,0,6,0,0,42,0,0,0,1,0,0,0,0,0,0,0,18350,0,1,0,0,0,1,0,0,0,0,128,0,0,0,1,0,23572
700373,0,0,108,0,0,0,0,0,1,1,0,0,0,0,0,0,0,0,0,1,0,0,0,1,5,0,0,0,0,0,0,0,1,0,22891
700374,0,1,108,0,0,0,0,0,1,1,0,0,0,0,0,0,0,0,0,1,0,0,0,1,17,0,0,0,0,0,0,0,1,0,22891
700375,0,2,108,0,0,0,0,0,1,1,0,0,0,0,0,0,0,0,0,1,0,0,0,1,10,0,0,0,0,0,0,0,1,0,22891
700382,0,0,6,0,0,30,0,12,1,1,0,1,0,0,0,0,0,0,0,1,0,0,0,1,95,0,0,0,0,0,0,0,1,0,22850
700383,0,1,6,0,0,22,0,299,1,1,0,1,0,0,0,0,0,0,0,1,0,0,0,1,1,0,0,0,0,0,0,0,1,0,22850
700384,0,0,6,0,0,19,0,999,1,1,0,1,0,0,0,0,0,0,0,1,0,0,0,1,4,0,0,0,0,0,0,0,1,0,23101
700396,0,0,6,0,0,42,0,0,1,1,0,1,0,0,0,0,0,23547,0,1,0,0,0,1,0,0,0,0,0,0,0,0,1,0,23548
700454,0,0,6,0,0,30,0,1,0,1,0,1,0,0,0,0,0,0,0,1,0,0,0,1,226,0,0,0,0,0,0,0,1,0,22811
700481,0,0,6,0,0,107,0,7,1,1,0,1,4096,0,0,0,0,0,0,1,0,0,0,1,0,0,0,0,4096,0,0,0,1,0,22855
700526,0,0,6,0,0,85,0,15,0,1,0,1,0,0,0,0,0,0,0,1,0,0,0,1,0,0,0,0,0,0,0,0,1,0,23212
700534,0,0,6,0,0,31,0,29,0,1,0,1,0,0,0,0,0,0,0,1,0,0,0,1,0,0,0,0,0,0,0,0,1,0,22863
700541,0,0,2,0,0,0,0,44,0,1,0,1,0,0,0,0,0,0,0,1,0,0,0,1,0,0,0,0,0,0,0,0,6,0,23592
700591,0,0,6,0,0,107,0,24,1,1,0,1,0,0,0,0,0,0,0,1,0,0,0,1,7,0,0,0,512,0,0,0,1,0,23550
700597,0,0,6,0,0,4,0,0,1,1,0,1,0,0,0,0,0,0,0,1,0,0,0,1,0,0,0,0,0,0,0,0,1,0,22683
700611,0,0,6,0,0,79,0,19,1,1,0,1,0,0,0,0,0,0,0,1,0,0,0,1,126,0,0,0,0,0,0,0,1,0,23734
700612,0,1,6,0,0,136,0,19,1,1,0,1,0,0,0,0,0,0,0,1,0,0,0,1,126,0,0,0,0,0,0,0,1,0,23734
700613,0,2,6,0,0,72,0,19,1,1,0,1,0,0,0,0,0,0,0,1,0,0,0,1,126,0,0,0,0,0,0,0,1,0,23734
700614,0,0,2,0,0,0,0,62,1,1,0,31,0,0,0,0,0,0,0,1,0,0,0,1,0,0,0,0,0,0,0,0,25,0,24254
700628,0,0,6,0,0,107,0,2999,1,1,0,1,0,0,0,0,0,0,0,1,0,0,0,1,1,0,0,0,64,0,0,0,1,0,23049
700653,0,0,6,0,0,129,0,14,0,1,0,1,0,0,0,0,0,0,0,1,0,0,0,1,0,0,0,0,0,0,0,0,1,0,23218
700654,0,0,6,0,0,564,0,14,0,1,0,1,0,0,0,0,0,0,0,1,0,0,0,1,0,0,0,0,0,0,0,0,1,0,23203
700661,0,0,6,0,0,13,0,83,0,1,0,1,0,0,0,0,0,0,0,1,0,0,0,1,126,0,0,0,0,0,0,0,1,0,23728
700662,0,1,6,0,0,135,0,83,1,1,0,1,0,0,0,0,0,0,0,1,0,0,0,1,126,0,0,0,0,0,0,0,1,0,23728
700688,0,0,6,0,0,135,0,105,0,1,0,1,0,0,0,0,0,0,0,1,0,0,0,1,126,0,0,0,0,0,0,0,1,0,23264
700704,0,0,6,0,0,108,0,24,1,1,0,1,4228,0,0,0,0,0,0,1,0,0,0,1,6,0,0,0,4228,0,0,0,1,0,23549
700747,0,0,6,0,0,107,0,-31,1,1,0,1,0,0,0,0,0,0,0,1,0,0,0,1,14,0,0,0,-2147483648,0,0,0,1,0,24431
700768,0,0,6,0,0,108,0,14,0,1,0,1,0,0,0,0,0,0,0,1,0,0,0,1,27,0,0,0,24,0,0,0,1,0,23554
700851,0,0,6,0,0,135,0,189,1,1,0,1,0,0,0,0,0,0,0,1,0,0,0,1,2,0,0,0,0,0,0,0,1,0,24354
700893,0,0,6,0,0,22,0,499,1,1,0,1,0,0,0,0,0,0,0,1,0,0,0,1,1,0,0,0,0,0,0,0,1,0,23780
700894,0,1,6,0,0,42,0,0,1,1,0,0,0,0,0,0,0,23781,0,1,0,0,0,1,0,0,0,0,0,0,0,0,1,0,23780
700908,0,0,6,0,0,108,0,99,1,1,0,1,1024,0,0,0,0,0,0,1,0,0,0,1,0,0,0,0,1024,0,0,0,1,0,24499
700974,0,0,6,0,0,107,0,499,1,1,0,1,2048,0,0,0,0,0,0,1,0,0,0,1,1,0,0,0,2048,0,0,0,1,0,24188
700981,0,0,2,0,0,0,0,199,0,1,0,21,0,0,0,0,0,0,0,1,0,0,0,1,0,0,0,0,0,0,0,0,6,0,24257
700985,0,0,28,0,0,0,0,4,0,1,0,1,0,0,0,0,0,0,0,1,0,0,0,1,15304,82,0,0,0,0,0,0,42,0,24854
700995,0,0,6,0,0,107,0,9,1,1,0,1,0,0,0,0,0,0,0,1,0,0,0,1,18,0,0,0,524288,0,0,0,1,0,23564
701008,0,0,6,0,0,107,0,-101,1,1,0,1,0,0,0,0,0,0,0,1,0,0,0,1,10,0,0,0,-2147483648,0,0,0,1,0,24457
701011,0,0,6,0,0,108,0,9,1,1,0,1,0,0,0,0,0,0,0,1,0,0,0,1,1,0,0,0,268435456,0,0,0,1,0,24460
701015,0,0,6,0,0,107,0,9,1,1,0,1,0,0,0,0,0,0,0,1,0,0,0,1,6,0,0,0,67240008,0,0,0,1,0,23565
701025,0,0,6,0,0,65,0,32,1,1,0,1,0,0,0,0,0,0,0,1,0,0,0,1,0,0,0,0,0,0,0,0,1,0,23733
701026,0,1,6,0,0,138,0,24,1,1,0,1,0,0,0,0,0,0,0,1,0,0,0,1,0,0,0,0,0,0,0,0,1,0,23733
701039,0,0,6,0,0,13,0,46,0,1,0,1,0,0,0,0,0,0,0,1,0,0,0,1,126,0,0,0,0,0,0,0,1,0,24196
701040,0,1,6,0,0,135,0,46,1,1,0,1,0,0,0,0,0,0,0,1,0,0,0,1,126,0,0,0,0,0,0,0,1,0,24196
701041,0,0,6,0,0,180,0,47,0,1,0,1,0,0,0,0,0,0,0,1,0,0,0,1,32,0,0,0,0,0,0,0,1,0,24198
701057,0,0,6,0,0,564,0,13,0,1,0,1,0,0,0,0,0,0,0,1,0,0,0,1,0,0,0,0,0,0,0,0,1,0,23515
701073,0,0,6,0,0,15,0,12,0,1,0,1,0,0,0,0,0,0,0,1,0,0,0,1,0,0,0,0,0,0,0,0,1,0,23266
701082,0,0,6,0,0,52,0,2,1,1,0,1,0,0,0,0,0,0,0,1,0,0,0,1,0,0,0,0,0,0,0,0,1,0,24865
701083,0,1,6,0,0,57,0,2,1,1,0,1,0,0,0,0,0,0,0,1,0,0,0,1,0,0,0,0,0,0,0,0,1,0,24865
701106,0,0,6,0,0,109,0,5,1,1,0,1,0,0,0,0,0,24405,0,1,0,0,0,1,0,0,0,0,32,0,0,0,1,0,24392
701107,0,1,3,0,0,0,0,49,1,1,0,1,0,0,0,0,0,0,0,1,0,0,0,1,0,0,0,0,0,0,0,0,0,0,24392
701111,0,0,2,0,0,0,0,199,0,1,0,101,0,0,0,0,0,0,0,1,0,0,0,1,0,0,0,0,0,0,0,0,6,0,24388
701112,0,1,6,0,0,29,0,-26,0,1,0,1,0,0,0,0,0,0,0,1,0,0,0,1,3,0,0,0,0,0,0,0,6,0,24388
701151,0,0,6,0,0,107,0,999,1,1,0,1,0,0,0,0,0,0,0,1,0,0,0,1,1,0,0,0,-2147483648,0,0,0,1,0,24461
701152,0,0,6,0,0,107,0,4,1,1,0,1,0,0,0,0,0,0,0,1,0,0,0,1,5,0,0,0,1,0,0,0,1,0,24462
701158,0,0,6,0,0,107,0,2,1,1,0,1,0,0,0,0,0,0,0,1,0,0,0,1,17,0,0,0,64,0,0,0,1,0,23573
701164,0,0,6,0,0,564,0,26,0,1,0,1,0,0,0,0,0,0,0,1,0,0,0,1,0,0,0,0,0,0,0,0,1,0,23516
701165,0,0,6,0,0,55,0,9,1,1,0,1,0,0,0,0,0,0,0,1,0,0,0,1,0,0,0,0,0,0,0,0,1,0,24610
701200,0,0,6,0,0,13,0,55,0,1,0,1,0,0,0,0,0,0,0,1,0,0,0,1,126,0,0,0,0,0,0,0,1,0,23732
701201,0,1,6,0,0,135,0,55,1,1,0,1,0,0,0,0,0,0,0,1,0,0,0,1,126,0,0,0,0,0,0,0,1,0,23732
701211,0,0,6,0,0,107,0,19,1,1,0,1,0,0,0,0,0,0,0,1,0,0,0,1,8,0,0,0,536870912,0,0,0,1,0,23300
701213,0,0,6,0,0,107,0,-1001,1,1,0,1,0,0,0,0,0,0,0,1,0,0,0,1,11,0,0,0,512,0,0,0,1,0,24465
701215,0,0,6,0,0,107,0,2999,1,1,0,1,16384,0,0,0,0,0,0,1,0,0,0,1,1,0,0,0,16384,0,0,0,1,0,24467
701216,0,0,6,0,0,107,0,-20001,1,1,0,1,0,0,0,0,0,0,0,1,0,0,0,1,11,0,0,0,16777216,0,0,0,1,0,24469
701219,0,0,6,0,0,4,0,99,1,1,0,1,0,0,0,0,0,0,0,1,0,0,0,1,0,0,0,0,0,0,0,0,1,0,23582
701234,0,0,6,0,0,87,0,14,0,1,0,1,0,0,0,0,0,0,0,1,0,0,0,1,126,0,0,0,0,0,0,0,6,0,23605
701237,0,0,6,0,0,24,1000,39,1,1,0,1,0,0,0,0,0,0,0,1,0,0,0,1,0,0,0,0,0,0,0,0,1,0,24884
701255,0,0,108,0,0,0,0,0,1,1,0,1,0,0,0,0,0,0,0,1,0,0,0,1,15,0,0,0,0,0,0,0,1,0,23595
701270,0,0,6,0,0,107,0,-2001,1,1,0,1,16416,0,0,0,0,0,0,1,0,0,0,1,11,0,0,0,16416,0,0,0,1,0,24429
701271,0,0,6,0,0,107,0,-2001,1,1,0,1,0,0,0,0,0,0,0,1,0,0,0,1,11,0,0,0,256,0,0,0,1,0,24432
701275,0,0,6,0,0,107,0,-501,1,1,0,1,0,0,0,0,0,0,0,1,0,0,0,1,11,0,0,0,16,0,0,0,1,0,24434
701277,0,0,6,0,0,107,0,-21,1,1,0,1,0,0,0,0,0,0,0,1,0,0,0,1,14,0,0,0,524288,0,0,0,1,0,24436
701286,0,0,6,0,0,13,0,70,0,1,0,1,0,0,0,0,0,0,0,1,0,0,0,1,126,0,0,0,0,0,0,0,1,0,23929
701287,0,1,6,0,0,135,0,70,1,1,0,1,0,0,0,0,0,0,0,1,0,0,0,1,126,0,0,0,0,0,0,0,1,0,23929
701288,0,0,6,0,0,102,0,80,0,1,0,1,0,0,0,0,0,0,0,1,0,0,0,1,32,0,0,0,0,0,0,0,1,0,23930
701289,0,1,6,0,0,131,0,80,1,1,0,1,0,0,0,0,0,0,0,1,0,0,0,1,32,0,0,0,0,0,0,0,1,0,23930
701325,0,0,6,0,0,564,0,18,0,1,0,1,0,0,0,0,0,0,0,1,0,0,0,1,0,0,0,0,0,0,0,0,1,0,23731
701339,0,0,6,0,0,102,0,47,0,1,0,1,0,0,0,0,0,0,0,1,0,0,0,1,2,0,0,0,0,0,0,0,1,0,24291
701340,0,1,6,0,0,131,0,47,1,1,0,1,0,0,0,0,0,0,0,1,0,0,0,1,2,0,0,0,0,0,0,0,1,0,24291
701341,0,0,6,0,0,102,0,116,0,1,0,1,0,0,0,0,0,0,0,1,0,0,0,1,2,0,0,0,0,0,0,0,1,0,24292
701342,0,1,6,0,0,131,0,116,1,1,0,1,0,0,0,0,0,0,0,1,0,0,0,1,2,0,0,0,0,0,0,0,1,0,24292
701348,0,0,6,0,0,107,0,1,1,1,0,1,0,0,0,0,0,0,0,1,0,0,0,1,7,0,0,0,5,0,0,0,1,0,24433
701361,0,0,30,0,0,0,0,0,1,1,0,500,0,0,0,0,0,0,0,1,0,0,0,1,0,0,0,0,0,0,0,0,1,0,24389
701362,0,1,6,0,0,13,0,99,1,1,0,1,0,0,0,0,0,0,0,1,0,0,0,1,4,0,0,0,0,0,0,0,1,0,24389
701372,0,0,6,0,0,107,0,-6,1,1,0,1,0,0,0,0,0,0,0,1,0,0,0,1,14,0,0,0,1179648,0,0,0,1,0,24471
701380,0,0,6,0,0,65,0,32,1,1,0,1,0,0,0,0,0,0,0,1,0,0,0,1,0,0,0,0,0,0,0,0,1,0,23723
701381,0,0,6,0,0,108,0,-101,1,1,0,1,0,0,0,0,0,0,0,1,0,0,0,1,14,0,0,0,-268435456,0,0,0,1,0,23724
701387,0,0,6,0,0,107,0,1,0,1,0,1,0,0,0,0,0,0,0,1,0,0,0,1,7,0,0,0,156507776,0,0,0,1,0,23236
701401,0,0,6,0,0,29,0,299,0,1,0,1,0,0,0,0,0,0,0,1,0,0,0,1,0,0,0,0,0,0,0,0,1,0,23719
701430,0,0,6,0,0,56,0,0,0,1,0,0,0,0,0,0,0,0,0,1,0,0,0,1,15118,0,0,0,0,0,0,0,1,0,24347
701431,0,1,6,0,0,82,0,0,1,1,0,1,0,0,0,0,0,0,0,1,0,0,0,1,0,0,0,0,0,0,0,0,1,0,24347
701432,0,2,6,0,0,58,0,24,1,1,0,1,0,0,0,0,0,0,0,1,0,0,0,1,0,0,0,0,0,0,0,0,1,0,24347
701458,0,0,6,0,0,24,5000,59,1,1,0,1,0,0,0,0,0,0,0,1,0,0,0,1,0,0,0,0,0,0,0,0,1,0,24268
701471,0,0,6,0,0,42,0,0,1,1,0,0,0,0,0,0,0,23722,0,1,0,0,0,1,0,0,0,0,0,0,0,0,1,0,23721
701482,0,0,6,0,0,107,0,0,1,1,0,1,0,0,0,0,0,0,0,1,0,0,0,1,6,0,0,0,96,0,0,0,1,0,24430
701497,0,0,6,0,0,42,0,0,0,1,0,0,0,0,0,0,0,23864,0,1,0,0,0,1,0,0,0,0,0,0,0,0,1,0,23863
701524,0,0,6,0,0,42,0,0,1,1,0,1,0,0,0,0,0,23577,0,1,0,0,0,1,0,0,0,0,0,0,0,0,1,0,23578
701595,0,0,6,0,0,107,0,4,1,1,0,1,0,0,0,0,0,0,0,1,0,0,0,1,5,0,0,0,1048704,0,0,0,1,0,24482
701605,0,0,6,0,0,108,0,4,0,1,0,1,0,0,0,0,0,0,0,1,0,0,0,1,0,0,0,0,12288,0,0,0,1,0,26118
701606,0,1,6,0,0,107,0,4,0,1,0,1,0,0,0,0,0,0,0,1,0,0,0,1,8,0,0,0,67108864,0,0,0,0,0,26118
701653,0,0,6,0,0,4,0,0,1,1,0,0,0,0,0,0,0,0,0,1,0,0,0,1,0,0,0,0,0,0,0,0,1,0,24661
701659,0,0,6,0,0,4,0,0,1,1,0,0,0,0,0,0,0,0,0,1,0,0,0,1,0,0,0,0,0,0,0,0,1,0,24658
701660,0,1,64,0,0,0,0,0,0,1,0,0,0,0,0,0,0,29275,0,1,0,0,0,1,0,0,0,0,0,0,0,0,0,0,24658
701663,0,0,6,0,0,107,0,0,0,1,0,1,0,0,0,0,0,0,0,1,0,0,0,1,7,0,0,0,156507840,0,0,0,1,0,24426
701691,0,0,6,0,0,30,0,9,1,1,0,1,0,0,0,0,0,0,0,1,0,0,0,1,393,0,0,0,0,0,0,0,1,0,24591
701700,0,0,6,0,0,107,0,34,1,1,0,1,0,0,0,0,0,0,0,1,0,0,0,1,8,0,0,0,1,0,0,0,1,0,24191
701713,0,0,3,0,0,0,0,0,1,1,0,0,0,0,0,0,0,0,0,1,0,0,0,1,0,0,0,0,0,0,0,0,0,0,24531
701717,0,1,6,0,0,5,0,0,0,1,0,0,0,0,0,0,0,0,0,1,0,0,0,1,0,0,0,0,0,0,0,0,6,0,26108
701718,0,0,6,0,0,108,0,49,0,1,0,1,128,0,0,0,0,0,0,1,0,0,0,1,8,0,0,0,128,0,0,0,1,0,26110
701726,0,0,2,0,0,0,0,86,0,1,0,19,0,0,0,0,0,0,0,1,0,0,0,1,0,0,0,0,0,0,0,0,25,0,24993
701727,0,0,6,0,0,99,0,153,0,1,0,1,0,0,0,0,0,0,0,1,0,0,0,1,0,0,0,0,0,0,0,0,1,0,24994
701778,0,0,6,0,0,13,0,23,0,1,0,1,0,0,0,0,0,0,0,1,0,0,0,1,126,0,0,0,0,0,0,0,1,0,24595
701779,0,1,6,0,0,135,0,23,1,1,0,1,0,0,0,0,0,0,0,1,0,0,0,1,126,0,0,0,0,0,0,0,1,0,24595
701821,0,0,30,0,0,0,0,299,1,1,0,1,0,0,0,0,0,0,0,1,0,0,0,1,1,0,0,0,0,0,0,0,1,0,24571
701860,0,0,6,0,0,552,0,9,1,1,0,1,0,0,0,0,0,0,0,1,0,0,0,1,2,0,0,0,0,0,0,0,1,0,24498
701870,0,0,6,0,0,564,0,11,0,1,0,1,0,0,0,0,0,0,0,1,0,0,0,1,0,0,0,0,0,0,0,0,1,0,25036
701872,0,0,6,0,0,31,0,7,0,1,0,1,0,0,0,0,0,0,0,1,0,0,0,1,0,0,0,0,0,0,0,0,1,0,23990
701876,0,0,63,0,0,0,0,-541,0,1,0,1,0,0,0,0,0,0,0,1,0,0,0,1,0,0,0,0,0,0,0,0,6,0,23604
701885,0,0,6,0,0,107,0,-21,1,1,0,1,0,0,0,0,0,0,0,1,0,0,0,1,14,0,0,0,2,0,0,0,1,0,24428
701893,0,0,6,0,0,108,0,-41,1,1,0,1,0,0,0,0,0,0,0,1,0,0,0,1,10,0,0,0,4096,0,0,0,1,0,24546
701894,0,1,6,0,0,108,0,-6,1,1,0,1,0,0,0,0,0,0,0,1,0,0,0,1,14,0,0,0,4464192,0,0,0,1,0,24546
701906,0,0,6,0,0,108,0,-16,1,1,0,1,0,0,0,0,0,0,0,1,0,0,0,1,11,0,0,0,524288,0,0,0,1,0,24487
701907,0,0,6,0,0,108,0,-6,1,1,0,1,1024,0,0,0,0,0,0,1,0,0,0,1,14,0,0,0,1024,0,0,0,1,0,24489
701917,0,0,6,0,0,107,0,4,1,1,0,1,0,0,0,0,0,0,0,1,0,0,0,1,7,0,0,0,2359296,0,0,0,1,0,24544
701918,0,1,6,0,0,108,0,49,1,1,0,1,0,0,0,0,0,0,0,1,0,0,0,1,15,0,0,0,2359296,0,0,0,1,0,24544
701931,0,0,6,0,0,99,0,139,0,1,0,1,0,0,0,0,0,0,0,1,0,0,0,1,0,0,0,0,0,0,0,0,1,0,26153
701932,0,0,6,0,0,135,0,89,0,1,0,1,0,0,0,0,0,0,0,1,0,0,0,1,126,0,0,0,0,0,0,0,1,0,26154
701933,0,0,6,0,0,13,0,58,0,1,0,1,0,0,0,0,0,0,0,1,0,0,0,1,126,0,0,0,0,0,0,0,1,0,26155
701934,0,1,6,0,0,135,0,58,1,1,0,1,0,0,0,0,0,0,0,1,0,0,0,1,126,0,0,0,0,0,0,0,1,0,26155
701941,0,1,6,0,0,117,0,9,1,1,0,1,0,0,0,0,0,0,0,1,0,0,0,1,26,0,0,0,0,0,0,0,1,0,27733
701942,0,2,6,0,0,117,0,9,1,1,0,1,0,0,0,0,0,0,0,1,0,0,0,1,9,0,0,0,0,0,0,0,1,0,27733
702027,0,0,6,0,0,42,0,0,1,1,0,0,0,0,0,0,0,24590,0,1,0,0,0,1,0,0,0,0,0,0,0,0,1,0,24574
702028,0,1,64,0,0,0,0,0,0,1,0,0,0,0,0,0,0,29284,0,1,0,0,0,1,0,0,0,0,0,0,0,0,1,0,24574
702036,0,0,6,0,0,107,0,-501,1,1,0,1,0,0,0,0,0,0,0,1,0,0,0,1,10,0,0,0,4,0,0,0,1,0,24491
702038,0,0,6,0,0,144,0,9,0,1,0,1,0,0,0,0,0,0,0,1,0,0,0,1,0,0,0,0,0,0,0,0,1,0,24350
702040,0,0,6,0,0,99,0,149,1,1,0,1,0,0,0,0,0,0,0,1,0,0,0,1,0,0,0,0,0,0,0,0,1,0,24352
702041,0,1,6,0,0,54,0,1,1,1,0,1,0,0,0,0,0,0,0,1,0,0,0,1,0,0,0,0,0,0,0,0,1,0,24352
702042,0,2,6,0,0,124,0,149,1,1,0,1,0,0,0,0,0,0,0,1,0,0,0,1,0,0,0,0,0,0,0,0,1,0,24352
702126,0,0,6,0,0,99,0,279,0,1,0,1,0,0,0,0,0,0,0,1,0,0,0,1,0,0,0,0,0,0,0,0,1,0,24697
702131,0,0,6,0,0,108,0,-16,0,1,0,1,0,0,0,0,0,0,0,1,0,0,0,1,14,0,0,0,1,0,131072,0,1,0,26117
702135,0,0,6,0,0,52,0,99,1,1,0,1,0,0,0,0,0,0,0,1,0,0,0,1,0,0,0,0,0,0,0,0,5,0,24353
702144,0,0,6,0,0,107,0,4999,1,1,0,1,1024,0,0,0,0,0,0,1,0,0,0,1,1,0,0,0,1024,0,0,0,1,0,24479
702145,0,0,6,0,0,107,0,2,1,1,0,1,0,0,0,0,0,0,0,1,0,0,0,1,7,0,0,0,4,0,0,0,1,0,24480
702174,0,0,6,0,0,112,0,99,1,1,0,1,128,0,0,0,0,0,0,1,0,0,0,1,4235,0,0,0,128,0,0,0,1,0,26127
702175,0,0,6,0,0,42,0,0,0,1,0,1,0,0,0,0,0,26129,0,1,0,0,0,1,0,0,0,0,0,0,0,0,1,0,26128
702191,0,0,30,0,0,0,0,59,1,1,0,1,0,0,0,0,0,0,0,1,0,0,0,1,3,0,0,0,0,0,0,0,1,0,24532
702229,0,0,6,0,0,42,0,0,0,1,0,1,0,0,0,0,0,26121,0,1,0,0,0,1,0,0,0,0,0,0,0,0,1,0,26119
702230,0,0,6,0,0,107,0,-401,0,1,0,1,0,0,0,0,0,0,0,1,0,0,0,1,10,0,0,0,256,0,0,0,1,0,26122
702231,0,0,6,0,0,108,0,4,0,1,0,1,0,0,0,0,0,0,0,1,0,0,0,1,20,0,0,0,2,0,0,0,1,0,26123
702246,0,0,6,0,0,107,0,-501,1,1,0,1,0,0,0,0,0,0,0,1,0,0,0,1,10,0,0,0,131072,0,0,0,1,0,24483
702247,0,0,6,0,0,108,0,1,1,1,0,1,0,0,0,0,0,0,0,1,0,0,0,1,22,0,0,0,2,0,0,0,1,0,24486
702276,0,0,2,0,0,0,0,71,1,1,0,25,0,0,0,0,0,0,0,1,0,0,0,1,0,0,0,0,0,0,0,0,25,0,24251
702284,0,0,9,1,0,0,0,47,1,1,0,7,0,0,0,0,0,0,0,1,0,0,0,1,0,0,0,0,0,0,0,0,6,0,24585
702325,0,0,6,0,0,107,0,-15001,1,1,0,1,0,0,0,0,0,0,0,1,0,0,0,1,11,0,0,0,262144,0,0,0,1,0,24456
702328,0,0,35,0,0,4,0,0,1,1,0,0,0,0,0,0,0,0,0,1,0,0,0,1,0,0,0,0,0,0,0,0,1,0,24746
702356,0,0,6,0,0,31,0,7,0,1,0,1,0,0,0,0,0,0,0,1,0,0,0,1,0,0,0,0,0,0,0,0,1,0,24090
702357,0,1,6,0,0,58,0,7,1,1,0,1,0,0,0,0,0,0,0,1,0,0,0,1,0,0,0,0,0,0,0,0,1,0,24090
702387,0,0,6,0,0,108,0,-36,0,1,0,1,0,0,0,0,0,0,0,1,0,0,0,1,14,0,0,0,983040,0,0,0,1,0,26109
702402,0,0,6,0,0,107,0,-21,0,1,0,1,0,0,0,0,0,0,0,1,0,0,0,1,14,0,0,0,1073741824,0,0,0,1,0,26111
702442,0,0,6,0,0,13,0,67,0,1,0,1,0,0,0,0,0,0,0,1,0,0,0,1,126,0,0,0,0,0,0,0,1,0,26227
702443,0,1,6,0,0,135,0,67,1,1,0,1,0,0,0,0,0,0,0,1,0,0,0,1,126,0,0,0,0,0,0,0,1,0,26227
702463,0,0,6,0,0,123,0,-11,0,1,0,1,0,0,0,0,0,0,0,1,0,0,0,1,124,0,0,0,0,0,0,0,1,0,25975
702525,0,0,6,0,0,42,0,99,1,1,0,1,0,0,0,0,0,25907,0,1,0,0,0,1,0,0,0,0,0,0,0,0,1,0,25906
702536,0,0,6,0,0,107,0,-11,0,1,0,1,0,0,0,0,0,0,0,1,0,0,0,1,14,0,0,0,262144,0,0,0,1,0,26114
702573,0,0,6,0,0,42,0,0,0,1,0,1,0,0,0,0,0,27499,0,1,0,0,0,1,0,0,0,0,0,0,0,0,1,0,27498
702578,0,0,28,99999,0,0,0,0,0,1,0,1,0,0,0,0,0,0,0,1,0,0,0,1,15720,5121,15,0,0,0,0,0,32,0,26066
702606,0,0,6,0,0,108,0,4,0,1,0,1,0,0,0,0,0,0,0,1,0,0,0,1,8,0,0,0,4,65536,8388610,0,1,0,26116
702673,0,0,56,0,0,0,0,0,0,1,0,1,0,0,0,0,0,0,0,1,0,0,0,1,1860,0,0,0,0,0,0,0,32,0,25112
702779,0,0,6,0,0,108,0,19,1,1,0,1,0,0,0,0,0,0,0,1,0,0,0,1,1,0,0,0,538443776,0,0,0,1,0,26130
702785,0,0,6,0,0,42,0,19,1,1,0,1,0,0,0,0,0,26975,0,1,0,0,0,1,0,0,0,0,0,0,0,0,1,0,26135
702805,0,0,6,0,0,108,0,14,0,1,0,1,0,0,0,0,0,0,0,1,0,0,0,1,8,0,0,0,32768,0,0,0,1,0,26131
702830,0,0,6,0,0,4,0,0,0,1,0,1,0,0,0,0,0,0,0,1,0,0,0,1,0,0,0,0,0,0,0,0,1,0,26169
702852,0,0,6,0,0,107,0,2999,0,1,0,1,0,0,0,0,0,0,0,1,0,0,0,1,1,0,0,0,64,0,0,0,1,0,26171
702853,0,0,6,0,0,108,0,4,0,1,0,1,0,0,0,0,0,0,0,1,0,0,0,1,8,0,0,0,32768,0,0,0,1,0,26172
702875,0,0,6,0,0,13,0,49,1,1,0,1,0,0,0,0,0,0,0,1,0,0,0,1,126,0,0,0,0,0,0,0,1,0,26166
702876,0,1,6,0,0,123,0,-101,1,1,0,1,0,0,0,0,0,0,0,1,0,0,0,1,124,0,0,0,0,0,0,0,1,0,26166
702887,0,0,6,0,0,107,0,9,1,1,0,1,0,0,0,0,0,0,0,1,0,0,0,1,7,0,0,0,997,65536,8519682,0,1,0,24543
702906,0,0,6,0,0,108,0,-41,1,1,0,1,0,0,0,0,0,0,0,1,0,0,0,1,10,0,0,0,32,0,0,0,1,0,24542
702907,0,1,6,0,0,108,0,-6,1,1,0,1,0,0,0,0,0,0,0,1,0,0,0,1,14,0,0,0,240,0,0,0,1,0,24542
702977,0,0,6,0,0,42,0,99,0,1,0,1,0,0,0,0,0,24241,0,1,0,0,0,1,0,0,0,0,0,0,0,0,1,0,25669
703038,0,0,6,0,0,13,0,52,0,1,0,1,0,0,0,0,0,0,0,1,0,0,0,1,126,0,0,0,0,0,0,0,1,0,26142
703039,0,1,6,0,0,135,0,52,1,1,0,1,0,0,0,0,0,0,0,1,0,0,0,1,126,0,0,0,0,0,0,0,1,0,26142
703040,0,0,6,0,0,135,0,120,0,1,0,1,0,0,0,0,0,0,0,1,0,0,0,1,126,0,0,0,0,0,0,0,1,0,26228
703047,0,0,6,0,0,15,0,24,0,1,0,1,0,0,0,0,0,0,0,1,0,0,0,1,0,0,0,0,0,0,0,0,1,0,26168
703069,0,0,6,0,0,107,0,-120001,0,1,0,1,0,0,0,0,0,0,0,1,0,0,0,1,11,0,0,0,32,0,0,0,1,0,26174
703070,0,0,6,0,0,123,0,-11,0,1,0,1,0,0,0,0,0,0,0,1,0,0,0,1,124,0,0,0,0,0,0,0,1,0,26175
703071,0,0,6,0,0,23,3000,2,0,1,0,1,0,0,0,0,0,29233,0,1,0,0,0,1,0,0,0,0,33554432,0,0,0,1,0,26176
703074,0,0,6,0,0,135,0,349,1,1,0,1,0,0,0,0,0,0,0,1,0,0,0,1,126,0,0,0,0,0,0,0,1,0,24998
703117,0,0,6,0,0,107,0,-60001,0,1,0,1,0,0,0,0,0,0,0,1,0,0,0,1,11,0,0,0,32,0,0,0,1,0,26112
703118,0,0,6,0,0,108,0,14,0,1,0,1,0,0,0,0,0,0,0,1,0,0,0,1,0,0,0,0,131072,0,0,0,1,0,26113
703145,0,0,6,0,0,108,0,-11,0,1,0,1,2048,0,0,0,0,0,0,1,0,0,0,1,14,0,0,0,2048,0,0,0,1,0,26173
703153,0,0,6,0,0,13,0,59,0,1,0,1,0,0,0,0,0,0,0,1,0,0,0,1,126,0,0,0,0,0,0,0,1,0,26158
703154,0,1,6,0,0,135,0,59,1,1,0,1,0,0,0,0,0,0,0,1,0,0,0,1,126,0,0,0,0,0,0,0,1,0,26158
703187,0,0,2,0,0,0,0,238,0,1,0,39,0,0,0,0,0,0,0,1,0,0,0,1,0,0,0,0,0,0,0,0,6,0,26415
703198,0,0,6,0,0,10,0,-71,1,1,0,1,0,0,0,0,0,0,0,1,0,0,0,1,127,0,0,0,0,0,0,0,1,0,26400
703404,0,0,6,0,0,42,0,0,1,1,0,1,0,0,0,0,0,27868,0,1,0,0,0,1,0,0,0,0,0,0,0,0,1,0,27867
703434,0,0,6,0,0,154,0,7,0,1,0,1,0,0,0,0,0,0,0,1,0,0,0,1,0,0,0,0,0,0,0,0,1,0,27037
703444,0,0,6,0,0,23,3000,0,1,1,0,0,0,0,0,0,0,27042,0,1,0,0,0,1,0,0,0,0,0,0,0,0,1,0,27043
703484,0,0,6,0,0,23,3000,0,1,1,0,0,0,0,0,0,0,27039,0,1,0,0,0,1,0,0,0,0,0,0,0,0,1,0,27038
703520,0,0,6,0,0,42,0,0,1,1,0,0,0,0,0,0,0,26465,0,1,0,0,0,1,0,0,0,0,0,0,0,0,1,0,26463
703521,0,1,64,0,0,0,0,0,0,1,0,0,0,0,0,0,0,29286,0,1,0,0,0,1,0,0,0,0,0,0,0,0,1,0,26463
703522,0,0,6,0,0,13,0,71,0,1,0,1,0,0,0,0,0,0,0,1,0,0,0,1,126,0,0,0,0,0,0,0,1,0,26395
703523,0,1,6,0,0,135,0,71,1,1,0,1,0,0,0,0,0,0,0,1,0,0,0,1,126,0,0,0,0,0,0,0,1,0,26395
703544,0,0,6,0,0,42,0,0,1,1,0,0,0,0,0,0,0,26481,0,1,0,0,0,1,0,0,0,0,0,0,0,0,1,0,26480
703548,0,0,6,0,0,124,0,599,1,1,0,1,0,0,0,0,0,0,0,1,0,0,0,1,0,0,0,0,0,0,0,0,1,0,28347
703549,0,1,6,0,0,99,0,599,1,1,0,1,0,0,0,0,0,0,0,1,0,0,0,1,0,0,0,0,0,0,0,0,1,0,28347
703550,0,2,6,0,0,89,10000,9,0,1,0,1,0,0,0,0,0,0,0,1,0,0,0,1,0,0,0,0,0,0,0,0,1,0,28347
703559,0,0,6,0,0,42,0,0,0,1,0,0,0,0,0,0,0,13567,0,1,0,0,0,1,0,0,0,0,0,0,0,0,1,0,26467
703605,0,0,6,0,0,42,0,99,1,1,0,1,0,0,0,0,0,18350,0,1,0,0,0,1,0,0,0,0,0,0,0,0,1,0,27522
703637,0,0,6,0,0,123,0,-21,0,1,0,1,0,0,0,0,0,0,0,1,0,0,0,1,124,0,0,0,0,0,0,0,1,0,26283
703658,0,0,6,0,0,13,0,3,0,1,0,1,0,0,0,0,0,0,0,1,0,0,0,1,1,0,0,0,0,0,0,0,1,0,25901
703666,0,0,6,0,0,4,0,0,1,1,0,0,0,0,0,0,0,0,0,1,0,0,0,1,0,0,0,0,0,0,0,0,1,0,27539
703698,0,0,50,0,0,0,0,-1,0,1,0,1,0,0,0,0,0,0,0,1,0,0,0,1,181146,0,15,0,0,0,0,0,47,0,28148
703718,0,0,6,0,0,13,0,94,0,1,0,1,0,0,0,0,0,0,0,1,0,0,0,1,126,0,0,0,0,0,0,0,1,0,28693
703719,0,1,6,0,0,135,0,94,1,1,0,1,0,0,0,0,0,0,0,1,0,0,0,1,126,0,0,0,0,0,0,0,1,0,28693
703765,0,0,6,0,0,42,0,99,1,1,0,1,0,0,0,0,0,25768,0,1,0,0,0,1,0,0,0,0,0,0,0,0,1,0,25767
703891,0,0,6,0,0,14,0,-11,0,1,0,1,0,0,0,0,0,0,0,1,0,0,0,1,126,0,0,0,0,0,0,0,1,0,27518
703959,0,0,6,0,0,135,0,160,0,1,0,1,0,0,0,0,0,0,0,1,0,0,0,1,126,0,0,0,0,0,0,0,1,0,28686
703960,0,0,6,0,0,13,0,84,0,1,0,1,0,0,0,0,0,0,0,1,0,0,0,1,126,0,0,0,0,0,0,0,1,0,28687
703961,0,1,6,0,0,135,0,84,1,1,0,1,0,0,0,0,0,0,0,1,0,0,0,1,126,0,0,0,0,0,0,0,1,0,28687
703976,0,0,63,0,0,0,0,-651,0,1,0,1,0,0,0,0,0,0,0,1,0,0,0,1,0,0,10,0,0,0,0,0,22,15,25892
703990,0,0,6,0,0,99,0,279,1,1,0,1,0,0,0,0,0,0,0,1,0,0,0,1,0,0,0,0,0,0,0,0,1,0,25891
703991,0,2,6,0,0,124,0,279,1,1,0,1,0,0,0,0,0,0,0,1,0,0,0,1,0,0,0,0,0,0,0,0,1,0,25891
704009,0,0,35,0,0,135,0,61,1,1,0,1,0,0,0,0,0,0,0,1,0,0,0,1,126,0,10,0,0,0,0,0,1,0,28144
704042,0,0,6,0,0,99,0,304,0,1,0,1,0,0,0,0,0,0,0,1,0,0,0,1,0,0,0,0,0,0,0,0,1,0,28717
704061,0,0,6,0,0,135,0,177,0,1,0,1,0,0,0,0,0,0,0,1,0,0,0,1,126,0,0,0,0,0,0,0,1,0,28736
704077,0,0,3,0,0,0,0,0,0,1,0,0,0,0,0,0,0,0,0,1,0,0,0,1,0,0,0,0,0,0,0,0,0,0,28414
704082,0,0,6,0,0,42,0,0,1,1,0,0,0,0,0,0,0,28204,0,1,0,0,0,1,0,0,0,0,0,0,0,0,1,0,28200
704085,0,0,6,0,0,42,0,0,0,1,0,0,0,0,0,0,0,29502,0,1,0,0,0,1,0,0,0,0,0,0,0,0,1,0,29501
704100,0,0,6,0,0,564,0,31,0,1,0,1,0,0,0,0,0,0,0,1,0,0,0,1,0,0,0,0,0,0,0,0,1,0,28325
704103,0,0,35,0,0,13,0,32,1,1,0,1,0,0,0,0,0,0,0,1,0,0,0,1,126,0,10,0,0,0,0,0,1,0,28143
704104,0,1,35,0,0,135,0,32,0,1,0,1,0,0,0,0,0,0,0,1,0,0,0,1,126,0,0,0,0,0,0,0,0,0,28143
704105,0,0,6,0,0,135,0,299,0,1,0,1,0,0,0,0,0,0,0,1,0,0,0,1,126,0,0,0,0,0,0,0,1,0,28155
704106,0,1,6,0,0,13,0,119,0,1,0,1,0,0,0,0,0,0,0,1,0,0,0,1,126,0,0,0,0,0,0,0,0,0,28155
704132,0,0,6,0,0,564,0,20,0,1,0,1,0,0,0,0,0,0,0,1,0,0,0,1,0,0,0,0,0,0,0,0,1,0,28112
704189,0,0,6,0,0,23,3000,0,1,1,0,0,0,0,0,0,0,27205,0,1,0,0,0,1,0,0,0,0,0,0,0,0,1,0,27206
704192,0,0,6,0,0,42,0,0,1,1,0,1,0,0,0,0,0,21330,0,1,0,0,0,1,0,0,0,0,0,0,0,0,1,0,27780
704193,0,0,6,0,0,13,0,149,0,1,0,1,0,0,0,0,0,0,0,1,0,0,0,1,126,0,0,0,0,0,0,0,1,0,28141
704194,0,1,6,0,0,135,0,149,1,1,0,1,0,0,0,0,0,0,0,1,0,0,0,1,126,0,0,0,0,0,0,0,1,0,28141
704195,0,0,35,0,0,57,0,1,1,1,0,1,0,0,0,0,0,0,0,1,0,0,0,1,0,0,10,0,0,0,0,0,1,0,28142
704209,0,0,6,0,0,564,0,29,0,1,0,1,0,0,0,0,0,0,0,1,0,0,0,1,0,0,0,0,0,0,0,0,1,0,28113
704218,0,0,6,0,0,112,0,-1,0,1,0,1,0,0,0,0,0,0,0,1,0,0,0,1,4537,0,0,0,64,0,0,0,1,0,28744
704241,0,0,6,0,0,23,3000,0,1,1,0,0,0,0,0,0,0,27208,0,1,0,0,0,1,0,0,0,0,0,0,0,0,1,0,27225
704274,0,0,6,0,0,42,0,0,1,1,0,0,0,0,0,0,0,27418,0,1,0,0,0,1,0,0,0,0,0,0,0,0,1,0,27419
704296,0,0,6,0,0,135,0,299,0,1,0,1,0,0,0,0,0,0,0,1,0,0,0,1,126,0,0,0,0,0,0,0,1,0,28152
704302,0,0,35,0,0,85,0,10,1,1,0,1,0,0,0,0,0,0,0,1,0,0,0,1,0,0,10,0,0,0,0,0,1,0,28145
704322,0,0,6,0,0,99,0,419,0,1,0,1,0,0,0,0,0,0,0,1,0,0,0,1,0,0,0,0,0,0,0,0,1,0,28154
704352,0,0,6,0,0,4,0,0,0,1,0,0,0,0,0,0,0,0,0,1,0,0,0,1,0,0,0,0,16,0,0,0,1,0,28719
704364,0,0,6,0,0,52,0,0,0,1,0,1,0,0,0,0,0,0,0,1,0,0,0,1,0,0,0,0,0,0,0,0,1,0,28118
704437,0,0,6,0,0,42,0,0,0,1,0,0,0,0,0,0,0,27655,0,1,0,0,0,1,0,0,0,0,0,0,0,0,1,0,27656
704471,0,0,6,0,0,13,0,75,0,1,0,1,0,0,0,0,0,0,0,1,0,0,0,1,126,0,0,0,0,0,0,0,1,0,26460
704472,0,1,6,0,0,135,0,75,1,1,0,1,0,0,0,0,0,0,0,1,0,0,0,1,126,0,0,0,0,0,0,0,1,0,26460
704473,0,0,6,0,0,135,0,142,0,1,0,1,0,0,0,0,0,0,0,1,0,0,0,1,126,0,0,0,0,0,0,0,1,0,26461
704524,0,0,6,0,0,13,0,99,1,1,0,1,0,0,0,0,0,0,0,1,0,0,0,1,126,0,0,0,0,0,0,0,1,0,27675
704525,0,1,6,0,0,135,0,189,1,1,0,1,0,0,0,0,0,0,0,1,0,0,0,1,126,0,0,0,0,0,0,0,1,0,27675
704546,0,0,6,0,0,42,0,0,0,1,0,1,0,0,0,0,0,27788,0,1,0,0,0,1,0,0,0,0,0,0,0,0,1,0,27787
704549,0,0,6,0,0,112,0,-1,0,1,0,1,0,0,0,0,0,0,0,1,0,0,0,1,4533,0,0,0,16,0,0,0,1,0,28716
704588,0,0,6,0,0,42,0,0,1,1,0,1,0,0,0,0,0,27779,0,1,0,0,0,1,0,0,0,0,0,0,0,0,1,0,27778
704614,0,0,6,0,0,42,0,0,1,1,0,0,0,0,0,0,0,27798,0,1,0,0,0,1,0,0,0,0,0,0,0,0,1,0,27781
704636,0,0,6,0,0,42,0,0,0,1,0,1,0,0,0,0,0,27786,0,1,0,0,0,1,0,0,0,0,0,0,0,0,1,0,27785
704669,0,0,6,0,0,30,0,7,0,1,0,1,0,0,0,0,0,0,0,1,0,0,0,1,46,0,0,0,0,0,0,0,1,0,27743
704682,0,0,2,0,0,0,0,399,0,1,0,43,0,0,0,0,0,0,0,1,0,0,0,1,0,0,8,0,0,0,0,0,53,16,26789
704684,0,0,6,0,0,30,0,7,0,1,0,1,0,0,0,0,0,0,0,1,0,0,0,1,226,0,0,0,0,0,0,0,1,0,27744
704714,0,0,6,0,0,135,0,186,0,1,0,1,0,0,0,0,0,0,0,1,0,0,0,1,126,0,0,0,0,0,0,0,1,0,26814
704723,0,0,9,1,0,0,0,140,0,1,0,23,0,0,0,0,0,0,0,1,0,0,0,1,0,0,0,0,0,0,0,0,6,0,26693
704762,0,0,28,-28,0,0,0,0,1,1,0,0,0,0,0,0,0,0,0,1,0,0,0,1,15901,5121,15,0,0,0,0,0,47,0,26391
704768,0,0,6,0,0,42,0,0,0,1,0,0,0,0,0,0,0,29638,0,1,0,0,0,1,0,0,0,0,0,0,0,0,1,0,29624
704769,0,0,6,0,0,42,0,0,0,1,0,0,0,0,0,0,0,29639,0,1,0,0,0,1,0,0,0,0,0,0,0,0,1,0,29625
704791,0,0,6,0,0,42,0,0,0,1,0,0,0,0,0,0,0,29164,0,1,0,0,0,1,0,0,0,0,0,0,0,0,1,0,29162
704813,0,0,6,0,0,572,0,-26,1,1,0,1,0,0,0,0,0,0,0,1,0,0,0,1,126,0,0,0,0,0,0,0,1,0,28746
704814,0,1,6,0,0,108,0,-26,0,1,0,1,0,0,0,0,0,0,0,1,0,0,0,1,2,0,0,0,1030,65537,8388610,0,0,0,28746
704829,0,0,6,0,0,42,0,0,0,1,0,0,0,0,0,0,0,29653,0,1,0,0,0,1,0,0,0,0,0,0,0,0,1,0,29636
704850,0,0,6,0,0,42,0,0,0,1,0,0,0,0,0,0,0,29655,0,1,0,0,0,1,0,0,0,0,0,0,0,0,1,0,29637
704852,0,0,6,0,0,42,0,99,0,1,0,1,0,0,0,0,0,28817,0,1,0,0,0,1,0,0,0,0,570556422,1,2,36,1,0,28816
704863,0,0,6,0,0,22,0,199,0,1,0,1,0,0,0,0,0,0,0,1,0,0,0,1,1,0,0,0,0,0,0,0,1,0,29091
704865,0,0,6,0,0,42,0,-1,0,1,0,1,0,0,0,0,0,28753,0,1,0,0,0,1,0,0,0,0,4096,0,0,0,1,0,28752
704867,0,0,6,0,0,10,0,-36,1,1,0,1,0,0,0,0,0,0,0,1,0,0,0,1,127,0,0,0,0,0,0,0,1,0,28862
704886,0,0,6,0,0,13,0,50,0,1,0,1,0,0,0,0,0,0,0,1,0,0,0,1,126,0,0,0,0,0,0,0,1,0,28767
704887,0,1,6,0,0,135,0,50,1,1,0,1,0,0,0,0,0,0,0,1,0,0,0,1,126,0,0,0,0,0,0,0,1,0,28767
704888,0,0,6,0,0,108,0,-4,1,1,0,1,0,0,0,0,0,0,0,1,0,0,0,1,14,0,0,0,240,0,0,0,1,0,28743
704895,0,0,6,0,0,108,0,11,0,1,0,1,0,0,0,0,0,0,0,1,0,0,0,1,22,0,0,0,2,0,0,0,1,0,28829
704896,0,0,6,0,0,108,0,-13,0,1,0,1,0,0,0,0,0,0,0,1,0,0,0,1,14,0,0,0,262144,0,0,0,1,0,28830
704905,0,0,6,0,0,109,0,99,0,1,0,1,0,0,0,0,0,28820,0,1,0,0,0,1,0,0,0,0,1024,0,0,0,1,0,28821
704915,0,0,6,0,0,109,0,99,0,1,0,1,0,0,0,0,0,28839,0,1,0,0,0,1,0,0,0,0,1,0,131072,0,1,0,28831
704917,0,0,6,0,0,42,0,99,0,1,0,1,0,0,0,0,0,28846,0,1,0,0,0,1,0,0,0,0,1,0,0,0,1,0,28845
704919,0,0,6,1,0,138,0,19,0,1,0,1,0,0,0,0,0,0,0,1,0,0,0,1,0,0,0,0,0,0,0,0,1,0,28866
704920,0,1,6,0,0,140,0,19,0,1,0,1,0,0,0,0,0,0,0,1,0,0,0,1,0,0,0,0,0,0,0,0,1,0,28866
704952,0,0,6,0,0,42,0,0,1,1,0,0,0,0,0,0,0,28772,0,1,0,0,0,1,0,0,0,0,0,0,0,0,1,0,28771
704979,0,0,6,0,0,22,0,199,0,1,0,1,0,0,0,0,0,0,0,1,0,0,0,1,1,0,0,0,0,0,0,0,1,0,29090
704986,0,0,6,0,0,42,0,0,0,1,0,0,0,0,0,0,0,29640,0,1,0,0,0,1,0,0,0,0,0,0,0,0,1,0,29626
704987,0,0,6,0,0,42,0,0,0,1,0,0,0,0,0,0,0,29644,0,1,0,0,0,1,0,0,0,0,0,0,0,0,1,0,29633
704988,0,0,6,0,0,42,0,0,0,1,0,0,0,0,0,0,0,29641,0,1,0,0,0,1,0,0,0,0,0,0,0,0,1,0,29632
705001,0,0,6,0,0,123,0,-14,0,1,0,1,0,0,0,0,0,0,0,1,0,0,0,1,124,0,0,0,0,0,0,0,1,0,28869
705002,0,0,6,0,0,102,0,59,0,1,0,1,0,0,0,0,0,0,0,1,0,0,0,1,32,0,0,0,0,0,0,0,1,0,28870
705003,0,1,6,0,0,131,0,59,1,1,0,1,0,0,0,0,0,0,0,1,0,0,0,1,32,0,0,0,0,0,0,0,1,0,28870
705008,0,0,6,0,0,42,0,0,0,1,0,0,0,0,0,0,0,29647,0,1,0,0,0,1,0,0,0,0,0,0,0,0,1,0,29635
705041,0,0,6,0,0,564,0,234,0,1,0,1,0,0,0,0,0,0,0,1,0,0,0,1,0,0,0,0,0,0,0,0,1,0,28773
705042,0,0,6,0,0,107,0,-720001,0,1,0,1,0,0,0,0,0,0,0,1,0,0,0,1,11,0,0,0,32768,0,0,0,1,0,28774
705059,0,0,6,0,0,22,0,39,0,1,0,1,0,0,0,0,0,0,0,1,0,0,0,1,126,0,0,0,0,0,0,0,1,0,28778
705061,0,0,6,0,0,4,0,19,0,1,0,1,0,0,0,0,0,0,0,1,0,0,0,1,0,0,0,0,0,1,0,0,1,0,28775
705070,0,0,6,0,0,69,0,899,0,1,0,1,0,0,0,0,0,0,0,1,0,0,0,1,127,0,0,0,0,0,0,0,1,0,29506
705105,0,0,6,0,0,23,2000,0,1,1,0,0,0,0,0,0,0,29604,0,1,0,0,0,1,0,0,0,0,0,0,0,0,1,0,29602
705106,0,1,64,0,0,0,0,0,0,1,0,0,0,0,0,0,0,29604,0,1,0,0,0,1,0,0,0,0,0,0,0,0,1,0,29602
705107,0,0,6,0,0,42,0,0,0,1,0,0,0,0,0,0,0,29646,0,1,0,0,0,1,0,0,0,0,0,0,0,0,1,0,29634
705130,0,0,6,0,0,107,0,3999,0,1,0,1,0,0,0,0,0,0,0,1,0,0,0,1,1,0,0,0,32,0,0,0,1,0,28755
705153,0,0,6,0,0,107,0,-60001,0,1,0,1,0,0,0,0,0,0,0,1,0,0,0,1,11,0,0,0,67108864,0,0,0,1,0,28763
705154,0,0,6,0,0,4,0,0,1,1,0,0,0,0,0,0,0,0,0,1,0,0,0,1,0,0,0,0,0,0,0,0,1,0,28764
705162,0,0,6,0,0,109,0,-1,1,1,0,1,0,0,5,0,0,28815,0,1,0,0,0,1,0,0,0,0,131072,0,0,0,1,0,28814
705193,0,0,6,0,0,4,0,0,0,1,0,0,0,0,0,0,0,0,0,1,0,0,0,1,0,0,0,0,16,0,0,0,1,0,28809
705199,0,0,6,0,0,102,0,149,0,1,0,1,0,0,0,0,0,0,0,1,0,0,0,1,36,0,0,0,0,0,0,0,1,0,29112
705200,0,1,6,0,0,131,0,149,1,1,0,1,0,0,0,0,0,0,0,1,0,0,0,1,36,0,0,0,0,0,0,0,1,0,29112
705201,0,0,6,0,0,180,0,84,0,1,0,1,0,0,0,0,0,0,0,1,0,0,0,1,36,0,0,0,0,0,0,0,1,0,29113
705206,0,0,9,1,0,0,0,184,0,1,0,31,0,0,0,0,0,0,0,1,0,0,0,1,0,0,0,0,0,0,0,0,6,0,29155
705211,0,0,6,0,0,22,0,199,0,1,0,1,0,0,0,0,0,0,0,1,0,0,0,1,1,0,0,0,0,0,0,0,1,0,29096
705212,0,0,6,0,0,22,0,199,0,1,0,1,0,0,0,0,0,0,0,1,0,0,0,1,1,0,0,0,0,0,0,0,1,0,29097
705216,0,0,6,0,0,99,0,39,0,1,0,1,0,0,0,0,0,0,0,1,0,0,0,1,0,0,0,0,0,0,0,0,1,0,30771
705217,0,1,6,0,0,124,0,39,0,1,0,1,0,0,0,0,0,0,0,1,0,0,0,1,0,0,0,0,0,0,0,0,1,0,30771
705221,0,0,6,0,0,108,0,-13,0,1,0,1,0,0,0,0,0,0,0,1,0,0,0,1,14,0,0,0,537399320,0,0,0,1,0,28818
705224,0,0,6,0,0,108,0,-13,0,1,0,1,0,0,0,0,0,0,0,1,0,0,0,1,14,0,0,0,64,0,0,0,1,0,28807
705225,0,0,6,0,0,108,0,-11,0,1,0,1,0,0,0,0,0,0,0,1,0,0,0,1,2,0,0,0,151264832,0,0,0,1,0,28808
705233,0,0,6,0,0,22,0,199,0,1,0,1,0,0,0,0,0,0,0,1,0,0,0,1,1,0,0,0,0,0,0,0,1,0,29092
705234,0,0,6,0,0,22,0,199,0,1,0,1,0,0,0,0,0,0,0,1,0,0,0,1,1,0,0,0,0,0,0,0,1,0,29093
705235,0,0,6,0,0,22,0,199,0,1,0,1,0,0,0,0,0,0,0,1,0,0,0,1,1,0,0,0,0,0,0,0,1,0,29094
705247,0,0,6,0,0,99,0,259,0,1,0,1,0,0,0,0,0,0,0,1,0,0,0,1,0,0,0,0,0,0,0,0,1,0,28777
705248,0,1,6,0,0,124,0,259,0,1,0,1,0,0,0,0,0,0,0,1,0,0,0,1,0,0,0,0,0,0,0,0,1,0,28777
705269,0,0,6,0,0,109,0,99,0,1,0,1,0,0,0,0,0,28788,0,1,0,0,0,1,0,0,0,0,4096,0,0,0,1,0,28787
705274,0,0,6,0,0,99,0,97,0,1,0,1,0,0,0,0,0,0,0,1,0,0,0,1,0,0,0,0,0,0,0,0,1,0,28840
705275,0,1,6,0,0,124,0,97,0,1,0,1,0,0,0,0,0,0,0,1,0,0,0,1,0,0,0,0,0,0,0,0,1,0,28840
705304,0,0,6,0,0,108,0,-9,0,1,0,1,0,0,0,0,0,0,0,1,0,0,0,1,2,0,0,0,570556422,2097159,2,36,1,0,28811
705305,0,0,6,0,0,42,0,99,0,1,0,1,0,0,0,0,0,28813,0,1,0,0,0,1,0,0,0,0,570556422,2097153,2,36,1,0,28812
705309,0,0,6,0,0,13,0,112,0,1,0,1,0,0,0,0,0,0,0,1,0,0,0,1,126,0,0,0,0,0,0,0,1,0,28841
705310,0,1,6,0,0,135,0,112,1,1,0,1,0,0,0,0,0,0,0,1,0,0,0,1,126,0,0,0,0,0,0,0,1,0,28841
705311,0,0,6,0,0,107,0,4,0,1,0,1,0,0,0,0,0,0,0,1,0,0,0,1,16,0,0,0,17472,1,0,0,1,0,28842
705312,0,0,6,0,0,107,0,4,0,1,0,1,0,0,0,0,0,0,0,1,0,0,0,1,16,0,0,0,557056,0,0,0,1,0,28843
705313,0,0,6,0,0,107,0,74,0,1,0,1,0,0,0,0,0,0,0,1,0,0,0,1,0,0,0,0,1024,0,0,0,1,0,28844
705325,0,0,6,0,0,99,0,39,0,1,0,1,0,0,0,0,0,0,0,1,0,0,0,1,0,0,0,0,0,0,0,0,1,0,30772
705326,0,1,6,0,0,124,0,39,0,1,0,1,0,0,0,0,0,0,0,1,0,0,0,1,0,0,0,0,0,0,0,0,1,0,30772
705327,0,0,6,0,0,99,0,39,0,1,0,1,0,0,0,0,0,0,0,1,0,0,0,1,0,0,0,0,0,0,0,0,1,0,30775
705328,0,1,6,0,0,124,0,39,0,1,0,1,0,0,0,0,0,0,0,1,0,0,0,1,0,0,0,0,0,0,0,0,1,0,30775
705331,0,0,6,0,0,13,0,22,0,1,0,1,0,0,0,0,0,0,0,1,0,0,0,1,126,0,0,0,0,0,0,0,1,0,30777
705332,0,1,6,0,0,135,0,22,1,1,0,1,0,0,0,0,0,0,0,1,0,0,0,1,126,0,0,0,0,0,0,0,1,0,30777
705348,0,0,6,0,0,108,0,24,0,1,0,1,0,0,0,0,0,0,0,1,0,0,0,1,8,0,0,0,16384,0,0,0,1,0,29171
705350,0,0,6,0,0,107,0,-21,0,1,0,1,0,0,0,0,0,0,0,1,0,0,0,1,14,0,0,0,135168,0,0,0,1,0,28751
705355,0,0,6,0,0,99,0,39,0,1,0,1,0,0,0,0,0,0,0,1,0,0,0,1,0,0,0,0,0,0,0,0,1,0,30770
705356,0,1,6,0,0,124,0,39,0,1,0,1,0,0,0,0,0,0,0,1,0,0,0,1,0,0,0,0,0,0,0,0,1,0,30770
705364,0,0,6,0,0,13,0,22,0,1,0,1,0,0,0,0,0,0,0,1,0,0,0,1,126,0,0,0,0,0,0,0,1,0,30780
705365,0,1,6,0,0,135,0,22,1,1,0,1,0,0,0,0,0,0,0,1,0,0,0,1,126,0,0,0,0,0,0,0,1,0,30780
705384,0,0,6,0,0,42,0,-1,0,1,0,1,0,0,0,0,0,28762,0,1,0,0,0,1,0,0,0,0,4096,0,0,0,1,0,28761
705399,0,0,6,0,0,139,0,0,1,1,0,1,0,0,0,0,0,0,0,1,0,0,0,1,529,0,0,0,0,0,0,0,1,0,28282
705400,0,1,6,0,0,23,5000,0,0,1,0,0,0,0,0,0,0,28441,0,1,0,0,0,1,0,0,0,0,0,0,0,0,1,0,28282
705407,0,0,6,0,0,13,0,22,0,1,0,1,0,0,0,0,0,0,0,1,0,0,0,1,126,0,0,0,0,0,0,0,1,0,30778
705408,0,1,6,0,0,135,0,22,1,1,0,1,0,0,0,0,0,0,0,1,0,0,0,1,126,0,0,0,0,0,0,0,1,0,30778
705409,0,0,6,0,0,13,0,22,0,1,0,1,0,0,0,0,0,0,0,1,0,0,0,1,126,0,0,0,0,0,0,0,1,0,30779
705410,0,1,6,0,0,135,0,22,1,1,0,1,0,0,0,0,0,0,0,1,0,0,0,1,126,0,0,0,0,0,0,0,1,0,30779
705418,0,0,6,0,0,13,0,45,0,1,0,1,0,0,0,0,0,0,0,1,0,0,0,1,126,0,0,0,0,0,0,0,1,0,28264
705419,0,1,6,0,0,135,0,45,1,1,0,1,0,0,0,0,0,0,0,1,0,0,0,1,126,0,0,0,0,0,0,0,1,0,28264
705424,0,0,6,0,0,4,0,-1,0,1,0,1,0,0,0,0,0,0,0,1,0,0,0,1,0,0,0,0,4096,0,0,0,1,0,28789
705467,0,0,6,0,0,135,0,237,0,1,0,1,0,0,0,0,0,0,0,1,0,0,0,1,126,0,0,0,0,0,0,0,1,0,28805
705487,0,0,6,0,0,123,0,-26,0,1,0,1,0,0,0,0,0,0,0,1,0,0,0,1,124,0,0,0,0,0,0,0,1,0,28799
705490,0,0,6,0,0,42,0,99,0,1,0,1,0,0,0,0,0,28804,0,1,0,0,0,1,0,0,0,0,32768,0,0,0,1,0,28802
705502,0,0,6,0,0,13,0,129,0,1,0,1,0,0,0,0,0,0,0,1,0,0,0,1,126,0,0,0,0,0,0,0,1,0,28779
705503,0,1,6,0,0,135,0,129,1,1,0,1,0,0,0,0,0,0,0,1,0,0,0,1,126,0,0,0,0,0,0,0,1,0,28779
705523,0,0,6,0,0,135,0,449,0,1,0,1,0,0,0,0,0,0,0,1,0,0,0,1,126,0,0,0,0,0,0,0,1,0,28780
705532,0,0,6,0,0,13,0,125,0,1,0,1,0,0,0,0,0,0,0,1,0,0,0,1,126,0,0,0,0,0,0,0,1,0,28792
705533,0,1,6,0,0,135,0,125,1,1,0,1,0,0,0,0,0,0,0,1,0,0,0,1,126,0,0,0,0,0,0,0,1,0,28792
705535,0,0,6,0,0,42,0,0,0,1,0,0,0,0,0,0,0,29151,0,1,0,0,0,1,0,0,0,0,0,0,0,0,1,0,29150
705558,0,0,6,0,0,4,0,-1,0,1,0,1,0,0,0,0,0,0,0,1,0,0,0,1,0,0,0,0,4096,0,0,0,1,0,28823
705595,0,0,6,0,0,22,0,199,0,1,0,1,0,0,0,0,0,0,0,1,0,0,0,1,1,0,0,0,0,0,0,0,1,0,29095
705759,0,0,6,0,0,168,0,1,0,1,0,1,0,0,0,0,0,0,0,1,0,0,0,1,32,0,0,0,0,0,0,0,1,0,29068
705812,0,0,6,0,0,135,0,133,0,1,0,1,0,0,0,0,0,0,0,1,0,0,0,1,126,0,0,0,0,0,0,0,1,0,29369
871975,0,1,6,0,0,124,0,99,0,1,0,1,0,0,0,0,0,0,0,1,0,0,0,1,0,0,0,0,0,0,0,0,1,0,18787
871979,0,1,6,0,0,124,0,49,0,1,0,1,0,0,0,0,0,0,0,1,0,0,0,1,0,0,0,0,0,0,0,0,1,0,15602
871981,0,1,6,0,0,124,0,-31,0,1,0,1,0,0,0,0,0,0,0,1,0,0,0,1,0,0,0,0,0,0,0,0,6,0,13490
877318,0,2,142,0,0,0,0,0,0,1,0,0,0,0,0,0,0,348779,0,1,0,0,0,1,0,0,0,0,0,0,0,0,0,0,28282
903541,0,0,77,0,0,0,0,0,0,1,0,0,0,0,0,0,0,0,0,1,0,0,0,1,0,0,0,0,0,0,0,0,1,0,363880
904476,0,1,6,0,0,19,0,999,1,1,0,1,0,0,0,0,0,0,0,1,0,0,0,1,28,0,0,0,0,0,0,0,1,0,17623
981712,0,0,6,0,0,69,0,99,0,1,0,1,0,0,0,0,0,0,0,1,0,0,0,1,127,0,0,0,0,0,0,0,1,0,370391
1041224,0,0,6,0,0,332,0,398196,0,1,0,0,0,0,0,0,0,0,0,1,0,0,0,1,399954,0,0,0,0,0,0,0,1,0,398197
1055899,0,0,2,0,0,0,0,34,0,1,0,31,0,0,0,0,0,0,0,1,0,0,0,1,0,0,13,0,0,0,0,0,24,0,406746
1090825,0,0,6,0,0,42,0,-1,0,1,0,1,0,0,0,0,0,418508,0,1,0,0,0,1,0,0,0,0,0,0,0,0,1,0,418509
1090826,0,0,6,0,0,13,0,5,1,1,0,0,0,0,0,0,0,0,0,1,0,0,0,1,1,0,10,0,0,0,0,0,20,0,418510
1090827,0,1,6,0,0,13,0,10,0,1,0,0,0,0,0,0,0,0,0,1,0,0,0,1,126,0,10,0,0,0,0,0,20,0,418510
1091051,0,2,6,0,0,135,0,16,0,1,0,0,0,0,0,0,0,0,0,1,0,0,0,1,127,0,10,0,0,0,0,0,20,0,418510
1095018,0,0,35,0,0,15,0,2,0,1,0,1,0,0,0,0,0.36000001431,0,0,1,0,0,0,1,0,0,10,10,0,0,0,0,1,0,420998
1098657,0,0,6,0,0,3,3000,20,0,1,0,0,0,0,0,0,0,0,0,1,0,0,0,1,0,0,0,0,0,0,0,0,6,0,422996
1098658,0,1,6,0,0,22,0,-150,0,1,0,0,0,0,0,0,0,0,0,1,0,0,0,1,1,0,0,0,0,0,0,0,6,0,422996
1098661,0,2,2,0,0,0,0,20,0,1,0,0,0,0,0,0,0,0,0,1,0,0,0,1,0,0,0,0,0,0,0,0,6,0,422996
1098666,0,0,6,0,0,99,0,59,0,1,0,0,0,0,0,0,0,0,0,1,0,0,0,1,0,0,0,0,0,0,0,0,1,0,423002
1098667,0,0,2,0,0,0,0,15,0,1,0,0,0,0,0,0,0,0,0,1,0,0,0,1,0,0,0,0,0,0,0,0,6,0,423003
1098668,0,0,2,0,0,0,0,15,0,1,0,0,0,0,0,0,0,0,0,1,0,0,0,1,0,0,0,0,0,0,0,0,6,0,423004
1099212,0,0,6,0,0,58,0,10,0,1,0,0,0,0,0,0,0,0,0,1,0,0,0,1,0,0,0,0,0,0,0,0,1,0,423298
1099213,0,0,6,0,0,59,0,4,0,1,0,0,0,0,0,0,0,0,0,1,0,0,0,1,1,0,0,0,0,0,0,0,1,0,423299
1099215,0,0,28,1000,0,0,0,1,0,1,0,1,0,0,0,0,0,0,0,1,0,0,0,1,210750,41,0,0,0,0,0,0,32,0,423300
1099216,0,1,6,0,0,22,0,5,0,1,0,0,0,0,0,0,0,0,0,1,0,0,0,1,32,0,0,0,0,0,0,0,1,0,423300
1099222,0,0,9,1,0,0,0,10,0,1,0,0,0,0,0,0,0,0,0,1,0,0,0,1,0,0,0,0,0,0,0,0,6,0,423304
1099486,0,0,6,0,0,107,0,2,1,1,0,0,0,0,0,0,0,0,0,1,0,0,0,1,0,0,0,0,4096,0,0,0,1,0,423474
1099493,0,0,6,0,0,17,0,5,0,1,0,0,0,0,0,0,0,0,0,1,0,0,0,1,0,0,0,0,0,0,0,0,1,0,423481
1099499,0,0,6,0,0,107,0,1,1,1,0,0,0,0,0,0,0,0,0,1,0,0,0,1,8,0,0,0,33554432,0,0,0,1,0,423484
1106325,0,0,6,0,0,42,0,0,0,1,0,0,0,0,0,0,0,427143,0,1,0,0,0,1,0,0,0,0,0,0,0,0,1,0,427144
1109356,0,0,6,0,0,10,0,50,1,1,0,0,0,0,0,0,0,0,0,1,0,0,0,1,0,0,0,0,0,0,0,0,1,0,428490
1109357,0,0,6,0,0,14,0,-5,1,1,0,0,0,0,0,0,0,0,0,1,0,0,0,1,0,0,0,0,0,0,0,0,1,0,428491
1113467,0,0,6,0,0,4,0,0,1,1,0,1,0,0,0,0,0,0,0,1,0,0,0,1,0,0,0,0,0,0,0,0,1,0,429339
1114423,0,0,6,0,0,54,0,1,0,1,0,0,0,0,0,0,0,0,0,1,0,0,0,1,0,0,0,0,0,0,0,0,1,0,429863
1114424,0,0,6,0,0,29,0,12,0,1,0,0,0,0,0,0,0,0,0,1,0,0,0,1,0,0,0,0,0,0,0,0,1,0,429864
1114425,0,0,6,0,0,29,0,12,0,1,0,0,0,0,0,0,0,0,0,1,0,0,0,1,0,0,0,0,0,0,0,0,1,0,429865
1114435,0,0,6,0,0,138,0,10,0,1,0,0,0,0,0,0,0,0,0,1,0,0,0,1,0,0,0,0,0,0,0,0,1,0,429867
1114436,0,1,6,0,0,140,0,10,0,1,0,0,0,0,0,0,0,0,0,1,0,0,0,1,0,0,0,0,0,0,0,0,1,0,429867
1114437,0,2,6,0,0,10,0,20,0,1,0,0,0,0,0,0,0,0,0,1,0,0,0,1,127,0,0,0,0,0,0,0,1,0,429867
1114438,0,0,6,0,0,79,0,10,0,1,0,0,0,0,0,0,0,0,0,1,0,0,0,1,126,0,0,0,0,0,0,0,1,0,429868
1114439,0,1,6,0,0,10,0,20,0,1,0,0,0,0,0,0,0,0,0,1,0,0,0,1,127,0,0,0,0,0,0,0,1,0,429868
1115415,0,0,6,0,0,87,0,-5,0,1,0,0,0,0,0,0,0,0,0,1,0,0,0,1,127,0,0,0,0,0,0,0,1,0,430432
1115416,0,1,6,0,0,197,0,-5,0,1,0,0,0,0,0,0,0,0,0,1,0,0,0,1,0,0,0,0,0,0,0,0,1,0,430432
1121498,0,0,6,0,0,54,0,0,0,1,0,1,0,0,0,0,0,0,0,1,0,0,0,1,0,0,0,0,0,0,0,0,1,0,432639
1121499,0,1,6,0,0,55,0,0,0,1,0,1,0,0,0,0,0,0,0,1,0,0,0,1,0,0,0,0,0,0,0,0,1,0,432639
1124506,0,0,6,0,0,9,0,4,0,1,0,0,0,0,0,0,0,0,0,1,0,0,0,1,0,0,0,0,0,0,0,0,0,0,434488
1124507,0,1,6,0,0,42,0,0,0,1,0,0,0,0,0,0,0,436445,0,1,0,0,0,1,0,0,0,0,0,0,0,0,1,0,434488
1125052,0,0,6,0,0,22,0,-160,0,1,0,0,0,0,0,0,0,0,0,1,0,0,0,1,1,0,0,0,0,0,0,0,6,0,434837
1125054,0,0,2,0,0,0,0,24,0.05000000075,1,0,11,0,0,0,0,0,0,0,1,0,0,0,1,0,0,0,0,0,0,0,0,6,0,434839
1125056,0,0,6,0,0,22,0,-45,0,1,0,0,0,0,0,0,0,0,0,1,0,0,0,1,20,0,0,0,0,0,0,0,6,0,434841
1125057,0,0,2,0,0,0,0,79,0.10000000149,1,0,21,0,0,0,0,0,0,0,1,0,0,0,1,0,0,0,0,0,0,0,0,6,0,434842
1125058,0,1,6,0,0,87,0,6,0,1,0,0,0,0,0,0,0,0,0,1,0,0,0,1,20,0,0,0,0,0,0,0,6,0,434841
1125596,0,0,6,0,0,24,1000,0,0,1,0,150,0,0,0,0,0,0,0,1,0,0,0,1,0,0,0,0,0,0,0,0,1,0,435167
1125597,0,1,6,0,0,3,1000,0,0,1,0,150,0,0,0,0,0,0,0,1,0,0,0,1,0,0,0,0,0,0,0,0,1,0,435167
1125600,0,0,6,0,0,3,5000,30,0,1,0,0,0,0,0,0,0,0,0,1,0,0,0,1,0,0,0,14,0,0,0,0,22,15,435169
1125922,0,0,6,0,0,22,0,1000,0,1,0,0,0,0,0,0,0,0,0,1,0,0,0,1,1,0,0,0,0,0,0,0,1,0,435359
1125923,0,1,6,0,0,33,0,-60,0,1,0,0,0,0,0,0,0,0,0,1,0,0,0,1,0,0,0,0,0,0,0,0,1,0,435359
1125924,0,0,6,0,0,102,0,29,0,1,0,1,0,0,0,0,0,0,0,1,0,0,0,1,256,0,0,0,0,0,0,0,1,0,435360
1125925,0,1,6,0,0,131,0,29,1,1,0,1,0,0,0,0,0,0,0,1,0,0,0,1,256,0,0,0,0,0,0,0,1,0,435360
1126201,0,0,6,0,0,99,0,69,0,1,0,0,0,0,0,0,0,0,0,1,0,0,0,1,0,0,0,0,0,0,0,0,1,0,435531
1126202,0,0,18,0,0,0,0,14,0,1,0,1,0,0,0,0,0,0,0,1,0,0,0,1,0,0,0,0,0,0,0,0,0,0,435532
1126804,0,0,24,0,0,0,0,5,0,1,0,0,211779,0,0,0,0,0,0,1,0,0,0,1,0,0,0,0,0,0,0,0,1,0,435849
1126831,0,0,6,0,0,4,0,0,0,1,0,0,0,0,0,0,0,0,0,1,0,0,0,1,0,0,0,0,0,0,0,0,1,0,435869
1126875,0,0,6,0,0,77,0,0,0,1,0,0,0,0,0,0,0,0,0,1,0,0,0,1,7,0,0,0,0,0,0,0,21,0,435895
1126876,0,1,6,0,0,77,0,0,0,1,0,0,0,0,0,0,0,0,0,1,0,0,0,1,11,0,0,0,0,0,0,0,21,0,435895
1126877,0,2,64,0,0,0,0,0,0,1,0,0,0,0,0,0,0,435893,0,1,0,0,0,1,0,0,0,0,0,0,0,0,21,0,435895
1126887,0,0,3,0,0,0,0,0,0,1,0,0,0,0,0,0,0,0,0,1,0,0,0,1,0,0,0,0,0,0,0,0,1,0,435900
1126888,0,2,6,0,0,22,0,-45,0,1,0,0,0,0,0,0,0,0,0,1,0,0,0,1,96,0,0,0,0,0,0,0,6,0,434841
1127009,0,0,6,0,0,29,0,-5,0,1,0,0,0,0,0,0,0,0,0,1,0,0,0,1,2,0,0,0,0,0,0,0,1,0,435974
1127010,0,0,6,0,0,13,0,10,0,1,0,1,0,0,0,0,0,0,0,1,0,0,0,1,126,0,0,0,0,0,0,0,1,0,435975
1127011,0,1,6,0,0,135,0,10,1,1,0,1,0,0,0,0,0,0,0,1,0,0,0,1,126,0,0,0,0,0,0,0,1,0,435975
1127012,0,0,6,0,0,99,0,20,0,1,0,0,0,0,0,0,0,0,0,1,0,0,0,1,0,0,0,0,0,0,0,0,1,0,435976
1127013,0,0,6,0,0,42,0,0,0,1,0,1,0,0,0,0,0,435978,0,1,0,0,0,1,0,0,0,0,0,0,0,0,1,0,435977
1127019,0,0,6,0,0,42,0,0,0,1,0,1,0,0,0,0,0,435981,0,1,0,0,0,1,0,0,0,0,0,0,0,0,1,0,435982
1127020,0,0,6,0,0,107,0,-100,0,1,0,0,0,0,0,0,0,0,0,1,0,0,0,1,10,0,0,0,1,0,0,0,1,0,435983
1127171,0,0,28,0,0,0,0,800,1,1,0,0,0,0,0,0,0,0,0,1,0,0,0,1,217945,5100,0,0,0,0,0,0,18,0,436069
1127195,0,3,6,0,0,87,0,6,0,1,0,0,0,0,0,0,0,0,0,1,0,0,0,1,96,0,0,0,0,0,0,0,6,0,434841
1127196,0,4,6,0,0,22,0,-45,0,1,0,0,0,0,0,0,0,0,0,1,0,0,0,1,10,0,0,0,0,0,0,0,6,0,434841
1127197,0,5,6,0,0,87,0,6,0,1,0,0,0,0,0,0,0,0,0,1,0,0,0,1,10,0,0,0,0,0,0,0,6,0,434841
1127198,0,6,2,0,0,0,0,30,0.05000000075,1,0,0,0,0,0,0,0,0,0,1,0,0,0,1,0,0,0,0,0,0,0,0,6,0,434841
1127434,0,0,6,0,0,52,0,0,0,1,0,1,0,0,0,0,0,0,0,1,0,0,0,1,0,0,0,0,0,0,0,0,1,0,436239
1127435,0,1,6,0,0,552,0,0,0,1,0,1,0,0,0,0,0,0,0,1,0,0,0,1,126,0,0,0,0,0,0,0,1,0,436239
1127504,0,0,6,0,0,107,0,1,1,1,0,1,0,0,0,0,0,0,0,1,0,0,0,1,7,0,0,0,2097152,65536,0,0,1,0,436284
1127592,0,0,6,0,0,3,2000,5,0,1,0,0,0,0,0,0,0,0,0,1,0,0,0,1,0,0,0,14,0,0,0,0,18,16,436332
1127605,0,0,10,1,0,0,0,300,0,1,0,0,0,0,0,0,0,0,0,1,0,0,0,1,0,0,0,0,0,0,0,0,21,0,436342
1127606,0,1,64,0,0,0,0,1,0,1,0,0,0,0,0,0,0,436343,0,1,0,0,0,1,2000,0,0,0,0,0,0,0,1,0,436342
1127612,0,0,6,0,0,4,0,0,0,1,0,0,0,0,0,0,0,0,0,1,0,0,0,1,0,0,0,0,0,0,0,0,1,0,436347
1127658,0,0,6,0,0,69,0,300,0,1,0,0,0,0,0,0,0,0,0,1,0,0,0,1,127,0,0,0,0,0,0,0,21,0,436373
1127659,0,1,64,0,0,0,0,1,0,1,0,0,0,0,0,0,0,436372,0,1,0,0,0,1,2000,0,0,0,0,0,0,0,1,0,436373
1127662,0,0,6,0,0,23,3000,0,1,1,0,0,0,0,0,0,0,436374,0,1,0,0,0,1,0,0,0,0,0,0,0,0,1,0,436375
1127666,0,0,6,0,0,23,3000,0,1,1,0,0,0,0,0,0,0,436378,0,1,0,0,0,1,0,0,0,0,0,0,0,0,1,0,436379
1127668,0,0,10,1,0,0,0,300,0,1,0,0,0,0,0,0,0,0,0,1,0,0,0,1,0,0,0,0,0,0,0,0,21,0,436381
1127669,0,1,64,0,0,0,0,1,0,1,0,0,0,0,0,0,0,436380,0,1,0,0,0,1,2000,0,0,0,0,0,0,0,1,0,436381
1127671,0,0,10,1,0,0,0,300,0,1,0,0,0,0,0,0,0,0,0,1,0,0,0,1,0,0,0,0,0,0,0,0,21,0,436383
1127672,0,1,64,0,0,0,0,1,0,1,0,0,0,0,0,0,0,436382,0,1,0,0,0,1,2000,0,0,0,0,0,0,0,1,0,436383
1127728,0,0,6,0,0,4,0,0,0,1,0,0,0,0,0,0,0,0,0,1,0,0,0,1,0,0,0,0,0,0,0,0,1,0,436414
1127796,0,0,6,0,0,42,0,0,0,1,0,0,0,0,0,0,0,436471,0,1,0,0,0,1,0,0,0,0,0,0,0,0,1,0,436469
1127801,0,0,6,1,0,12,0,0,0,1,0,1,0,0,0,0,0,0,0,1,0,0,0,1,0,0,0,0,0,0,0,0,6,0,436473
1127805,0,0,2,0,0,0,0,140,0,1,0,0,0,0,0,0,0,0,0,1,0,0,0,1,0,0,0,14,0,0,0,0,18,16,436477
1127806,0,1,2,0,0,0,0,65,0,1,0,0,0,0,0,0,0,0,0,1,0,0,0,1,0,0,0,14,0,0,0,0,18,16,436332
1127807,0,0,6,0,0,4,0,0,0,1,0,0,0,0,0,0,0,0,0,1,0,0,0,1,0,0,0,0,0,0,0,0,1,0,436478
1127809,0,0,6,0,0,99,0,80,0,1,0,0,0,0,0,0,0,0,0,1,0,0,0,1,0,0,0,0,0,0,0,0,1,0,436480
1127811,0,0,6,0,0,42,0,-1,0,1,0,1,0,0,0,0,0,436481,0,1,0,0,0,1,0,0,0,0,0,0,0,0,1,0,436482
1128156,0,0,6,0,0,23,3000,0,1,1,0,0,0,0,0,0,0,436689,0,1,0,0,0,1,0,0,0,0,0,0,0,0,1,0,436690
1129262,0,0,6,0,0,39,0,0,0,1,0,0,0,0,0,0,0,0,0,1,0,0,0,1,8,0,0,0,0,0,0,0,1,0,437340
1129263,0,1,38,0,0,0,0,10,0,1,0,0,0,0,0,0,0,0,0,1,0,0,0,1,4,0,0,0,0,0,0,0,1,0,437340
1129274,0,0,6,0,0,138,0,20,0,1,0,0,0,0,0,0,0,0,0,1,0,0,0,1,0,0,0,0,0,0,0,0,1,0,437349
1129275,0,1,6,0,0,140,0,20,0,1,0,0,0,0,0,0,0,0,0,1,0,0,0,1,0,0,0,0,0,0,0,0,1,0,437349
1129276,0,2,2,0,0,0,0,342,0,1,0,415,0,0,0,0,0,0,0,1,0,0,0,1,0,0,0,0,0,0,0,0,1,0,437349
1129286,0,0,6,0,0,134,0,100,0,1,0,0,0,0,0,0,0,0,0,1,0,0,0,1,0,0,0,0,0,0,0,0,1,0,437357
1129291,0,0,6,0,0,65,0,20,0,1,0,0,0,0,0,0,0,0,0,1,0,0,0,1,0,0,0,0,0,0,0,0,1,0,437362
1129292,0,1,2,0,0,0,0,311,0,1,0,377,0,0,0,0,0,0,0,1,0,0,0,1,0,0,0,0,0,0,0,0,1,0,437362
1129305,0,0,6,0,0,43,0,4,0,1,0,6,0,0,0,0,0,0,0,1,0,0,0,1,0,0,0,0,0,0,0,0,1,0,437367
1129317,0,0,6,0,0,138,0,20,0,1,0,0,0,0,0,0,0,0,0,1,0,0,0,1,0,0,0,0,0,0,0,0,1,0,437377
1129318,0,1,6,0,0,33,0,-20,0,1,0,0,0,0,0,0,0,0,0,1,0,0,0,1,0,0,0,0,0,0,0,0,1,0,437377
1129319,0,2,6,0,0,22,0,50,0,1,0,0,0,0,0,0,0,0,0,1,0,0,0,1,126,0,0,0,0,0,0,0,1,0,437377
1129324,0,0,6,0,0,149,0,1000,0,1,0,0,0,0,0,0,0,0,0,1,0,0,0,1,126,0,0,0,0,0,0,0,1,0,437382
1129964,0,1,6,0,0,77,0,0,0,1,0,0,0,0,0,0,0,0,0,1,0,0,0,1,9,0,0,0,0,0,0,0,1,0,437382
1130748,0,0,6,0,0,77,0,0,0,1,0,0,0,0,0,0,0,0,0,1,0,0,0,1,1,0,0,0,0,0,0,0,1,0,438273
1130812,0,0,6,0,0,4,0,0,0,1,0,0,0,0,0,0,0,0,0,1,0,0,0,1,0,0,0,0,0,0,0,0,1,0,438295
1130826,0,0,28,0,0,0,0,0,0,1,0,0,0,0,0,0,0,0,0,1,0,0,0,1,218931,5837,7,0,0,0,0,0,73,0,438305
1131212,0,2,6,0,0,77,0,0,0,1,0,0,0,0,0,0,0,0,0,1,0,0,0,1,26,0,0,0,0,0,0,0,1,0,437382
1131220,0,2,6,0,0,23,500,0,0,1,0,0,0,0,0,0,0,438547,0,1,0,0,0,1,0,0,0,0,0,0,0,0,1,0,437362
1131221,0,3,6,0,0,23,500,0,0,1,0,0,0,0,0,0,0,438547,0,1,0,0,0,1,0,0,0,0,0,0,0,0,1,0,437349
1132194,0,1,6,0,0,13,0,50,0,1,0,0,0,0,0,0,0,0,0,1,0,0,0,1,126,0,0,0,0,0,0,0,1,0,437357
1132195,0,2,6,0,0,135,0,50,0,1,0,0,0,0,0,0,0,0,0,1,0,0,0,1,127,0,0,0,0,0,0,0,1,0,437357
1133066,0,0,6,0,0,30,0,3,0,1,0,0,0,0,0,0,0,0,0,1,0,0,0,1,162,0,0,0,0,0,0,0,1,0,439651
1133196,0,0,6,0,0,4,0,800,0,1,0,0,0,0,0,0,0,0,0,1,0,0,0,1,0,0,0,0,0,0,0,0,1,0,439731
1134653,0,0,6,0,0,99,0,36,0,1,0,0,0,0,0,0,0,0,0,1,0,0,0,1,0,0,0,0,0,0,0,0,1,0,440632
1135185,0,0,6,0,0,13,0,3,0,1,0,0,0,0,0,0,0,0,0,1,0,0,0,1,1,0,0,0,0,0,0,0,1,0,440981
1139061,0,0,6,0,0,26,0,-1,0,1,0,1,0,0,0,0,0,0,0,1,0,0,0,1,0,0,0,0,0,0,0,0,6,0,443265
1139062,0,1,6,0,0,3,3000,24,0.03799999878,1,0,1,0,0,0,0,0,0,0,1,0,0,0,1,0,0,0,0,0,0,0,0,6,0,443265
1139080,0,0,6,0,0,42,0,1,0,1,0,0,0,0,0,0,0,443678,0,1,0,0,0,1,0,0,0,0,0,0,0,0,1,0,443278
1139211,0,0,121,0,0,0,0,-1,1,1,0,1,0,0,0,0,0,0,0,1,0,0,0,1,0,0,0,14,0,0,0,0,22,15,443358
1139697,0,0,6,0,0,154,0,15,0,1,0,0,0,0,0,0,0,0,0,1,0,0,0,1,0,0,0,0,0,0,0,0,1,0,443632
1139698,0,1,6,0,0,107,0,2,0,1,0,0,0,0,0,0,0,0,0,1,0,0,0,1,5,0,0,0,-2147483648,0,0,0,1,0,443632
1139699,0,2,6,0,0,107,0,5,0,1,0,0,0,0,0,0,0,0,0,1,0,0,0,1,5,0,0,0,4096,0,0,0,1,0,443632
1140996,0,0,6,0,0,4,0,0,0,1,0,0,0,0,0,0,0,0,0,1,0,0,0,1,0,0,0,0,0,0,0,0,1,0,444509
1143305,0,0,6,0,0,4,0,0,1,1,0,1,0,0,0,0,0,0,0,1,0,0,0,1,0,0,0,0,0,0,0,0,1,0,446092
1143316,0,0,6,0,0,4,0,14,1,1,0,0,0,0,0,0,0,0,0,1,0,0,0,1,0,0,0,0,0,0,0,0,1,0,446097
1143330,0,0,2,0,0,0,0,121,0,1,0,37,0,0,0,0,0,0,0,1,0,0,0,1,0,0,0,0,0,0,0,0,6,0,446106
1143331,0,1,6,0,0,3,2000,14,0,1,0,1,0,0,0,0,0,0,0,1,0,0,0,1,0,0,0,0,0,0,0,0,6,0,446106
1143430,0,0,6,0,0,107,0,3,1,1,0,0,0,0,0,0,0,0,0,1,0,0,0,1,7,0,0,0,5,0,0,0,1,0,446169
1143525,0,0,6,0,0,42,0,0,1,1,0,0,0,0,0,0,0,446231,0,1,0,0,0,1,0,0,0,0,0,0,0,0,1,0,446233
1143597,0,0,6,0,0,102,0,141,0,1,0,0,0,0,0,0,0,0,0,1,0,0,0,1,2,0,0,0,0,0,0,0,1,0,446278
1143598,0,1,6,0,0,131,0,141,1,1,0,0,0,0,0,0,0,0,0,1,0,0,0,1,2,0,0,0,0,0,0,0,1,0,446278
1143616,0,0,6,0,0,4,0,0,1,1,0,0,0,0,0,0,0,0,0,1,0,0,0,1,0,0,0,0,0,0,0,0,1,0,446289
1143626,0,0,6,0,0,4,0,0,1,1,0,0,0,0,0,0,0,0,0,1,0,0,0,1,0,0,0,0,0,0,0,0,1,0,446297
1143627,0,1,64,0,0,0,0,0,0,1,0,0,0,0,0,0,0,446303,0,1,0,0,0,1,0,0,0,0,0,0,0,0,0,0,446297
1143645,0,0,6,0,0,42,0,0,1,1,0,0,0,0,0,0,0,452574,0,1,0,0,0,1,0,0,0,0,0,0,0,0,1,0,446310
1143646,0,1,64,0,0,0,0,0,0,1,0,0,0,0,0,0,0,446314,0,1,0,0,0,1,0,0,0,0,0,0,0,0,1,0,446310
1143658,0,0,9,1,0,0,0,39,0.20000000298,1,0,0,0,0,0,0,0,0,0,1,0,0,0,1,0,0,0,0,0,0,0,0,6,0,446317
1143668,0,0,6,0,0,10,0,-30,1,1,0,0,0,0,0,0,0,0,0,1,0,0,0,1,127,0,0,0,0,0,0,0,1,0,446322
1143674,0,0,6,0,0,13,0,20,0,1,0,0,0,0,0,0,0,0,0,1,0,0,0,1,1,0,0,0,0,0,0,0,1,0,446327
1143675,0,1,6,0,0,138,0,5,0,1,0,0,0,0,0,0,0,0,0,1,0,0,0,1,0,0,0,0,0,0,0,0,1,0,446327
1143747,0,0,6,0,0,77,0,-1,0,1,0,1,0,0,0,0,0,0,0,1,0,0,0,1,5,0,0,0,0,0,0,0,1,0,446382
1143754,0,0,6,0,0,42,0,49,0,1,0,51,0,0,0,0,0,446388,0,1,0,0,0,1,0,0,0,0,0,0,0,0,1,0,446389
1143755,0,0,6,0,0,42,0,0,1,1,0,0,0,0,0,0,0,446391,0,1,0,0,0,1,0,0,0,0,0,0,0,0,1,0,446390
1143757,0,0,6,0,0,42,0,0,1,1,0,0,0,0,0,0,0,446393,0,1,0,0,0,1,0,0,0,0,0,0,0,0,1,0,446392
1143760,0,0,6,0,0,42,0,99,1,1,0,1,0,0,0,0,0,446394,0,1,0,0,0,1,0,0,0,0,0,0,0,0,1,0,446395
1143932,0,0,6,0,0,42,0,10,0,1,0,0,0,0,0,0,0,446528,0,1,0,0,0,1,0,0,0,0,0,0,0,0,1,0,446518
1143967,0,0,6,0,0,42,0,50,0,1,0,0,0,0,0,0,0,446541,0,1,0,0,0,1,0,0,0,0,0,0,0,0,1,0,446545
1144010,0,0,6,0,0,42,0,10,0,1,0,0,0,0,0,0,0,446577,0,1,0,0,0,1,0,0,0,0,0,0,0,0,1,0,446579
1144031,0,0,6,0,0,42,0,50,0,1,0,0,0,0,0,0,0,446597,0,1,0,0,0,1,0,0,0,0,0,0,0,0,1,0,446592
1144067,0,0,6,0,0,42,0,10,0,1,0,0,0,0,0,0,0,446618,0,1,0,0,0,1,0,0,0,0,0,0,0,0,1,0,446620
1144162,0,0,3,0,0,0,0,-1,0,1,0,1,0,0,0,0,0,0,0,1,0,0,0,1,0,0,0,0,0,0,0,0,1,9,446665
1144176,0,0,6,0,0,42,0,-1,1,1,0,1,0,0,0,0,0,446677,0,1,0,0,0,1,0,0,0,0,0,0,0,0,1,0,446675
1144198,0,0,6,0,0,42,0,-1,1,1,0,1,0,0,0,0,0,446687,0,1,0,0,0,1,0,0,0,0,0,0,0,0,1,0,446689
1144232,0,0,6,0,0,42,0,99,1,1,0,1,0,0,0,0,0,446706,0,1,0,0,0,1,0,0,0,0,0,0,0,0,1,0,446705
1144234,0,0,6,0,0,5,0,0,0,1,0,0,0,0,0,0,0,0,0,1,0,0,0,1,0,0,0,0,0,0,0,0,6,0,446707
1144235,0,0,6,0,0,99,0,73,0,1,0,0,0,0,0,0,0,0,0,1,0,0,0,1,0,0,0,0,0,0,0,0,1,0,446708
1144236,0,0,6,0,0,99,0,70,1,1,0,0,0,0,0,0,0,0,0,1,0,0,0,1,0,0,0,0,0,0,0,0,1,0,446709
1144237,0,1,6,0,0,124,0,70,1,1,0,0,0,0,0,0,0,0,0,1,0,0,0,1,0,0,0,0,0,0,0,0,1,0,446709
1144238,0,0,6,0,0,4,0,0,1,1,0,0,0,0,0,0,0,0,0,1,0,0,0,1,0,0,0,0,0,0,0,0,1,0,446710
1144239,0,1,64,0,0,0,0,0,0,1,0,0,0,0,0,0,0,446711,0,1,0,0,0,1,0,0,0,0,0,0,0,0,1,0,446710
1144256,0,0,6,0,0,42,0,0,0,1,0,0,0,0,0,0,0,446722,0,1,0,0,0,1,0,0,0,0,0,0,0,0,1,0,446723
1144257,0,0,6,0,0,42,0,0,1,1,0,0,0,0,0,0,0,446725,0,1,0,0,0,1,0,0,0,0,0,0,0,0,1,0,446724
1144263,0,0,6,0,0,102,0,36,0,1,0,0,0,0,0,0,0,0,0,1,0,0,0,1,2,0,0,0,0,0,0,0,1,0,446727
1144264,0,1,6,0,0,131,0,36,1,1,0,0,0,0,0,0,0,0,0,1,0,0,0,1,2,0,0,0,0,0,0,0,1,0,446727
1144266,0,0,6,0,0,31,0,40,0,1,0,0,0,0,0,0,0,0,0,1,0,0,0,1,0,0,0,0,0,0,0,0,1,0,446729
1144268,0,0,6,0,0,107,0,5,0,1,0,0,0,0,0,0,0,0,0,1,0,0,0,1,5,0,0,0,268435456,0,0,0,1,0,446730
1144269,0,0,6,0,0,26,0,0,1,1,0,0,0,0,0,0,0,0,0,1,0,0,0,1,0,0,0,0,0,0,0,0,6,0,446731
1145169,0,0,6,0,0,99,0,67,0,1,0,0,0,0,0,0,0,0,0,1,0,0,0,1,0,0,0,0,0,0,0,0,1,0,447274
1145200,0,0,6,0,0,107,0,12000,1,1,0,0,0,0,0,0,0,0,0,1,0,0,0,1,1,0,0,0,2097152,0,0,0,1,0,447296
1146045,0,0,6,0,0,22,0,-60,0,1,0,0,0,0,0,0,0,0,0,1,0,0,0,1,10,0,0,0,0,0,0,0,6,0,447894
1146046,0,1,6,0,0,87,0,8,0,1,0,0,0,0,0,0,0,0,0,1,0,0,0,1,10,0,0,0,0,0,0,0,6,0,447894
1146047,0,2,2,0,0,0,0,50,0.05000000075,1,0,0,0,0,0,0,0,0,0,1,0,0,0,1,0,0,0,0,0,0,0,0,6,0,447894
1146743,0,0,6,0,0,52,0,2,0,1,0,0,0,0,0,0,0,0,0,1,0,0,0,1,0,0,0,0,0,0,0,0,1,0,448324
1146744,0,1,6,0,0,552,0,2,0,1,0,0,0,0,0,0,0,0,0,1,0,0,0,1,126,0,0,0,0,0,0,0,1,0,448324
1147335,0,0,6,0,0,108,0,10,1,1,0,0,0,0,0,0,0,0,0,1,0,0,0,1,22,0,0,0,1026,67841,2,0,1,0,448686
1149064,0,0,6,0,0,99,0,114,0,1,0,0,0,0,0,0,0,0,0,1,0,0,0,1,0,0,0,0,0,0,0,0,1,0,449668
1149567,0,0,6,0,0,42,0,0,1,1,0,0,0,0,0,0,0,449920,0,1,0,0,0,1,0,0,0,0,0,0,0,0,1,0,449919
1149569,0,0,6,0,0,42,0,0,1,1,0,0,0,0,0,0,0,449923,0,1,0,0,0,1,0,0,0,0,0,0,0,0,1,0,449921
1149572,0,0,6,0,0,42,0,0,1,1,0,0,0,0,0,0,0,449925,0,1,0,0,0,1,0,0,0,0,0,0,0,0,1,0,449924
1149574,0,0,6,0,0,54,0,2,1,1,0,0,0,0,0,0,0,0,0,1,0,0,0,1,0,0,0,0,0,0,0,0,1,0,449926
1149575,0,1,6,0,0,55,0,2,1,1,0,0,0,0,0,0,0,0,0,1,0,0,0,1,0,0,0,0,0,0,0,0,1,0,449926
1149577,0,0,6,0,0,42,0,0,0,1,0,0,0,0,0,0,0,449927,0,1,0,0,0,1,0,0,0,0,0,0,0,0,1,0,449928
1149579,0,0,6,0,0,42,0,0,0,1,0,0,0,0,0,0,0,408261,0,1,0,0,0,1,0,0,0,0,0,0,0,0,1,0,449929
1149580,0,0,6,0,0,108,0,-100,0,1,0,0,0,0,0,0,0,0,0,1,0,0,0,1,10,0,0,0,0,0,1048576,0,1,0,449930
1149581,0,0,6,0,0,42,0,10,0,1,0,0,0,0,0,0,0,449932,0,1,0,0,0,1,0,0,0,0,0,0,0,0,1,0,449931
1149583,0,0,6,0,0,552,0,3,1,1,0,0,0,0,0,0,0,0,0,1,0,0,0,1,2,0,0,0,0,0,0,0,1,0,449933
1149586,0,0,6,0,0,42,0,0,0,1,0,1,0,0,0,0,0,449934,0,1,0,0,0,1,0,0,0,0,0,0,0,0,1,0,449935
1149662,0,0,6,0,0,42,0,-1,0,1,0,1,0,0,0,0,0,21919,0,1,0,0,0,1,0,0,0,0,0,0,0,0,1,0,449970
1149672,0,0,6,0,0,42,0,0,1,1,0,0,0,0,0,0,0,449975,0,1,0,0,0,1,0,0,0,0,0,0,0,0,1,0,449974
1149736,0,0,6,0,0,42,0,2,1,1,0,0,0,0,0,0,0,450013,0,1,0,0,0,1,0,0,0,0,0,0,0,0,1,0,450012
1149840,0,0,6,0,0,42,0,0,1,1,0,0,0,0,0,0,0,450084,0,1,0,0,0,1,0,0,0,0,0,0,0,0,1,0,450083
1149877,0,0,6,0,0,42,0,0,1,1,0,0,0,0,0,0,0,446391,0,1,0,0,0,1,0,0,0,0,0,0,0,0,1,0,450109
1149878,0,0,6,0,0,42,0,0,1,1,0,0,0,0,0,0,0,446393,0,1,0,0,0,1,0,0,0,0,0,0,0,0,1,0,450110
1150283,0,0,6,0,0,52,0,1,1,1,0,1,0,0,0,0,0,0,0,1,0,0,0,1,0,0,0,0,0,0,0,0,1,0,450403
1150464,0,0,6,0,0,99,0,39,0,1,0,1,0,0,0,0,0,0,0,1,0,0,0,1,0,0,0,0,0,0,0,0,1,0,450512
1150465,0,1,6,0,0,124,0,39,0,1,0,1,0,0,0,0,0,0,0,1,0,0,0,1,0,0,0,0,0,0,0,0,1,0,450512
1150466,0,2,6,0,0,13,0,23,0,1,0,0,0,0,0,0,0,0,0,1,0,0,0,1,126,0,0,0,0,0,0,0,1,0,450512
1150467,0,3,6,0,0,135,0,44,0,1,0,0,0,0,0,0,0,0,0,1,0,0,0,1,126,0,0,0,0,0,0,0,1,0,450512
1150474,0,0,6,0,0,99,0,39,0,1,0,1,0,0,0,0,0,0,0,1,0,0,0,1,0,0,0,0,0,0,0,0,1,0,450516
1150475,0,1,6,0,0,124,0,39,0,1,0,1,0,0,0,0,0,0,0,1,0,0,0,1,0,0,0,0,0,0,0,0,1,0,450516
1150476,0,2,6,0,0,135,0,32,0,1,0,0,0,0,0,0,0,0,0,1,0,0,0,1,126,0,0,0,0,0,0,0,1,0,450516
1150477,0,0,6,0,0,99,0,39,0,1,0,1,0,0,0,0,0,0,0,1,0,0,0,1,0,0,0,0,0,0,0,0,1,0,450517
1150478,0,1,6,0,0,124,0,39,0,1,0,1,0,0,0,0,0,0,0,1,0,0,0,1,0,0,0,0,0,0,0,0,1,0,450517
1150479,0,2,6,0,0,13,0,23,0,1,0,0,0,0,0,0,0,0,0,1,0,0,0,1,126,0,0,0,0,0,0,0,1,0,450517
1150500,0,0,6,0,0,42,0,300,1,1,0,0,0,0,0,0,0,450554,0,1,0,0,0,1,0,0,0,0,0,0,0,0,1,0,450527
1150572,0,0,6,0,0,42,0,300,1,1,0,0,0,0,0,0,0,450554,0,1,0,0,0,1,0,0,0,0,0,0,0,0,1,0,450576
1150573,0,0,6,0,0,42,0,300,1,1,0,0,0,0,0,0,0,450554,0,1,0,0,0,1,0,0,0,0,0,0,0,0,1,0,450577
1150584,0,0,6,0,0,42,0,300,1,1,0,0,0,0,0,0,0,450583,0,1,0,0,0,1,0,0,0,0,0,0,0,0,1,0,450585
1150590,0,0,6,0,0,42,0,0,1,1,0,0,0,0,0,0,0,450589,0,1,0,0,0,1,0,0,0,0,0,0,0,0,1,0,450587
1150619,0,0,6,0,0,4,0,6,1,1,0,0,0,0,0,0,0,0,0,1,0,0,0,1,0,0,0,0,0,0,0,0,1,0,450608
1150621,0,1,6,0,0,4,0,3,1,1,0,0,0,0,0,0,0,0,0,1,0,0,0,1,0,0,0,0,0,0,0,0,1,0,450608
1150622,0,2,6,0,0,4,0,2,1,1,0,0,0,0,0,0,0,0,0,1,0,0,0,1,0,0,0,0,0,0,0,0,1,0,450608
1150643,0,0,6,0,0,42,0,4,0,1,0,0,0,0,0,0,0,27499,0,1,0,0,0,1,0,0,0,0,0,0,0,0,1,0,450625
1150644,0,0,6,0,0,42,0,4,0,1,0,0,0,0,0,0,0,27775,0,1,0,0,0,1,0,0,0,0,0,0,0,0,1,0,450626
1151998,0,0,6,0,0,42,0,99,0,1,0,101,0,0,0,0,0,446388,0,1,0,0,0,1,0,0,0,0,0,0,0,0,1,0,451415
1152043,0,0,6,0,0,109,0,0,1,1,0,0,0,0,20,0,0,451438,0,1,0,0,0,1,0,0,0,0,1179648,8,0,32768,1,0,451439
1153584,0,0,6,0,0,42,0,0,0,1,0,0,0,0,0,0,0,453021,0,1,0,0,0,1,0,0,0,0,0,0,0,0,1,0,452428
1153590,0,0,6,0,0,42,0,0,0,1,0,0,0,0,0,0,0,452430,0,1,0,0,0,1,0,0,0,0,0,0,0,0,1,0,452432
1153591,0,0,34,0,0,0,0,0,1,1,0,0,224281,0,0,0,0,0,0,1,0,0,0,1,0,0,0,0,0,0,0,0,0,0,452433
1153592,0,0,34,0,0,0,0,0,1,1,0,0,224282,0,0,0,0,0,0,1,0,0,0,1,0,0,0,0,0,0,0,0,0,0,452434
1153638,0,0,6,0,0,4,0,0,0,1,0,0,0,0,0,0,0,0,0,1,0,0,0,1,0,0,0,0,0,0,0,0,1,0,452466
1153655,0,0,6,0,0,87,0,-50,1,1,0,0,0,0,0,0,0,0,0,1,0,0,0,1,126,0,0,0,0,0,0,0,1,0,452474
1154548,0,0,6,0,0,42,0,0,0,1,0,0,0,0,0,0,0,453028,0,1,0,0,0,1,0,0,0,0,0,0,0,0,1,0,453017
1154604,0,0,6,0,0,99,0,260,0,1,0,0,0,0,0,0,0,0,0,1,0,0,0,1,0,0,0,0,0,0,0,0,1,0,453053
1159615,0,0,6,0,0,108,0,100,1,1,0,0,0,0,0,0,0,0,0,1,0,0,0,1,8,0,0,0,256,0,0,0,1,0,455852
1159616,0,1,6,0,0,108,0,200,1,1,0,0,0,0,0,0,0,0,0,1,0,0,0,1,1,0,0,0,256,0,0,0,1,0,455852
1159624,0,0,6,0,0,54,0,3,1,1,0,0,0,0,0,0,0,0,0,1,0,0,0,1,0,0,0,0,0,0,0,0,1,0,455858
1159625,0,1,6,0,0,55,0,3,1,1,0,0,0,0,0,0,0,0,0,1,0,0,0,1,0,0,0,0,0,0,0,0,1,0,455858
1159631,0,0,6,0,0,108,0,-50,1,1,0,0,0,0,0,0,0,0,0,1,0,0,0,1,11,0,0,0,0,8388608,0,0,1,0,455859
1159641,0,0,6,0,0,109,0,100,1,1,0,0,0,0,0,0,0,455868,0,1,0,0,0,1,0,0,0,0,0,0,0,2048,1,0,455864
1159655,0,0,6,0,0,608,0,100,1,1,0,0,0,0,0,0,0,0,0,1,0,0,0,1,0,0,0,0,8392704,0,0,0,1,0,455872
1159656,0,0,6,0,0,109,0,0,1,1,0,0,0,0,20,0,0,455903,0,1,0,0,0,1,0,0,0,0,8388608,0,0,0,1,0,455873
1160220,0,0,6,0,0,4,0,100,1,1,0,0,0,0,0,0,0,0,0,1,0,0,0,1,0,0,0,0,0,0,0,0,1,0,456194
1160264,0,0,6,0,0,4,0,35,0,1,0,0,0,0,0,0,0,0,0,1,0,0,0,1,0,0,0,0,32,33554432,0,0,1,0,456222
1160449,0,0,6,0,0,108,0,-100,0,1,0,0,0,0,0,0,0,0,0,1,0,0,0,1,11,0,0,0,128,0,0,0,1,0,456322
1160450,0,1,6,0,0,108,0,100,0,1,0,0,0,0,0,0,0,0,0,1,0,0,0,1,22,0,0,0,128,0,0,0,1,0,456322
1160453,0,0,6,0,0,275,0,100,1,1,0,0,0,0,0,0,0,0,0,1,0,0,0,1,0,0,0,0,268435456,4096,0,0,1,0,456325
1160458,0,0,6,0,0,107,0,-30000,1,1,0,0,0,0,0,0,0,0,0,1,0,0,0,1,11,0,0,0,524288,0,0,0,1,0,456328
1160463,0,0,6,0,0,107,0,20,1,1,0,0,0,0,0,0,0,0,0,1,0,0,0,1,8,0,0,0,33554432,0,0,0,1,0,456332
1160464,0,1,6,0,0,107,0,20000,1,1,0,0,0,0,0,0,0,0,0,1,0,0,0,1,11,0,0,0,0,536870912,0,0,1,0,456332
1160473,0,0,6,0,0,109,0,100,1,1,0,0,0,0,0,0,0,456339,0,1,0,0,0,1,0,0,0,0,0,131072,0,0,1,0,456337
1160474,0,1,6,0,0,108,0,200,1,1,0,0,0,0,0,0,0,0,0,1,0,0,0,1,1,0,0,0,256,0,0,0,1,0,456337
1160480,0,0,6,0,0,4,0,3,1,1,0,0,0,0,0,0,0,0,0,1,0,0,0,1,0,0,0,0,0,0,0,0,1,0,456341
1160540,0,0,6,0,0,109,0,100,1,1,0,0,0,0,0,0,0,456382,0,1,0,0,0,1,0,0,0,0,131072,0,0,0,1,0,456379
1160551,0,0,6,0,0,109,0,100,1,1,0,0,0,0,0,0,0,456393,0,1,0,0,0,1,0,0,0,0,0,0,0,1,1,0,456389
1160559,0,0,6,0,0,42,0,200,1,1,0,0,0,0,0,0,0,5302,0,1,0,0,0,1,0,0,0,0,0,0,0,0,1,0,456394
1160562,0,0,6,0,0,4,0,100,1,1,0,0,0,0,0,0,0,0,0,1,0,0,0,1,0,0,0,0,0,0,0,0,1,0,456396
1160568,0,0,6,0,0,4,0,100,1,1,0,0,0,0,0,0,0,0,0,1,0,0,0,1,0,0,0,0,0,0,0,0,1,0,456398
1160573,0,0,6,0,0,107,0,15,1,1,0,0,0,0,0,0,0,0,0,1,0,0,0,1,12,0,0,0,268435456,0,0,0,1,0,456402
1160574,0,1,6,0,0,4,0,18,1,1,0,0,0,0,0,0,0,0,0,1,0,0,0,1,0,0,0,0,0,0,0,0,1,0,456402
1160575,0,2,6,0,0,4,0,20,1,1,0,0,0,0,0,0,0,0,0,1,0,0,0,1,0,0,0,0,0,0,0,0,1,0,456402
1160578,0,0,6,0,0,108,0,20,1,1,0,0,0,0,0,0,0,0,0,1,0,0,0,1,1,0,0,0,0,0,67108864,0,1,0,456404
1160579,0,1,6,0,0,108,0,20,1,1,0,0,0,0,0,0,0,0,0,1,0,0,0,1,23,0,0,0,0,0,67108864,0,1,0,456404
1160698,0,0,6,0,0,108,0,10,1,1,0,0,0,0,0,0,0,0,0,1,0,0,0,1,32,0,0,0,0,0,67108864,0,1,0,456477
1160704,0,0,6,0,0,4,0,1,1,1,0,0,0,0,0,0,0,0,0,1,0,0,0,1,0,0,0,0,0,0,0,0,1,0,456481
1160713,0,0,6,0,0,4,0,70,1,1,0,0,0,0,0,0,0,0,0,1,0,0,0,1,0,0,0,0,524288,0,0,0,1,0,456488
1160714,0,0,6,0,0,52,0,2,1,1,0,0,0,0,0,0,0,0,0,1,0,0,0,1,0,0,0,0,0,0,0,0,1,0,456489
1160715,0,1,6,0,0,552,0,2,1,1,0,0,0,0,0,0,0,0,0,1,0,0,0,1,126,0,0,0,0,0,0,0,1,0,456489
1160718,0,0,6,0,0,4,0,188,1,1,0,23,0,0,0,0,0,0,0,1,0,0,0,1,0,0,0,0,0,0,0,0,1,0,456492
1160722,0,0,6,0,0,4,0,100,1,1,0,0,0,0,0,0,0,0,0,1,0,0,0,1,0,0,0,0,0,0,0,0,1,0,456494
1160789,0,0,6,0,0,4,0,6,1,1,0,0,0,0,0,0,0,0,0,1,0,0,0,1,0,0,0,0,0,0,0,0,1,0,456533
1160792,0,0,6,0,0,564,0,30,1,1,0,0,0,0,0,0,0,0,0,1,0,0,0,1,0,0,0,0,0,0,0,0,1,0,456536
1160795,0,0,6,0,0,42,0,30,1,1,0,0,0,0,0,0,0,456540,0,1,0,0,0,1,0,0,0,0,0,0,0,0,1,0,456538
1160798,0,0,6,0,0,107,0,-4,1,1,0,0,0,0,0,0,0,0,0,1,0,0,0,1,4,0,0,0,0,64,0,0,1,0,456541
1160799,0,1,6,0,0,4,0,80,1,1,0,0,0,0,0,0,0,0,0,1,0,0,0,1,0,0,0,0,0,0,0,0,1,0,456541
1160803,0,0,6,0,0,107,0,-100,1,1,0,0,0,0,0,0,0,0,0,1,0,0,0,1,10,0,0,0,2048,4,0,0,1,0,456545
1160804,0,1,6,0,0,107,0,-200,1,1,0,0,0,0,0,0,0,0,0,1,0,0,0,1,10,0,0,0,4096,0,0,0,1,0,456545
1160805,0,0,6,0,0,52,0,2,1,1,0,0,0,0,0,0,0,0,0,1,0,0,0,1,0,0,0,0,0,0,0,0,1,0,456546
1160806,0,1,6,0,0,552,0,2,1,1,0,0,0,0,0,0,0,0,0,1,0,0,0,1,126,0,0,0,0,0,0,0,1,0,456546
1160807,0,0,6,0,0,107,0,25,1,1,0,0,0,0,0,0,0,0,0,1,0,0,0,1,7,0,0,0,268435968,0,0,0,1,0,456547
1160808,0,0,6,0,0,275,0,100,1,1,0,0,0,0,0,0,0,0,0,1,0,0,0,1,0,0,0,0,2048,0,0,0,1,0,456548
1162262,0,0,6,0,0,52,0,2,1,1,0,0,0,0,0,0,0,0,0,1,0,0,0,1,0,0,0,0,0,0,0,0,1,0,457322
1162263,0,1,6,0,0,552,0,2,1,1,0,0,0,0,0,0,0,0,0,1,0,0,0,1,126,0,0,0,0,0,0,0,1,0,457322
1162264,0,0,6,0,0,52,0,2,1,1,0,0,0,0,0,0,0,0,0,1,0,0,0,1,0,0,0,0,0,0,0,0,1,0,457323
1162265,0,1,6,0,0,552,0,2,1,1,0,0,0,0,0,0,0,0,0,1,0,0,0,1,126,0,0,0,0,0,0,0,1,0,457323
1162266,0,0,6,0,0,4,0,3,1,1,0,0,0,0,0,0,0,0,0,1,0,0,0,1,0,0,0,0,0,0,0,0,1,0,457324
1162270,0,0,6,0,0,42,0,100,1,1,0,0,0,0,0,0,0,456549,0,1,0,0,0,1,0,0,0,0,0,0,0,0,1,0,457325
1162275,0,0,6,0,0,109,0,-100,1,1,0,0,0,0,0,0,0,457331,0,1,0,0,0,1,0,0,0,0,134217728,0,0,0,1,0,457329
1162298,0,0,6,0,0,108,0,99,1,1,0,1,0,0,0,0,0,0,0,1,0,0,0,1,15,0,0,0,268558336,16,1536,2,1,0,457339
1162307,0,0,6,0,0,109,0,-1,1,1,0,1,0,0,5,0,0,457342,0,1,0,0,0,1,0,0,0,0,4063232,8,131072,8421376,1,0,457344
1162317,0,0,6,0,0,4,0,-100,1,1,0,0,0,0,0,0,0,0,0,1,0,0,0,1,0,0,0,0,0,0,0,0,1,0,457349
1162632,0,0,6,0,0,332,0,457437,1,1,0,0,0,0,0,0,0,0,0,1,0,0,0,1,0,0,0,0,2048,0,0,0,1,0,457440
1162676,0,0,6,0,0,109,0,-1,1,1,0,1,0,0,20,0,0,457469,0,1,0,0,0,1,0,0,0,0,4063232,8,131072,8421376,1,0,457464
1162693,0,0,6,0,0,107,0,20,0,1,0,0,0,0,0,0,0,0,0,1,0,0,0,1,6,0,0,0,67362816,0,0,0,1,0,457475
1162698,0,0,6,0,0,4,0,35,0,1,0,0,0,0,0,0,0,0,0,1,0,0,0,1,0,0,0,0,0,0,0,0,1,0,457478
1162723,0,0,6,0,0,107,0,2,1,1,0,1,0,0,0,0,0,0,0,1,0,0,0,1,17,0,0,0,64,0,0,0,1,0,457494
1162724,0,1,6,0,0,4,0,60,0,1,0,0,0,0,0,0,0,0,0,1,0,0,0,1,0,0,0,0,0,0,0,0,1,0,457494
1162771,0,0,6,0,0,42,0,14,0,1,0,0,0,0,0,0,0,415105,0,1,0,0,0,1,0,0,0,0,0,0,0,0,1,0,457520
1162772,0,1,6,0,0,4,0,15,0,1,0,0,0,0,0,0,0,0,0,1,0,0,0,1,0,0,0,0,0,0,0,0,1,0,457520
1162783,0,0,6,0,0,4,0,14,0,1,0,0,0,0,0,0,0,0,0,1,0,0,0,1,0,0,0,0,0,0,0,0,1,0,457524
1162807,0,0,6,0,0,52,0,2,1,1,0,0,0,0,0,0,0,0,0,1,0,0,0,1,0,0,0,0,0,0,0,0,1,0,457530
1162808,0,1,6,0,0,552,0,2,1,1,0,0,0,0,0,0,0,0,0,1,0,0,0,1,126,0,0,0,0,0,0,0,1,0,457530
1162811,0,0,6,0,0,107,0,10,1,1,0,0,0,0,0,0,0,0,0,1,0,0,0,1,8,0,0,0,0,512,0,0,1,0,457532
1162812,0,1,6,0,0,552,0,2,1,1,0,0,0,0,0,0,0,0,0,1,0,0,0,1,126,0,0,0,0,0,0,0,1,0,457532
1162824,0,0,6,0,0,42,0,0,0,1,0,1,0,0,0,0,0,16280,0,1,0,0,0,1,0,0,0,0,0,0,0,0,1,0,457540
1162825,0,0,6,0,0,4,0,0,0,1,0,1,0,0,0,0,0,0,0,1,0,0,0,1,0,0,0,0,0,0,0,0,1,0,457541
1162837,0,0,6,0,0,107,0,-5,0,1,0,0,0,0,0,0,0,0,0,1,0,0,0,1,12,0,0,0,32768,0,0,0,1,0,457544
1162842,0,0,6,0,0,4,0,50,0,1,0,0,0,0,0,0,0,16280,0,1,0,0,0,1,0,0,0,0,0,0,0,0,1,0,457548
1162843,0,1,6,0,0,108,0,-100,0,1,0,0,0,0,0,0,0,0,0,1,0,0,0,1,2,0,0,0,0,0,0,0,1,0,457548
1162846,0,0,6,0,0,52,0,2,1,1,0,0,0,0,0,0,0,0,0,1,0,0,0,1,0,0,0,0,0,0,0,0,1,0,457549
1162847,0,1,6,0,0,552,0,2,1,1,0,0,0,0,0,0,0,0,0,1,0,0,0,1,126,0,0,0,0,0,0,0,1,0,457549
1162854,0,0,6,0,0,107,0,4,1,1,0,0,0,0,0,0,0,0,0,1,0,0,0,1,18,0,0,0,0,0,67108864,0,1,0,457553
1162862,0,1,6,0,0,42,0,4,1,1,0,0,0,0,0,0,0,440873,0,1,0,0,0,1,0,0,0,0,0,0,0,0,1,0,457553
1162882,0,0,6,0,0,332,0,457569,0,1,0,0,0,0,0,0,0,0,0,1,0,0,0,1,710,0,0,0,0,0,0,0,1,0,457571
1162883,0,0,6,0,0,4,0,420,0,1,0,0,0,0,0,0,0,0,0,1,0,0,0,1,0,0,0,0,0,134217728,0,0,1,0,457572
1163011,0,0,6,0,0,42,0,420,0,1,0,0,0,0,0,0,0,457643,0,1,0,0,0,1,0,0,0,0,0,0,0,0,1,0,457642
1163017,0,0,6,0,0,564,0,30,0,1,0,0,0,0,0,0,0,0,0,1,0,0,0,1,0,0,0,0,0,0,0,0,1,0,457645
1163018,0,0,6,0,0,42,0,10,0,1,0,0,0,0,0,0,0,457648,0,1,0,0,0,1,0,0,0,0,0,0,0,0,1,0,457646
1163024,0,0,6,0,0,107,0,10,0,1,0,0,0,0,0,0,0,0,0,1,0,0,0,1,23,0,0,0,0,0,1048576,0,1,0,457651
1163025,0,1,6,0,0,107,0,4,0,1,0,0,0,0,0,0,0,0,0,1,0,0,0,1,23,0,0,0,0,0,0,64,1,0,457651
1163026,0,0,6,0,0,4,0,10,0,1,0,0,0,0,0,0,0,0,0,1,0,0,0,1,0,0,0,0,0,0,0,0,1,0,457652
1163124,0,0,6,0,0,4,0,10,0,1,0,0,0,0,0,0,0,0,0,1,0,0,0,1,0,0,0,0,0,0,0,0,1,0,457697
1163334,0,0,6,0,0,4,0,10,0,1,0,0,0,0,0,0,0,0,0,1,0,0,0,1,0,0,0,0,0,0,0,0,1,0,457820
1166510,0,0,6,0,0,107,0,2000,1,1,0,0,0,0,0,0,0,0,0,1,0,0,0,1,1,0,0,0,64,0,0,0,1,0,459584
1166526,0,0,6,0,0,108,0,3,1,1,0,1,0,0,0,0,0,0,0,1,0,0,0,1,0,0,0,0,4096,0,0,0,1,0,459593
1166527,0,0,6,0,0,107,0,-150,1,1,0,0,0,0,0,0,0,0,0,1,0,0,0,1,14,0,0,0,-536870912,0,0,0,1,0,459594
1166528,0,0,6,0,0,108,0,49,0,1,0,1,0,0,0,0,0,0,0,1,0,0,0,1,9,0,0,0,1,0,0,0,1,0,459595
1166529,0,0,6,0,0,107,0,3000,1,1,0,0,0,0,0,0,0,0,0,1,0,0,0,1,1,0,0,0,0,262144,0,0,1,0,459596
1166531,0,0,6,0,0,108,0,4,1,1,0,0,0,0,0,0,0,0,0,1,0,0,0,1,0,0,0,0,0,0,65536,0,1,0,459598
1166534,0,0,6,0,0,107,0,20,0,1,0,0,0,0,0,0,0,0,0,1,0,0,0,1,0,0,0,0,1024,520,16,0,1,0,459601
1166535,0,0,6,0,0,107,0,2,0,1,0,0,0,0,0,0,0,0,0,1,0,0,0,1,7,0,0,0,2097152,65536,0,0,1,0,459602
1166538,0,0,6,0,0,107,0,2999,1,1,0,1,0,0,0,0,0,0,0,1,0,0,0,1,1,0,0,0,64,0,0,0,1,0,459605
1166539,0,0,6,0,0,107,0,14,1,1,0,1,0,0,0,0,0,0,0,1,0,0,0,1,12,0,0,0,2048,0,0,0,1,0,459606
1166541,0,0,6,0,0,107,0,-31,1,1,0,1,0,0,0,0,0,0,0,1,0,0,0,1,14,0,0,0,2,0,0,0,1,0,459608
1167255,0,3,6,0,0,135,0,44,0,1,0,0,0,0,0,0,0,0,0,1,0,0,0,1,126,0,0,0,0,0,0,0,1,0,450517
1167667,0,0,6,0,0,564,0,17,0,1,0,0,0,0,0,0,0,0,0,1,0,0,0,1,0,0,0,0,0,0,0,0,1,0,460229
1167668,0,0,6,0,0,54,0,2,0,1,0,0,0,0,0,0,0,0,0,1,0,0,0,1,0,0,0,0,0,0,0,0,1,0,460230
1167669,0,1,6,0,0,55,0,2,0,1,0,0,0,0,0,0,0,0,0,1,0,0,0,1,0,0,0,0,0,0,0,0,1,0,460230
1167862,0,0,6,0,0,42,0,25,0,1,0,0,0,0,0,0,0,460341,0,1,0,0,0,1,0,0,0,0,0,0,0,0,1,0,460335
1167866,0,0,2,0,0,0,0,272,0,1,0,61,0,0,0,0,0,0,0,1,0,0,0,1,0,0,0,0,0,0,0,0,6,0,460338
1167867,0,1,6,0,0,3,2000,14,0,1,0,1,0,0,0,0,0,0,0,1,0,0,0,1,0,0,0,0,0,0,0,0,6,0,460338
1167868,0,2,6,0,0,14,0,30,0,1,0,0,0,0,0,0,0,0,0,1,0,0,0,1,6,0,0,0,0,0,0,0,6,0,460338
1167869,0,0,6,0,0,99,0,358,0,1,0,0,0,0,0,0,0,0,0,1,0,0,0,1,0,0,0,0,0,0,0,0,1,0,460339
1167870,0,0,6,0,0,42,0,0,0,1,0,0,0,0,0,0,0,460338,0,1,0,0,0,1,0,0,0,0,0,0,0,0,1,0,460340
1167875,0,0,6,0,0,42,0,0,0,1,0,0,0,0,0,0,0,21159,0,1,0,0,0,1,0,0,0,0,0,0,0,0,1,0,460342
1167876,0,0,6,0,0,99,0,124,0,1,0,0,0,0,0,0,0,0,0,1,0,0,0,1,0,0,0,0,0,0,0,0,1,0,460343
1168100,0,0,6,1,0,138,0,49,0,1,0,1,0,0,0,0,0,0,0,1,0,0,0,1,0,0,0,0,0,0,0,0,1,0,460455
1169208,0,0,179,0,0,0,0,50,0,1,0,0,0,0,0,0,0,0,0,1,0,0,0,1,34304,0,0,0,0,0,0,0,18,0,461084
1169209,0,1,27,0,0,4,0,0,0,1,0,0,0,0,0,0,0,0,0,1,0,0,0,1,0,0,494,494,0,0,0,0,87,0,461084
1169339,0,0,2,0,0,0,0,129,0,1,0,41,0,0,0,0,0,0,0,1,0,0,0,1,0,0,0,13,0,0,0,0,22,15,461151
1169340,0,1,64,0,0,0,0,0,1,1,0,1,0,0,0,0,0,461152,0,1,0,0,0,1,0,0,0,0,0,0,0,0,1,0,461151
1169345,0,0,6,0,0,42,0,-1,1,1,0,1,0,0,0,0,0,461153,0,1,0,0,0,1,0,0,0,0,0,0,0,0,1,0,461154
1169366,0,0,6,0,0,42,0,0,1,1,0,1,0,0,0,0,0,461165,0,1,0,0,0,1,0,0,0,0,0,0,0,0,1,0,461164
1169501,0,0,6,0,0,29,0,80,1,1,0,0,0,0,0,0,0,0,0,1,0,0,0,1,0,0,0,0,0,0,0,0,1,0,461224
1169503,0,0,6,0,0,22,0,90,1,1,0,0,0,0,0,0,0,0,0,1,0,0,0,1,8,0,0,0,0,0,0,0,1,0,461226
1169505,0,0,6,0,0,13,0,115,1,1,0,0,0,0,0,0,0,0,0,1,0,0,0,1,8,0,0,0,0,0,0,0,1,0,461227
1169509,0,0,3,0,0,0,0,0,1,1,0,1,0,0,0,0,0,0,0,1,0,0,0,1,0,0,0,0,0,0,0,0,1,0,461231
1169515,0,0,6,0,0,29,0,60,1,1,0,0,0,0,0,0,0,0,0,1,0,0,0,1,0,0,0,0,0,0,0,0,1,0,461235
1169551,0,0,6,0,0,42,0,0,1,1,0,0,0,0,0,0,0,461252,0,1,0,0,0,1,0,0,0,0,0,0,0,0,1,0,461253
1169588,0,0,6,0,0,42,0,0,0,1,0,0,0,0,0,0,0,461266,0,1,0,0,0,1,0,0,0,0,0,0,0,0,1,0,461267
1169592,0,0,6,0,0,42,0,10,1,1,0,0,0,0,0,0,0,461270,0,1,0,0,0,1,0,0,0,0,0,0,0,0,1,0,461268
1169593,0,0,3,0,0,0,0,2,0,1,0,0,0,0,0,0,0,0,0,1,0,0,0,1,0,0,0,0,0,0,0,0,6,0,461269
1169629,0,0,6,0,0,4,0,0,0,1,0,0,0,0,0,0,0,0,0,1,0,0,0,1,0,0,0,0,0,0,0,0,1,0,461289
1169659,0,0,6,0,0,226,6000,-5,0,1,0,0,0,0,0,0,0,0,0,1,0,0,0,1,0,0,0,0,0,0,0,0,57,0,461314
1169663,0,0,6,0,0,135,0,220,1,1,0,0,0,0,0,0,0,0,0,1,0,0,0,1,126,0,0,0,0,0,0,0,1,0,461317
1170167,0,0,6,1,0,42,0,0,0,1,0,1,0,0,0,0,0,56,0,1,0,0,0,1,0,0,0,0,0,0,0,0,1,0,461579
1170170,0,0,6,0,0,99,0,172,0,1,0,0,0,0,0,0,0,0,0,1,0,0,0,1,0,0,0,0,0,0,0,0,1,0,461580
1170264,0,0,6,1,0,42,0,0,0,1,0,1,0,0,0,0,0,21152,0,1,0,0,0,1,0,0,0,0,0,0,0,0,1,0,461628
1170265,0,0,6,0,0,99,0,109,0,1,0,0,0,0,0,0,0,0,0,1,0,0,0,1,0,0,0,0,0,0,0,0,1,0,461629
1170325,0,0,6,0,0,13,0,184,1,1,0,0,0,0,0,0,0,0,0,1,0,0,0,1,126,0,0,0,0,0,0,0,1,0,461680
1170326,0,1,6,0,0,135,0,184,1,1,0,0,0,0,0,0,0,0,0,1,0,0,0,1,126,0,0,0,0,0,0,0,1,0,461680
1170327,0,0,6,0,0,98,0,2,0,1,0,1,0,0,0,0,0,0,0,1,0,0,0,1,134,0,0,0,0,0,0,0,1,0,461681
1170328,0,0,2,1,0,0,0,150,0,1,0,0,0,0,0,0,0,0,0,1,0,0,0,1,0,0,0,0,0,0,0,0,6,0,461682
1170329,0,1,6,0,0,29,0,-26,0,1,0,1,0,0,0,0,0,0,0,1,0,0,0,1,-1,0,0,0,0,0,0,0,6,0,461682
1170330,0,0,9,1,0,0,0,179,1,1,0,41,0,0,0,0,0,0,0,1,0,0,0,1,0,0,0,0,0,0,0,0,6,0,461683
1170331,0,0,6,1,0,42,0,0,0,1,0,1,0,0,0,0,0,461683,0,1,0,0,0,1,0,0,0,0,0,0,0,0,1,0,461684
1170332,0,0,6,0,0,99,0,189,0,1,0,0,0,0,0,0,0,0,0,1,0,0,0,1,0,0,0,0,0,0,0,0,1,0,461685
1170333,0,0,2,0,0,0,0,199,0,0.69999998808,3,101,0,0,0,0,0,0,0,1,0,0,0,1,0,0,0,0,0,0,0,0,6,0,461686
1170334,0,0,6,1,0,42,0,0,0,1,0,1,0,0,0,0,0,461686,0,1,0,0,0,1,0,0,0,0,0,0,0,0,1,0,461687
1170335,0,0,34,0,0,0,0,0,1,1,0,0,228272,0,0,0,0,0,0,1,0,0,0,1,0,0,0,0,0,0,0,0,0,0,461688
1170336,0,0,34,0,0,0,0,0,1,1,0,0,228273,0,0,0,0,0,0,1,0,0,0,1,0,0,0,0,0,0,0,0,0,0,461689
1170341,0,0,6,0,0,15,0,50,0,1,0,0,0,0,0,0,0,0,0,1,0,0,0,1,0,0,0,0,0,0,0,0,1,0,461694
1170342,0,0,2,0,0,0,0,97,0,1,0,25,0,0,0,0,0,0,0,1,0,0,0,1,0,0,0,0,0,0,0,0,6,0,461695
1170343,0,0,6,0,0,161,0,96,0,1,0,0,0,0,0,0,0,0,0,1,0,0,0,1,0,0,0,0,0,0,0,0,1,0,461696
1170344,0,0,6,0,0,13,0,28,0,1,0,1,0,0,0,0,0,0,0,1,0,0,0,1,126,0,0,0,0,0,0,0,1,0,461697
1170345,0,0,6,0,0,42,0,0,1,1,0,0,0,0,0,0,0,464591,0,1,0,0,0,1,0,0,0,0,0,0,0,0,1,0,461698
1170348,0,0,6,0,0,42,0,0,0,1,0,0,0,0,0,0,0,461699,0,1,0,0,0,1,0,0,0,0,0,0,0,0,1,0,461700
1170349,0,0,6,0,0,42,0,0,0,1,0,2000,0,0,0,0,0,461702,0,1,0,0,0,1,0,0,0,0,0,0,0,0,1,0,461701
1170810,0,0,2,0,0,0,0,70,0.15000000596,1,0,0,0,0,0,0,0,0,0,1,0,0,0,1,0,0,0,0,0,0,0,0,6,0,461896
1171026,0,0,6,0,0,135,0,112,0,1,0,0,0,0,0,0,0,0,0,1,0,0,0,1,126,0,0,0,0,0,0,0,1,0,461951
1171031,0,0,6,0,0,552,0,2,1,1,0,0,0,0,0,0,0,0,0,1,0,0,0,1,2,0,0,0,0,0,0,0,1,0,461953
1171034,0,0,6,0,0,13,0,75,0,1,0,0,0,0,0,0,0,0,0,1,0,0,0,1,32,0,0,0,0,0,0,0,1,0,461956
1171069,0,0,34,0,0,0,0,0,1,1,0,0,228335,0,0,0,0,0,0,1,0,0,0,1,0,0,0,0,0,0,0,0,0,0,461961
1171071,0,0,34,0,0,0,0,0,1,1,0,0,228336,0,0,0,0,0,0,1,0,0,0,1,0,0,0,0,0,0,0,0,0,0,461962
1171153,0,0,19,0,0,0,0,0,1,1,0,1,0,0,0,0,0,0,0,1,0,0,0,1,0,0,0,0,0,0,0,0,1,0,461985
1171162,0,0,6,0,0,42,0,0,0,1,0,0,0,0,0,0,0,463512,0,1,0,0,0,1,0,0,0,0,0,0,0,0,1,0,461990
1171390,0,0,6,0,0,31,0,39,0,1,0,1,0,0,0,0,0,0,0,1,0,0,0,1,0,0,0,0,0,0,0,0,1,0,462149
1171446,0,0,6,0,0,29,0,-125,0,1,0,0,0,0,0,0,0,0,0,1,0,0,0,1,0,0,0,0,0,0,0,0,6,0,462178
1171447,0,1,6,0,0,29,0,-50,0,1,0,0,0,0,0,0,0,0,0,1,0,0,0,1,2,0,0,0,0,0,0,0,6,0,462178
1171801,0,0,6,0,0,52,0,99,1,1,0,1,0,0,0,0,0,0,0,1,0,0,0,1,0,0,0,0,0,0,0,0,5,0,462214
1171814,0,0,9,1,0,0,0,42,0.20000000298,1,0,0,0,0,0,0,0,0,0,1,0,0,0,1,0,0,0,0,0,0,0,0,6,0,462221
1171832,0,0,6,0,0,42,0,0,1,1,0,1,0,0,0,0,0,21330,0,1,0,0,0,1,0,0,0,0,0,0,0,0,1,0,462229
1171833,0,1,6,0,0,23,45000,0,0,1,0,0,0,0,0,0,0,462228,0,1,0,0,0,1,0,0,0,0,0,0,0,0,1,0,462229
1172049,0,0,28,0,0,0,0,0,1,1,0,1,0,0,0,0,0,0,0,1,0,0,0,1,229452,61,15,0,0,0,0,0,47,0,462358
1172091,0,0,6,0,0,42,0,0,0,1,0,0,0,0,0,0,0,462386,0,1,0,0,0,1,0,0,0,0,0,0,0,0,1,0,462385
1172574,0,0,6,1,0,42,0,0,0,1,0,1,0,0,0,0,0,17196,0,1,0,0,0,1,0,0,0,0,0,0,0,0,1,0,462628
1172587,0,0,6,0,0,13,0,128,1,1,0,0,0,0,0,0,0,0,0,1,0,0,0,1,126,0,0,0,0,0,0,0,1,0,462636
1172588,0,1,6,0,0,135,0,236,1,1,0,0,0,0,0,0,0,0,0,1,0,0,0,1,126,0,0,0,0,0,0,0,1,0,462636
1172858,0,0,6,0,0,102,0,75,0,1,0,0,0,0,0,0,0,0,0,1,0,0,0,1,8,0,0,0,0,0,0,0,1,0,462746
1172859,0,1,6,0,0,131,0,75,1,1,0,0,0,0,0,0,0,0,0,1,0,0,0,1,8,0,0,0,0,0,0,0,1,0,462746
1173319,0,0,6,0,0,4,0,17,0,1,0,0,0,0,0,0,0,0,0,1,0,0,0,1,0,0,0,0,0,0,0,0,1,0,463001
1173498,0,0,6,0,0,30,0,25,1,1,0,0,0,0,0,0,0,0,0,1,0,0,0,1,95,0,0,0,0,0,0,0,1,0,463105
1173499,0,1,6,0,0,22,0,299,1,1,0,1,0,0,0,0,0,0,0,1,0,0,0,1,1,0,0,0,0,0,0,0,1,0,463105
1174134,0,0,2,0,0,0,0,27,1,1,0,5,0,0,0,0,0,0,0,1,0,0,0,1,0,0,0,13,0,0,0,0,22,15,463448
1174135,0,1,6,0,0,26,0,-1,0,1,0,1,0,0,0,0,0,0,0,1,0,0,0,1,0,0,0,13,0,0,0,0,22,15,463448
1174266,0,0,6,0,0,4,0,0,1,1,0,0,0,0,0,0,0,0,0,1,0,0,0,1,0,0,0,0,0,0,0,0,1,0,463529
1174319,0,0,6,0,0,564,0,128,0,1,0,0,0,0,0,0,0,0,0,1,0,0,0,1,0,0,0,0,0,0,0,0,1,0,463564
1174460,0,0,6,0,0,42,0,104,0,0,0,41,0,0,0,0,0,463946,0,1,0,0,0,1,0,0,0,0,0,0,0,0,6,0,463641
1174935,0,0,2,0,0,0,0,104,0.10000000149,0.69999998808,3,41,0,0,0,0,0,0,0,1,0,0,0,1,0,0,0,0,0,0,0,0,6,0,463946
1175418,0,1,6,0,0,332,0,465352,0,1,0,0,0,0,0,0,0,0,0,1,0,0,0,1,18647,0,0,0,0,0,0,0,1,0,457571
1177347,0,0,6,0,0,42,0,-1,0,1,0,1,0,0,0,0,0,465411,0,1,0,0,0,1,0,0,0,0,0,0,0,0,1,0,465412
1177349,0,0,6,0,0,13,0,15,0,1,0,0,0,0,0,0,0,0,0,1,0,0,0,1,1,0,0,0,0,0,0,0,1,0,465414
1177350,0,1,6,0,0,138,0,30,0,1,0,0,0,0,0,0,0,0,0,1,0,0,0,1,0,0,0,0,0,0,0,0,1,0,465414
1177355,0,0,34,0,0,0,0,0,1,1,0,0,229806,0,0,0,0,0,0,1,0,0,0,1,0,0,0,0,0,0,0,0,0,0,465417
1177358,0,0,34,0,0,0,0,0,1,1,0,0,229749,0,0,0,0,0,0,1,0,0,0,1,0,0,0,0,0,0,0,0,0,0,465418
1177846,0,0,34,0,0,0,0,0,1,1,0,0,228679,0,0,0,0,0,0,1,0,0,0,1,0,0,0,0,0,0,0,0,0,0,465693
1177857,0,0,34,0,0,0,0,0,1,1,0,0,18348,0,0,0,0,0,0,1,0,0,0,1,0,0,0,0,0,0,0,0,0,0,465699
1177890,0,0,34,0,0,0,0,0,1,1,0,0,15054,0,0,0,0,0,0,1,0,0,0,1,0,0,0,0,0,0,0,0,0,0,465719
1177998,0,0,6,0,0,4,0,0,0,1,0,0,0,0,0,0,0,0,0,1,0,0,0,1,0,0,0,0,0,0,0,0,1,0,465787
1178001,0,0,252,0,0,0,0,0,0,1,0,0,0,0,0,1.03131508827,0,0,0,1,0,0,0,1,0,0,0,0,0,0,0,0,1,17,465789
1178489,0,0,34,0,0,0,0,0,1,1,0,0,229971,0,0,0,0,0,0,1,0,0,0,1,0,0,0,0,0,0,0,0,0,0,466116
1178491,0,0,34,0,0,0,0,0,1,1,0,0,229972,0,0,0,0,0,0,1,0,0,0,1,0,0,0,0,0,0,0,0,0,0,466117
1178492,0,0,34,0,0,0,0,0,1,1,0,0,229909,0,0,0,0,0,0,1,0,0,0,1,0,0,0,0,0,0,0,0,0,0,466118
1178846,0,0,31,0,0,0,0,80,1,1,0,0,0,0,0,0,0,0,0,1,0,0,0,1,0,0,0,0,0,0,0,0,6,0,466329
1178847,0,1,98,0,0,0,0,93,0,1,0,63,0,0,0,0,0,0,0,1,0,0,0,1,10,0,0,0,0,0,0,0,6,0,466329
1179282,0,0,3,0,0,0,0,0,0,1,0,0,0,0,0,0,0,0,0,1,0,0,0,1,0,0,0,0,0,0,0,0,1,0,466596
1179832,0,0,6,0,0,13,0,77,0,1,0,0,0,0,0,0,0,0,0,1,0,0,0,1,126,0,0,0,0,0,0,0,1,0,466938
1179833,0,1,6,0,0,135,0,77,1,1,0,0,0,0,0,0,0,0,0,1,0,0,0,1,126,0,0,0,0,0,0,0,1,0,466938
1180040,0,0,6,0,0,108,0,25,1,1,0,0,0,0,0,0,0,0,0,1,0,0,0,1,6,0,0,0,4194304,8388608,4194304,0,1,0,467077
1180049,0,0,6,0,0,4,0,3,1,1,0,0,0,0,0,0,0,0,0,1,0,0,0,1,0,0,0,0,0,0,0,0,1,0,467084
1180058,0,0,6,0,0,42,0,3,1,1,0,0,0,0,0,0,0,467088,0,1,0,0,0,1,0,0,0,0,0,0,0,0,1,0,467090
1180068,0,0,6,0,0,42,0,100,0,1,0,0,0,0,0,0,0,408261,0,1,0,0,0,1,0,0,0,0,0,0,0,0,1,0,467099
1180124,0,0,6,0,0,65,0,32,1,1,0,1,0,0,0,0,0,0,0,1,0,0,0,1,0,0,0,0,0,0,0,0,1,0,467141
1180125,0,0,6,0,0,135,0,45,0,1,0,1,0,0,0,0,0,0,0,1,0,0,0,1,126,0,0,0,0,0,0,0,1,0,467142
1180126,0,1,6,0,0,13,0,16,0,1,0,0,0,0,0,0,0,0,0,1,0,0,0,1,126,0,0,0,0,0,0,0,1,0,467142
1180127,0,0,6,0,0,135,0,37,0,1,0,0,0,0,0,0,0,0,0,1,0,0,0,1,126,0,0,0,0,0,0,0,1,0,467143
1180128,0,1,6,0,0,13,0,13,0,1,0,0,0,0,0,0,0,0,0,1,0,0,0,1,126,0,0,0,0,0,0,0,1,0,467143
1180129,0,0,6,0,0,135,0,40,0,1,0,0,0,0,0,0,0,0,0,1,0,0,0,1,126,0,0,0,0,0,0,0,1,0,467144
1180130,0,1,6,0,0,13,0,14,0,1,0,0,0,0,0,0,0,0,0,1,0,0,0,1,126,0,0,0,0,0,0,0,1,0,467144
1180131,0,0,6,0,0,42,0,2,1,1,0,0,0,0,0,0,0,467146,0,1,0,0,0,1,0,0,0,0,0,0,0,0,1,0,467145
1180152,0,0,6,0,0,135,0,66,0,1,0,0,0,0,0,0,0,0,0,1,0,0,0,1,126,0,0,0,0,0,0,0,1,0,467166
1180153,0,1,6,0,0,13,0,22,0,1,0,0,0,0,0,0,0,0,0,1,0,0,0,1,126,0,0,0,0,0,0,0,1,0,467166
1180154,0,0,2,0,0,0,0,300,0,1,0,0,0,0,0,0,0,0,0,1,0,0,0,1,0,0,0,0,0,0,0,0,6,0,467167
1180201,0,0,6,0,0,42,0,0,1,1,0,0,0,0,0,0,0,467204,0,1,0,0,0,1,0,0,0,0,0,0,0,0,1,0,467203
1180203,0,0,6,0,0,108,0,10,1,1,0,0,0,0,0,0,0,0,0,1,0,0,0,1,22,0,0,0,0,67108864,0,0,1,0,467205
1180206,0,0,6,0,0,108,0,40,1,1,0,0,0,0,0,0,0,0,0,1,0,0,0,1,22,0,0,0,0,0,0,1073741824,1,0,467207
1180207,0,1,6,0,0,107,0,6000,1,1,0,0,0,0,0,0,0,0,0,1,0,0,0,1,1,0,0,0,0,0,0,1073741824,1,0,467207
1180208,0,0,6,0,0,4,0,15,1,1,0,0,0,0,0,0,0,0,0,1,0,0,0,1,0,0,0,0,0,0,0,1073741824,1,0,467208
1180211,0,0,6,0,0,4,0,10,1,1,0,0,0,0,0,0,0,0,0,1,0,0,0,1,0,0,0,0,0,0,0,0,1,0,467211
1180212,0,1,6,0,0,4,0,20,1,1,0,0,0,0,0,0,0,0,0,1,0,0,0,1,0,0,0,0,0,0,0,0,1,0,467211
1180218,0,0,6,0,0,4,0,1,1,1,0,0,0,0,0,0,0,0,0,1,0,0,0,1,0,0,0,0,0,0,0,0,1,0,467216
1180225,0,0,6,0,0,4,0,5,1,1,0,0,0,0,0,0,0,0,0,1,0,0,0,1,0,0,0,0,0,0,0,0,1,0,467221
1180233,0,0,6,0,0,4,0,5,1,1,0,0,0,0,0,0,0,0,0,1,0,0,0,1,0,0,0,0,0,0,0,0,1,0,467227
1180244,0,0,6,0,0,4,0,20,1,1,0,0,0,0,0,0,0,0,0,1,0,0,0,1,0,0,0,0,0,0,0,0,1,0,467235
1180310,0,0,2,0,0,0,0,500,0,1,0,0,0,0,0,0,0,0,0,1,0,0,0,1,0,0,18,0,0,0,0,0,24,0,467271
1180401,0,0,6,0,0,4,0,10,1,1,0,0,0,0,0,0,0,0,0,1,0,0,0,1,0,0,0,0,0,0,0,0,1,0,467312
1180413,0,0,6,0,0,135,0,35,0,1,0,0,0,0,0,0,0,0,0,1,0,0,0,1,126,0,0,0,0,0,0,0,1,0,467318
1180414,0,1,6,0,0,13,0,12,0,1,0,0,0,0,0,0,0,0,0,1,0,0,0,1,126,0,0,0,0,0,0,0,1,0,467318
1180424,0,0,6,0,0,4,0,25,1,1,0,0,0,0,0,0,0,0,0,1,0,0,0,1,0,0,0,0,0,0,0,0,1,0,467326
1180429,0,0,6,0,0,42,0,20,1,1,0,0,0,0,0,0,0,467331,0,1,0,0,0,1,0,0,0,0,0,0,0,0,1,0,467329
1180430,0,0,6,0,0,135,0,64,0,1,0,0,0,0,0,0,0,0,0,1,0,0,0,1,126,0,0,0,0,0,0,0,1,0,467330
1180431,0,1,6,0,0,13,0,22,0,1,0,0,0,0,0,0,0,0,0,1,0,0,0,1,126,0,0,0,0,0,0,0,1,0,467330
1180433,0,0,6,0,0,135,0,77,0,1,0,0,0,0,0,0,0,0,0,1,0,0,0,1,126,0,0,0,0,0,0,0,1,0,467332
1180434,0,1,6,0,0,13,0,26,0,1,0,0,0,0,0,0,0,0,0,1,0,0,0,1,126,0,0,0,0,0,0,0,1,0,467332
1180435,0,0,6,0,0,4,0,20,1,1,0,0,0,0,0,0,0,0,0,1,0,0,0,1,0,0,0,0,0,0,0,0,1,0,467333
1180436,0,0,6,0,0,4,0,20,1,1,0,0,0,0,0,0,0,0,0,1,0,0,0,1,0,0,0,0,0,0,0,0,1,0,467334
1180526,0,0,6,0,0,10,0,-20,1,1,0,0,0,0,0,0,0,0,0,1,0,0,0,1,4,0,0,0,0,0,0,0,1,0,467387
1180527,0,0,6,0,0,4,0,20,1,1,0,0,0,0,0,0,0,0,0,1,0,0,0,1,0,0,0,0,0,0,0,0,1,0,467388
1180548,0,0,6,0,0,4,0,100,1,1,0,0,0,0,0,0,0,0,0,1,0,0,0,1,0,0,0,0,0,0,0,0,1,0,467399
1180550,0,0,6,0,0,4,0,10,1,1,0,0,0,0,0,0,0,0,0,1,0,0,0,1,0,0,0,0,0,0,0,0,1,0,467401
1180554,0,0,6,0,0,4,0,10,1,1,0,0,0,0,0,0,0,0,0,1,0,0,0,1,0,0,0,0,0,0,0,0,1,0,467405
1180556,0,0,6,0,0,4,0,4,0,1,0,0,0,0,0,0,0,0,0,1,0,0,0,1,0,0,0,0,0,0,0,0,1,0,467407
1180588,0,0,6,0,0,135,0,53,0,1,0,0,0,0,0,0,0,0,0,1,0,0,0,1,126,0,0,0,0,0,0,0,1,0,467430
1180589,0,1,6,0,0,13,0,18,0,1,0,0,0,0,0,0,0,0,0,1,0,0,0,1,126,0,0,0,0,0,0,0,1,0,467430
1180591,0,0,6,0,0,13,0,86,0,1,0,0,0,0,0,0,0,0,0,1,0,0,0,1,126,0,0,0,0,0,0,0,1,0,467432
1180592,0,1,6,0,0,135,0,86,1,1,0,0,0,0,0,0,0,0,0,1,0,0,0,1,126,0,0,0,0,0,0,0,1,0,467432
1180600,0,0,6,0,0,135,0,62,0,1,0,0,0,0,0,0,0,0,0,1,0,0,0,1,126,0,0,0,0,0,0,0,1,0,467437
1180601,0,1,6,0,0,13,0,21,0,1,0,0,0,0,0,0,0,0,0,1,0,0,0,1,126,0,0,0,0,0,0,0,1,0,467437
1180607,0,0,6,0,0,135,0,26,0,1,0,0,0,0,0,0,0,0,0,1,0,0,0,1,126,0,0,0,0,0,0,0,1,0,467443
1180608,0,1,6,0,0,13,0,9,0,1,0,0,0,0,0,0,0,0,0,1,0,0,0,1,126,0,0,0,0,0,0,0,1,0,467443
1180611,0,0,6,0,0,42,0,0,0,1,0,0,0,0,0,0,0,467447,0,1,0,0,0,1,0,0,0,0,0,0,0,0,1,0,467446
1180634,0,0,6,0,0,79,0,99,1,1,0,1,0,0,0,0,0,0,0,1,0,0,0,1,127,0,0,0,0,0,0,0,5,0,467459
1180635,0,1,6,0,0,101,0,99,1,1,0,1,0,0,0,0,0,0,0,1,0,0,0,1,1,0,0,0,0,0,0,0,5,0,467459
1180642,0,0,6,0,0,4,0,0,1,1,0,0,0,0,0,0,0,0,0,1,0,0,0,1,0,0,0,0,0,0,0,0,1,0,467466
1180643,0,0,6,0,0,108,0,-101,1,1,0,1,0,0,0,0,0,0,0,1,0,0,0,1,14,0,0,0,-536870912,65536,0,0,1,0,467467
1180658,0,1,6,0,0,108,0,100,0,1,0,0,0,0,0,0,0,0,0,1,0,0,0,1,3,0,0,0,0,134219776,4,0,1,0,467467
1180682,0,0,6,0,0,4,0,21,1,1,0,0,0,0,0,0,0,0,0,1,0,0,0,1,0,0,0,0,0,0,0,0,1,0,467494
1180690,0,0,3,0,0,0,0,15,1,1,0,0,0,0,0,0,0,0,0,1,0,0,0,1,0,0,0,0,0,0,0,0,1,0,467499
1180697,0,0,6,0,0,107,0,5,1,1,0,0,0,0,0,0,0,0,0,1,0,0,0,1,7,0,0,0,2097152,0,0,0,1,0,467506
1180698,0,0,6,0,0,108,0,50,1,1,0,0,0,0,0,0,0,0,0,1,0,0,0,1,22,0,0,0,32,0,0,0,1,0,467507
1180699,0,0,6,0,0,4,0,0,1,1,0,0,0,0,0,0,0,0,0,1,0,0,0,1,0,0,0,0,0,0,0,0,1,0,467508
1180702,0,0,6,0,0,107,0,29,0,1,0,1,0,0,0,0,0,0,0,1,0,0,0,1,18,0,0,0,268558336,0,1,0,1,0,467511
1180703,0,0,6,0,0,4,0,0,1,1,0,0,0,0,0,0,0,0,0,1,0,0,0,1,0,0,0,0,0,0,0,0,1,0,467512
1180704,0,0,6,0,0,4,0,75,1,1,0,0,0,0,0,0,0,0,0,1,0,0,0,1,0,0,0,0,32,0,0,0,1,0,467513
1180716,0,0,6,0,0,108,0,20,1,1,0,0,0,0,0,0,0,0,0,1,0,0,0,1,0,0,0,0,1024,512,16,0,1,0,467518
1180722,0,0,6,0,0,65,0,32,1,1,0,1,0,0,0,0,0,0,0,1,0,0,0,1,0,0,0,0,0,0,0,0,1,0,467522
1180723,0,1,6,0,0,138,0,24,1,1,0,1,0,0,0,0,0,0,0,1,0,0,0,1,0,0,0,0,0,0,0,0,1,0,467522
1180724,0,0,6,0,0,79,0,19,1,1,0,1,0,0,0,0,0,0,0,1,0,0,0,1,126,0,0,0,0,0,0,0,1,0,467523
1180725,0,1,6,0,0,136,0,19,1,1,0,1,0,0,0,0,0,0,0,1,0,0,0,1,126,0,0,0,0,0,0,0,1,0,467523
1180726,0,2,6,0,0,72,0,19,1,1,0,1,0,0,0,0,0,0,0,1,0,0,0,1,126,0,0,0,0,0,0,0,1,0,467523
1180728,0,0,6,0,0,34,0,10,0,1,0,0,0,0,0,0,0,0,0,1,0,0,0,1,0,0,0,0,0,0,0,0,21,0,467525
1180729,0,1,10,0,0,0,0,10,0,1,0,0,0,0,0,0,0,0,0,1,0,0,0,1,0,0,0,0,0,0,0,0,21,0,467525
1180730,0,0,6,0,0,107,0,-5000,1,1,0,0,0,0,0,0,0,0,0,1,0,0,0,1,11,0,0,0,8388608,0,0,0,1,0,467526
1180733,0,0,6,0,0,4,0,0,1,1,0,0,0,0,0,0,0,0,0,1,0,0,0,1,0,0,0,0,0,0,0,0,1,0,467528
1180734,0,0,6,0,0,4,0,20,1,1,0,0,0,0,0,0,0,0,0,1,0,0,0,1,0,0,0,0,0,0,0,0,1,0,467529
1180738,0,0,6,0,0,107,0,10,1,1,0,0,0,0,0,0,0,0,0,1,0,0,0,1,3,0,0,0,0,64,0,0,1,0,467531
1180739,0,0,6,0,0,4,0,10,1,1,0,0,0,0,0,0,0,0,0,1,0,0,0,1,0,0,0,0,0,0,0,0,1,0,467532
1180744,0,0,6,0,0,4,0,20,1,1,0,0,0,0,0,0,0,0,0,1,0,0,0,1,0,0,0,0,0,0,0,0,1,0,467536
1180747,0,0,6,0,0,134,0,14,0,1,0,1,0,0,0,0,0,0,0,1,0,0,0,1,0,0,0,0,0,0,0,0,1,0,467539
1180753,0,0,6,0,0,42,0,10,0,1,0,0,0,0,0,0,0,467543,0,1,0,0,0,1,0,0,0,0,0,0,0,0,1,0,467544
1180760,0,0,6,0,0,135,0,75,0,1,0,0,0,0,0,0,0,0,0,1,0,0,0,1,126,0,0,0,0,0,0,0,1,0,467549
1180761,0,1,6,0,0,13,0,25,0,1,0,0,0,0,0,0,0,0,0,1,0,0,0,1,126,0,0,0,0,0,0,0,1,0,467549
1180762,0,0,6,0,0,135,0,44,0,1,0,0,0,0,0,0,0,0,0,1,0,0,0,1,126,0,0,0,0,0,0,0,1,0,467550
1180763,0,1,6,0,0,13,0,15,0,1,0,0,0,0,0,0,0,0,0,1,0,0,0,1,126,0,0,0,0,0,0,0,1,0,467550
1180817,0,0,6,0,0,4,0,25,0,1,0,0,0,0,0,0,0,0,0,1,0,0,0,1,0,0,0,0,0,0,0,0,1,0,467586
1180847,0,0,6,0,0,107,0,-6000,0,1,0,0,0,0,0,0,0,0,0,1,0,0,0,1,11,0,0,0,0,2,0,0,1,0,467604
1180852,0,0,6,0,0,4,0,20,0,1,0,0,0,0,0,0,0,0,0,1,0,0,0,1,0,0,0,0,0,0,0,0,1,0,467608
1180853,0,1,6,0,0,4,0,20,0,1,0,0,0,0,0,0,0,0,0,1,0,0,0,1,0,0,0,0,0,0,0,0,1,0,467608
1180884,0,0,6,0,0,4,0,20,0,1,0,0,0,0,0,0,0,0,0,1,0,0,0,1,0,0,0,0,0,0,0,0,1,0,467624
1180917,0,0,2,0,0,0,0,199,0,1,0,21,0,0,0,0,0,0,0,1,0,0,0,1,0,0,0,0,0,0,0,0,6,0,467642
1180922,0,0,6,0,0,135,0,33,0,1,0,0,0,0,0,0,0,0,0,1,0,0,0,1,126,0,0,0,0,0,0,0,1,0,467647
1180923,0,1,6,0,0,13,0,11,0,1,0,0,0,0,0,0,0,0,0,1,0,0,0,1,126,0,0,0,0,0,0,0,1,0,467647
1180927,0,0,6,0,0,135,0,22,0,1,0,0,0,0,0,0,0,0,0,1,0,0,0,1,126,0,0,0,0,0,0,0,1,0,467651
1180928,0,1,6,0,0,13,0,8,0,1,0,0,0,0,0,0,0,0,0,1,0,0,0,1,126,0,0,0,0,0,0,0,1,0,467651
1180989,0,0,6,0,0,42,0,-1,1,1,0,1,0,0,5,0,0,467735,0,1,0,0,0,1,0,0,0,0,0,0,0,0,1,0,467708
1181021,0,0,28,99999,0,0,0,5,0,1,0,0,0,0,0,0,0,0,0,1,0,0,0,1,232335,6041,15,0,0,0,0,0,32,0,467720
1181042,0,0,6,0,0,4,0,20,1,1,0,0,0,0,0,0,0,0,0,1,0,0,0,1,0,0,0,0,0,0,0,0,1,0,467737
1181043,0,0,2,0,0,0,0,71,0.33000001311,1,0,25,0,0,0,0,0,0,0,1,0,0,0,1,0,0,0,0,0,0,0,0,25,0,467738
1181044,0,0,6,0,0,107,0,-240000,1,1,0,0,0,0,0,0,0,0,0,1,0,0,0,1,11,0,0,0,2048,0,0,0,1,0,467739
1181045,0,0,2,1,0,0,0,84,0,1,0,31,0,0,0,0,0,0,0,1,0,0,0,1,0,0,0,0,0,0,0,0,6,0,467740
1181050,0,0,6,0,0,42,0,0,1,1,0,0,0,0,0,0,0,467742,0,1,0,0,0,1,0,0,0,0,0,0,0,0,1,0,467743
1181053,0,0,6,0,0,4,0,100,0,1,0,0,0,0,0,0,0,0,0,1,0,0,0,1,0,0,0,0,0,0,0,0,1,0,467746
1181062,0,0,6,0,0,4,0,0,1,1,0,0,0,0,0,0,0,0,0,1,0,0,0,1,0,0,0,0,0,0,0,0,1,0,467751
1181064,0,0,6,0,0,4,0,0,1,1,0,0,0,0,0,0,0,0,0,1,0,0,0,1,0,0,0,0,0,0,0,0,1,0,467753
1181066,0,0,28,1000,0,0,0,1,0,1,0,0,0,0,0,0,0,0,0,1,0,0,0,1,232380,6090,0,0,0,0,0,0,32,0,467754
1181069,0,1,6,0,0,29,0,200,0,1,0,0,0,0,0,0,0,0,0,1,0,0,0,1,4,0,0,0,0,0,0,0,1,0,467754
1181134,0,0,6,0,0,107,0,20,0,1,0,0,0,0,0,0,0,0,0,1,0,0,0,1,12,0,0,0,0,0,0,131072,1,0,467797
1181142,0,0,6,0,0,4,0,20,0,1,0,0,0,0,0,0,0,0,0,1,0,0,0,1,0,0,0,0,0,0,0,0,1,0,467803
1181143,0,0,6,0,0,4,0,-1,1,1,0,1,0,0,5,0,0,0,0,1,0,0,0,1,0,0,0,0,0,0,0,0,1,0,467804
1181150,0,0,6,0,0,4,0,100,1,1,0,0,0,0,0,0,0,0,0,1,0,0,0,1,0,0,0,0,0,0,0,0,1,0,467809
1181154,0,0,6,1,0,42,0,0,0,1,0,1,0,0,0,0,0,467642,0,1,0,0,0,1,0,0,0,0,0,0,0,0,1,0,467813
1181155,0,0,6,0,0,108,0,20,1,1,0,0,0,0,0,0,0,0,0,1,0,0,0,1,0,0,0,0,258,0,0,0,1,0,467814
1181159,0,0,6,0,0,42,0,100,1,1,0,0,0,0,5,0,0,16246,0,1,0,0,0,1,0,0,0,0,0,0,0,0,1,0,467818
1181160,0,0,6,0,0,42,0,99,0,1,0,1,0,0,0,0,0,467820,0,1,0,0,0,1,0,0,0,0,0,0,0,0,1,0,467819
1181166,0,0,6,0,0,107,0,5,1,1,0,0,0,0,5,0,0,0,0,1,0,0,0,1,23,0,0,0,0,0,131072,0,1,0,467823
1181174,0,0,6,0,0,135,0,29,0,1,0,0,0,0,0,0,0,0,0,1,0,0,0,1,126,0,0,0,0,0,0,0,1,0,467828
1181175,0,1,6,0,0,13,0,10,0,1,0,0,0,0,0,0,0,0,0,1,0,0,0,1,126,0,0,0,0,0,0,0,1,0,467828
1181180,0,0,6,0,0,135,0,15,0,1,0,0,0,0,0,0,0,0,0,1,0,0,0,1,126,0,0,0,0,0,0,0,1,0,467830
1181181,0,1,6,0,0,13,0,6,0,1,0,0,0,0,0,0,0,0,0,1,0,0,0,1,126,0,0,0,0,0,0,0,1,0,467830
1181191,0,0,2,0,0,0,0,174,0,1,0,51,0,0,0,0,0,0,0,1,0,0,0,1,0,0,0,14,0,0,0,0,22,15,467836
1181192,0,0,6,1,0,42,0,0,0,1,0,1,0,0,0,0,0,467836,0,1,0,0,0,1,0,0,0,0,0,0,0,0,1,0,467837
1181233,0,0,6,0,0,4,0,30,1,1,0,0,0,0,5,0,0,0,0,1,0,0,0,1,0,0,0,0,0,0,0,0,1,0,467863
1181234,0,1,6,0,0,4,0,15,1,1,0,0,0,0,5,0,0,0,0,1,0,0,0,1,0,0,0,0,0,0,0,0,1,0,467863
1181253,0,0,6,0,0,107,0,12,1,1,0,0,0,0,5,0,0,0,0,1,0,0,0,1,18,0,0,0,0,0,8192,0,1,0,467877
1181255,0,0,6,0,0,4,0,50,1,1,0,0,0,0,0,0,0,0,0,1,0,0,0,1,0,0,0,0,0,0,0,0,1,0,467879
1181260,0,0,6,0,0,4,0,1,1,1,0,0,0,0,0,0,0,0,0,1,0,0,0,1,0,0,0,0,0,0,0,0,1,0,467882
1181270,0,0,6,0,0,42,0,30,1,1,0,0,0,0,0,0,0,467891,0,1,0,0,0,1,0,0,0,0,0,0,0,0,1,0,467889
1181293,0,0,6,0,0,4,0,10,1,1,0,0,0,0,0,0,0,0,0,1,0,0,0,1,0,0,0,0,0,0,0,0,1,0,467909
1181305,0,0,6,0,0,4,0,10,1,1,0,0,0,0,0,0,0,0,0,1,0,0,0,1,0,0,0,0,0,0,0,0,1,0,467916
1181309,0,0,6,0,0,108,0,10,1,1,0,0,0,0,5,0,0,0,0,1,0,0,0,1,22,0,0,0,17454,65793,16777216,0,1,0,467917
1181392,0,1,6,0,0,107,0,10,1,1,0,0,0,0,5,0,0,0,0,1,0,0,0,1,32,0,0,0,0,0,0,64,1,0,467917
1181397,0,0,6,0,0,42,0,10,1,1,0,0,0,0,5,0,0,17941,0,1,0,0,0,1,0,0,0,0,0,0,0,0,1,0,467983
1181406,0,0,6,0,0,4,0,10,1,1,0,0,0,0,5,0,0,0,0,1,0,0,0,1,0,0,0,0,0,0,0,0,1,0,467988
1181407,0,1,6,0,0,4,0,30,1,1,0,0,0,0,5,0,0,0,0,1,0,0,0,1,0,0,0,0,0,0,0,0,1,0,467988
1181471,0,0,6,0,0,4,0,50,1,1,0,0,0,0,5,0,0,0,0,1,0,0,0,1,0,0,0,0,0,0,0,0,1,0,468028
1181496,0,0,6,0,0,4,0,50,1,1,0,0,0,0,5,0,0,0,0,1,0,0,0,1,0,0,0,0,0,0,0,0,1,0,468046
1181517,0,0,6,0,0,4,0,30,1,1,0,0,0,0,5,0,0,0,0,1,0,0,0,1,0,0,0,0,0,0,0,0,1,0,468061
1181522,0,0,6,0,0,42,0,100,1,1,0,0,0,0,5,0,0,468066,0,1,0,0,0,1,0,0,0,0,0,0,0,0,1,0,468065
1181524,0,0,6,0,0,42,0,100,1,1,0,0,0,0,5,0,0,12970,0,1,0,0,0,1,0,0,0,0,0,0,0,0,1,0,468067
1181528,0,0,6,0,0,4,0,100,1,1,0,0,0,0,5,0,0,0,0,1,0,0,0,1,0,0,0,0,0,0,0,0,1,0,468069
1181533,0,0,6,0,0,4,0,100,1,1,0,0,0,0,5,0,0,0,0,1,0,0,0,1,0,0,0,0,0,0,0,0,1,0,468072
1181635,0,0,6,0,0,22,0,-26,1,1,5,1,0,0,0,0,0,0,0,1,0,0,0,1,8,0,0,0,0,0,0,0,6,0,468156
1181636,0,1,2,0,0,0,0,299,0,1,0,1,0,0,0,0,0,0,0,1,0,0,0,1,0,0,0,0,0,0,0,0,6,0,468156
1181637,0,2,64,0,0,0,0,0,1,1,0,0,0,0,0,0,0,468157,0,1,0,0,0,1,0,0,0,0,0,0,0,0,6,0,468156
1181647,0,0,6,0,0,55,0,9,1,1,0,1,0,0,0,0,0,0,0,1,0,0,0,1,0,0,0,0,0,0,0,0,1,0,468164
1181648,0,1,6,0,0,54,0,10,0,1,0,0,0,0,0,0,0,0,0,1,0,0,0,1,0,0,0,0,0,0,0,0,1,0,468164
1181650,0,0,6,0,0,102,0,99,0,1,0,0,0,0,0,0,0,0,0,1,0,0,0,1,1,0,0,0,0,0,0,0,1,0,468165
1181651,0,1,6,0,0,131,0,99,1,1,0,0,0,0,0,0,0,0,0,1,0,0,0,1,1,0,0,0,0,0,0,0,1,0,468165
1181654,0,0,6,0,0,102,0,60,0,1,0,0,0,0,0,0,0,0,0,1,0,0,0,1,2,0,0,0,0,0,0,0,1,0,468166
1181655,0,1,6,0,0,131,0,60,1,1,0,0,0,0,0,0,0,0,0,1,0,0,0,1,2,0,0,0,0,0,0,0,1,0,468166
1181658,0,0,6,0,0,42,0,-1,0,1,0,1,0,0,0,0,0,468167,0,1,0,0,0,1,0,0,0,0,0,0,0,0,1,0,468168
1181660,0,0,6,0,0,42,0,-1,0,1,0,1,0,0,0,0,0,468169,0,1,0,0,0,1,0,0,0,0,0,0,0,0,1,0,468170
1181666,0,0,6,0,0,102,0,141,0,1,0,0,0,0,0,0,0,0,0,1,0,0,0,1,4,0,0,0,0,0,0,0,1,0,468175
1181667,0,1,6,0,0,131,0,141,1,1,0,0,0,0,0,0,0,0,0,1,0,0,0,1,4,0,0,0,0,0,0,0,1,0,468175
1181682,0,0,9,1,0,0,0,136,0.33000001311,1,0,7,0,0,0,0,0,0,0,1,0,0,0,1,0,0,0,0,0,0,0,0,6,0,468184
1181747,0,0,6,0,0,135,0,59,0,1,0,0,0,0,0,0,0,0,0,1,0,0,0,1,126,0,0,0,0,0,0,0,1,0,468224
1181748,0,1,6,0,0,13,0,20,0,1,0,0,0,0,0,0,0,0,0,1,0,0,0,1,126,0,0,0,0,0,0,0,1,0,468224
1181768,0,0,6,0,0,108,0,25,1,1,0,0,0,0,5,0,0,0,0,1,0,0,0,1,0,0,0,0,2097220,0,1,0,1,0,468235
1181770,0,0,6,0,0,4,0,10,1,1,0,0,0,0,5,0,0,0,0,1,0,0,0,1,0,0,0,0,0,0,0,0,1,0,468236
1181794,0,0,6,0,0,42,0,2,1,1,0,0,0,0,0,0,0,468255,0,1,0,0,0,1,0,0,0,0,0,0,0,0,1,0,468256
1181798,0,0,6,0,0,107,0,1,1,1,0,1,0,0,0,0,0,0,0,1,0,0,0,1,7,0,0,0,5,0,0,0,1,0,468260
1181810,0,0,6,0,0,23,3000,0,1,1,0,0,0,0,0,0,0,468267,0,1,0,0,0,1,0,0,0,0,0,0,0,0,1,0,468268
1181812,0,0,6,0,0,23,3000,0,1,1,0,0,0,0,0,0,0,468269,0,1,0,0,0,1,0,0,0,0,0,0,0,0,1,0,468270
1181817,0,0,6,0,0,23,3000,0,1,1,0,0,0,0,0,0,0,468271,0,1,0,0,0,1,0,0,0,0,0,0,0,0,1,0,468272
1181819,0,0,6,0,0,107,0,-10000,1,1,0,0,0,0,0,0,0,0,0,1,0,0,0,1,11,0,0,0,0,0,536870912,0,1,0,468273
1181823,0,0,6,0,0,576,0,3,0,1,0,0,0,0,0,0,0,0,0,1,0,0,0,1,2,0,0,0,0,0,0,0,1,0,468275
1181825,0,0,6,0,0,576,0,2,0,1,0,0,0,0,0,0,0,0,0,1,0,0,0,1,2,0,0,0,0,0,0,0,1,0,468277
1181826,0,0,6,0,0,107,0,25,1,1,0,0,0,0,0,0,0,0,0,1,0,0,0,1,8,0,0,0,1,0,0,0,1,0,468278
1181841,0,0,6,0,0,4,0,5,1,1,0,0,0,0,0,0,0,0,0,1,0,0,0,1,0,0,0,0,0,0,0,0,1,0,468288
1181845,0,0,6,0,0,107,0,-2000,1,1,0,0,0,0,0,0,0,0,0,1,0,0,0,1,11,0,0,0,0,0,0,32768,1,0,468289
1181876,0,0,6,0,0,107,0,-2000,1,1,0,0,0,0,0,0,0,0,0,1,0,0,0,1,11,0,0,0,8192,16777216,0,0,1,0,468303
1181887,0,0,6,0,0,107,0,-50,0,1,0,0,0,0,0,0,0,0,0,1,0,0,0,1,14,0,0,0,0,1,0,0,1,0,468309
1181888,0,0,6,0,0,107,0,3000,0,1,0,0,0,0,0,0,0,0,0,1,0,0,0,1,1,0,0,0,0,33554432,0,0,1,0,468310
1182053,0,0,6,0,0,79,0,10,1,1,0,0,0,0,0,0,0,0,0,1,0,0,0,1,126,0,0,0,0,0,0,0,1,0,468387
1182054,0,1,6,0,0,136,0,10,1,1,0,0,0,0,0,0,0,0,0,1,0,0,0,1,126,0,0,0,0,0,0,0,1,0,468387
1182055,0,2,6,0,0,552,0,10,1,1,0,0,0,0,0,0,0,0,0,1,0,0,0,1,126,0,0,0,0,0,0,0,1,0,468387
1182057,0,0,6,0,0,108,0,-100,0,1,0,0,0,0,0,0,0,0,0,1,0,0,0,1,11,0,0,0,137730,-2138963968,2162945,67239936,1,0,468388
1182058,0,1,3,0,0,0,0,2,0,1,0,0,0,0,0,0,0,0,0,1,0,0,0,1,0,0,0,0,0,0,0,0,0,0,468388
1182069,0,0,6,0,0,13,0,11,0,1,0,1,0,0,0,0,0,0,0,1,0,0,0,1,126,0,0,0,0,0,0,0,1,0,468395
1182070,0,1,6,0,0,135,0,11,1,1,0,1,0,0,0,0,0,0,0,1,0,0,0,1,126,0,0,0,0,0,0,0,1,0,468395
1182073,0,0,6,0,0,13,0,14,0,1,0,0,0,0,0,0,0,0,0,1,0,0,0,1,16,0,0,0,0,0,0,0,1,0,468397
1182074,0,0,6,0,0,135,0,22,0,1,0,0,0,0,0,0,0,0,0,1,0,0,0,1,126,0,0,0,0,0,0,0,1,0,468398
1182075,0,1,6,0,0,13,0,7,0,1,0,0,0,0,0,0,0,0,0,1,0,0,0,1,126,0,0,0,0,0,0,0,1,0,468398
1182077,0,0,6,0,0,135,0,12,0,1,0,0,0,0,0,0,0,0,0,1,0,0,0,1,126,0,0,0,0,0,0,0,1,0,468400
1182078,0,1,6,0,0,13,0,12,0,1,0,0,0,0,0,0,0,0,0,1,0,0,0,1,126,0,0,0,0,0,0,0,1,0,468400
1182079,0,0,6,0,0,13,0,14,0,1,0,0,0,0,0,0,0,0,0,1,0,0,0,1,2,0,0,0,0,0,0,0,1,0,468401
1182090,0,0,6,0,0,99,0,19,0,1,0,1,0,0,0,0,0,0,0,1,0,0,0,1,0,0,0,0,0,0,0,0,1,0,468407
1182091,0,1,6,0,0,124,0,19,0,1,0,1,0,0,0,0,0,0,0,1,0,0,0,1,0,0,0,0,0,0,0,0,1,0,468407
1182093,0,0,6,0,0,99,0,19,0,1,0,1,0,0,0,0,0,0,0,1,0,0,0,1,0,0,0,0,0,0,0,0,1,0,468409
1182094,0,1,6,0,0,124,0,19,0,1,0,1,0,0,0,0,0,0,0,1,0,0,0,1,0,0,0,0,0,0,0,0,1,0,468409
1182096,0,0,6,0,0,30,0,6,0,1,0,1,0,0,0,0,0,0,0,1,0,0,0,1,95,0,0,0,0,0,0,0,1,0,468411
1182097,0,0,6,0,0,30,0,6,0,1,0,1,0,0,0,0,0,0,0,1,0,0,0,1,95,0,0,0,0,0,0,0,1,0,468412
1182101,0,0,6,0,0,107,0,-500,0,1,0,0,0,0,0,0,0,0,0,1,0,0,0,1,10,0,0,0,4,0,0,0,1,0,468415
1182102,0,1,6,0,0,107,0,-500,0,1,0,0,0,0,0,0,0,0,0,1,0,0,0,1,21,0,0,0,4,0,0,0,1,0,468415
1182104,0,0,6,0,0,107,0,10,0,1,0,0,0,0,0,0,0,0,0,1,0,0,0,1,7,0,0,0,1,0,0,0,1,0,468416
1182105,0,0,6,0,0,4,0,19,0,1,0,1,0,0,0,0,0,0,0,1,0,0,0,1,0,0,0,0,0,0,0,0,1,0,468417
1182106,0,0,6,0,0,107,0,19,1,1,0,1,0,0,0,0,0,0,0,1,0,0,0,1,8,0,0,0,536870912,0,0,0,1,0,468418
1182113,0,0,6,0,0,4,0,15,0,1,0,0,0,0,0,0,0,0,0,1,0,0,0,1,0,0,0,0,0,0,0,0,1,0,468425
1182116,0,0,6,0,0,108,0,65,0,1,0,0,0,0,0,0,0,0,0,1,0,0,0,1,0,0,0,0,32,0,64,0,1,0,468427
1182119,0,0,6,0,0,108,0,50,0,1,0,0,0,0,0,0,0,0,0,1,0,0,0,1,0,0,0,0,0,0,536870912,0,1,0,468428
1182123,0,0,6,0,0,107,0,-3000,0,1,0,0,0,0,0,0,0,0,0,1,0,0,0,1,11,0,0,0,0,0,8192,0,1,0,468431
1182125,0,0,6,0,0,107,0,-6000,0,1,0,0,0,0,0,0,0,0,0,1,0,0,0,1,11,0,0,0,0,8388608,0,0,1,0,468433
1182126,0,0,6,0,0,4,0,10,0,1,0,0,0,0,0,0,0,0,0,1,0,0,0,1,0,0,0,0,0,0,0,0,1,0,468434
1182129,0,0,6,0,0,52,0,4,0,1,0,1,0,0,0,0,0,0,0,1,0,0,0,1,0,0,0,0,0,0,0,0,1,0,468436
1182131,0,0,6,0,0,107,0,30,0,1,0,0,0,0,0,0,0,0,0,1,0,0,0,1,7,0,0,0,512,0,0,0,1,0,468438
1182134,0,0,6,0,0,51,0,10,0,1,0,0,0,0,0,0,0,0,0,1,0,0,0,1,0,0,0,0,0,0,0,0,1,0,468441
1182139,0,0,6,0,0,107,0,5,0,1,0,0,0,0,0,0,0,0,0,1,0,0,0,1,18,0,0,0,0,0,128,0,1,0,468445
1182140,0,0,6,0,0,4,0,20,0,1,0,0,0,0,0,0,0,0,0,1,0,0,0,1,0,0,0,0,0,0,0,0,1,0,468446
1182141,0,0,6,0,0,4,0,50,0,1,0,0,0,0,0,0,0,0,0,1,0,0,0,1,0,0,0,0,0,0,0,0,1,0,468447
1182146,0,0,6,0,0,107,0,-2000,0,1,0,0,0,0,0,0,0,0,0,1,0,0,0,1,11,0,0,0,0,1,0,0,1,0,468452
1182147,0,0,6,0,0,4,0,-30000,0,1,0,0,0,0,0,0,0,0,0,1,0,0,0,1,0,0,0,0,0,0,0,0,1,0,468453
1182159,0,1,3,0,0,0,0,5,0,1,0,0,0,0,0,0,0,0,0,1,0,0,0,1,0,0,0,0,0,0,0,0,0,0,467446
1182160,0,0,30,0,0,0,0,59,1,1,0,1,0,0,0,0,0,0,0,1,0,0,0,1,3,0,0,0,0,0,0,0,1,0,468458
1182161,0,0,6,0,0,4,0,0,1,1,0,0,0,0,0,0,0,0,0,1,0,0,0,1,0,0,0,0,0,0,0,0,1,0,468459
1182162,0,0,6,0,0,108,0,99,1,1,0,1,0,0,0,0,0,0,0,1,0,0,0,1,0,0,0,0,1024,0,0,0,1,0,468460
1182163,0,0,6,0,0,552,0,9,1,1,0,1,0,0,0,0,0,0,0,1,0,0,0,1,2,0,0,0,0,0,0,0,1,0,468461
1182164,0,1,3,0,0,0,0,5,0,1,0,0,0,0,0,0,0,0,0,1,0,0,0,1,0,0,0,0,0,0,0,0,0,0,468461
1182165,0,0,30,0,0,0,0,299,1,1,0,1,0,0,0,0,0,0,0,1,0,0,0,1,1,0,0,0,0,0,0,0,1,0,468462
1182166,0,1,6,0,0,564,0,200,0,1,0,0,0,0,0,0,0,0,0,1,0,0,0,1,0,0,0,0,0,0,0,0,1,0,468462
1182243,0,0,6,0,0,107,0,4,1,1,0,1,0,0,0,0,0,0,0,1,0,0,0,1,7,0,0,0,32,0,16448,0,1,0,468512
1182244,0,1,6,0,0,108,0,49,1,1,0,1,0,0,0,0,0,0,0,1,0,0,0,1,15,0,0,0,32,0,16448,0,1,0,468512
1182276,0,0,6,0,0,4,0,0,0,1,0,0,0,0,0,0,0,0,0,1,0,0,0,1,0,0,0,0,0,0,0,0,1,0,468528
1182282,0,0,6,0,0,108,0,-41,1,1,0,1,0,0,0,0,0,0,0,1,0,0,0,1,10,0,0,0,4096,0,0,0,1,0,468531
1182283,0,1,6,0,0,108,0,-6,1,1,0,1,0,0,0,0,0,0,0,1,0,0,0,1,14,0,0,0,4464192,0,0,0,1,0,468531
1182284,0,2,6,0,0,107,0,3,0,1,0,0,0,0,0,0,0,0,0,1,0,0,0,1,17,0,0,0,0,65536,0,0,1,0,468531
1182300,0,0,6,0,0,552,0,9,1,1,0,1,0,0,0,0,0,0,0,1,0,0,0,1,127,0,0,0,0,0,0,0,1,0,468540
1182303,0,1,6,0,0,52,0,9,1,1,0,1,0,0,0,0,0,0,0,1,0,0,0,1,0,0,0,0,0,0,0,0,1,0,468540
1182304,0,2,64,0,0,0,0,0,0,1,0,0,0,0,0,0,0,468543,0,1,0,0,0,1,0,0,0,0,0,0,0,0,1,0,468540
1182399,0,0,6,0,0,135,0,51,0,1,0,0,0,0,0,0,0,0,0,1,0,0,0,1,126,0,0,0,0,0,0,0,1,0,468590
1182400,0,1,6,0,0,13,0,17,0,1,0,0,0,0,0,0,0,0,0,1,0,0,0,1,126,0,0,0,0,0,0,0,1,0,468590
1182404,0,0,6,0,0,135,0,42,0,1,0,0,0,0,0,0,0,0,0,1,0,0,0,1,126,0,0,0,0,0,0,0,1,0,468592
1182405,0,1,6,0,0,13,0,14,0,1,0,0,0,0,0,0,0,0,0,1,0,0,0,1,126,0,0,0,0,0,0,0,1,0,468592
1182446,0,0,6,0,0,135,0,31,0,1,0,0,0,0,0,0,0,0,0,1,0,0,0,1,126,0,0,0,0,0,0,0,1,0,468621
1182447,0,1,6,0,0,13,0,11,0,1,0,0,0,0,0,0,0,0,0,1,0,0,0,1,126,0,0,0,0,0,0,0,1,0,468621
1182528,0,0,6,0,0,42,0,180,0,0,0,49,0,0,0,0,0,468670,0,1,0,0,0,1,0,0,0,0,0,0,0,0,6,0,468671
1182529,0,1,3,0,0,0,0,3,0,1,0,0,0,0,0,0,0,0,0,1,0,0,0,1,0,0,0,0,0,0,0,0,0,0,468671
1182559,0,0,6,0,0,135,0,128,0,1,0,0,0,0,0,0,0,0,0,1,0,0,0,1,126,0,0,0,0,0,0,0,1,0,468688
1182560,0,1,6,0,0,13,0,43,0,1,0,0,0,0,0,0,0,0,0,1,0,0,0,1,126,0,0,0,0,0,0,0,1,0,468688
1182581,0,0,6,0,0,99,0,338,0,1,0,0,0,0,0,0,0,0,0,1,0,0,0,1,0,0,0,0,0,0,0,0,1,0,468700
1182606,0,0,6,0,0,135,0,144,0,1,0,0,0,0,0,0,0,0,0,1,0,0,0,1,126,0,0,0,0,0,0,0,1,0,468714
1182607,0,1,6,0,0,13,0,77,0,1,0,0,0,0,0,0,0,0,0,1,0,0,0,1,126,0,0,0,0,0,0,0,1,0,468714
1182689,0,0,6,0,0,135,0,55,0,1,0,0,0,0,0,0,0,0,0,1,0,0,0,1,126,0,0,0,0,0,0,0,1,0,468764
1182690,0,1,6,0,0,13,0,19,0,1,0,0,0,0,0,0,0,0,0,1,0,0,0,1,126,0,0,0,0,0,0,0,1,0,468764
1182695,0,0,6,0,0,29,0,92,1,1,0,0,0,0,0,0,0,0,0,1,0,0,0,1,0,0,0,0,0,0,0,0,1,0,468768
1182697,0,0,6,1,0,74,0,99,1,1,0,1,0,0,0,0,0,0,0,1,0,0,0,1,8,0,0,0,0,0,0,0,1,0,468769
1182710,0,0,6,0,0,42,0,3,0,1,0,0,0,0,0,0,0,18350,0,1,0,0,0,1,0,0,0,0,0,0,0,0,1,0,468780
1182715,0,0,6,0,0,13,0,34,0,1,0,0,0,0,0,0,0,0,0,1,0,0,0,1,96,0,0,0,0,0,0,0,1,0,468785
1183040,0,0,6,0,0,99,0,298,0,1,0,0,0,0,0,0,0,0,0,1,0,0,0,1,0,0,0,0,0,0,0,0,1,0,468993
1183191,0,0,6,0,0,4,0,0,1,1,0,0,0,0,0,0,0,0,0,1,0,0,0,1,0,0,0,0,0,0,0,0,1,0,469086
1183272,0,0,6,0,0,135,0,68,0,1,0,0,0,0,0,0,0,0,0,1,0,0,0,1,126,0,0,0,0,0,0,0,1,0,469133
1183273,0,1,6,0,0,13,0,23,0,1,0,0,0,0,0,0,0,0,0,1,0,0,0,1,126,0,0,0,0,0,0,0,1,0,469133
1183280,0,0,6,0,0,135,0,144,0,1,0,0,0,0,0,0,0,0,0,1,0,0,0,1,126,0,0,0,0,0,0,0,1,0,469138
1183281,0,1,6,0,0,13,0,77,0,1,0,0,0,0,0,0,0,0,0,1,0,0,0,1,126,0,0,0,0,0,0,0,1,0,469138
1183284,0,0,19,0,0,0,0,1,1,1,0,0,0,0,0,0,0,0,0,1,0,0,0,1,2,0,0,0,0,0,0,0,1,0,469140
1183295,0,0,3,0,0,0,0,0,0,1,0,0,0,0,0,0,0,0,0,1,0,0,0,1,0,0,0,0,0,0,0,0,6,0,469147
1183296,0,0,6,0,0,31,0,40,0,1,0,0,0,0,0,0,0,0,0,1,0,0,0,1,0,0,0,0,0,0,0,0,1,0,469148
1183361,0,0,6,0,0,4,0,0,0,1,0,0,0,0,0,0,0,0,0,1,0,0,0,1,0,0,0,0,0,0,0,0,1,0,469183
1183373,0,0,6,0,0,107,0,100,0,1,0,0,0,0,0,0,0,0,0,1,0,0,0,1,7,0,0,0,424951440,98310,65536,0,1,0,469191
1183382,0,0,34,0,0,0,0,0,1,1,0,0,224279,0,0,0,0,0,0,1,0,0,0,1,0,0,0,0,0,0,0,0,1,0,469199
1183384,0,0,34,0,0,0,0,0,1,1,0,0,231890,0,0,0,0,0,0,1,0,0,0,1,0,0,0,0,0,0,0,0,1,0,469201
1183408,0,0,6,0,0,42,0,0,1,1,0,0,0,0,0,0,0,469220,0,1,0,0,0,1,0,0,0,0,0,0,0,0,1,0,469211
1183420,0,0,102,0,0,0,0,0,0,1,0,0,0,0,0,0,0,0,0,1,0,0,0,1,0,0,0,0,0,0,0,0,5,0,469221
1183449,0,0,6,0,0,4,0,1,1,1,0,0,0,0,0,0,0,0,0,1,0,0,0,1,0,0,0,0,0,0,0,0,1,0,469236
1183450,0,0,6,0,0,4,0,5,1,1,0,0,0,0,0,0,0,0,0,1,0,0,0,1,0,0,0,0,0,0,0,0,1,0,469237
1183451,0,0,6,0,0,226,1000,100,1,1,0,0,0,0,0,0,0,0,0,1,0,0,0,1,0,0,0,0,0,0,0,0,1,0,469238
1183656,0,1,6,0,0,108,0,25,1,1,0,0,0,0,0,0,0,0,0,1,0,0,0,1,0,0,0,0,4194304,8388608,4194304,0,1,0,467077
1183657,0,2,6,0,0,108,0,25,1,1,0,0,0,0,0,0,0,0,0,1,0,0,0,1,22,0,0,0,4194304,8388608,4194304,0,1,0,467077
1183758,0,0,6,0,0,135,0,84,0,1,0,0,0,0,0,0,0,0,0,1,0,0,0,1,126,0,0,0,0,0,0,0,1,0,469410
1183759,0,1,6,0,0,13,0,28,0,1,0,0,0,0,0,0,0,0,0,1,0,0,0,1,126,0,0,0,0,0,0,0,1,0,469410
1183832,0,0,6,0,0,261,0,0,0,1,0,0,0,0,0,0,0,0,0,1,0,0,0,1,0,24980,0,0,0,0,0,0,1,0,469463
1183859,0,0,6,0,0,135,0,48,0,1,0,0,0,0,0,0,0,0,0,1,0,0,0,1,126,0,0,0,0,0,0,0,1,0,469481
1183860,0,1,6,0,0,13,0,16,0,1,0,0,0,0,0,0,0,0,0,1,0,0,0,1,126,0,0,0,0,0,0,0,1,0,469481
1183872,0,1,28,0,0,0,0,0,0,1,0,0,0,0,0,0,0,0,0,1,0,0,0,1,231661,64,0,0,0,0,0,0,18,138,469463
1183881,0,0,6,0,0,135,0,90,0,1,0,0,0,0,0,0,0,0,0,1,0,0,0,1,126,0,0,0,0,0,0,0,1,0,469493
1183882,0,1,6,0,0,13,0,30,0,1,0,0,0,0,0,0,0,0,0,1,0,0,0,1,126,0,0,0,0,0,0,0,1,0,469493
1183901,0,0,6,0,0,161,0,36,0,1,0,0,0,0,0,0,0,0,0,1,0,0,0,1,0,0,0,0,0,0,0,0,1,0,469499
1184171,0,0,6,0,0,4,0,200,0,1,0,0,0,0,0,0,0,467826,0,1,0,0,0,1,0,0,0,0,0,0,0,0,1,0,469672
1184172,0,1,3,0,0,0,0,2,0,1,0,0,0,0,0,0,0,0,0,1,0,0,0,1,0,0,0,0,0,0,0,0,0,0,469672
1184173,0,0,3,0,0,0,0,200,0,1,0,0,0,0,0,0,0,0,0,1,0,0,0,1,0,0,0,0,0,0,0,0,0,0,469673
1184174,0,1,3,0,0,0,0,2,0,1,0,0,0,0,0,0,0,0,0,1,0,0,0,1,0,0,0,0,0,0,0,0,0,0,469673
1184406,0,0,6,0,0,4,0,0,0,1,0,0,0,0,0,0,0,0,0,1,0,0,0,1,0,0,0,0,0,0,0,0,1,0,469823
1184419,0,0,6,0,0,29,0,299,0,1,0,1,0,0,0,0,0,0,0,1,0,0,0,1,0,0,0,0,0,0,0,0,1,0,469828
1184916,0,1,6,0,0,108,0,-100,1,1,0,0,0,0,0,0,0,0,0,1,0,0,0,1,12,0,0,0,0,0,0,1,1,0,467739
1184917,0,2,6,0,0,4,0,60000,1,1,0,0,0,0,0,0,0,0,0,1,0,0,0,1,0,0,0,0,2048,0,0,0,1,0,467739
1185320,0,1,6,0,0,42,0,15,1,1,0,0,0,0,5,0,0,468062,0,1,0,0,0,1,0,0,0,0,0,0,0,0,1,0,468046
1185720,0,1,6,0,0,112,0,0,0,1,0,1,0,0,0,0,0,0,0,1,0,0,0,1,4309,0,0,0,1,0,0,0,1,0,467983
1187682,0,1,6,0,0,108,0,50,0,1,0,0,0,0,0,0,0,0,0,1,0,0,0,1,0,0,0,0,0,0,8192,0,1,0,468431
1188936,0,2,6,0,0,108,0,100,1,1,0,0,0,0,0,0,0,0,0,1,0,0,0,1,20,0,0,0,64,0,0,0,1,0,457494
1189035,0,1,77,0,0,0,0,0,0,1,0,0,0,0,0,0,0,0,0,1,0,0,0,1,0,0,0,0,0,0,0,0,6,0,469140
1193541,0,0,6,0,0,69,0,1905,0,1,0,469,0,0,0,0,0,0,0,1,0,0,0,1,8,0,0,0,0,0,0,0,1,0,474116
1193582,0,0,6,0,0,4,0,4,0,1,0,0,0,0,0,0,0,0,0,1,0,0,0,1,0,0,0,0,0,0,0,0,1,0,474142
1193667,0,0,6,0,0,4,0,0,1,1,0,0,0,0,0,0,0,0,0,1,0,0,0,1,0,0,0,0,0,0,0,0,1,0,474196
1193720,0,0,6,0,0,4,0,0,1,1,0,0,0,0,0,0,0,0,0,1,0,0,0,1,0,0,0,0,0,0,0,0,1,0,474232
1193727,0,0,6,1,0,65,0,99999,0,1,0,1,0,0,0,0,0,0,0,1,0,0,0,1,0,0,0,0,0,0,0,0,1,0,474236
1194551,0,0,6,0,0,135,0,144,0,1,0,0,0,0,0,0,0,0,0,1,0,0,0,1,126,0,0,0,0,0,0,0,1,0,474727
1194552,0,1,6,0,0,13,0,47,0,1,0,0,0,0,0,0,0,0,0,1,0,0,0,1,126,0,0,0,0,0,0,0,1,0,474727
1194684,0,0,6,0,0,135,0,360,1,1,0,0,0,0,0,0,0,0,0,1,0,0,0,1,126,0,0,0,0,0,0,0,1,0,1213147
1194706,0,0,6,0,0,108,0,-65,0,1,0,0,0,0,0,0,0,0,0,1,0,0,0,1,11,0,0,0,268435456,4096,0,0,1,0,1213159
1194707,0,0,6,0,0,4,0,50,0,1,0,0,0,0,0,0,0,0,0,1,0,0,0,1,0,0,0,0,0,0,0,0,1,0,1213160
1194715,0,0,6,0,0,107,0,1,0,1,0,0,0,0,0,0,0,0,0,1,0,0,0,1,4,0,0,0,0,0,0,131072,1,0,1213164
1194719,0,0,6,0,0,108,0,60,0,1,0,0,0,0,0,0,0,0,0,1,0,0,0,1,15,0,0,0,5,0,33554432,0,1,0,1213167
1194725,0,0,6,0,0,4,0,15,0,1,0,0,0,0,0,0,0,0,0,1,0,0,0,1,0,0,0,0,0,0,0,0,1,0,1213171
1194730,0,0,6,0,0,4,0,30,0,1,0,0,0,0,0,0,0,0,0,1,0,0,0,1,0,0,0,0,0,0,0,0,1,0,1213174
1194747,0,0,6,0,0,42,0,10,0,1,0,0,0,0,0,0,0,1213190,0,1,0,0,0,1,0,0,0,0,0,0,0,0,1,0,1213188
1194756,0,0,6,0,0,107,0,-1500,0,1,0,0,0,0,0,0,0,0,0,1,0,0,0,1,11,0,0,0,0,64,0,0,1,0,1213196
1194764,0,0,6,0,0,593,0,-5,0,1,0,0,0,0,0,0,0,0,0,1,0,0,0,1,2,0,0,0,0,0,0,0,1,0,1213201
1194767,0,1,6,0,0,593,0,-5,0,1,0,0,0,0,0,0,0,0,0,1,0,0,0,1,4,0,0,0,0,0,0,0,1,0,1213201
1194777,0,0,6,0,0,42,0,0,1,1,0,0,0,0,0,0,0,1213210,0,1,0,0,0,1,0,0,0,0,0,0,0,0,1,0,1213209
1194778,0,1,64,0,0,0,0,0,0,1,0,0,0,0,0,0,0,1213211,0,1,0,0,0,1,0,0,0,0,0,0,0,0,1,0,1213209
1194804,0,0,6,0,0,69,0,1379,0,1,0,341,0,0,0,0,0,0,0,1,0,0,0,1,8,0,0,0,0,0,0,0,1,0,1213232
1194805,0,1,38,0,0,0,0,4,0,1,0,0,0,0,0,0,0,0,0,1,0,0,0,1,4,0,0,0,0,0,0,0,1,0,1213232
1194826,0,0,6,0,0,4,0,0,0,1,0,0,0,0,0,0,0,0,0,1,0,0,0,1,0,0,0,0,32,0,0,0,1,0,1213246
1194887,0,0,6,0,0,593,0,-1,0,1,0,0,0,0,0,0,0,0,0,1,0,0,0,1,2,0,0,0,0,0,0,0,1,0,1213288
1194888,0,1,6,0,0,593,0,-1,0,1,0,0,0,0,0,0,0,0,0,1,0,0,0,1,4,0,0,0,0,0,0,0,1,0,1213288
1194889,0,0,6,0,0,593,0,-2,0,1,0,0,0,0,0,0,0,0,0,1,0,0,0,1,2,0,0,0,0,0,0,0,1,0,1213289
1194890,0,1,6,0,0,593,0,-2,0,1,0,0,0,0,0,0,0,0,0,1,0,0,0,1,4,0,0,0,0,0,0,0,1,0,1213289
1194903,0,0,6,0,0,23,1000,-1,0,1,0,1,0,0,0,0,0,1213304,0,1,0,0,0,1,0,0,0,0,0,0,0,0,1,0,1213297
1194914,0,1,6,0,0,107,0,-6000,0,1,0,0,0,0,0,0,0,0,0,1,0,0,0,1,11,0,0,0,0,8388608,0,0,1,0,1213246
1194917,0,0,6,0,0,4,0,30,0,1,0,0,0,0,0,0,0,0,0,1,0,0,0,1,0,0,0,0,0,8388608,0,0,1,0,1213306
1194919,0,0,6,0,0,108,0,50,0,1,0,0,0,0,0,0,0,0,0,1,0,0,0,1,22,0,0,0,0,0,0,131072,1,0,1213307
1194922,0,0,6,0,0,108,0,20,0,1,0,0,0,0,0,0,0,0,0,1,0,0,0,1,0,0,0,0,2,0,2097152,131072,1,0,1213309
1194923,0,0,6,0,0,107,0,100,1,1,0,0,0,0,0,0,0,0,0,1,0,0,0,1,8,0,0,0,536870912,0,0,0,1,0,1213310
1194925,0,0,6,0,0,107,0,10,0,1,0,0,0,0,0,0,0,0,0,1,0,0,0,1,3,0,0,0,0,0,4,0,1,0,1213312
1194928,0,0,6,0,0,108,0,50,0,1,0,0,0,0,0,0,0,0,0,1,0,0,0,1,3,0,0,0,33032,0,0,0,1,0,1213314
1194932,0,0,6,0,0,4,0,10,0,1,0,0,0,0,0,0,0,0,0,1,0,0,0,1,0,0,0,0,0,0,0,0,1,0,1213318
1194933,0,0,6,0,0,4,0,10,0,1,0,0,0,0,0,0,0,0,0,1,0,0,0,1,0,0,0,0,0,0,0,0,1,0,1213319
1194936,0,0,6,0,0,4,0,3,0,1,0,0,0,0,0,0,0,0,0,1,0,0,0,1,0,0,0,0,0,0,0,0,1,0,1213321
1194937,0,1,6,0,0,4,0,9,0,1,0,0,0,0,0,0,0,0,0,1,0,0,0,1,0,0,0,0,0,0,0,0,1,0,1213321
1194956,0,0,6,0,0,93,0,200,1,1,0,0,0,0,0,0,0,0,0,1,0,0,0,1,0,0,0,0,0,0,0,0,1,0,1213335
1194974,0,1,6,0,0,56,0,0,0,1,0,0,0,0,0,0,0,0,0,1,0,0,0,1,15214,0,0,0,0,0,0,0,1,0,1213335
1194980,0,0,6,0,0,108,0,-25,0,1,0,0,0,0,0,0,0,0,0,1,0,0,0,1,11,0,0,0,-2147483648,0,0,0,1,0,1213349
1194985,0,0,6,0,0,4,0,90,0,1,0,0,0,0,0,0,0,0,0,1,0,0,0,1,0,0,0,0,0,0,0,0,1,0,1213353
1194988,0,0,2,0,0,0,0,338,0.15000000596,1,0,39,0,0,0,0,0,0,0,1,0,0,0,1,0,0,0,0,0,0,0,0,6,0,1213355
1195000,0,0,6,0,0,23,2000,0,1,1,0,0,0,0,0,0,0,1213367,0,1,0,0,0,1,0,0,0,0,0,0,0,0,1,0,1213366
1195001,0,1,64,0,0,0,0,0,0,1,0,0,0,0,0,0,0,1213367,0,1,0,0,0,1,0,0,0,0,0,0,0,0,1,0,1213366
1195012,0,0,6,0,0,69,0,1200,0,1,0,0,0,0,0,0,0,0,0,1,0,0,0,1,127,0,0,0,0,0,0,0,1,0,1213375
1195029,0,0,6,0,0,42,0,0,1,1,0,1,0,0,0,0,0,1213381,0,1,0,0,0,1,0,0,0,0,0,0,0,0,1,0,1213390
1195034,0,0,6,0,0,42,0,0,1,1,0,1,0,0,0,0,0,1213393,0,1,0,0,0,1,0,0,0,0,0,0,0,0,1,0,1213395
1195037,0,0,6,0,0,108,0,50,0,1,0,0,0,0,0,0,0,0,0,1,0,0,0,1,0,0,0,0,0,32768,0,0,1,0,1213397
1195038,0,0,6,0,0,4,0,2,1,1,0,0,0,0,0,0,0,0,0,1,0,0,0,1,0,0,0,0,0,0,0,0,1,0,1213398
1195047,0,0,6,0,0,4,0,2,1,1,0,0,0,0,0,0,0,0,0,1,0,0,0,1,0,0,0,0,0,0,0,0,1,0,1213405
1195048,0,0,6,0,0,42,0,3,0,1,0,0,0,0,0,0,0,1217927,0,1,0,0,0,1,0,0,0,0,0,0,0,0,1,0,1213406
1195049,0,0,6,0,0,4,0,1,0,1,0,0,0,0,0,0,0,0,0,1,0,0,0,1,0,0,0,0,0,0,0,0,1,0,1213407
1195053,0,0,6,0,0,4,0,10,0,1,0,0,0,0,0,0,0,0,0,1,0,0,0,1,0,0,0,0,0,32768,0,0,1,0,1213410
1195054,0,0,6,0,0,4,0,100,1,1,0,0,0,0,0,0,0,0,0,1,0,0,0,1,0,0,0,0,0,0,0,0,1,0,1213411
1195058,0,0,6,0,0,4,0,100,0,1,0,0,0,0,0,0,0,0,0,1,0,0,0,1,0,0,0,0,0,0,0,0,1,0,1213413
1195067,0,0,6,0,0,42,0,0,0,1,0,0,0,0,0,0,0,1213418,0,1,0,0,0,1,0,0,0,0,0,0,0,0,1,0,1213417
1195069,0,0,6,0,0,42,0,0,1,1,0,0,0,0,0,0,0,1213420,0,1,0,0,0,1,0,0,0,0,0,0,0,0,1,0,1213419
1195071,0,0,6,0,0,42,0,5,1,1,0,0,0,0,0,0,0,1213422,0,1,0,0,0,1,0,0,0,0,0,0,0,0,1,0,1213421
1195153,0,0,6,0,0,4,0,100,0,1,0,0,0,0,0,0,0,0,0,1,0,0,0,1,0,0,0,0,0,0,0,0,1,0,1213467
1195331,0,0,6,0,0,107,0,2,0,1,0,0,0,0,0,0,0,0,0,1,0,0,0,1,12,0,0,0,0,32800,0,0,1,0,1213624
1195338,0,0,6,0,0,4,0,100,0,1,0,0,0,0,0,0,0,0,0,1,0,0,0,1,0,0,0,0,0,0,0,0,1,0,1213631
1195420,0,0,6,0,0,108,0,100,0,1,0,0,0,0,0,0,0,0,0,1,0,0,0,1,9,0,0,0,8388608,0,0,0,1,0,1213675
1195485,0,0,6,0,0,108,0,-100,0,1,0,0,0,0,0,0,0,0,0,1,0,0,0,1,10,0,0,0,0,0,65536,0,1,0,1213705
1195486,0,1,6,0,0,108,0,10,0,1,0,0,0,0,0,0,0,0,0,1,0,0,0,1,0,0,0,0,0,0,65536,0,1,0,1213705
1195489,0,0,6,0,0,4,0,-100,0,1,0,0,0,0,0,0,0,0,0,1,0,0,0,1,0,0,0,0,0,0,0,0,1,0,1213708
1195494,0,0,6,0,0,108,0,20,0,1,0,0,0,0,0,0,0,0,0,1,0,0,0,1,0,0,0,0,0,6,0,4,1,0,1213713
1195495,0,1,6,0,0,108,0,20,0,1,0,0,0,0,0,0,0,0,0,1,0,0,0,1,22,0,0,0,0,0,0,4,1,0,1213713
1195496,0,0,6,0,0,107,0,-240000,0,1,0,0,0,0,0,0,0,0,0,1,0,0,0,1,11,0,0,0,0,128,0,0,1,0,1213714
1195537,0,0,6,0,0,107,0,1,1,1,0,0,0,0,0,0,0,0,0,1,0,0,0,1,17,0,0,0,0,0,2,0,1,0,1213754
1195545,0,0,6,0,0,4,0,15,0,1,0,0,0,0,0,0,0,0,0,1,0,0,0,1,0,0,0,0,0,0,0,0,1,0,1213759
1195546,0,1,6,0,0,4,0,20,0,1,0,0,0,0,0,0,0,0,0,1,0,0,0,1,0,0,0,0,0,0,0,0,1,0,1213759
1195550,0,0,6,0,0,108,0,-50,0,1,0,0,0,0,0,0,0,0,0,1,0,0,0,1,14,0,0,0,4063232,8,131072,8421376,1,0,1213763
1195625,0,0,6,0,0,107,0,25,0,1,0,0,0,0,0,0,0,0,0,1,0,0,0,1,23,0,0,0,0,0,16,0,1,0,1213810
1195630,0,0,6,0,0,15,0,100,0,1,0,0,0,0,0,0,0,0,0,1,0,0,0,1,0,0,0,0,0,0,0,0,1,0,1213813
1195633,0,0,6,0,0,15,0,80,0,1,0,0,0,0,0,0,0,0,0,1,0,0,0,1,0,0,0,0,0,0,0,0,1,0,1213816
1195756,0,0,6,0,0,107,0,-500,0,1,0,0,0,0,0,0,0,0,0,1,0,0,0,1,10,0,0,0,256,0,0,0,1,0,1213894
1195764,0,0,6,0,0,108,0,70,0,1,0,0,0,0,0,0,0,0,0,1,0,0,0,1,9,0,0,0,3,4096,0,0,1,0,1213900
1195765,0,1,6,0,0,107,0,10,0,1,0,0,0,0,0,0,0,0,0,1,0,0,0,1,18,0,0,0,0,0,524288,0,1,0,1213900
1195769,0,0,6,0,0,108,0,60,1,1,0,0,0,0,0,0,0,0,0,1,0,0,0,1,15,0,0,0,-785382397,4096,0,1073741824,1,0,1213902
1195779,0,0,6,0,0,108,0,50,0,1,0,0,0,0,0,0,0,0,0,1,0,0,0,1,0,0,0,0,0,16,4,0,1,0,1213910
1195790,0,0,6,0,0,4,0,30,0,1,0,0,0,0,0,0,0,0,0,1,0,0,0,1,0,0,0,0,0,0,0,0,1,0,1213918
1195804,0,0,6,0,0,42,0,50,0,1,0,0,0,0,0,0,0,1213934,0,1,0,0,0,1,0,0,0,0,0,0,0,0,1,0,1213930
1195816,0,0,6,0,0,4,0,50,0,1,0,0,0,0,0,0,0,0,0,1,0,0,0,1,0,0,0,0,0,0,0,0,1,0,1213937
1195848,0,0,6,0,0,4,0,60,1,1,0,0,0,0,0,0,0,0,0,1,0,0,0,1,0,0,0,0,0,0,0,0,1,0,1213957
1195855,0,0,6,0,0,42,0,0,1,1,0,1,0,0,0,0,0,1213964,0,1,0,0,0,1,0,0,0,0,0,0,0,0,1,0,1213963
1195860,0,0,6,0,0,4,0,449,0,1,0,301,0,0,0,0,0,0,0,1,0,0,0,1,0,0,0,0,0,0,0,0,1,0,1213967
1195863,0,1,64,0,0,0,0,0,0,1,0,0,0,0,0,0,0,1213968,0,1,0,0,0,1,0,0,0,0,0,0,0,0,1,0,1213967
1195867,0,0,6,0,0,138,0,2,1,1,0,0,0,0,0,0,0,0,0,1,0,0,0,1,0,0,0,0,0,0,0,0,1,0,1213971
1195868,0,1,6,0,0,140,0,2,1,1,0,0,0,0,0,0,0,0,0,1,0,0,0,1,0,0,0,0,0,0,0,0,1,0,1213971
1195869,0,0,6,0,0,31,0,39,0,1,0,1,0,0,0,0,0,0,0,1,0,0,0,1,0,0,0,0,0,0,0,0,1,0,1213972
1196048,0,0,6,0,0,108,0,-50,0,1,0,0,0,0,0,0,0,0,0,1,0,0,0,1,11,0,0,0,0,131072,0,0,1,0,1214085
1196050,0,0,6,0,0,42,0,-50,0,1,0,0,0,0,0,0,0,1214088,0,1,0,0,0,1,0,0,0,0,0,0,0,0,1,0,1214087
1196056,0,0,6,0,0,107,0,-1500,0,1,0,0,0,0,0,0,0,0,0,1,0,0,0,1,11,0,0,0,0,0,131072,0,1,0,1214091
1196060,0,0,6,0,0,4,0,-1500,0,1,0,0,0,0,0,0,0,0,0,1,0,0,0,1,0,0,0,0,0,0,0,0,1,0,1214095
1196110,0,0,6,0,0,4,0,324,0,1,0,176,0,0,0,0,0,0,0,1,0,0,0,1,0,0,0,0,0,0,0,0,1,0,1214125
1196142,0,0,6,0,0,4,0,324,0,1,0,176,0,0,0,0,0,0,0,1,0,0,0,1,0,0,0,0,0,0,0,0,1,0,1214143
1196152,0,0,6,0,0,42,0,50,0,1,0,0,0,0,0,0,0,1214156,0,1,0,0,0,1,0,0,0,0,0,0,0,0,1,0,1214151
1196156,0,0,6,0,0,4,0,3,1,1,0,0,0,0,0,0,0,0,0,1,0,0,0,1,0,0,0,0,0,0,0,0,1,0,1214155
1196161,0,0,6,0,0,108,0,-50,0,1,0,0,0,0,0,0,0,0,0,1,0,0,0,1,11,0,0,0,0,8192,0,0,1,0,1214159
1196162,0,0,6,0,0,108,0,-100,0,1,0,0,0,0,0,0,0,0,0,1,0,0,0,1,11,0,0,0,128,0,0,0,1,0,1214160
1196164,0,0,6,0,0,108,0,100,0,1,0,0,0,0,0,0,0,0,0,1,0,0,0,1,2,0,0,0,0,1,0,0,1,0,1214162
1196165,0,0,6,0,0,4,0,20,0,1,0,0,0,0,0,0,0,0,0,1,0,0,0,1,0,0,0,0,0,0,0,0,1,0,1214163
1196169,0,0,6,0,0,108,0,-50,0,1,0,0,0,0,0,0,0,0,0,1,0,0,0,1,11,0,0,0,0,32768,0,0,1,0,1214165
1196245,0,0,6,0,0,135,0,189,0,1,0,0,0,0,0,0,0,0,0,1,0,0,0,1,126,0,0,0,0,0,0,0,1,0,1214204
1196246,0,1,6,0,0,13,0,63,0,1,0,0,0,0,0,0,0,0,0,1,0,0,0,1,126,0,0,0,0,0,0,0,1,0,1214204
1196247,0,1,6,0,0,5,0,0,0,1,0,0,0,0,0,0,0,0,0,1,0,0,0,1,0,0,0,0,0,0,0,0,6,0,1214205
1196249,0,0,28,-28,0,0,0,3,1,1,0,0,0,0,0,0,0,0,0,1,0,0,0,1,235291,5121,0,0,0,0,0,0,53,0,1214206
1196255,0,0,9,1,0,0,0,170,0,1,0,23,0,0,0,0,0,0,0,1,0,0,0,1,0,0,0,0,0,0,0,0,6,0,1214208
1196263,0,0,2,0,0,0,0,799,0,1,0,85,0,0,0,0,0,0,0,1,0,0,0,1,0,0,14,0,0,0,0,0,16,0,1214214
1196301,0,0,6,0,0,13,0,150,1,1,0,0,0,0,0,0,0,0,0,1,0,0,0,1,126,0,0,0,0,0,0,0,1,0,1214233
1196302,0,1,6,0,0,123,0,-101,1,1,0,1,0,0,0,0,0,0,0,1,0,0,0,1,124,0,0,0,0,0,0,0,1,0,1214233
1196344,0,1,6,0,0,108,0,10,0,1,0,0,0,0,0,0,0,0,0,1,0,0,0,1,0,0,0,0,1,131072,0,0,1,0,1214085
1196355,0,0,6,0,0,42,0,99,1,1,0,1,0,0,0,0,0,18350,0,1,0,0,0,1,0,0,0,0,0,0,0,0,1,0,1214258
1196360,0,0,6,0,0,15,0,150,0,1,0,0,0,0,0,0,0,0,0,1,0,0,0,1,0,0,0,0,0,0,0,0,1,0,1214263
1196377,0,0,6,0,0,14,0,-40,0,1,0,0,0,0,0,0,0,0,0,1,0,0,0,1,126,0,0,0,0,0,0,0,1,0,1214276
1196379,0,0,6,0,0,99,0,328,1,1,0,0,0,0,0,0,0,0,0,1,0,0,0,1,0,0,0,0,0,0,0,0,1,0,1214278
1196380,0,2,6,0,0,124,0,328,1,1,0,0,0,0,0,0,0,0,0,1,0,0,0,1,0,0,0,0,0,0,0,0,1,0,1214278
1196382,0,0,6,0,0,42,0,99,1,1,0,1,0,0,0,0,0,1214279,0,1,0,0,0,1,0,0,0,0,0,0,0,0,1,0,1214280
1196513,0,0,6,0,0,13,0,81,0,1,0,0,0,0,0,0,0,0,0,1,0,0,0,1,126,0,0,0,0,0,0,0,1,0,1214376
1196514,0,1,6,0,0,135,0,81,1,1,0,0,0,0,0,0,0,0,0,1,0,0,0,1,126,0,0,0,0,0,0,0,1,0,1214376
1196559,0,0,6,0,0,135,0,57,0,1,0,0,0,0,0,0,0,0,0,1,0,0,0,1,126,0,0,0,0,0,0,0,1,0,1214399
1196560,0,1,6,0,0,13,0,19,0,1,0,0,0,0,0,0,0,0,0,1,0,0,0,1,126,0,0,0,0,0,0,0,1,0,1214399
1196561,0,0,6,0,0,135,0,73,0,1,0,0,0,0,0,0,0,0,0,1,0,0,0,1,126,0,0,0,0,0,0,0,1,0,1214400
1196562,0,1,6,0,0,13,0,25,0,1,0,0,0,0,0,0,0,0,0,1,0,0,0,1,126,0,0,0,0,0,0,0,1,0,1214400
1196564,0,0,6,0,0,135,0,79,0,1,0,0,0,0,0,0,0,0,0,1,0,0,0,1,126,0,0,0,0,0,0,0,1,0,1214402
1196565,0,1,6,0,0,13,0,27,0,1,0,0,0,0,0,0,0,0,0,1,0,0,0,1,126,0,0,0,0,0,0,0,1,0,1214402
1196566,0,0,6,0,0,135,0,81,0,1,0,0,0,0,0,0,0,0,0,1,0,0,0,1,126,0,0,0,0,0,0,0,1,0,1214403
1196567,0,1,6,0,0,13,0,27,0,1,0,0,0,0,0,0,0,0,0,1,0,0,0,1,126,0,0,0,0,0,0,0,1,0,1214403
1196571,0,0,6,0,0,135,0,88,0,1,0,0,0,0,0,0,0,0,0,1,0,0,0,1,126,0,0,0,0,0,0,0,1,0,1214406
1196572,0,1,6,0,0,13,0,30,0,1,0,0,0,0,0,0,0,0,0,1,0,0,0,1,126,0,0,0,0,0,0,0,1,0,1214406
1196601,0,0,6,0,0,135,0,153,0,1,0,0,0,0,0,0,0,0,0,1,0,0,0,1,126,0,0,0,0,0,0,0,1,0,1214422
1196602,0,1,6,0,0,13,0,51,0,1,0,0,0,0,0,0,0,0,0,1,0,0,0,1,126,0,0,0,0,0,0,0,1,0,1214422
1196617,0,0,6,0,0,135,0,112,0,1,0,0,0,0,0,0,0,0,0,1,0,0,0,1,126,0,0,0,0,0,0,0,1,0,1214432
1196618,0,1,6,0,0,13,0,37,0,1,0,0,0,0,0,0,0,0,0,1,0,0,0,1,126,0,0,0,0,0,0,0,1,0,1214432
1197405,0,0,34,0,0,0,0,0,1,1,0,0,234650,0,0,0,0,0,0,1,0,0,0,1,0,0,0,0,0,0,0,0,0,0,1214884
1197479,0,0,6,0,0,13,0,2,0,1,0,0,0,0,0,0,0,0,0,1,0,0,0,1,1,0,0,0,0,0,0,0,1,0,1214917
1197501,0,0,6,0,0,42,0,-1,0,1,0,1,0,0,0,0,0,21919,0,1,0,0,0,1,0,0,0,0,0,0,0,0,1,0,1214927
1197996,0,0,6,0,0,135,0,76,0,1,0,0,0,0,0,0,0,0,0,1,0,0,0,1,126,0,0,0,0,0,0,0,1,0,1215198
1197997,0,1,6,0,0,13,0,26,0,1,0,0,0,0,0,0,0,0,0,1,0,0,0,1,126,0,0,0,0,0,0,0,1,0,1215198
1198289,0,0,2,0,0,0,0,86,0,1,0,19,0,0,0,0,0,0,0,1,0,0,0,1,0,0,0,0,0,0,0,0,25,0,1215377
1198337,0,0,6,0,0,4,0,3,1,1,0,0,0,0,0,0,0,0,0,1,0,0,0,1,0,0,0,0,0,0,0,0,1,0,1215404
1198506,0,0,6,0,0,4,0,0,1,1,0,0,0,0,0,0,0,0,0,1,0,0,0,1,0,0,0,0,0,0,0,0,1,0,1215508
1199732,0,0,34,0,0,0,0,0,1,1,0,0,235014,0,0,0,0,0,0,1,0,0,0,1,0,0,0,0,0,0,0,0,0,0,1216319
1199744,0,0,34,0,0,0,0,0,1,1,0,0,235013,0,0,0,0,0,0,1,0,0,0,1,0,0,0,0,0,0,0,0,0,0,1216327
1199760,0,0,34,0,0,0,0,0,1,1,0,0,235012,0,0,0,0,0,0,1,0,0,0,1,0,0,0,0,0,0,0,0,0,0,1216340
1199771,0,0,34,0,0,0,0,0,1,1,0,0,235011,0,0,0,0,0,0,1,0,0,0,1,0,0,0,0,0,0,0,0,0,0,1216349
1199772,0,0,34,0,0,0,0,0,1,1,0,0,235010,0,0,0,0,0,0,1,0,0,0,1,0,0,0,0,0,0,0,0,0,0,1216350
1199779,0,0,34,0,0,0,0,0,1,1,0,0,235009,0,0,0,0,0,0,1,0,0,0,1,0,0,0,0,0,0,0,0,0,0,1216354
1199780,0,0,34,0,0,0,0,0,1,1,0,0,235008,0,0,0,0,0,0,1,0,0,0,1,0,0,0,0,0,0,0,0,0,0,1216355
1199781,0,0,34,0,0,0,0,0,1,1,0,0,235007,0,0,0,0,0,0,1,0,0,0,1,0,0,0,0,0,0,0,0,0,0,1216356
1199782,0,0,34,0,0,0,0,0,1,1,0,0,235006,0,0,0,0,0,0,1,0,0,0,1,0,0,0,0,0,0,0,0,0,0,1216357
1199785,0,0,34,0,0,0,0,0,1,1,0,0,235005,0,0,0,0,0,0,1,0,0,0,1,0,0,0,0,0,0,0,0,0,0,1216360
1199786,0,0,34,0,0,0,0,0,1,1,0,0,235004,0,0,0,0,0,0,1,0,0,0,1,0,0,0,0,0,0,0,0,0,0,1216361
1199787,0,0,34,0,0,0,0,0,1,1,0,0,235003,0,0,0,0,0,0,1,0,0,0,1,0,0,0,0,0,0,0,0,0,0,1216362
1199788,0,0,34,0,0,0,0,0,1,1,0,0,235002,0,0,0,0,0,0,1,0,0,0,1,0,0,0,0,0,0,0,0,0,0,1216363
1199789,0,0,34,0,0,0,0,0,1,1,0,0,235001,0,0,0,0,0,0,1,0,0,0,1,0,0,0,0,0,0,0,0,0,0,1216364
1199790,0,0,34,0,0,0,0,0,1,1,0,0,235000,0,0,0,0,0,0,1,0,0,0,1,0,0,0,0,0,0,0,0,0,0,1216365
1199791,0,0,34,0,0,0,0,0,1,1,0,0,234999,0,0,0,0,0,0,1,0,0,0,1,0,0,0,0,0,0,0,0,0,0,1216366
1199792,0,0,34,0,0,0,0,0,1,1,0,0,234998,0,0,0,0,0,0,1,0,0,0,1,0,0,0,0,0,0,0,0,0,0,1216367
1199793,0,0,34,0,0,0,0,0,1,1,0,0,234997,0,0,0,0,0,0,1,0,0,0,1,0,0,0,0,0,0,0,0,0,0,1216368
1199794,0,0,34,0,0,0,0,0,1,1,0,0,234996,0,0,0,0,0,0,1,0,0,0,1,0,0,0,0,0,0,0,0,0,0,1216369
1199795,0,0,34,0,0,0,0,0,1,1,0,0,234995,0,0,0,0,0,0,1,0,0,0,1,0,0,0,0,0,0,0,0,0,0,1216370
1199796,0,0,34,0,0,0,0,0,1,1,0,0,234994,0,0,0,0,0,0,1,0,0,0,1,0,0,0,0,0,0,0,0,0,0,1216371
1199797,0,0,34,0,0,0,0,0,1,1,0,0,234993,0,0,0,0,0,0,1,0,0,0,1,0,0,0,0,0,0,0,0,0,0,1216372
1199798,0,0,34,0,0,0,0,0,1,1,0,0,234992,0,0,0,0,0,0,1,0,0,0,1,0,0,0,0,0,0,0,0,0,0,1216373
1199799,0,0,34,0,0,0,0,0,1,1,0,0,234991,0,0,0,0,0,0,1,0,0,0,1,0,0,0,0,0,0,0,0,0,0,1216374
1199800,0,0,34,0,0,0,0,0,1,1,0,0,234990,0,0,0,0,0,0,1,0,0,0,1,0,0,0,0,0,0,0,0,0,0,1216375
1199801,0,0,34,0,0,0,0,0,1,1,0,0,234989,0,0,0,0,0,0,1,0,0,0,1,0,0,0,0,0,0,0,0,0,0,1216376
1199802,0,0,34,0,0,0,0,0,1,1,0,0,234987,0,0,0,0,0,0,1,0,0,0,1,0,0,0,0,0,0,0,0,0,0,1216377
1199803,0,0,34,0,0,0,0,0,1,1,0,0,234986,0,0,0,0,0,0,1,0,0,0,1,0,0,0,0,0,0,0,0,0,0,1216378
1199804,0,0,34,0,0,0,0,0,1,1,0,0,234985,0,0,0,0,0,0,1,0,0,0,1,0,0,0,0,0,0,0,0,0,0,1216379
1199805,0,0,34,0,0,0,0,0,1,1,0,0,234984,0,0,0,0,0,0,1,0,0,0,1,0,0,0,0,0,0,0,0,0,0,1216380
1199806,0,0,34,0,0,0,0,0,1,1,0,0,234983,0,0,0,0,0,0,1,0,0,0,1,0,0,0,0,0,0,0,0,0,0,1216381
1199807,0,0,34,0,0,0,0,0,1,1,0,0,234981,0,0,0,0,0,0,1,0,0,0,1,0,0,0,0,0,0,0,0,0,0,1216382
1199808,0,0,34,0,0,0,0,0,1,1,0,0,234980,0,0,0,0,0,0,1,0,0,0,1,0,0,0,0,0,0,0,0,0,0,1216383
1199809,0,0,34,0,0,0,0,0,1,1,0,0,234979,0,0,0,0,0,0,1,0,0,0,1,0,0,0,0,0,0,0,0,0,0,1216384
1199810,0,0,34,0,0,0,0,0,1,1,0,0,234978,0,0,0,0,0,0,1,0,0,0,1,0,0,0,0,0,0,0,0,0,0,1216385
1199811,0,0,34,0,0,0,0,0,1,1,0,0,234977,0,0,0,0,0,0,1,0,0,0,1,0,0,0,0,0,0,0,0,0,0,1216386
1199812,0,0,34,0,0,0,0,0,1,1,0,0,234976,0,0,0,0,0,0,1,0,0,0,1,0,0,0,0,0,0,0,0,0,0,1216387
1199813,0,0,34,0,0,0,0,0,1,1,0,0,235282,0,0,0,0,0,0,1,0,0,0,1,0,0,0,0,0,0,0,0,0,0,1216388
1199814,0,0,34,0,0,0,0,0,1,1,0,0,234975,0,0,0,0,0,0,1,0,0,0,1,0,0,0,0,0,0,0,0,0,0,1216389
1199815,0,0,34,0,0,0,0,0,1,1,0,0,234974,0,0,0,0,0,0,1,0,0,0,1,0,0,0,0,0,0,0,0,0,0,1216390
1199971,0,0,6,0,0,4,0,0,0,1,0,0,0,0,0,0,0,0,0,1,0,0,0,1,0,0,0,0,0,0,0,0,1,0,1216494
1200712,0,0,6,0,0,42,0,-1,0,1,0,1,0,0,0,0,0,16782,0,1,0,0,0,1,0,0,0,0,0,0,0,0,1,0,1216968
1200755,0,0,6,0,0,4,0,5,0,1,0,0,0,0,0,0,0,0,0,1,0,0,0,1,0,0,0,0,0,0,0,0,1,0,1216997
1201285,0,0,6,0,0,108,0,-11,1,1,0,1,0,0,0,0,0,0,0,1,0,0,0,1,14,0,0,0,-536870912,65536,0,0,1,0,1217297
1201625,0,0,6,0,0,49,0,0,0,1,0,0,0,0,0,0,0,0,0,1,0,0,0,1,0,0,0,0,0,0,0,0,1,0,1217511
1202612,0,2,6,0,0,107,0,26,0,1,0,0,0,0,0,0,0,0,0,1,0,0,0,1,4,0,0,0,0,0,-2147483648,0,1,0,1214085
1202819,0,1,6,0,0,4,0,1,0,1,0,0,0,0,0,0,0,0,0,1,0,0,0,1,0,0,0,0,0,0,0,0,1,0,1213754
1202852,0,1,3,0,0,0,0,100,0,1,0,0,0,0,0,0,0,0,0,1,0,0,0,1,0,0,0,0,0,0,0,0,1,0,1213910
1202861,0,1,6,0,0,4,0,50,0,1,0,0,0,0,0,0,0,0,0,1,0,0,0,1,0,0,0,0,0,0,0,0,1,0,1213307
1202963,0,2,6,0,0,4,0,50,0,1,0,0,0,0,0,0,0,0,0,1,0,0,0,1,0,0,0,0,32,0,0,0,1,0,1213246
1202964,0,3,6,0,0,4,0,3,0,1,0,0,0,0,0,0,0,0,0,1,0,0,0,1,0,0,0,0,32,0,0,0,1,0,1213246
1202967,0,4,6,0,0,4,0,30,0,1,0,0,0,0,0,0,0,0,0,1,0,0,0,1,0,0,0,0,32,0,0,0,1,0,1213246
1203270,0,0,6,0,0,4,0,100,0,1,0,0,0,0,0,0,0,0,0,1,0,0,0,1,0,0,0,0,0,0,0,0,1,0,1218423
1203280,0,0,6,0,0,4,0,25,0,1,0,0,0,0,0,0,0,0,0,1,0,0,0,1,0,0,0,0,0,0,0,0,1,0,1218427
1203285,0,0,6,0,0,4,0,100,0,1,0,0,0,0,0,0,0,0,0,1,0,0,0,1,0,0,0,0,0,0,0,0,1,0,1218429
1203316,0,0,6,0,0,108,0,20,0,1,0,0,0,0,0,0,0,0,0,1,0,0,0,1,0,0,0,0,2,0,0,64,1,0,1218443
1203317,0,1,6,0,0,108,0,20,0,1,0,0,0,0,0,0,0,0,0,1,0,0,0,1,22,0,0,0,2,0,0,64,1,0,1218443
1203318,0,0,6,0,0,107,0,-1500,0,1,0,0,0,0,0,0,0,0,0,1,0,0,0,1,11,0,0,0,0,0,33554432,0,1,0,1218444
1203320,0,0,6,0,0,4,0,10,0,1,0,0,0,0,0,0,0,0,0,1,0,0,0,1,0,0,0,0,0,0,0,0,1,0,1218445
1203370,0,0,6,0,0,4,0,1,0,1,0,0,0,0,0,0,0,0,0,1,0,0,0,1,0,0,0,0,0,0,0,0,1,0,1218476
1203371,0,1,6,0,0,107,0,-2000,0,1,0,0,0,0,0,0,0,0,0,1,0,0,0,1,19,0,0,0,0,0,0,1073741824,1,0,1218476
1203372,0,2,6,0,0,4,0,200,0,1,0,0,0,0,0,0,0,0,0,1,0,0,0,1,0,0,0,0,0,0,0,0,1,0,1218476
1203373,0,0,6,0,0,108,0,-50,0,1,0,0,0,0,0,0,0,0,0,1,0,0,0,1,11,0,0,0,0,0,2048,0,1,0,1218477
1203374,0,0,6,0,0,42,0,1,0,1,0,0,0,0,0,0,0,1218479,0,1,0,0,0,1,0,0,0,0,0,0,0,0,1,0,1218478
1203378,0,0,6,0,0,593,0,-2,0,1,0,0,0,0,0,0,0,0,0,1,0,0,0,1,2,0,0,0,0,0,0,0,1,0,1218482
1203379,0,1,6,0,0,593,0,-2,0,1,0,0,0,0,0,0,0,0,0,1,0,0,0,1,4,0,0,0,0,0,0,0,1,0,1218482
1203415,0,0,6,0,0,107,0,-120000,0,1,0,0,0,0,0,0,0,0,0,1,0,0,0,1,11,0,0,0,0,0,128,0,1,0,1218507
1203416,0,1,6,0,0,107,0,-120000,0,1,0,0,0,0,0,0,0,0,0,1,0,0,0,1,11,0,0,0,0,0,64,0,1,0,1218507
1203421,0,0,6,0,0,4,0,10,0,1,0,0,0,0,0,0,0,0,0,1,0,0,0,1,0,0,0,0,0,0,0,0,1,0,1218509
1203427,0,0,6,0,0,108,0,20,0,1,0,0,0,0,0,0,0,0,0,1,0,0,0,1,22,0,0,0,16384,0,0,0,1,0,1218514
1203428,0,0,6,0,0,107,0,-1500,0,1,0,0,0,0,0,0,0,0,0,1,0,0,0,1,11,0,0,0,131072,-2147483648,1,0,1,0,1218515
1203522,0,0,6,0,0,42,0,20,0,1,0,0,0,0,0,0,0,1226739,0,1,0,0,0,1,0,0,0,0,0,0,0,0,1,0,1218575
1203529,0,0,6,0,0,108,0,30,0,1,0,0,0,0,0,0,0,0,0,1,0,0,0,1,0,0,0,0,0,0,0,131073,1,0,1218582
1203530,0,0,6,0,0,107,0,-2000,0,1,0,0,0,0,0,0,0,0,0,1,0,0,0,1,11,0,0,0,0,0,0,131072,1,0,1218583
1203539,0,0,6,0,0,42,0,20,0,1,0,0,0,0,0,0,0,1218587,0,1,0,0,0,1,0,0,0,0,0,0,0,0,1,0,1218589
1203543,0,0,6,0,0,4,0,67,0,1,0,0,0,0,0,0,0,0,0,1,0,0,0,1,0,0,0,0,0,0,0,0,1,0,1218592
1203745,0,0,6,0,0,107,0,60,0,1,0,0,0,0,0,0,0,0,0,1,0,0,0,1,12,0,0,0,0,0,0,2,1,0,1218693
1203750,0,0,6,0,0,4,0,25,0,1,0,0,0,0,0,0,0,0,0,1,0,0,0,1,0,0,0,0,0,0,0,0,1,0,1218697
1203751,0,1,6,0,0,4,0,5,0,1,0,0,0,0,0,0,0,0,0,1,0,0,0,1,0,0,0,0,0,0,0,0,1,0,1218697
1203754,0,0,6,0,0,4,0,67,0,1,0,0,0,0,0,0,0,0,0,1,0,0,0,1,0,0,0,0,0,0,0,0,1,0,1218700
1204335,0,0,6,0,0,108,0,-80,0,1,0,0,0,0,0,0,0,0,0,1,0,0,0,1,11,0,0,0,67108864,0,0,0,1,0,1218993
1204337,0,0,6,0,0,4,0,20,0,1,0,0,0,0,0,0,0,0,0,1,0,0,0,1,0,0,0,0,0,0,0,0,1,0,1218995
1204382,0,0,6,0,0,107,0,-2100000,0,1,0,0,0,0,0,0,0,0,0,1,0,0,0,1,11,0,0,0,32768,0,0,0,1,0,1219010
1204383,0,1,6,0,0,4,0,30,0,1,0,0,0,0,0,0,0,0,0,1,0,0,0,1,0,0,0,0,0,0,0,0,1,0,1219010
1204409,0,0,6,0,0,42,0,100,0,1,0,0,0,0,0,0,0,1219020,0,1,0,0,0,1,0,0,0,0,0,0,0,0,1,0,1219019
1204451,0,0,3,0,0,0,0,588,0,1,0,0,0,0,0,0,0,0,0,1,0,0,0,1,0,0,0,0,0,0,0,0,25,0,1219043
1204474,0,0,6,0,0,4,0,-1,0,1,0,1,0,0,0,0,0,0,0,1,0,0,0,1,0,0,0,0,0,0,0,0,1,0,1219059
1204490,0,0,6,0,0,4,0,100,0,1,0,0,0,0,0,0,0,0,0,1,0,0,0,1,0,0,0,0,0,0,0,0,1,0,1219073
1204504,0,0,6,0,0,15,0,100,0,1,0,0,0,0,0,0,0,0,0,1,0,0,0,1,0,0,0,0,0,0,0,0,1,0,1219083
1204539,0,0,6,0,0,4,0,20,0,1,0,0,0,0,0,0,0,0,0,1,0,0,0,1,0,0,0,0,0,0,0,0,1,0,1219098
1204747,0,0,6,0,0,108,0,100,0,1,0,0,0,0,0,0,0,0,0,1,0,0,0,1,0,0,0,0,0,131072,0,0,1,0,1219189
1204749,0,0,6,0,0,108,0,-100,0,1,0,0,0,0,0,0,0,0,0,1,0,0,0,1,10,0,0,0,0,2097152,0,0,1,0,1219191
1204750,0,1,6,0,0,108,0,-25,0,1,0,0,0,0,0,0,0,0,0,1,0,0,0,1,11,0,0,0,0,2097152,0,0,1,0,1219191
1204753,0,0,6,0,0,4,0,-100,0,1,0,0,0,0,0,0,0,0,0,1,0,0,0,1,0,0,0,0,0,0,0,0,1,0,1219193
1204778,0,0,6,0,0,593,0,-2,0,1,0,0,0,0,0,0,0,0,0,1,0,0,0,1,2,0,0,0,0,0,0,0,1,0,1219205
1204779,0,1,6,0,0,593,0,-2,0,1,0,0,0,0,0,0,0,0,0,1,0,0,0,1,4,0,0,0,0,0,0,0,1,0,1219205
1204837,0,0,6,0,0,107,0,-180000,0,1,0,0,0,0,0,0,0,0,0,1,0,0,0,1,11,0,0,0,0,0,256,0,1,0,1219225
1204838,0,1,6,0,0,107,0,-120000,0,1,0,0,0,0,0,0,0,0,0,1,0,0,0,1,11,0,0,0,0,8192,0,0,1,0,1219225
1204839,0,0,6,0,0,4,0,50,0,1,0,0,0,0,0,0,0,0,0,1,0,0,0,1,0,0,0,0,0,0,0,0,1,0,1219226
1204847,0,0,6,0,0,108,0,-25,0,1,0,0,0,0,0,0,0,0,0,1,0,0,0,1,11,0,0,0,268435456,8388608,0,0,1,0,1219230
1204851,0,0,6,0,0,42,0,100,0,1,0,0,0,0,0,0,0,1219232,0,1,0,0,0,1,0,0,0,0,0,0,0,0,1,0,1219233
1204861,0,0,6,0,0,4,0,50,0,1,0,0,0,0,0,0,0,0,0,1,0,0,0,1,0,0,0,0,0,0,0,0,1,0,1219238
1204866,0,0,6,0,0,108,0,20,0,1,0,0,0,0,0,0,0,0,0,1,0,0,0,1,22,0,0,0,32768,0,0,0,1,0,1219242
1204868,0,0,6,0,0,107,0,-1000,0,1,0,0,0,0,0,0,0,0,0,1,0,0,0,1,11,0,0,0,8192,0,0,0,1,0,1219244
1204874,0,0,6,0,0,4,0,-1000,0,1,0,0,0,0,0,0,0,0,0,1,0,0,0,1,0,0,0,0,0,0,0,0,1,0,1219250
1204887,0,0,6,0,0,108,0,20,0,1,0,0,0,0,0,0,0,0,0,1,0,0,0,1,0,0,0,0,8704,0,0,0,1,0,1219260
1204888,0,1,6,0,0,4,0,5,0,1,0,0,0,0,0,0,0,0,0,1,0,0,0,1,0,0,0,0,0,0,0,0,1,0,1219260
1204906,0,1,6,0,0,332,0,19280,0,1,0,0,0,0,0,0,0,0,0,1,0,0,0,1,1219274,0,0,0,0,0,0,0,1,0,1213708
1204926,0,0,6,0,0,42,0,1,0,1,0,0,0,0,0,0,0,1219288,0,1,0,0,0,1,0,0,0,0,0,0,0,0,1,0,1219286
1204937,0,0,6,0,0,4,0,1,0,1,0,0,0,0,0,0,0,0,0,1,0,0,0,1,0,0,0,0,0,0,0,0,1,0,1219293
1205050,0,0,6,0,0,593,0,-2,0,1,0,0,0,0,0,0,0,0,0,1,0,0,0,1,2,0,0,0,0,0,0,0,1,0,1219356
1205051,0,1,6,0,0,593,0,-2,0,1,0,0,0,0,0,0,0,0,0,1,0,0,0,1,4,0,0,0,0,0,0,0,1,0,1219356
1205054,0,0,6,0,0,107,0,-120000,0,1,0,0,0,0,0,0,0,0,0,1,0,0,0,1,11,0,0,0,32,0,256,0,1,0,1219358
1205055,0,1,6,0,0,107,0,-60000,0,1,0,0,0,0,0,0,0,0,0,1,0,0,0,1,11,0,0,0,0,2048,0,0,1,0,1219358
1205056,0,0,6,0,0,69,0,100,0,1,0,0,0,0,0,0,0,0,0,1,0,0,0,1,127,0,0,0,0,0,0,0,1,0,1219359
1205059,0,0,6,0,0,4,0,2,0,1,0,0,0,0,0,0,0,0,0,1,0,0,0,1,0,0,0,0,0,0,0,0,1,0,1219361
1205064,0,0,6,0,0,4,0,-1,0,1,0,1,0,0,0,0,0,0,0,1,0,0,0,1,0,0,0,0,0,0,0,0,1,0,1219364
1205067,0,0,6,0,0,4,0,20,0,1,0,0,0,0,0,0,0,0,0,1,0,0,0,1,0,0,0,0,0,0,0,0,1,0,1219365
1205069,0,0,6,0,0,108,0,20,0,1,0,0,0,0,0,0,0,0,0,1,0,0,0,1,22,0,0,0,268435456,0,0,0,1,0,1219367
1205070,0,0,6,0,0,107,0,-2000,0,1,0,0,0,0,0,0,0,0,0,1,0,0,0,1,11,0,0,0,0,4096,0,0,1,0,1219368
1205072,0,0,6,0,0,4,0,-2000,0,1,0,0,0,0,0,0,0,0,0,1,0,0,0,1,0,0,0,0,0,0,0,0,1,0,1219369
1205077,0,0,6,0,0,108,0,100,0,1,0,0,0,0,0,0,0,0,0,1,0,0,0,1,0,0,0,0,1024,0,8192,0,1,0,1219373
1205078,0,0,6,0,0,107,0,-1500,0,1,0,0,0,0,0,0,0,0,0,1,0,0,0,1,11,0,0,0,0,16,4,0,1,0,1219374
1205080,0,0,6,0,0,4,0,-2000,0,1,0,0,0,0,0,0,0,0,0,1,0,0,0,1,0,0,0,0,0,0,0,0,1,0,1219376
1205088,0,0,6,0,0,593,0,-2,0,1,0,0,0,0,0,0,0,0,0,1,0,0,0,1,2,0,0,0,0,0,0,0,1,0,1219382
1205089,0,1,6,0,0,593,0,-2,0,1,0,0,0,0,0,0,0,0,0,1,0,0,0,1,4,0,0,0,0,0,0,0,1,0,1219382
1205134,0,0,6,0,0,107,0,-10,0,1,0,0,0,0,0,0,0,0,0,1,0,0,0,1,3,0,0,0,0,131072,0,0,1,0,1219413
1205135,0,1,6,0,0,107,0,30,0,1,0,0,0,0,0,0,0,0,0,1,0,0,0,1,33,0,0,0,0,131072,0,0,1,0,1219413
1205136,0,0,6,0,0,69,0,20,0,1,0,0,0,0,0,0,0,0,0,1,0,0,0,1,127,0,0,0,0,0,0,0,1,0,1219414
1205137,0,0,6,0,0,13,0,96,0,1,0,0,0,0,0,0,0,0,0,1,0,0,0,1,126,0,0,0,0,0,0,0,1,0,1219415
1205138,0,1,6,0,0,135,0,96,1,1,0,0,0,0,0,0,0,0,0,1,0,0,0,1,126,0,0,0,0,0,0,0,1,0,1219415
1205146,0,0,6,0,0,108,0,20,0,1,0,0,0,0,0,0,0,0,0,1,0,0,0,1,22,0,0,0,2,0,0,0,1,0,1219421
1205148,0,0,6,0,0,4,0,20,0,1,0,0,0,0,0,0,0,0,0,1,0,0,0,1,0,0,0,0,2,0,0,0,1,0,1219423
1205205,0,0,6,0,0,4,0,20,0,1,0,0,0,0,0,0,0,0,0,1,0,0,0,1,0,0,0,0,0,0,0,0,1,0,1219462
1205221,0,0,6,0,0,593,0,-2,0,1,0,0,0,0,0,0,0,0,0,1,0,0,0,1,2,0,0,0,0,0,0,0,1,0,1219474
1205222,0,1,6,0,0,593,0,-2,0,1,0,0,0,0,0,0,0,0,0,1,0,0,0,1,4,0,0,0,0,0,0,0,1,0,1219474
1205223,0,2,6,0,0,55,0,2,0,1,0,0,0,0,0,0,0,0,0,1,0,0,0,1,0,0,0,0,0,0,0,0,1,0,1219474
1205226,0,0,6,0,0,107,0,-10000,0,1,0,0,0,0,0,0,0,0,0,1,0,0,0,1,11,0,0,0,0,0,0,8192,1,0,1219476
1205227,0,1,6,0,0,107,0,-3000,0,1,0,0,0,0,0,0,0,0,0,1,0,0,0,1,11,0,0,0,0,0,262144,0,1,0,1219476
1205230,0,0,6,0,0,4,0,20,0,1,0,0,0,0,0,0,0,0,0,1,0,0,0,1,0,0,0,0,0,0,0,0,1,0,1219479
1205244,0,0,6,0,0,108,0,20,0,1,0,0,0,0,0,0,0,0,0,1,0,0,0,1,0,0,0,0,0,16,0,0,1,0,1219481
1205246,0,0,6,0,0,108,0,-25,0,1,0,0,0,0,0,0,0,0,0,1,0,0,0,1,11,0,0,0,33554432,0,0,0,1,0,1219483
1205247,0,1,6,0,0,107,0,-10000,0,1,0,0,0,0,0,0,0,0,0,1,0,0,0,1,11,0,0,0,0,0,262144,0,1,0,1219483
1205250,0,0,6,0,0,42,0,100,0,1,0,0,0,0,0,0,0,1219485,0,1,0,0,0,1,0,0,0,0,0,0,0,0,1,0,1219486
1205276,0,0,6,1,0,138,0,19,0,1,0,1,0,0,0,0,0,0,0,1,0,0,0,1,0,0,0,0,0,0,0,0,1,0,1219500
1205277,0,1,6,0,0,140,0,19,0,1,0,1,0,0,0,0,0,0,0,1,0,0,0,1,0,0,0,0,0,0,0,0,1,0,1219500
1205280,0,0,6,0,0,22,0,39,0,1,0,1,0,0,0,0,0,0,0,1,0,0,0,1,126,0,0,0,0,0,0,0,1,0,1219501
1205286,0,0,6,0,0,10,0,-70,1,1,0,0,0,0,0,0,0,0,0,1,0,0,0,1,127,0,0,0,0,0,0,0,1,0,1219503
1205291,0,0,30,0,0,0,0,6000,0,1,0,0,0,0,0,0,0,0,0,1,0,0,0,1,0,0,0,0,0,0,0,0,1,0,1219506
1205298,0,0,6,0,0,135,0,449,0,1,0,1,0,0,0,0,0,0,0,1,0,0,0,1,126,0,0,0,0,0,0,0,1,0,1219513
1205300,0,0,6,0,0,13,0,180,0,1,0,0,0,0,0,0,0,0,0,1,0,0,0,1,126,0,0,0,0,0,0,0,1,0,1219515
1205301,0,1,6,0,0,135,0,180,1,1,0,0,0,0,0,0,0,0,0,1,0,0,0,1,126,0,0,0,0,0,0,0,1,0,1219515
1205306,0,0,6,0,0,99,0,280,0,1,0,0,0,0,0,0,0,0,0,1,0,0,0,1,0,0,0,0,0,0,0,0,1,0,1219519
1205307,0,1,6,0,0,124,0,280,0,1,0,0,0,0,0,0,0,0,0,1,0,0,0,1,0,0,0,0,0,0,0,0,1,0,1219519
1205308,0,0,6,0,0,564,0,400,0,1,0,0,0,0,0,0,0,0,0,1,0,0,0,1,0,0,0,0,0,0,0,0,1,0,1219520
1205347,0,0,6,0,0,593,0,-2,0,1,0,0,0,0,0,0,0,0,0,1,0,0,0,1,2,0,0,0,0,0,0,0,1,0,1219540
1205348,0,1,6,0,0,593,0,-2,0,1,0,0,0,0,0,0,0,0,0,1,0,0,0,1,4,0,0,0,0,0,0,0,1,0,1219540
1205353,0,0,6,0,0,107,0,-180000,0,1,0,0,0,0,0,0,0,0,0,1,0,0,0,1,11,0,0,0,8192,0,0,8192,1,0,1219543
1205354,0,1,6,0,0,107,0,-180000,0,1,0,0,0,0,0,0,0,0,0,1,0,0,0,1,11,0,0,0,16,0,0,0,1,0,1219543
1205355,0,2,6,0,0,275,0,100,0,1,0,0,0,0,0,0,0,0,0,1,0,0,0,1,0,0,0,0,16,0,0,0,1,0,1219543
1205356,0,3,6,0,0,108,0,-100,0,1,0,0,0,0,0,0,0,0,0,1,0,0,0,1,12,0,0,0,16,0,0,0,1,0,1219543
1205357,0,0,6,0,0,4,0,20,0,1,0,0,0,0,0,0,0,0,0,1,0,0,0,1,0,0,0,0,0,0,0,0,1,0,1219544
1205368,0,0,35,0,0,13,0,32,1,1,0,1,0,0,0,0,0,0,0,1,0,0,0,1,126,0,10,10,0,0,0,0,1,0,1219552
1205369,0,1,35,0,0,135,0,32,0,1,0,1,0,0,0,0,0,0,0,1,0,0,0,1,126,0,0,0,0,0,0,0,0,0,1219552
1205370,0,0,35,0,0,135,0,61,1,1,0,1,0,0,0,0,0,0,0,1,0,0,0,1,126,0,10,10,0,0,0,0,1,0,1219553
1205375,0,0,35,0,0,65,0,1,1,1,0,1,0,0,0,0,0,0,0,1,0,0,0,1,0,0,10,10,0,0,0,0,1,0,1219557
1205376,0,0,35,0,0,57,0,2,1,1,0,0,0,0,0,0,0,0,0,1,0,0,0,1,0,0,10,10,0,0,0,0,1,0,1219558
1206374,0,0,6,0,0,99,0,423,0,1,0,0,0,0,0,0,0,0,0,1,0,0,0,1,0,0,0,0,0,0,0,0,1,0,1220418
1206523,0,0,6,0,0,42,0,0,0,1,0,0,0,0,0,0,0,1220520,0,1,0,0,0,1,0,0,0,0,0,0,0,0,1,0,1220521
1206539,0,0,6,0,0,26,0,0,0,1,0,0,0,11,0,0,0,0,0,1,0,0,0,1,0,0,0,13,0,0,0,0,22,15,1220533
1206542,0,0,6,0,0,42,0,0,0,1,0,0,0,0,0,0,0,1220535,0,1,0,0,0,1,0,0,0,0,0,0,0,0,1,0,1220536
1206550,0,0,6,0,0,135,0,179,0,1,0,0,0,0,0,0,0,0,0,1,0,0,0,1,126,0,0,0,0,0,0,0,1,0,1220540
1206551,0,1,6,0,0,13,0,60,0,1,0,0,0,0,0,0,0,0,0,1,0,0,0,1,126,0,0,0,0,0,0,0,1,0,1220540
1206674,0,1,6,0,0,4,0,10,0,1,0,0,0,0,0,0,0,0,0,1,0,0,0,1,0,0,0,0,0,0,0,0,1,0,1219359
1206691,0,0,6,0,0,13,0,106,0,1,0,0,0,0,0,0,0,0,0,1,0,0,0,1,126,0,0,0,0,0,0,0,1,0,1220635
1206692,0,1,6,0,0,135,0,106,1,1,0,0,0,0,0,0,0,0,0,1,0,0,0,1,126,0,0,0,0,0,0,0,1,0,1220635
1206716,0,0,6,0,0,99,0,469,0,1,0,0,0,0,0,0,0,0,0,1,0,0,0,1,0,0,0,0,0,0,0,0,1,0,1220650
1206717,0,0,6,0,0,99,0,592,0,1,0,0,0,0,0,0,0,0,0,1,0,0,0,1,0,0,0,0,0,0,0,0,1,0,1220651
1206719,0,0,6,0,0,135,0,300,0,1,0,0,0,0,0,0,0,0,0,1,0,0,0,1,126,0,0,0,0,0,0,0,1,0,1220653
1206720,0,1,6,0,0,13,0,150,0,1,0,0,0,0,0,0,0,0,0,1,0,0,0,1,126,0,0,0,0,0,0,0,1,0,1220653
1206721,0,0,6,0,0,65,0,1,1,1,0,0,0,0,0,0,0,0,0,1,0,0,0,1,0,0,0,0,0,0,0,0,1,0,1220654
1206722,0,0,6,0,0,65,0,2,1,1,0,0,0,0,0,0,0,0,0,1,0,0,0,1,0,0,0,0,0,0,0,0,1,0,1220655
1206724,0,0,6,0,0,65,0,4,1,1,0,0,0,0,0,0,0,0,0,1,0,0,0,1,0,0,0,0,0,0,0,0,1,0,1220657
1206726,0,1,64,0,0,0,0,0,0,1,0,0,0,0,0,0,0,1220659,0,1,0,0,0,1,0,0,0,0,0,0,0,0,1,0,1219501
1206739,0,0,6,0,0,13,0,96,0,1,0,0,0,0,0,0,0,0,0,1,0,0,0,1,126,0,0,0,0,0,0,0,1,0,1220666
1206740,0,1,6,0,0,135,0,96,1,1,0,0,0,0,0,0,0,0,0,1,0,0,0,1,126,0,0,0,0,0,0,0,1,0,1220666
1206742,0,0,6,0,0,29,0,350,0,1,0,0,0,0,0,0,0,0,0,1,0,0,0,1,0,0,0,0,0,0,0,0,1,0,1220668
1206794,0,0,6,0,0,135,0,198,0,1,0,0,0,0,0,0,0,0,0,1,0,0,0,1,126,0,0,0,0,0,0,0,1,0,1220700
1206795,0,1,6,0,0,13,0,66,0,1,0,0,0,0,0,0,0,0,0,1,0,0,0,1,126,0,0,0,0,0,0,0,1,0,1220700
1206872,0,0,6,0,0,13,0,127,0,1,0,0,0,0,0,0,0,0,0,1,0,0,0,1,126,0,0,0,0,0,0,0,1,0,1220738
1206873,0,1,6,0,0,135,0,127,1,1,0,0,0,0,0,0,0,0,0,1,0,0,0,1,126,0,0,0,0,0,0,0,1,0,1220738
1206877,0,0,6,0,0,135,0,239,0,1,0,0,0,0,0,0,0,0,0,1,0,0,0,1,126,0,0,0,0,0,0,0,1,0,1220741
1206878,0,1,6,0,0,13,0,72,0,1,0,0,0,0,0,0,0,0,0,1,0,0,0,1,126,0,0,0,0,0,0,0,1,0,1220741
1206933,0,0,6,0,0,135,0,299,0,1,0,1,0,0,0,0,0,0,0,1,0,0,0,1,126,0,0,0,0,0,0,0,1,0,1220756
1206934,0,1,6,0,0,13,0,150,0,1,0,0,0,0,0,0,0,0,0,1,0,0,0,1,126,0,0,0,0,0,0,0,0,0,1220756
1206935,0,1,35,0,0,13,0,19,1,1,0,0,0,0,0,0,0,0,0,1,0,0,0,1,126,0,10,10,0,0,0,0,1,0,1219553
1206966,0,1,6,0,0,108,0,20,0,1,0,0,0,0,0,0,0,0,0,1,0,0,0,1,0,0,0,0,2,0,0,0,1,0,1219421
1207310,0,1,6,0,0,4,0,20,0,1,0,0,0,0,0,0,0,0,0,1,0,0,0,1,0,0,0,0,0,0,0,0,1,0,1218995
1209667,0,0,6,0,0,138,0,1,1,1,0,0,0,0,0,0,0,0,0,1,0,0,0,1,0,0,0,0,0,0,0,0,1,0,1222393
1209668,0,1,6,0,0,140,0,1,1,1,0,0,0,0,0,0,0,0,0,1,0,0,0,1,0,0,0,0,0,0,0,0,1,0,1222393
1210673,0,0,6,0,0,42,0,-1,0,1,0,1,0,0,0,0,0,21919,0,1,0,0,0,1,0,0,0,0,0,0,0,0,1,0,1223010
1211059,0,1,6,0,0,107,0,-1000,0,1,0,0,0,0,0,0,0,0,0,1,0,0,0,1,11,0,0,0,0,0,65536,0,1,0,1218583
1211060,0,2,6,0,0,107,0,-8000,0,1,0,0,0,0,0,0,0,0,0,1,0,0,0,1,11,0,0,0,0,0,2097152,0,1,0,1218583
1211068,0,1,6,0,0,107,0,-3000,0,1,0,0,0,0,0,0,0,0,0,1,0,0,0,1,11,0,0,0,0,8388608,0,0,1,0,1218515
1211072,0,0,6,0,0,52,0,3,0,1,0,0,0,0,0,0,0,0,0,1,0,0,0,1,0,0,0,0,0,0,0,0,1,0,1223262
1211073,0,1,6,0,0,552,0,3,0,1,0,0,0,0,0,0,0,0,0,1,0,0,0,1,126,0,0,0,0,0,0,0,1,0,1223262
1211193,0,0,6,0,0,4,0,2,0,1,0,0,0,0,0,0,0,0,0,1,0,0,0,1,0,0,0,0,0,0,0,0,1,0,1223336
1211194,0,1,6,0,0,4,0,8,0,1,0,0,0,0,0,0,0,0,0,1,0,0,0,1,0,0,0,0,0,0,0,0,1,0,1223336
1211202,0,0,6,0,0,42,0,150,0,1,0,0,0,0,0,0,0,1223342,0,1,0,0,0,1,0,0,0,0,0,0,0,0,1,0,1223341
1211203,0,1,6,0,0,4,0,15,0,1,0,0,0,0,0,0,0,0,0,1,0,0,0,1,0,0,0,0,0,0,0,0,1,0,1223341
1211334,0,1,6,0,0,87,0,5,0,1,0,0,0,0,0,0,0,0,0,1,0,0,0,1,127,0,0,0,0,0,0,0,1,0,1220668
1211347,0,1,6,0,0,61,0,-70,1,1,0,0,0,0,0,0,0,0,0,1,0,0,0,1,0,0,0,0,0,0,0,0,1,0,1219503
1211442,0,0,6,0,0,552,0,3,0,1,0,0,0,0,0,0,0,0,0,1,0,0,0,1,126,0,0,0,0,0,0,0,1,0,1223455
1212250,0,2,6,0,0,108,0,-75,0,1,0,0,0,0,0,0,0,0,0,1,0,0,0,1,14,0,0,0,0,2097152,0,0,1,0,1219191
1212259,0,1,6,0,0,4,0,15,0,1,0,0,0,0,0,0,0,0,0,1,0,0,0,1,0,0,0,0,0,0,0,0,1,0,1218509
1212346,0,2,6,0,0,108,0,20,0,1,0,0,0,0,0,0,0,0,0,1,0,0,0,1,0,0,0,0,2,64,0,0,1,0,1219421
1212361,0,0,6,1,0,138,0,25,0,1,0,0,0,0,0,0,0,0,0,1,0,0,0,1,0,0,0,0,0,0,0,0,1,0,1223975
1216730,0,2,6,0,0,108,0,10,0,1,0,0,0,0,0,0,0,0,0,1,0,0,0,1,0,0,0,0,4,0,0,0,1,0,1219260
1217322,0,3,6,0,0,601,0,10,1,1,0,0,0,0,0,0,0,0,0,1,0,0,0,1,0,0,0,0,0,2097152,0,0,1,0,1219191
1218484,0,0,6,1,0,12,0,0,0,1,0,1,0,0,0,0,0,0,0,1,0,0,0,1,0,0,13,0,0,0,0,0,16,0,1227820
1219120,0,1,6,0,0,108,0,20,0,1,0,0,0,0,0,0,0,0,0,1,0,0,0,1,0,0,0,0,16384,0,0,0,1,0,1218514
